sample,time,rpm,id,iq,iq_ref,torque,load_torque,voltage_d,voltage_q,voltage_magnitude,requested_voltage_magnitude,voltage_saturated,command_voltage_d,command_voltage_q,command_true_voltage_d,command_true_voltage_q,measured_voltage_d,measured_voltage_q,feedback_id,feedback_iq,feedback_speed_rad_s,measured_id,measured_iq,id_ref_true,iq_ref_true,actual_bus_saturated
0,0.0,0.017530300529964387,2.0925582090099352e-08,0.38104117599252635,5.0,0.050297435245365785,0.0,0.0,8.669093829151494,8.669093829151494,8.669093829151494,False,0.0,8.669093829151494,0.0,8.669093829151494,0.0,8.669093829151494,0.0,0.0,0.0,2.0925582090099352e-08,0.38104117599252635,0.0,5.0,False
25,0.001,6.859329160245562,9.254805611515747e-05,4.355485194582124,5.0,0.5749247712498791,0.0,-0.01071743409399676,3.403463104542518,3.4034799789885284,3.4034799789885284,False,-0.01071743409399676,3.403463104542518,-0.01071743409399676,3.403463104542518,-0.01071743409399676,3.403463104542518,8.888219777657881e-05,4.303157736896255,0.6767548186623771,9.254805611515747e-05,4.355485194582124,0.0,5.0,False
50,0.002,17.659277967427045,0.00011750951499088212,4.9039424572704915,5.0,0.6473214416275244,0.0,-0.03217276923368101,2.7755702556092015,2.775756713205012,2.775756713205012,False,-0.03217276923368101,2.7755702556092015,-0.03217276923368101,2.7755702556092015,-0.03217276923368101,2.7755702556092015,0.00011824007076368554,4.896620363509262,1.8022587679833848,0.00011750951499088212,4.9039424572704915,0.0,5.0,False
75,0.003,29.006362201476417,8.762809743277959e-05,4.98221542901811,5.0,0.6576532224780967,0.0,-0.05404266361790011,2.7808574231102456,2.7813825010519992,2.7813825010519992,False,-0.05404266361790011,2.7808574231102456,-0.05404266361790011,2.7808574231102456,-0.05404266361790011,2.7808574231102456,8.891637509146311e-05,4.981112569582969,2.989758782035841,8.762809743277959e-05,4.98221542901811,0.0,5.0,False
100,0.004,40.43054452540363,5.9772166881723524e-05,4.994867807320505,5.0,0.6593230879636365,0.0,-0.07569870144988762,2.8725966414953787,2.8735938749467937,2.8735938749467937,False,-0.07569870144988762,2.8725966414953787,-0.07569870144988762,2.8725966414953787,-0.07569870144988762,2.8725966414953787,6.0704471548125065e-05,4.994657491365872,4.1859880445997275,5.9772166881723524e-05,4.994867807320505,0.0,5.0,False
125,0.005,51.8651298815966,4.086962399272621e-05,4.997733194211554,5.0,0.6597011492957827,0.0,-0.09728692229465402,2.976130866553517,2.977720551042719,2.977720551042719,False,-0.09728692229465402,2.976130866553517,-0.09728692229465402,2.976130866553517,-0.09728692229465402,2.976130866553517,4.1482129077557874e-05,4.99766990215935,5.383404241636116,4.086962399272621e-05,4.997733194211554,0.0,5.0,False
150,0.006,63.29955192669678,2.849064688266922e-05,4.998782986407961,5.0,0.6598396105592604,0.0,-0.11885580958802433,3.0812571985479185,3.0835487067786347,3.0835487067786347,False,-0.11885580958802433,3.0812571985479185,-0.11885580958802433,3.0812571985479185,-0.11885580958802433,3.0812571985479185,2.889222789002089e-05,4.998754334605269,6.580821299580599,2.849064688266922e-05,4.998782986407961,0.0,5.0,False
175,0.007,74.73152313985855,2.0349356326050474e-05,4.999307438597305,5.0,0.6599087650136833,0.0,-0.1404143565145697,3.186576473517291,3.1896686055277423,3.1896686055277423,False,-0.1404143565145697,3.186576473517291,-0.1404143565145697,3.186576473517291,-0.1404143565145697,3.186576473517291,2.0614230146813573e-05,4.9992919466853385,7.777986846519723,2.0349356326050474e-05,4.999307438597305,0.0,5.0,False
200,0.008,86.16024281648232,1.4970902149804004e-05,4.99959959753646,5.0,0.6599472816021422,0.0,-0.16196375962293572,3.2918940470046816,3.2958760104312264,3.2958760104312264,False,-0.16196375962293572,3.2918940470046816,-0.16196375962293572,3.2918940470046816,-0.16196375962293572,3.2918940470046816,1.5146093362326615e-05,4.9995907810752485,8.974814147622562,1.4970902149804004e-05,4.99959959753646,0.0,5.0,False
225,0.009000000000000001,97.58531958542261,1.141201641061943e-05,4.999767120651391,5.0,0.6599693626293477,0.0,-0.18350422075716352,3.397181246416028,3.4021337745650815,3.4021337745650815,False,-0.18350422075716352,3.397181246416028,-0.18350422075716352,3.397181246416028,-0.18350422075716352,3.397181246416028,1.1527965559119264e-05,4.999762038890329,10.1712611681554,1.141201641061943e-05,4.999767120651391,0.0,5.0,False
250,0.01,109.00653736336369,9.056623796828698e-06,4.999863854441056,5.0,0.6599821102936141,0.0,-0.20503593175797288,3.502432944753736,3.5084293160627,3.5084293160627,False,-0.20503593175797288,3.502432944753736,-0.20503593175797288,3.502432944753736,-0.20503593175797288,3.502432944753736,9.133357637646683e-06,4.99986091640617,11.36730475661674,9.056623796828698e-06,4.999863854441056,0.0,5.0,False
275,0.011000000000000001,120.42377308874134,7.4980025596980175e-06,4.999919805374254,5.0,0.6599894817903421,0.0,-0.22655910997031745,3.607647743459589,3.6147546626568734,3.6147546626568734,False,-0.22655910997031745,3.607647743459589,-0.22655910997031745,3.607647743459589,-0.22655910997031745,3.607647743459589,7.548774368132977e-06,4.999918105508203,12.562931734767616,7.4980025596980175e-06,4.999919805374254,0.0,5.0,False
300,0.012,131.83695637666278,6.466778926219664e-06,4.999952180435389,5.0,0.6599937460179249,0.0,-0.24807395337342059,3.7128250509187577,3.7211034042434505,3.7211034042434505,False,-0.24807395337342059,3.7128250509187577,-0.24807395337342059,3.7128250509187577,-0.24807395337342059,3.7128250509187577,6.500369868353834e-06,4.9999511967634325,13.758134564966642,6.466778926219664e-06,4.999952180435389,0.0,5.0,False
325,0.013000000000000001,143.2460471646036,5.78449121249229e-06,4.999970915684068,5.0,0.6599962129304151,0.0,-0.26958062041321,3.8179645584798703,3.8274700626798848,3.8274700626798848,False,-0.26958062041321,3.8179645584798703,-0.26958062041321,3.8179645584798703,-0.26958062041321,3.8179645584798703,5.8067176297388e-06,4.999970346424765,14.95290895549262,5.78449121249229e-06,4.999970915684068,0.0,5.0,False
350,0.014,154.65102291288696,5.33296724881483e-06,4.999981758117602,5.0,0.6599976400680536,0.0,-0.29107922891926624,3.923066096411673,3.933849859148536,3.933849859148536,False,-0.29107922891926624,3.923066096411673,-0.29107922891926624,3.923066096411673,-0.29107922891926624,3.923066096411673,5.347679319615026e-06,4.999981428670444,16.147252490259795,5.33296724881483e-06,4.999981758117602,0.0,5.0,False
375,0.015000000000000001,166.05187121713988,5.034004460189961e-06,4.999988033086283,5.0,0.6599984656733211,0.0,-0.3125698627464506,4.02812957220161,4.040238578294908,4.040238578294908,False,-0.3125698627464506,4.02812957220161,-0.3125698627464506,4.02812957220161,-0.3125698627464506,4.02812957220161,5.043749377417751e-06,4.999987842416296,17.341163838042476,5.034004460189961e-06,4.999988033086283,0.0,5.0,False
400,0.016,177.44858553634154,4.835877806618978e-06,4.9999916648953,5.0,0.6599989432890073,0.0,-0.3340525799986596,4.133154937747413,4.146632472938684,4.146632472938684,False,-0.3340525799986596,4.133154937747413,-0.3340525799986596,4.133154937747413,-0.3340525799986596,4.133154937747413,4.842339964542254e-06,4.999991554534865,18.534642295213644,4.835877806618978e-06,4.9999916648953,0.0,5.0,False
425,0.017,188.84116272144533,4.704388786795448e-06,4.999993767121322,5.0,0.6599992195994607,0.0,-0.3555274203486337,4.238142170722602,4.253028192462054,4.253028192462054,False,-0.3555274203486337,4.238142170722602,-0.3555274203486337,4.238142170722602,-0.3555274203486337,4.238142170722602,4.70868165455024e-06,4.99999370323566,19.72768752121543,4.704388786795448e-06,4.999993767121322,0.0,5.0,False
450,0.018000000000000002,200.22960158553698,4.616933259352361e-06,4.999994984183976,5.0,0.6599993794646425,0.0,-0.3769944107596158,4.34309126380826,4.359422726865522,4.359422726865522,False,-0.3769944107596158,4.34309126380826,-0.3769944107596158,4.34309126380826,-0.3769944107596158,4.34309126380826,4.619792720997605e-06,4.999994947193095,20.920299385512912,4.616933259352361e-06,4.999994984183976,0.0,5.0,False
475,0.019000000000000003,211.61390207658573,4.55857351701798e-06,4.999995689005445,5.0,0.659999471975845,0.0,-0.39845356965682616,4.44800221843985,4.465813361798508,4.465813361798508,False,-0.39845356965682616,4.44800221843985,-0.39845356965682616,4.44800221843985,-0.39845356965682616,4.44800221843985,4.560485838145974e-06,4.9999956675785,22.11247787904768,4.55857351701798e-06,4.999995689005445,0.0,5.0,False
500,0.02,222.99406479884416,4.519439326584389e-06,4.999996097394054,5.0,0.6599995255309373,0.0,-0.41990490983951007,4.552875041168397,4.572197641594407,4.572197641594407,False,-0.41990490983951007,4.552875041168397,-0.41990490983951007,4.552875041168397,-0.41990490983951007,4.552875041168397,4.520725798911513e-06,4.999996084973936,23.304223063009747,4.519439326584389e-06,4.999996097394054,0.0,5.0,False
525,0.021,234.370090735966,4.493009236182019e-06,4.999996334237208,5.0,0.6599995565563649,0.0,-0.4413484404543971,4.6577097415396995,4.6785733383506285,4.6785733383506285,False,-0.4413484404543971,4.6577097415396995,-0.4413484404543971,4.6577097415396995,-0.4413484404543971,4.6577097415396995,4.49388214027177e-06,4.99999632702934,24.495535039200735,4.493009236182019e-06,4.999996334237208,0.0,5.0,False
550,0.022000000000000002,245.7419810908284,4.4749744602180335e-06,4.999996471806844,5.0,0.659999574553245,0.0,-0.4627841683045991,4.762506330856185,4.7849384257144445,4.7849384257144445,False,-0.4627841683045991,4.762506330856185,-0.4627841683045991,4.762506330856185,-0.4627841683045991,4.762506330856185,4.475574052700796e-06,4.999996467615317,25.68641393288887,4.4749744602180335e-06,4.999996471806844,0.0,5.0,False
575,0.023000000000000003,257.1097371928743,4.462488081208895e-06,4.999996551926565,5.0,0.6599995850166716,0.0,-0.4842120987036626,4.867264821452745,4.891291056426967,4.891291056426967,False,-0.4842120987036626,4.867264821452745,-0.4842120987036626,4.867264821452745,-0.4842120987036626,4.867264821452745,4.46290703496515e-06,4.999996549480609,26.876859882891058,4.462488081208895e-06,4.999996551926565,0.0,5.0,False
600,0.024,268.47336044451436,4.45366898042005e-06,4.999996598799641,5.0,0.6599995911245462,0.0,-0.5056322360257292,4.971985226272218,4.997629542931087,4.997629542931087,False,-0.5056322360257292,4.971985226272218,-0.5056322360257292,4.971985226272218,-0.5056322360257292,4.971985226272218,4.453968531656336e-06,4.999996597363862,28.06687303583585,4.45366898042005e-06,4.999996598799641,0.0,5.0,False
625,0.025,279.8328522901254,4.447274110408745e-06,4.999996626432513,5.0,0.6599995947145316,0.0,-0.5270445840562958,5.076667558615898,5.103952340518687,5.103952340518687,False,-0.5270445840562958,5.076667558615898,-0.5270445840562958,5.076667558615898,-0.5270445840562958,5.076667558615898,4.447494725813702e-06,4.999996625581337,29.25645354284513,4.447274110408745e-06,4.999996626432513,0.0,5.0,False
650,0.026000000000000002,291.18821419812053,4.442481993564664e-06,4.9999966429307285,5.0,0.6599995968491673,0.0,-0.5484491462139488,5.181311831996515,5.210258032609316,5.210258032609316,False,-0.5484491462139488,5.181311831996515,-0.5484491462139488,5.181311831996515,-0.5484491462139488,5.181311831996515,4.4426504171280314e-06,4.999996642417877,30.44560155761485,4.442481993564664e-06,4.9999966429307285,0.0,5.0,False
675,0.027000000000000003,302.53944765057975,4.438749699015318e-06,4.999996652985009,5.0,0.6599995981427417,0.0,-0.5698459256895441,5.285918060051244,5.3165453178357165,5.3165453178357165,False,-0.5698459256895441,5.285918060051244,-0.5698459256895441,5.285918060051244,-0.5698459256895441,5.285918060051244,4.438883607262772e-06,4.9999966526679565,31.634317235305154,4.438749699015318e-06,4.999996652985009,0.0,5.0,False
700,0.028,313.88655413725303,4.435718356928099e-06,4.999996659309899,5.0,0.6599995989503452,0.0,-0.5912349255330398,5.390486256490087,5.422812998673159,5.422812998673159,False,-0.5912349255330398,5.390486256490087,-0.5912349255330398,5.390486256490087,-0.5912349255330398,5.390486256490087,4.435829434420981e-06,4.999996659106166,32.82260073189847,4.435718356928099e-06,4.999996659309899,0.0,5.0,False
725,0.029,325.2295351520942,4.4331507348415505e-06,4.999996663476329,5.0,0.6599995994772054,0.0,-0.6126161487073937,5.495016435065107,5.5290599713959265,5.5290599713959265,False,-0.6126161487073937,5.495016435065107,-0.6126161487073937,5.495016435065107,-0.6126161487073937,5.495016435065107,4.433246706123707e-06,4.999996663338186,34.01045220382844,4.4331507348415505e-06,4.999996663476329,0.0,5.0,False
750,0.030000000000000002,336.5683921912561,4.4308899927375365e-06,4.999996666393426,5.0,0.6599995998419155,0.0,-0.6339895981218666,5.599508609551961,5.635285217180517,5.635285217180517,False,-0.6339895981218666,5.599508609551961,-0.6339895981218666,5.599508609551961,-0.6339895981218666,5.599508609551961,4.430975964965021e-06,4.999996666293248,35.197871807765395,4.4308899927375365e-06,4.999996666393426,0.0,5.0,False
775,0.031000000000000003,347.90312675193195,4.428832429296922e-06,4.999996668587309,5.0,0.6599996001129901,0.0,-0.6553552766525178,5.703962793738825,5.741487794203966,5.741487794203966,False,-0.6553552766525178,5.703962793738825,-0.6553552766525178,5.703962793738825,-0.6553552766525178,5.703962793738825,4.4289117794554646e-06,4.99999666850911,36.384859700492285,4.428832429296922e-06,4.999996668587309,0.0,5.0,False
800,0.032,359.2337403316862,4.426909471100542e-06,4.999996670362458,5.0,0.6599996003300033,0.0,-0.6767131871547781,5.808379001419652,5.8476668306087625,5.8476668306087625,False,-0.6767131871547781,5.808379001419652,-0.6767131871547781,5.808379001419652,-0.6767131871547781,5.808379001419652,4.4269844323544126e-06,4.999996670296986,37.57141603883305,4.426909471100542e-06,4.999996670362458,0.0,5.0,False
825,0.033,370.5602344280675,4.425075768882694e-06,4.999996671895083,5.0,0.6599996005158064,0.0,-0.6980633324711386,5.912757246390084,5.95382151822501,5.95382151822501,False,-0.6980633324711386,5.912757246390084,-0.6980633324711386,5.912757246390084,-0.6980633324711386,5.912757246390084,4.425147818168985e-06,4.999996671836985,38.757540979611235,4.425075768882694e-06,4.999996671895083,0.0,5.0,False
850,0.034,381.8826105383847,4.423301329301005e-06,4.999996673287164,5.0,0.6599996006835911,0.0,-0.7194057154358351,6.017097542444928,6.059951106956106,6.059951106956106,False,-0.7194057154358351,6.017097542444928,-0.7194057154358351,6.017097542444928,-0.7194057154358351,6.017097542444928,4.423371443479665e-06,4.9999966732333405,39.94323467962597,4.423301329301005e-06,4.999996673287164,0.0,5.0,False
875,0.035,393.20087015957927,4.421566313346642e-06,4.99999667459772,5.0,0.6599996008409694,0.0,-0.7407403388777037,6.121399903376619,6.166054899747483,6.166054899747483,False,-0.7407403388777037,6.121399903376619,-0.7407403388777037,6.121399903376619,-0.7407403388777037,6.121399903376619,4.421635138593378e-06,4.999996674546377,41.12849729563829,4.421566313346642e-06,4.99999667459772,0.0,5.0,False
900,0.036000000000000004,404.51501478814913,4.419857597464892e-06,4.999996675860912,5.0,0.6599996009923321,0.0,-0.7620672056219104,6.225664342974237,6.272132248068851,6.272132248068851,False,-0.7620672056219104,6.225664342974237,-0.7620672056219104,6.225664342974237,-0.7620672056219104,6.225664342974237,4.41992556123839e-06,4.999996675811012,42.31332898436308,4.419857597464892e-06,4.999996675860912,0.0,5.0,False
925,0.037000000000000005,415.82504592010736,4.418166499685795e-06,4.999996677096506,5.0,0.659999601140211,0.0,-0.7833863184909996,6.329890875022921,6.378182547849922,6.378182547849922,False,-0.7833863184909996,6.329890875022921,-0.7833863184909996,6.329890875022921,-0.7833863184909996,6.329890875022921,4.418233884789465e-06,4.9999966770474495,43.49772990246454,4.418166499685795e-06,4.999996677096506,0.0,5.0,False
950,0.038000000000000006,427.1309650509569,4.416487275942404e-06,4.999996678315946,5.0,0.6599996012860639,0.0,-0.8046976803055295,6.434079513303487,6.484205235817319,6.484205235817319,False,-0.8046976803055295,6.434079513303487,-0.8046976803055295,6.434079513303487,-0.8046976803055295,6.434079513303487,4.4165542694864496e-06,4.999996678267385,44.681700206553536,4.416487275942404e-06,4.999996678315946,0.0,5.0,False
975,0.039,438.43277367567583,4.414816125589738e-06,4.999996679525854,5.0,0.6599996014307313,0.0,-0.8260012938844539,6.538230271592184,6.590199786187305,6.590199786187305,False,-0.8260012938844539,6.538230271592184,-0.8260012938844539,6.538230271592184,-0.8260012938844539,6.538230271592184,4.414882851380063e-06,4.999996679477586,45.86524005318605,4.414816125589738e-06,4.999996679525854,0.0,5.0,False
1000,0.04,449.7304732887105,4.413150533729008e-06,4.999996680730065,5.0,0.659999601574697,0.0,-0.8472971620453557,6.6423431636605255,6.696165707674641,6.696165707674641,False,-0.8472971620453557,6.6423431636605255,-0.8472971620453557,6.6423431636605255,-0.8472971620453557,6.6423431636605255,4.413217073701923e-06,4.999996680681974,47.04834959886236,4.413150533729008e-06,4.999996680730065,0.0,5.0,False
1025,0.041,461.02406538397054,4.411488836085327e-06,4.999996681930797,5.0,0.6599996017182382,0.0,-0.8685852876045835,6.746418203275223,6.8021025407829905,6.8021025407829905,False,-0.8685852876045835,6.746418203275223,-0.8685852876045835,6.746418203275223,-0.8685852876045835,6.746418203275223,4.411555244453638e-06,4.999996681882815,48.23102900002655,4.411488836085327e-06,4.999996681930797,0.0,5.0,False
1050,0.042,472.31355145482536,4.409829931208278e-06,4.999996683129334,5.0,0.6599996018615151,0.0,-0.8898656733773376,6.850455404198099,6.9080098553463465,6.9080098553463465,False,-0.8898656733773376,6.850455404198099,-0.8898656733773376,6.850455404198099,-0.8898656733773376,6.850455404198099,4.409896243867962e-06,4.999996683081424,49.41327841306621,4.409829931208278e-06,4.999996683129334,0.0,5.0,False
1075,0.043000000000000003,483.5989329941043,4.408173090106924e-06,4.999996684326421,5.0,0.659999602004619,0.0,-0.9111383221777183,6.9544547801860555,7.013887248294878,7.013887248294878,False,-0.9111383221777183,6.9544547801860555,-0.9111383221777183,6.9544547801860555,-0.9111383221777183,6.9544547801860555,4.408239330800719e-06,4.999996684278559,50.59509799431228,4.408173090106924e-06,4.999996684326421,0.0,5.0,False
1100,0.044000000000000004,494.88021149409485,4.406517830233312e-06,4.999996685522489,5.0,0.6599996021476027,0.0,-0.9324032368187598,7.058416344991043,7.11973434162166,7.11973434162166,False,-0.9324032368187598,7.058416344991043,-0.9324032368187598,7.058416344991043,-0.9324032368187598,7.058416344991043,4.406584014689376e-06,4.999996685474662,51.776487900039044,4.406517830233312e-06,4.999996685522489,0.0,5.0,False
1125,0.045000000000000005,506.15738844654254,4.4048638321189175e-06,4.999996686717785,5.0,0.6599996022904958,0.0,-0.9536604201124442,7.162340112360057,7.225550780529531,7.225550780529531,False,-0.9536604201124442,7.162340112360057,-0.9536604201124442,7.162340112360057,-0.9536604201124442,7.162340112360057,4.404929970744358e-06,4.999996686669986,52.957448286463986,4.4048638321189175e-06,4.999996686717785,0.0,5.0,False
1150,0.046000000000000006,517.4304653426511,4.403210884171883e-06,4.999996687912456,5.0,0.6599996024333159,0.0,-0.9749098748697176,7.266226096035108,7.3313362317397575,7.3313362317397575,False,-0.9749098748697176,7.266226096035108,-0.9749098748697176,7.266226096035108,-0.9749098748697176,7.266226096035108,4.4032769838636525e-06,4.99999668786468,54.137979309747884,4.403210884171883e-06,4.999996687912456,0.0,5.0,False
1175,0.04700000000000001,528.6994436730823,4.401558846342508e-06,4.999996689106586,5.0,0.6599996025760727,0.0,-0.9961516039004923,7.370074309753228,7.437090381946292,7.437090381946292,False,-0.9961516039004923,7.370074309753228,-0.9961516039004923,7.370074309753228,-0.9961516039004923,7.370074309753228,4.401624911663623e-06,4.999996689058831,55.31808112599471,4.401558846342508e-06,4.999996689106586,0.0,5.0,False
1200,0.048,539.964324927956,4.39990762579456e-06,4.999996690300219,5.0,0.6599996027187712,0.0,-1.0173856100136538,7.473884767246478,7.5428129364012335,7.5428129364012335,False,-1.0173856100136538,7.473884767246478,-1.0173856100136538,7.473884767246478,-1.0173856100136538,7.473884767246478,4.399973659775313e-06,4.999996690252483,56.49775389125175,4.39990762579456e-06,4.999996690300219,0.0,5.0,False
1225,0.049,551.2251105968506,4.398257161003797e-06,4.999996691493388,5.0,0.6599996028614155,0.0,-1.0386118960170638,7.577657482241916,7.648503617618616,7.648503617618616,False,-1.0386118960170638,7.577657482241916,-1.0386118960170638,7.577657482241916,-1.0386118960170638,7.577657482241916,4.39832316564999e-06,4.99999669144567,57.67699776150953,4.398257161003797e-06,4.999996691493388,0.0,5.0,False
1250,0.05,562.481802168803,4.396607411144851e-06,4.999996692686108,5.0,0.6599996030040067,0.0,-1.059830464717561,7.6813924684616275,7.754162164185274,7.754162164185274,False,-1.059830464717561,7.6813924684616275,-1.059830464717561,7.6813924684616275,-1.059830464717561,7.6813924684616275,4.396673387782585e-06,4.999996692638407,58.85581289270191,4.396607411144851e-06,4.999996692686108,0.0,5.0,False
1275,0.051000000000000004,573.7344011323081,4.394958349122113e-06,4.999996693878388,5.0,0.6599996031465462,0.0,-1.081041318920961,7.785089739622701,7.8597883296684925,7.8597883296684925,False,-1.081041318920961,7.785089739622701,-1.081041318920961,7.785089739622701,-1.081041318920961,7.785089739622701,4.3950242986432666e-06,4.999996693830705,60.034199440706,4.394958349122113e-06,4.999996693878388,0.0,5.0,False
1300,0.052000000000000005,584.9829089753205,4.393309956906795e-06,4.999996695070235,5.0,0.6599996032890344,0.0,-1.1022444614320597,7.888749309437252,7.965381881611475,7.965381881611475,False,-1.1022444614320597,7.888749309437252,-1.1022444614320597,7.888749309437252,-1.1022444614320597,7.888749309437252,4.393375879896085e-06,4.999996695022569,61.21215756134227,4.393309956906795e-06,4.999996695070235,0.0,5.0,False
1325,0.053000000000000005,596.2273271852533,4.391662222486282e-06,4.9999966962616496,5.0,0.6599996034314716,0.0,-1.1234398950546327,7.992371191612399,8.070942600608442,8.070942600608442,False,-1.1234398950546327,7.992371191612399,-1.1234398950546327,7.992371191612399,-1.1234398950546327,7.992371191612399,4.391728119347089e-06,4.9999966962140014,62.38968741037455,4.391662222486282e-06,4.9999966962616496,0.0,5.0,False
1350,0.054000000000000006,607.4676572489788,4.3900151377880215e-06,4.9999966974526355,5.0,0.659999603573858,0.0,-1.1446276225914347,8.09595539985029,8.176470279452154,8.176470279452154,False,-1.1446276225914347,8.09595539985029,-1.1446276225914347,8.09595539985029,-1.1446276225914347,8.09595539985029,4.390081008778165e-06,4.999996697405004,63.56678914350999,4.3900151377880215e-06,4.9999966974526355,0.0,5.0,False
1375,0.05500000000000001,618.7039006528289,4.3883686974360674e-06,4.999996698643195,5.0,0.6599996037161939,0.0,-1.165807646844203,8.199501947848082,8.281964722347283,8.281964722347283,False,-1.165807646844203,8.199501947848082,-1.165807646844203,8.199501947848082,-1.165807646844203,8.199501947848082,4.388434542724549e-06,4.999996698595581,64.7434629163992,4.3883686974360674e-06,4.999996698643195,0.0,5.0,False
1400,0.056,629.9360588825956,4.3867228977469435e-06,4.999996699833327,5.0,0.6599996038584792,0.0,-1.1869799706136557,8.303010849297964,8.387425744183831,8.387425744183831,False,-1.1869799706136557,8.303010849297964,-1.1869799706136557,8.303010849297964,-1.1869799706136557,8.303010849297964,4.386788717463287e-06,4.999996699785729,65.91970888463617,4.3867228977469435e-06,4.999996699833327,0.0,5.0,False
1425,0.057,641.1641334235301,4.385077736227585e-06,4.999996701023033,5.0,0.6599996040007139,0.0,-1.208144596699493,8.406482117887137,8.49285316986526,8.49285316986526,False,-1.208144596699493,8.406482117887137,-1.208144596699493,8.406482117887137,-1.208144596699493,8.406482117887137,4.385143530459376e-06,4.999996700975453,67.09552720375834,4.385077736227585e-06,4.999996701023033,0.0,5.0,False
1450,0.058,652.3881257603431,4.383433211081896e-06,4.999996702212313,5.0,0.6599996041428982,0.0,-1.2293015279003943,8.509915767297827,8.598246833686645,8.598246833686645,False,-1.2293015279003943,8.509915767297827,-1.2293015279003943,8.509915767297827,-1.2293015279003943,8.509915767297827,4.383498979887112e-06,4.99999670216475,68.27091802924649,4.383433211081896e-06,4.999996702212313,0.0,5.0,False
1475,0.059000000000000004,663.6080373772063,4.381789321145374e-06,4.999996703401167,5.0,0.6599996042850319,0.0,-1.2504507670140237,8.613311811207286,8.703606578758537,8.703606578758537,False,-1.2504507670140237,8.613311811207286,-1.2504507670140237,8.613311811207286,-1.2504507670140237,8.613311811207286,4.381855064551156e-06,4.999996703353621,69.44588151652498,4.381789321145374e-06,4.999996703401167,0.0,5.0,False
1500,0.060000000000000005,674.8238697577519,4.380146065426221e-06,4.999996704589595,5.0,0.659999604427115,0.0,-1.2715923168370298,8.716670263287805,8.80893225647268,8.80893225647268,False,-1.2715923168370298,8.716670263287805,-1.2715923168370298,8.716670263287805,-1.2715923168370298,8.716670263287805,4.380211783488078e-06,4.999996704542066,70.62041782096169,4.380146065426221e-06,4.999996704589595,0.0,5.0,False
1525,0.061000000000000006,686.0356243850724,4.378503443255838e-06,4.999996705777599,5.0,0.6599996045691481,0.0,-1.2927261801650416,8.819991137206687,8.914223726006018,8.914223726006018,False,-1.2927261801650416,8.819991137206687,-1.2927261801650416,8.819991137206687,-1.2927261801650416,8.819991137206687,4.3785691359787045e-06,4.999996705730087,71.79452709786794,4.378503443255838e-06,4.999996705777599,0.0,5.0,False
1550,0.062000000000000006,697.2433027417211,4.3768614541161194e-06,4.999996706965177,5.0,0.6599996047111305,0.0,-1.3138523597926728,8.923274446626277,9.019480853859953,9.019480853859953,False,-1.3138523597926728,8.923274446626277,-1.3138523597926728,8.923274446626277,-1.3138523597926728,8.923274446626277,4.376927121532069e-06,4.999996706917682,72.96820950249862,4.3768614541161194e-06,4.999996706965177,0.0,5.0,False
1575,0.063,708.4469063097122,4.375220097601219e-06,4.999996708152331,5.0,0.6599996048530625,0.0,-1.334970858513521,9.026520205203948,9.124703513431845,9.124703513431845,False,-1.334970858513521,9.026520205203948,-1.334970858513521,9.026520205203948,-1.334970858513521,9.026520205203948,4.375285739722587e-06,4.999996708104853,74.14146519005214,4.375220097601219e-06,4.999996708152331,0.0,5.0,False
1600,0.064,719.646436570521,4.373579373252243e-06,4.999996709339061,5.0,0.6599996049949444,0.0,-1.356081679120168,9.12972842659211,9.229891584616224,9.229891584616224,False,-1.356081679120168,9.12972842659211,-1.356081679120168,9.12972842659211,-1.356081679120168,9.12972842659211,4.373644990088899e-06,4.9999967092916,75.31429431567052,4.373579373252243e-06,4.999996709339061,0.0,5.0,False
1625,0.065,730.8418950050844,4.371939280795339e-06,4.999996710525365,5.0,0.6599996051367758,0.0,-1.3771848244041796,9.232899124438203,9.335044953433322,9.335044953433322,False,-1.3771848244041796,9.232899124438203,-1.3771848244041796,9.232899124438203,-1.3771848244041796,9.232899124438203,4.3720048723645525e-06,4.999996710477921,76.48669703443933,4.371939280795339e-06,4.999996710525365,0.0,5.0,False
1650,0.066,742.0332830938012,4.370299819886331e-06,4.999996711711244,5.0,0.6599996052785567,0.0,-1.3982802971561077,9.336032312384722,9.44016351168276,9.44016351168276,False,-1.3982802971561077,9.336032312384722,-1.3982802971561077,9.336032312384722,-1.3982802971561077,9.336032312384722,4.370365386201671e-06,4.999996711663817,77.65867350138782,4.370299819886331e-06,4.999996711711244,0.0,5.0,False
1675,0.067,753.2206023165315,4.3686609902637054e-06,4.999996712896701,5.0,0.6599996054202876,0.0,-1.419368100165491,9.439128004069186,9.545247156620437,9.545247156620437,False,-1.419368100165491,9.439128004069186,-1.419368100165491,9.439128004069186,-1.419368100165491,9.439128004069186,4.368726531333807e-06,4.999996712849291,78.83022387148888,4.3686609902637054e-06,4.999996712896701,0.0,5.0,False
1700,0.068,764.403854152597,4.367022791637572e-06,4.999996714081733,5.0,0.659999605561968,0.0,-1.4404482362208495,9.542186213124156,9.650295790656807,9.650295790656807,False,-1.4404482362208495,9.542186213124156,-1.4404482362208495,9.542186213124156,-1.4404482362208495,9.542186213124156,4.367088307468603e-06,4.9999967140343395,80.00134829965891,4.367022791637572e-06,4.999996714081733,0.0,5.0,False
1725,0.069,775.5830400807826,4.365385223720504e-06,4.99999671526634,5.0,0.659999605703598,0.0,-1.4615207081096933,9.645206953177244,9.755309321074964,9.755309321074964,False,-1.4615207081096933,9.645206953177244,-1.4615207081096933,9.645206953177244,-1.4615207081096933,9.645206953177244,4.365450714321101e-06,4.9999967152189635,81.17204694075818,4.365385223720504e-06,4.99999671526634,0.0,5.0,False
1750,0.07,786.7581615793345,4.3637482862571485e-06,4.999996716450522,5.0,0.6599996058451777,0.0,-1.482585518618518,9.748190237851105,9.860287659766977,9.860287659766977,False,-1.482585518618518,9.748190237851105,-1.482585518618518,9.748190237851105,-1.482585518618518,9.748190237851105,4.363813751648281e-06,4.999996716403163,82.34231994959055,4.3637482862571485e-06,4.999996716450522,0.0,5.0,False
1775,0.07100000000000001,797.929220125962,4.3621119790760395e-06,4.999996717634282,5.0,0.6599996059867073,0.0,-1.5036426705328056,9.851136080763439,9.965230722987114,9.965230722987114,False,-1.5036426705328056,9.851136080763439,-1.5036426705328056,9.851136080763439,-1.5036426705328056,9.851136080763439,4.3621774192725115e-06,4.9999967175869395,83.51216748090357,4.3621119790760395e-06,4.999996717634282,0.0,5.0,False
1800,0.07200000000000001,809.0962171978377,4.360476301809568e-06,4.99999671881762,5.0,0.6599996061281868,0.0,-1.524692166637027,9.954044495527,10.07013843112078,10.07013843112078,False,-1.524692166637027,9.954044495527,-1.524692166637027,9.954044495527,-1.524692166637027,9.954044495527,4.3605417167978095e-06,4.999996718770294,84.68158968938869,4.360476301809568e-06,4.99999671881762,0.0,5.0,False
1825,0.07300000000000001,820.2591542715963,4.358841254223355e-06,4.999996720000533,5.0,0.6599996062696158,0.0,-1.545734009714639,10.056915495749593,10.175010708467916,10.175010708467916,False,-1.545734009714639,10.056915495749593,-1.545734009714639,10.056915495749593,-1.545734009714639,10.056915495749593,4.3589066440391395e-06,4.9999967199532245,85.85058672968096,4.358841254223355e-06,4.999996720000533,0.0,5.0,False
1850,0.07400000000000001,831.4180328233354,4.35720683611386e-06,4.999996721183023,5.0,0.6599996064109948,0.0,-1.5667682025480851,10.159749095034062,10.279847483039873,10.279847483039873,False,-1.5667682025480851,10.159749095034062,-1.5667682025480851,10.159749095034062,-1.5667682025480851,10.159749095034062,4.357272200752253e-06,4.999996721135731,87.0191587563592,4.35720683611386e-06,4.999996721183023,0.0,5.0,False
1875,0.07500000000000001,842.5728543286159,4.355573047220797e-06,4.99999672236509,5.0,0.6599996065523236,0.0,-1.5877947479187995,10.26254530697831,10.384648686368791,10.384648686368791,False,-1.5877947479187995,10.26254530697831,-1.5877947479187995,10.26254530697831,-1.5877947479187995,10.26254530697831,4.355638386699069e-06,4.999996722317816,88.18730592394607,4.355573047220797e-06,4.99999672236509,0.0,5.0,False
1900,0.07600000000000001,853.723620262464,4.353939887219733e-06,4.999996723546733,5.0,0.659999606693602,0.0,-1.608813648607206,10.365304145175324,10.489414253328619,10.489414253328619,False,-1.608813648607206,10.365304145175324,-1.608813648607206,10.365304145175324,-1.608813648607206,10.365304145175324,4.354005201548987e-06,4.999996723499476,89.35502838690819,4.353939887219733e-06,4.999996723546733,0.0,5.0,False
1925,0.07700000000000001,864.8703320993682,4.352307355935503e-06,4.9999967247279535,5.0,0.6599996068348304,0.0,-1.629824907392715,10.468025623213114,10.594144121966812,10.594144121966812,False,-1.629824907392715,10.468025623213114,-1.629824907392715,10.468025623213114,-1.629824907392715,10.468025623213114,4.352372645112038e-06,4.999996724680713,90.52232629965583,4.352307355935503e-06,4.9999967247279535,0.0,5.0,False
1950,0.078,876.0129913132805,4.3506754530794495e-06,4.999996725908752,5.0,0.6599996069760087,0.0,-1.6508285270537282,10.570709754674763,10.698838233346205,10.698838233346205,False,-1.6508285270537282,10.570709754674763,-1.6508285270537282,10.570709754674763,-1.6508285270537282,10.570709754674763,4.350740717141505e-06,4.9999967258615285,91.68919981654318,4.3506754530794495e-06,4.999996725908752,0.0,5.0,False
1975,0.079,887.1515993776173,4.3490441783937485e-06,4.999996727089129,5.0,0.6599996071171369,0.0,-1.6718245103676348,10.673356553138412,10.803496531396151,10.803496531396151,False,-1.6718245103676348,10.673356553138412,-1.6718245103676348,10.673356553138412,-1.6718245103676348,10.673356553138412,4.349109417325289e-06,4.999996727041922,92.8556490918683,4.3490441783937485e-06,4.999996727089129,0.0,5.0,False
2000,0.08,898.2861577652602,4.347413531703234e-06,4.999996728269083,5.0,0.659999607258215,0.0,-1.692812860110817,10.775966032177267,10.9081189627724,10.9081189627724,False,-1.692812860110817,10.775966032177267,-1.692812860110817,10.775966032177267,-1.692812860110817,10.775966032177267,4.347478745525231e-06,4.999996728221893,94.0216742798732,4.347413531703234e-06,4.999996728269083,0.0,5.0,False
2025,0.081,909.4166013836256,-3.6859720012404933e-06,4.998586849569991,4.9817214065735556,0.6598134309788667,0.0,-1.7137870473765946,10.846869129257696,10.981422310019745,10.981422310019745,False,-1.7137870473765946,10.846869129257696,-1.7137870473765946,10.846869129257696,-1.7137870473765946,10.846869129257696,4.241195631768383e-06,4.999978371713983,95.18727544627608,-3.6859720012404933e-06,4.998586849569991,0.0,4.9817214065735556,False
2050,0.082,920.2843213243004,-0.0007038244132111791,4.7226669099839516,4.533839461245468,0.6233860490470016,0.0,-1.6416551378002882,10.494518341894635,10.622144172427193,10.622144172427193,False,-1.6416551378002882,10.494518341894635,-1.6416551378002882,10.494518341894635,-1.6416551378002882,10.494518341894635,-0.0006863464283292818,4.73818549536747,96.32793869285112,-0.0007038244132111791,4.7226669099839516,0.0,4.533839461245468,False
2075,0.083,930.3063039480842,-0.0007730189716601585,4.314039091928567,4.113395253718689,0.5694471574332582,0.0,-1.5157651385553341,10.36238307230313,10.47265615268706,10.47265615268706,False,-1.5157651385553341,10.36238307230313,-1.5157651385553341,10.36238307230313,-1.5157651385553341,10.36238307230313,-0.0007792543053703773,4.330470411732937,97.38137203576457,-0.0007730189716601585,4.314039091928567,0.0,4.113395253718689,False
2100,0.084,939.391771917761,-0.0005495278428376337,3.9158607290974503,3.727662605498634,0.5168897428667646,0.0,-1.389211839539474,10.270885176451817,10.36440986467509,10.36440986467509,False,-1.389211839539474,10.270885176451817,-1.389211839539474,10.270885176451817,-1.389211839539474,10.270885176451817,-0.0005592137140604919,3.931231582330706,98.33664132582638,-0.0005495278428376337,3.9158607290974503,0.0,3.727662605498634,False
2125,0.085,947.5956461460088,-0.00033048227991142157,3.5481945714329717,3.3753196609163276,0.4683595727213755,0.0,-1.2697736637807235,10.191328214918887,10.270126383907499,10.270126383907499,False,-1.2697736637807235,10.191328214918887,-1.2697736637807235,10.191328214918887,-1.2697736637807235,10.191328214918887,-0.0003381347296023875,3.562288307294751,99.19929713356969,-0.00033048227991142157,3.5481945714329717,0.0,3.3753196609163276,False
2150,0.08600000000000001,954.9903479223957,-0.00017100769807161542,3.211931388849287,3.053874799043407,0.42397395465111815,0.0,-1.1584325702049854,10.118777852060951,10.184872666806934,10.184872666806934,False,-1.1584325702049854,10.118777852060951,-1.1584325702049854,10.118777852060951,-1.1584325702049854,10.118777852060951,-0.00017628210067535297,3.224801854436369,99.97691368515557,-0.00017100769807161542,3.211931388849287,0.0,3.053874799043407,False
2175,0.08700000000000001,961.6460002854418,-6.383072074399394e-05,2.905083712112931,2.760823338254614,0.38347071621844997,0.0,-1.0550930481570568,10.052064443486357,10.107285536496533,10.107285536496533,False,-1.0550930481570568,10.052064443486357,-1.0550930481570568,10.052064443486357,-1.0550930481570568,10.052064443486357,-6.73058345357869e-05,2.9168218500079397,100.67685324484056,-6.383072074399394e-05,2.905083712112931,0.0,2.760823338254614,False
2200,0.08800000000000001,967.6276292400469,5.874305046702345e-06,2.6253497132094306,2.4938206841392945,0.34654618990343394,0.0,-0.9594531527270311,9.99063858181725,10.036603490462957,10.036603490462957,False,-0.9594531527270311,9.99063858181725,-0.9594531527270311,9.99063858181725,-0.9594531527270311,9.99063858181725,3.643460296233409e-06,2.63604670309814,101.30594750292758,5.874305046702345e-06,2.6253497132094306,0.0,2.4938206841392945,False
2225,0.08900000000000001,972.9950439564069,5.002964470599135e-05,2.370518183211968,2.2506999626567676,0.3129086136571082,0.0,-0.871151250583238,9.934075461089172,9.972199344578245,9.972199344578245,False,-0.871151250583238,9.934075461089172,-0.871151250583238,9.934075461089172,-0.871151250583238,9.934075461089172,4.863899050546562e-05,2.3802596660024706,101.87048099788174,5.002964470599135e-05,2.370518183211968,0.0,2.2506999626567676,False
2250,0.09000000000000001,977.8031372713649,7.700552611312823e-05,2.1385294550975305,2.029464677186755,0.2822861844943284,0.0,-0.7898005195701642,9.881995270449476,9.913506714876382,9.913506714876382,False,-0.7898005195701642,9.881995270449476,-0.7898005195701642,9.881995270449476,-0.7898005195701642,9.881995270449476,7.617797903026696e-05,2.1473948069232853,102.37622197536697,7.700552611312823e-05,2.1385294550975305,0.0,2.029464677186755,False
2275,0.09100000000000001,982.1022422253144,9.249174635389806e-05,1.9274790994704585,1.8282774290447126,0.25442756202673483,0.0,-0.7150033745545622,9.83404895233298,9.860007536635344,9.860007536635344,False,-0.7150033745545622,9.83404895233298,-0.7150033745545622,9.83404895233298,-0.7150033745545622,9.83404895233298,9.204000026270791e-05,1.935541591990649,102.82845968438106,9.249174635389806e-05,1.9274790994704585,0.0,1.8282774290447126,False
2300,0.09200000000000001,985.9384819299271,0.00010032810339914818,1.735611015804427,1.6454483360032461,0.22910096752119496,0.0,-0.6463604581332808,9.78991429707218,9.81122845447279,9.81122845447279,False,-0.6463604581332808,9.78991429707218,-0.6463604581332808,9.78991429707218,-0.6463604581332808,9.78991429707218,0.00010012585623333838,1.742938158040985,103.23204108049991,0.00010032810339914818,1.735611015804427,0.0,1.6454483360032461,False
2325,0.09300000000000001,989.3541003696896,0.00010310431137932138,1.5613082228996165,1.4794238928638292,0.20609297518244588,0.0,-0.583477014517508,9.749293746690089,9.766738144627444,9.766738144627444,False,-0.583477014517508,9.749293746690089,-0.583477014517508,9.749293746690089,-0.583477014517508,9.749293746690089,0.00010306634091424615,1.5679621440649243,103.59140555554431,0.00010310431137932138,1.5613082228996165,0.0,1.4794238928638292,False
2350,0.09400000000000001,992.3877713992931,0.00010256895659037473,1.4030832125898196,1.3287764688271988,0.1852072431048622,0.0,-0.5259675130773453,9.711912557581165,9.726144526528254,9.726144526528254,False,-0.5259675130773453,9.711912557581165,-0.5259675130773453,9.711912557581165,-0.5259675130773453,9.711912557581165,0.00010263767692899803,1.4091210472458202,103.91061738846291,0.00010256895659037473,1.4030832125898196,0.0,1.3287764688271988,False
2375,0.095,995.074885698289,9.990442766184188e-05,1.2595684636578197,1.1921944956661565,0.16626326370847183,0.0,-0.4734589716924187,9.677517111096819,9.68909184771451,9.68909184771451,False,-0.4734589716924187,9.677517111096819,-0.4734589716924187,9.677517111096819,-0.4734589716924187,9.677517111096819,0.00010004087181977203,1.2650427243658238,104.19339588652689,9.990442766184188e-05,1.2595684636578197,0.0,1.1921944956661565,False
2400,0.096,997.4478163589554,9.59112379869704e-05,1.1295073652934116,1.0684733485305162,0.1490951672171398,0.0,-0.4255932840084127,9.645873338043149,9.655257743683736,9.655257743683736,False,-0.4255932840084127,9.645873338043149,-0.4255932840084127,9.645873338043149,-0.4255932840084127,9.645873338043149,9.608901267872186e-05,1.134466296149196,104.44314328514206,9.59112379869704e-05,1.1295073652934116,0.0,1.0684733485305162,False
2425,0.097,999.536164183452,9.113165148359845e-05,1.0117456599712473,0.9565068971140305,0.13355059307989983,0.0,-0.3820287750694675,9.616765249490824,9.624350359831846,9.624350359831846,False,-0.3820287750694675,9.616765249490824,-0.3820287750694675,9.616765249490824,-0.3820287750694675,9.616765249490824,9.133287988788713e-05,1.0162335682606447,104.66297051786387,9.113165148359845e-05,1.0117456599712473,0.0,0.9565068971140305,False
2450,0.098,1001.3669839349418,8.593272666494399e-05,0.905223445989479,0.8552796933370059,0.11948963488958533,0.0,-0.342441156852756,9.589993569413195,9.596105595880712,9.596105595880712,False,-0.342441156852756,9.589993569413195,-0.342441156852756,9.589993569413195,-0.342441156852756,9.589993569413195,8.614532020553077e-05,0.9092810112220047,104.85572098654589,8.593272666494399e-05,0.905223445989479,0.0,0.8552796933370059,False
2475,0.099,1002.964992835389,8.056222410394419e-05,0.8089677426897675,0.7638597566911971,0.10678385934508233,0.0,-0.3065240173196873,9.565374464465737,9.57028451085165,9.57028451085165,False,-0.3065240173196873,9.565374464465737,-0.3065240173196873,9.565374464465737,-0.3065240173196873,9.565374464465737,8.077804327064966e-05,0.8126323033545788,105.02399246695113,8.056222410394419e-05,0.8089677426897675,0.0,0.7638597566911971,False
2500,0.1,1004.3527625861092,7.518635107553901e-05,0.722085601580994,0.6813919169829565,0.09531539713245799,0.0,-0.27398894840962995,9.542738365773532,9.546670909875166,9.546670909875166,False,-0.27398894840962995,9.542738365773532,-0.27398894840962995,9.542738365773532,-0.27398894840962995,9.542738365773532,7.53999616817683e-05,0.7253914205366615,105.17015728361007,7.518635107553901e-05,0.722085601580994,0.0,0.6813919169829565,False
2525,0.101,1005.5508961366046,6.991533210058002e-05,0.6437577365755457,0.6070916747610838,0.08497610224333672,0.0,-0.24456539688199344,9.521928877331375,9.525069121970148,9.525069121970148,False,-0.24456539688199344,9.521928877331375,-0.24456539688199344,9.521928877331375,-0.24456539688199344,9.521928877331375,7.012316101033944e-05,0.6467362462584256,105.29638088251663,6.991533210058002e-05,0.6437577365755457,0.0,0.6070916747610838,False
2550,0.10200000000000001,1006.5781903602239,6.482080363782674e-05,0.5732326420652083,0.5402395412951402,0.07566677563592844,0.0,-0.2180003051409257,9.502801765546334,9.50530196933859,9.50530196933859,False,-0.2180003051409257,9.502801765546334,-0.2180003051409257,9.502801765546334,-0.2180003051409257,9.502801765546334,6.502056308482058e-05,0.5759126708089515,105.4046389232833,6.482080363782674e-05,0.5732326420652083,0.0,0.5402395412951402,False
2575,0.10300000000000001,1007.4517857215536,5.9947704328493315e-05,0.5098211661807607,0.48017582204998305,0.06729644894855576,0.0,-0.19405759589412366,9.485224024521616,9.4872089228543,9.4872089228543,False,-0.19405759589412366,9.485224024521616,-0.19405759589412366,9.485224024521616,-0.19405759589412366,9.485224024521616,6.013799733690767e-05,0.5122291469551855,105.49673300467973,5.9947704328493315e-05,0.5098211661807607,0.0,0.48017582204998305,False
2600,0.10400000000000001,1008.1873039456292,5.5322447707875726e-05,0.45289150689876273,0.42629580988316074,0.05978172400975675,0.0,-0.1725175438509633,9.469073011846396,9.470644434599693,9.470644434599693,False,-0.1725175438509633,9.469073011846396,-0.1725175438509633,9.469073011846396,-0.1725175438509633,9.469073011846396,5.550249604971838e-05,0.4550516697422811,105.57430512964274,5.5322447707875726e-05,0.45289150689876273,0.0,0.42629580988316074,False
2625,0.10500000000000001,1008.7989746260449,5.0958574518622586e-05,0.40186459987931633,0.3780453565070688,0.053046164045274645,0.0,-0.15317606905938524,9.454235649883167,9.455476435994871,9.455476435994871,False,-0.15317606905938524,9.454235649883167,-0.15317606905938524,9.454235649883167,-0.15317606905938524,9.454235649883167,5.112802993466776e-05,0.40379914923956745,105.63885100818803,5.0958574518622586e-05,0.40186459987931633,0.0,0.3780453565070688,False
2650,0.10600000000000001,1009.2997516393563,4.6860688279692526e-05,0.3562098685800755,0.3349167930162188,0.04701973269860127,0.0,-0.1358439794847542,9.44060768780686,9.44158498885861,9.44158498885861,False,-0.1358439794847542,9.44060768780686,-0.1358439794847542,9.44060768780686,-0.1358439794847542,9.44060768780686,4.7019500566538745e-05,0.3579391467061427,105.69173228934078,4.6860688279692526e-05,0.3562098685800755,0.0,0.3349167930162188,False
2675,0.10700000000000001,1009.7014201675207,4.302721503259799e-05,0.3154413090372222,0.29644517243570045,0.04163827722352319,0.0,-0.12034618472790347,9.42809301992887,9.428861076323589,9.428861076323589,False,-0.12034618472790347,9.42809301992887,-0.12034618472790347,9.42809301992887,-0.12034618472790347,9.42809301992887,4.317553920069133e-05,0.31698394649160166,105.73418780631049,4.302721503259799e-05,0.3154413090372222,0.0,0.29644517243570045,False
2700,0.10800000000000001,1010.0146950687611,3.94523525468656e-05,0.2791138835871375,0.26220480927840095,0.03684305245456096,0.0,-0.10652089811822883,9.416603056124142,9.417205520659643,9.417205520659643,False,-0.10652089811822883,9.416603056124142,-0.10652089811822883,9.416603056124142,-0.10652089811822883,9.416603056124142,3.9590483008843546e-05,0.2804869378706674,105.76734391269116,3.94523525468656e-05,0.2791138835871375,0.0,0.26220480927840095,False
2725,0.10900000000000001,1010.2493112801696,3.612745666416317e-05,0.24682019964581797,0.23180609299737254,0.032580282403822894,0.0,-0.09421884061010355,9.406056140459105,9.40652801555358,9.40652801555358,False,-0.09421884061010355,9.406056140459105,-0.09421884061010355,9.406056140459105,-0.09421884061010355,9.406056140459105,3.6255780270097975e-05,0.24803928285644347,105.79222398147422,3.612745666416317e-05,0.24682019964581797,0.0,0.23180609299737254,False
2750,0.11000000000000001,1010.4141068824505,3.304203355125786e-05,0.21818745142462587,0.20489255398638562,0.02880075656489338,0.0,-0.0833024568038424,9.39637701438943,9.396746261119088,9.396746261119088,False,-0.0833024568038424,9.39637701438943,-0.0833024568038424,9.39637701438943,-0.0833024568038424,9.39637701438943,3.3160995878517205e-05,0.21926684780225442,105.80975713310288,3.304203355125786e-05,0.21818745142462587,0.0,0.20489255398638562,False
2775,0.11100000000000002,1010.517099408203,3.0184453547131337e-05,0.19287460412265092,0.18113816242129477,0.025459458223456077,0.0,-0.07364515088305376,9.387496321156183,9.387785190766214,9.387785190766214,False,-0.07364515088305376,9.387496321156183,-0.07364515088305376,9.387496321156183,-0.07364515088305376,9.387496321156183,3.0294534598571203e-05,0.19382737826791188,105.82078625365003,3.0184453547131337e-05,0.19287460412265092,0.0,0.18113816242129477,False
2800,0.112,1010.5655559298713,2.7542466454497954e-05,0.1705698016903173,0.1602448417524761,0.022515222279365355,0.0,-0.06513054820759863,9.379350148253213,9.379576279973813,9.379576279973813,False,-0.06513054820759863,9.379350148253213,-0.06513054820759863,9.379350148253213,-0.06513054820759863,9.379350148253213,2.764416309983817e-05,0.17140789818497298,105.826075359445,2.7542466454497954e-05,0.1705698016903173,0.0,0.1602448417524761,False
2825,0.113,1010.5660574216482,2.5103573834886302e-05,0.1509879807050375,0.14194018006247033,0.01993042027567321,0.0,-0.057651786642379584,9.371879605069315,9.372056927933016,9.372056927933016,False,-0.057651786642379584,9.371879605069315,-0.057651786642379584,9.371879605069315,-0.057651786642379584,9.371879605069315,2.5197387132443117e-05,0.15172231580595652,105.82631636007947,2.5103573834886302e-05,0.1509879807050375,0.0,0.14194018006247033,False
2850,0.114,1010.5245578509906,2.285529731936152e-05,0.13386867424206209,0.125975323800676,0.01767067050724723,0.0,-0.05111084036873245,9.36503043302399,9.365169903929598,9.365169903929598,False,-0.05111084036873245,9.36503043302399,-0.05111084036873245,9.36503043302399,-0.05111084036873245,9.36503043302399,2.2941723403704743e-05,0.1345092202689252,105.82213526766475,2.285529731936152e-05,0.13386867424206209,0.0,0.125975323800676,False
2875,0.115,1010.4464384197538,2.0785370602585605e-05,0.11897399086658225,0.11212303960558623,0.015704571245642143,0.0,-0.045417877860118236,9.358752645716319,9.358862851187183,9.358862851187183,False,-0.045417877860118236,9.358752645716319,-0.045417877860118236,9.358752645716319,-0.045417877860118236,9.358752645716319,2.086489420089959e-05,0.11952985385561266,105.81409789646693,2.0785370602585605e-05,0.11897399086658225,0.0,0.11212303960558623,False
2900,0.116,1010.3365573420563,1.8881874955146723e-05,0.1060867550222802,0.10017593103170552,0.014003455268551302,0.0,-0.040490654859747975,9.353000196793127,9.353087841688607,9.353087841688607,False,-0.040490654859747975,9.353000196793127,-0.040490654859747975,9.353000196793127,-0.040490654859747975,9.353000196793127,1.8954964856473355e-05,0.10656624617402295,105.80271509359078,1.8881874955146723e-05,0.1060867550222802,0.0,0.10017593103170552,False
2925,0.117,1010.1992955156179,1.7133332637773432e-05,0.09500879615444217,0.08994479802088673,0.01254116402245752,0.0,-0.03625394253592965,9.34773067341616,9.34780097622295,9.34780097622295,False,-0.03625394253592965,9.34773067341616,-0.03625394253592965,9.34773067341616,-0.03625394253592965,9.34773067341616,1.7200438622318616e-05,0.0954194975627142,105.7884475381927,1.7133332637773432e-05,0.09500879615444217,0.0,0.08994479802088673,False
2950,0.11800000000000001,1010.0385984153196,1.552876876606647e-05,0.0855593748867746,0.08125712790104078,0.011293839876591395,0.0,-0.0326389904778835,9.342905013368414,9.34296202456823,9.34296202456823,False,-0.0326389904778835,9.342905013368414,-0.0326389904778835,9.342905013368414,-0.0326389904778835,9.342905013368414,1.5590319630971438e-05,0.08590819999813362,105.77171014376209,1.552876876606647e-05,0.0855593748867746,0.0,0.08125712790104078,False
2975,0.11900000000000001,1009.8580145119005,1.405774945125679e-05,0.0775737354773415,0.07395570756600278,0.010239735045930926,0.0,-0.029583023803797914,9.338487243988503,9.338534101315547,9.338534101315547,False,-0.029583023803797914,9.338487243988503,-0.029583023803797914,9.338487243988503,-0.029583023803797914,9.338487243988503,1.4114151861624911e-05,0.07786698469555355,105.75287609529626,1.405774945125679e-05,0.0775737354773415,0.0,0.07395570756600278,False
3000,0.12000000000000001,1009.6607304948708,1.2710402085744891e-05,0.07090177461576568,0.06789734729476471,0.009359035871423182,0.0,-0.027028773361202935,9.334444241260226,9.33448337337346,9.33448337337346,False,-0.027028773361202935,9.334444241260226,-0.027028773361202935,9.334444241260226,-0.027028773361202935,9.334444241260226,1.2762040046438043e-05,0.07114518643353383,105.73228055068999,1.2710402085744891e-05,0.07090177461576568,0.0,0.06789734729476471,False
3025,0.12100000000000001,1009.4496035567508,1.1477422217264644e-05,0.0654068173962596,0.06295170740976275,0.008633701247569254,0.0,-0.024924037788579923,9.330745507511157,9.33077879566327,9.33077879566327,False,-0.024924037788579923,9.330745507511157,-0.024924037788579923,9.330745507511157,-0.024924037788579923,9.330745507511157,1.1524657010023597e-05,0.06560561540677648,105.71022403335294,1.1477422217264644e-05,0.0654068173962596,0.0,0.06295170740976275,False
3050,0.12200000000000001,1009.2271909754751,1.0350070405747654e-05,0.060964492013682176,0.05900021965891222,0.00804731408158226,0.0,-0.02322127606073986,9.327362966292517,9.327391871934353,9.327391871934353,False,-0.02322127606073986,9.327362966292517,-0.02322127606073986,9.327362966292517,-0.02322127606073986,9.327362966292517,1.0393240872337374e-05,0.06112342812712751,105.68697554093804,1.0350070405747654e-05,0.060964492013682176,0.0,0.05900021965891222,False
3075,0.12300000000000001,1008.9957772131079,9.320161675018238e-06,0.05746169538798327,0.05593509583809636,0.007584944755207915,0.0,-0.021877229046352593,9.324270773121384,9.324296437996617,9.324296437996617,False,-0.021877229046352593,9.324270773121384,-0.021877229046352593,9.324270773121384,-0.021877229046352593,9.324270773121384,9.359584754381447e-06,0.05758508955277004,105.66277539310043,9.320161675018238e-06,0.05746169538798327,0.0,0.05593509583809636,False
3100,0.12400000000000001,1008.7573987317851,8.380049578697116e-06,0.05479564252932364,0.05365841675365818,0.007233025640413082,0.0,-0.02085256855305778,9.321445140866743,9.321468464990023,9.321468464990023,False,-0.02085256855305778,9.321445140866743,-0.02085256855305778,9.321445140866743,-0.02085256855305778,9.321445140866743,8.41602102676658e-06,0.05488741923454392,105.63783783939634,8.380049578697116e-06,0.05479564252932364,0.0,0.05365841675365818,False
3125,0.125,1008.5138667119,7.522606449524485e-06,0.05287299301670301,0.0520812951629358,0.00697923579414169,0.0,-0.020111572315440862,9.318864178654291,9.318885880594692,9.318885880594692,False,-0.020111572315440862,9.318864178654291,-0.020111572315440862,9.318864178654291,-0.020111572315440862,9.318864178654291,7.555401686276709e-06,0.05293671483066048,105.61235344676061,7.522606449524485e-06,0.05287299301670301,0.0,0.0520812951629358,False
3150,0.126,1008.2667878429017,6.741201051458627e-06,0.051609048479773434,0.051123106827259956,0.006812395025562641,0.0,-0.019621823386269364,9.316507743250813,9.316528406332766,9.316528406332766,False,-0.019621823386269364,9.316507743250813,-0.019621823386269364,9.316507743250813,-0.019621823386269364,9.316507743250813,6.771076092039017e-06,0.05164794685959494,105.5864912844629,6.741201051458627e-06,0.051609048479773434,0.0,0.051123106827259956,False
3175,0.127,1008.0175833435603,6.029674582945708e-06,0.05092701545063703,0.05071078426991604,0.006722366592216082,0.0,-0.01935393241611479,9.314357301968288,9.314377409329618,9.314377409329618,False,-0.01935393241611479,9.314357301968288,-0.01935393241611479,9.314357301968288,-0.01935393241611479,9.314357301968288,6.056867019359862e-06,0.05094401903960491,105.56040092302305,6.029674582945708e-06,0.05092701545063703,0.0,0.05071078426991604,False
3200,0.128,1007.7675063561081,5.382315766757879e-06,0.05075732839259188,0.050778168254331124,0.006699967839567672,0.0,-0.019281281345898394,9.312395806201307,9.312415767091052,9.312415767091052,False,-0.019281281345898394,9.312395806201307,-0.019281281345898394,9.312395806201307,-0.019281281345898394,9.312395806201307,5.407045774226004e-06,0.05075508900490759,105.53421426225782,5.382315766757879e-06,0.05075732839259188,0.0,0.050778168254331124,False
3225,0.129,1007.5176578471724,4.793835594181105e-06,0.051037028118963705,0.051265412387975995,0.006736888152096829,0.0,-0.01937978708713647,9.31060757477963,9.310627744018733,9.310627744018733,False,-0.01937978708713647,9.31060757477963,-0.01937978708713647,9.31060757477963,-0.01937978708713647,9.31060757477963,4.81630694217822e-06,0.05101794459601408,105.50804720242432,4.793835594181105e-06,0.051037028118963705,0.0,0.051265412387975995,False
3250,0.13,1007.2690011378487,4.259342157187496e-06,0.05170919118977762,0.052118436616807595,0.006825613633495493,0.0,-0.019627683822519428,9.308978186379603,9.308998878529502,9.308998878529502,False,-0.019627683822519428,9.308978186379603,-0.019627683822519428,9.308978186379603,-0.019627683822519428,9.308978186379603,4.2797432100647435e-06,0.051675431297580766,105.48200117131502,4.259342157187496e-06,0.05170919118977762,0.0,0.052118436616807595,False
3275,0.131,1007.0223751754943,3.7743158967394666e-06,0.05272240621965664,0.053288425707401055,0.006959357979178505,0.0,-0.020005322622417387,9.307494380296786,9.307515879771008,9.307515879771008,False,-0.020005322622417387,9.307494380296786,-0.020005322622417387,9.307494380296786,-0.020005322622417387,9.307494380296786,3.7928205924930287e-06,0.05267592674385323,105.45616451913318,3.7743158967394666e-06,0.05272240621965664,0.0,0.053288425707401055,False
3300,0.132,1006.7785066508455,3.334585511656424e-06,0.054030293349284254,0.05473136912000909,0.007131999046409061,0.0,-0.020494987139010285,9.306143964935332,9.306166533036045,9.306166533036045,False,-0.020494987139010285,9.306143964935332,-0.020494987139010285,9.306143964935332,-0.020494987139010285,9.306143964935332,3.351354310479389e-06,0.05397285853177098,105.43061379203382,3.334585511656424e-06,0.054030293349284254,0.0,0.05473136912000909,False
3325,0.133,1006.5380210557718,2.9363047042397064e-06,0.05559106342687651,0.05640763895799672,0.00733802066616584,0.0,-0.0210807242072853,9.304915733418754,9.304939613074175,9.304939613074175,False,-0.0210807242072853,9.304915733418754,-0.0210807242072853,9.304915733418754,-0.0210807242072853,9.304915733418754,2.9514855009447708e-06,0.05552426187687894,105.40541489434511,2.9363047042397064e-06,0.05559106342687651,0.0,0.05640763895799672,False
3350,0.134,1006.3014527693463,2.575929886143738e-06,0.057367113717403724,0.05828160294000212,0.007572459276689885,0.0,-0.02174818824990953,9.30379938577296,9.303824804584481,9.303824804584481,False,-0.02174818824990953,9.30379938577296,-0.02174818824990953,9.30379938577296,-0.02174818824990953,9.30379938577296,2.5896588823504833e-06,0.05729237391933189,105.38062414868256,2.575929886143738e-06,0.057367113717403724,0.0,0.05828160294000212,False
3375,0.135,1006.0692542528865,2.2501989256078523e-06,0.05932465720746659,0.060321269580988546,0.007830854991671693,0.0,-0.0224844984500117,9.302785457173975,9.302812629247036,9.302812629247036,False,-0.0224844984500117,9.302785457173975,-0.0224844984500117,9.302785457173975,-0.0224844984500117,9.302785457173975,2.2626014591590063e-06,0.05924326173828098,105.35628926243022,2.2501989256078523e-06,0.05932465720746659,0.0,0.060321269580988546,False
3400,0.136,1005.8418044281265,1.9561109839932053e-06,0.0614333828048151,0.06249796299050375,0.00810920674654252,0.0,-0.02327810772158137,9.301865251792195,9.301894378716531,9.301894378716531,False,-0.02327810772158137,9.301865251792195,-0.02327810772158137,9.301865251792195,-0.02327810772158137,9.301865251792195,1.967302314236263e-06,0.06134648136474637,105.33245020838143,1.9561109839932053e-06,0.0614333828048151,0.0,0.06249796299050375,False
3425,0.137,1005.6194163067228,1.6909074630845075e-06,0.063666143944053,0.06478602490028734,0.008403931194391399,0.0,-0.02411868257063668,9.301030781800527,9.301062053058773,9.301062053058773,False,-0.02411868257063668,9.301030781800527,-0.02411868257063668,9.301030781800527,-0.02411868257063668,9.301030781800527,1.7009935115953574e-06,0.06357476529633675,105.30914002670518,1.6909074630845075e-06,0.063666143944053,0.0,0.06478602490028734,False
3450,0.138,1005.4023439338006,1.4520540641803277e-06,0.06599867330643057,0.06716254172208336,0.008711825048949389,0.0,-0.02499699300147389,9.300274711147248,9.300308304161973,9.300308304161973,False,-0.02499699300147389,9.300274711147248,-0.02499699300147389,9.300274711147248,-0.02499699300147389,9.300274711147248,1.4611321111590114e-06,0.06590373621416583,105.28638555482642,1.4520540641803277e-06,0.06599867330643057,0.0,0.06716254172208336,False
3475,0.139,1005.190788703162,1.2372239459867166e-06,0.06840932154291851,0.06960709461055659,0.009030030596013015,0.0,-0.02590481168087818,9.299590303725205,9.299626383699943,9.299626383699943,False,-0.02590481168087818,9.299590303725205,-0.02590481168087818,9.299590303725205,-0.02590481168087818,9.299590303725205,1.2453832831688715e-06,0.06831164478418938,105.26420809127566,1.2372239459867166e-06,0.06840932154291851,0.0,0.06960709461055659,False
3500,0.14,1004.9849050971433,1.0442819539466965e-06,0.07087881805622777,0.07210153066575392,0.00935600411665351,0.0,-0.0268348216286169,9.298971375596704,9.299010095263833,9.299010095263833,False,-0.0268348216286169,9.298971375596704,-0.0268348216286169,9.298971375596704,-0.0268348216286169,9.298971375596704,1.05160449523896e-06,0.07077912959222471,105.2426239990746,1.0442819539466965e-06,0.07087881805622777,0.0,0.07210153066575392,False
3525,0.14100000000000001,1004.784805899787,8.712698879673136e-07,0.07339005205166478,0.07462975355804513,0.009687486985916326,0.0,-0.02778053175531212,9.2984122509604,9.298453750315428,9.298453750315428,False,-0.02778053175531212,9.2984122509604,-0.02778053175531212,9.2984122509604,-0.02778053175531212,9.2984122509604,8.778307393037351e-07,0.07328899741660383,105.22164525377187,8.712698879673136e-07,0.07339005205166478,0.0,0.07462975355804513,False
3550,0.14200000000000002,1004.5905669280536,7.163927673421942e-07,0.07592787220860032,0.07717753199427341,0.010022479229444764,0.0,-0.028736199618478016,9.297907721570024,9.297952127646173,9.297952127646173,False,-0.028736199618478016,9.297907721570024,-0.028736199618478016,9.297907721570024,-0.028736199618478016,9.297907721570024,7.22260757507517e-07,0.07582602218479524,105.20127994082817,7.163927673421942e-07,0.07592787220860032,0.0,0.07717753199427341,False
3575,0.14300000000000002,1004.4022313221515,5.780060481517185e-07,0.07847890345489728,0.07973232456948925,0.010359215337696745,0.0,-0.02969676081412664,9.29745300933745,9.29750043605489,9.29750043605489,False,-0.02969676081412664,9.29745300933745,-0.02969676081412664,9.29745300933745,-0.02969676081412664,9.29745300933745,5.832442223679756e-07,0.078376761091299,105.18153270666724,5.780060481517185e-07,0.07847890345489728,0.0,0.07973232456948925,False
3600,0.14400000000000002,1004.2198134327177,4.546037457246774e-07,0.08103137944738528,0.08228311966420257,0.010696142153361761,0.0,-0.030657764465222927,9.297043731872789,9.297094279982167,9.297094279982167,False,-0.030657764465222927,9.297043731872789,-0.030657764465222927,9.297043731872789,-0.030657764465222927,9.297043731872789,4.5926982396848736e-07,0.08092938647528078,105.16240516735743,4.546037457246774e-07,0.08103137944738528,0.0,0.08228311966420257,False
3625,0.14500000000000002,1004.0433023394819,3.4480741458328623e-07,0.08357498947283447,0.08482028915445519,0.011031898662285246,0.0,-0.03161531430931582,9.296675870733978,9.296729627863028,9.296729627863028,False,-0.03161531430931582,9.296675870733978,-0.03161531430931582,9.296675870733978,-0.03161531430931582,9.296675870733978,3.4895421658391074e-07,0.08347353216809988,105.14389627856313,3.4480741458328623e-07,0.08357498947283447,0.0,0.08482028915445519,False
3650,0.14600000000000002,1003.872665033226,2.473559351577762e-07,0.08610073858578647,0.08733545479929242,0.011365297531659366,0.0,-0.0325660149257252,9.296345742174916,9.296402782979115,9.296402782979115,False,-0.0325660149257252,9.296345742174916,-0.0325660149257252,9.296345742174916,-0.0325660149257252,9.296345742174916,2.5103177400304336e-07,0.08600015312317282,105.1260026701088,2.473559351577762e-07,0.08610073858578647,0.0,0.08733545479929242,False
3675,0.14700000000000002,1003.7078492902216,1.610960603547046e-07,0.08860081989467462,0.08982136626185996,0.011695308251788888,0.0,-0.033506922678536194,9.296049970198238,9.296110356610987,9.296110356610987,False,-0.033506922678536194,9.296049970198238,-0.033506922678536194,9.296049970198238,-0.033506922678536194,9.296049970198238,1.6434510667515508e-07,0.08850139723595847,105.10871894822206,1.610960603547046e-07,0.08860081989467462,0.0,0.08982136626185996,False
3700,0.14800000000000002,1003.5487862659348,8.497367323284423e-08,0.09106849799414715,0.09227178980320208,0.012021041749156587,0.0,-0.03443550098458945,9.295785461733363,9.295849243307543,9.295849243307543,False,-0.03443550098458945,9.295785461733363,-0.03443550098458945,9.295785461733363,-0.03443550098458945,9.295785461733363,8.783629180072795e-08,0.09097048834863801,105.09203796827069,8.497367323284423e-08,0.09106849799414715,0.0,0.09227178980320208,False
3725,0.14900000000000002,1003.3953928325642,1.802571026026364e-08,0.09349800262201564,0.09468140676502901,0.012341736349139727,0.0,-0.035349579546556015,9.295549383774334,9.295616598104804,9.295616598104804,False,-0.035349579546556015,9.295549383774334,-0.035349579546556015,9.295549383774334,-0.035349579546556015,9.295549383774334,2.053877086150863e-08,0.0934016195148297,105.07595108057563,1.802571026026364e-08,0.09349800262201564,0.0,0.09468140676502901,False
3750,0.15000000000000002,1003.2475736829547,-4.0627294740891253e-08,0.09588443169309398,0.09704572102877901,0.012656744976476458,0.0,-0.03624731721970495,9.295339142324964,9.295409815540369,9.295409815540369,False,-0.03624731721970495,9.295339142324964,-0.03624731721970495,9.295339142324964,-0.03624731721970495,9.295339142324964,-3.843013044000655e-08,0.09578985567375839,105.06044835166799,-4.0627294740891253e-08,0.09588443169309398,0.0,0.09704572102877901,False
3775,0.15100000000000002,1003.1052232215512,-9.178808875254775e-08,0.09822366293004246,0.09936097470315236,0.01296552349053723,0.0,-0.0371271682073311,9.295152363010125,9.29522651032194,9.29522651032194,False,-0.0371271682073311,9.295152363010125,-0.0371271682073311,9.295152363010125,-0.0371271682073311,9.295152363010125,-8.987610267482877e-08,0.0981310449513852,105.04551876316202,-9.178808875254775e-08,0.09822366293004246,0.0,0.09936097470315236,False
3800,0.15200000000000002,1002.9682272613323,-1.3618903970651453e-07,0.10051227337441672,0.10162407135313836,0.013267620060783402,0.0,-0.0379878513044101,9.294986873223525,9.295064499520397,9.295064499520397,False,-0.0379878513044101,9.294986873223525,-0.0379878513044101,9.294986873223525,-0.0379878513044101,9.294986873223525,-1.345342135801537e-07,0.1004217378692749,105.03115039023444,-1.3618903970651453e-07,0.10051227337441672,0.0,0.10162407135313836,False
3825,0.15300000000000002,1002.8364645440903,-1.744979779317537e-07,0.10274746611855082,0.10383250613830519,0.013562665495376103,0.0,-0.03882832193154151,9.294840685691705,9.294921786167642,9.294921786167642,False,-0.03882832193154151,9.294840685691705,-0.03882832193154151,9.294840685691705,-0.03882832193154151,9.294840685691705,-1.7307476875955833e-07,0.1026591137996217,105.01733056153482,-1.744979779317537e-07,0.10274746611855082,0.0,0.10383250613830519,False
3850,0.15400000000000003,1002.709808099961,-2.073235744807139e-07,0.10492700365237644,0.1059843022797958,0.013850364442956772,0.0,-0.03964774672222554,9.29471198334386,9.294796544149639,9.294796544149639,False,-0.03964774672222554,9.29471198334386,-0.03964774672222554,9.29471198334386,-0.03964774672222554,9.29471198334386,-2.0610870784953874e-07,0.10484091405847815,105.00404600219822,-2.073235744807139e-07,0.10492700365237644,0.0,0.1059843022797958,False
3875,0.155,1002.5881264607725,-2.352202910301211e-07,0.10704914726806333,0.10807795332196013,0.014130487394060124,0.0,-0.04044548044572136,9.294599105385151,9.294687104293233,9.294687104293233,False,-0.04044548044572136,9.294599105385151,-0.04044548044572136,9.294599105385151,-0.04044548044572136,9.294599105385151,-2.3419257094570086e-07,0.10696538107819778,104.99128296149155,-2.352202910301211e-07,0.10704914726806333,0.0,0.10807795332196013,False
3900,0.156,1002.4712847405501,-2.586929329986609e-07,0.10911260201075254,0.11011237069828822,0.014402863414611349,0.0,-0.04122104506561402,9.294500534479472,9.294591941553728,9.294591941553728,False,-0.04122104506561402,9.294500534479472,-0.04122104506561402,9.294500534479472,-0.04122104506561402,9.294500534479472,-2.5783306698824507e-07,0.10903120314562223,104.979027326495,-2.586929329986609e-07,0.10911260201075254,0.0,0.11011237069828822,False
3925,0.157,1002.3591455953946,-2.7820083618593787e-07,0.11111646670491214,0.11208683615080378,0.014667373549405551,0.0,-0.04197411075050063,9.29441488495457,9.294509663217225,9.294509663217225,False,-0.04197411075050063,9.29441488495457,-0.04197411075050063,9.29441488495457,-0.04197411075050063,9.29441488495457,-2.7749127451081947e-07,0.11103746423395104,104.96726472310225,-2.7820083618593787e-07,0.11111646670491214,0.0,0.11208683615080378,False
3950,0.158,1002.2515700738961,-2.941617146478506e-07,0.11306018862439898,0.11400095858917104,0.014923944838556306,0.0,-0.042704478668416694,9.29434089194963,9.29443899803885,9.29443899803885,False,-0.042704478668416694,9.29434089194963,-0.042704478668416694,9.29434089194963,-0.042704478668416694,9.29434089194963,-2.935865025711923e-07,0.11298359849489678,104.95598060551303,-2.941617146478506e-07,0.11306018862439898,0.0,0.11400095858917104,False
3975,0.159,1002.1484183683109,-3.0695519585988093e-07,0.11494352240943237,0.11585463500924911,0.01517254489453655,0.0,-0.04341206541050098,9.294277401431103,9.294378786243657,9.294378786243657,False,-0.04341206541050098,9.294277401431103,-0.04341206541050098,9.294277401431103,-0.04341206541050098,9.294277401431103,-3.0649983790949913e-07,0.1148693490129895,104.94516033529241,-3.0695519585988093e-07,0.11494352240943237,0.0,0.11585463500924911,False
4000,0.16,1002.0495504758406,-3.169260680522481e-07,0.11676649286592893,0.11764801512195805,0.015413176991691195,0.0,-0.044096888902121344,9.294223361008635,9.294327970323057,9.294327970323057,False,-0.044096888902121344,9.294223361008635,-0.044096888902121344,9.294223361008635,-0.044096888902121344,9.294223361008635,-3.1657740339923463e-07,0.11669473045622729,104.93478925097877,-3.169260680522481e-07,0.11676649286592893,0.0,0.11764801512195805,False
4025,0.161,1001.9548267785569,-3.243872611573821e-07,0.11852936131285394,0.11938146937222065,0.015645875624087775,0.0,-0.04475905567160471,9.294177811488296,9.294285586564788,9.294285586564788,False,-0.04475905567160471,9.294177811488296,-0.04475905567160471,9.294177811488296,-0.04475905567160471,9.294177811488296,-3.2413334918900217e-07,0.11845999528758037,104.9248527291378,-3.243872611573821e-07,0.11852936131285394,0.0,0.11938146937222065,False
4050,0.162,1001.8641085497719,-3.2962258359009224e-07,0.12023259517037263,0.12105556005367653,0.015870702491152706,0.0,-0.04539874935741588,9.294139879104858,9.294250757259052,9.294250757259052,False,-0.04539874935741588,9.294139879104858,-0.04539874935741588,9.294139879104858,-0.04539874935741588,9.294139879104858,-3.2945259891086623e-07,0.1201656032290826,104.91533623768295,-3.2962258359009224e-07,0.12023259517037263,0.0,0.12105556005367653,False
4075,0.163,1001.7772583939811,-3.328892330009015e-07,0.1218768405070433,0.1226710152494613,0.016087742873901037,0.0,-0.04601622034465873,9.294108768379804,9.294222683528147,9.294222683528147,False,-0.04601622034465873,9.294108768379804,-0.04601622034465873,9.294108768379804,-0.04601622034465873,9.294108768379804,-3.327933690913826e-07,0.12181219369577412,104.90622538221086,-3.328892330009015e-07,0.1218768405070433,0.0,0.1226710152494613,False
4100,0.164,1001.6941406268811,-3.344200996587236e-07,0.12346289728757684,0.12422870535151555,0.016297102367640887,0.0,-0.046611776430936516,9.294083755555679,9.294200638730908,9.294200638730908,False,-0.046611776430936516,9.294083755555679,-0.046611776430936516,9.294083755555679,-0.046611776430936516,9.294083755555679,-3.3438948051974777e-07,0.12340056094012761,104.8975059460354,-3.344200996587236e-07,0.12346289728757684,0.0,0.12422870535151555,False
4125,0.165,1001.6146216013981,-3.3442587898543214e-07,0.12499169708391902,0.1257296219312292,0.016498903939836485,0.0,-0.047185774429961184,9.29406418256109,9.29418396239678,9.29418396239678,False,-0.047185774429961184,9.29406418256109,-0.047185774429961184,9.29406418256109,-0.047185774429961184,9.29406418256109,-3.3445247810212996e-07,0.1249316316689012,104.88916392454426,-3.3442587898543214e-07,0.12499169708391902,0.0,0.1257296219312292,False
4150,0.166,1001.5385699851397,-3.330970083990226e-07,0.1264642830322078,0.1271748587533636,0.016693285284426655,0.0,-0.0477386126290645,9.294049451464579,9.294172054648268,9.294172054648268,False,-0.0477386126290645,9.294049451464579,-0.0477386126290645,9.294049451464579,-0.0477386126290645,9.294049451464579,-3.3317357445618215e-07,0.1264064449142038,104.88118555444682,-3.330970083990226e-07,0.1264642830322078,0.0,0.1271748587533636,False
4175,0.167,1001.4658569941959,-3.306054425372536e-07,0.1278817918362449,0.12856559474245455,0.016880396446283176,0.0,-0.04827072402385853,9.294039019378692,9.294164371073466,9.294164371073466,False,-0.04827072402385853,9.294039019378692,-0.04827072402385853,9.294039019378692,-0.04827072402385853,9.294039019378692,-3.307254313487714e-07,0.12782613395871853,104.8735573384313,-3.306054425372536e-07,0.1278817918362449,0.0,0.12856559474245455,False
4200,0.168,1001.3963565877926,-3.271062803665113e-07,0.12924543763468335,0.12990307872660076,0.01706039769167961,0.0,-0.04878257025977913,9.29403239377829,9.294160418013096,9.294160418013096,False,-0.04878257025977913,9.29403239377829,-0.04878257025977913,9.29403239377829,-0.04878257025977913,9.29403239377829,-3.272637924901486e-07,0.12919191013165737,104.86626606570428,-3.271062803665113e-07,0.12924543763468335,0.0,0.12990307872660076,False
4225,0.169,1001.3299456278759,-3.227392553897663e-07,0.13055649756460405,0.13118861579876878,0.017233457602683463,0.0,-0.04927463621628151,9.294029128200606,9.294159748229829,9.294159748229829,False,-0.04927463621628151,9.294029128200606,-0.04927463621628151,9.294029128200606,-0.04927463621628151,9.294029128200606,-3.229289789754121e-07,0.13050504830751689,104.85929882884155,-3.227392553897663e-07,0.13055649756460405,0.0,0.13118861579876878,False
4250,0.17,1001.2665040073574,-3.176301009844322e-07,0.13181629886794757,0.13242355514860546,0.017399751375205195,0.0,-0.049747425174846,9.294028818296518,9.294161956929614,9.294161956929614,False,-0.049747425174846,9.294028818296518,-0.049747425174846,9.294028818296518,-0.049747425174846,9.294028818296518,-3.178472594739252e-07,0.13176687395356768,104.8526430373421,-3.176301009844322e-07,0.13181629886794757,0.0,0.13242355514860546,False
4275,0.171,1001.2059147504017,-3.118918003766784e-07,0.1330262074005503,0.13360927923048088,0.01755945930219103,0.0,-0.05020145451712661,9.294031098204902,9.29416667810705,9.29416667810705,False,-0.05020145451712661,9.294031098204902,-0.05020145451712661,9.294031098204902,-0.05020145451712661,9.294031098204902,-3.1213210455489355e-07,0.1329787515853431,104.84628642824094,-3.118918003766784e-07,0.1330262074005503,0.0,0.13360927923048088,False
4300,0.17200000000000001,1001.148064087829,-3.056257314051522e-07,0.13418761741488977,0.13474719414470915,0.017712765424945306,0.0,-0.05063725190397916,9.294035637224605,9.294173581189527,9.294173581189527,False,-0.05063725190397916,9.294035637224605,-0.05063725190397916,9.294035637224605,-0.05063725190397916,9.294035637224605,-3.058853355497378e-07,0.1341420745007576,104.8402170741038,-3.056257314051522e-07,0.13418761741488977,0.0,0.13474719414470915,False
4325,0.17300000000000001,1001.0928415104243,-2.989227133548164e-07,0.13530194249926186,0.13583872111983508,0.01785985633710188,0.0,-0.05105535189061795,9.29404213676042,9.294182367956573,9.294182367956573,False,-0.05105535189061795,9.29404213676042,-0.05105535189061795,9.29404213676042,-0.05105535189061795,9.29404213676042,-2.99198175115471e-07,0.13525825567515504,104.8344233886967,-2.989227133548164e-07,0.13530194249926186,0.0,0.13583872111983508,False
4350,0.17400000000000002,1001.0401398026864,-2.9186396562632036e-07,0.13637060756549313,0.13688528899250602,0.018000920127002093,0.0,-0.05145629293679503,9.294050327520608,9.294192769712103,9.294192769712103,False,-0.05145629293679503,9.294050327520608,-0.05145629293679503,9.294050327520608,-0.05145629293679503,9.294050327520608,-2.921522092967263e-07,0.13632871970903426,104.82889413059752,-2.9186396562632036e-07,0.13637060756549313,0.0,0.13688528899250602,False
4375,0.17500000000000002,1000.9898550593138,-2.8452198437900993e-07,0.13739504178677728,0.13788832759118227,0.018136145445489162,0.0,-0.051840614774545324,9.294059966946303,9.294204544689885,9.294204544689885,False,-0.051840614774545324,9.294059966946303,-0.051840614774545324,9.294059966946303,-0.051840614774545324,9.294059966946303,-2.848202673117771e-07,0.13735489572965942,104.82361840499027,-2.8452198437900993e-07,0.13739504178677728,0.0,0.13788832759118227,False
4400,0.17600000000000002,1000.9418866865014,-2.769613439541296e-07,0.13837667239577742,0.13884926193777614,0.01826572068725764,0.0,-0.05220885609935203,9.294070836854184,9.294217475673712,9.294217475673712,False,-0.05220885609935203,9.294070836854184,-0.05220885609935203,9.294070836854184,-0.05220885609935203,9.294070836854184,-2.772672258698751e-07,0.13833821115637782,104.8185856638606,-2.769613439541296e-07,0.13837667239577742,0.0,0.13884926193777614,False
4425,0.17700000000000002,1000.8961373899327,-2.692394297241361e-07,0.13931691926069406,0.13976950718841202,0.01838983327489432,0.0,-0.05256155255350217,9.294082741275028,9.294231367814833,9.294231367814833,False,-0.05256155255350217,9.294082741275028,-0.05256155255350217,9.294082741275028,-0.05256155255350217,9.294082741275028,-2.695507446342138e-07,0.13928008624705937,104.81378570479063,-2.692394297241361e-07,0.13931691926069406,0.0,0.13976950718841202,False
4450,0.17800000000000002,1000.8525131511711,-2.6140710822605414e-07,0.14021719016414666,0.14065046424162878,0.01850866903569057,0.0,-0.052899234973143784,9.2940955044725,9.294246046631038,9.294246046631038,False,-0.052899234973143784,9.2940955044725,-0.052899234973143784,9.2940955044725,-0.052899234973143784,9.2940955044725,-2.6172193878401267e-07,0.14018192935022428,104.80920866853188,-2.6140710822605414e-07,0.14021719016414666,0.0,0.14065046424162878,False
4475,0.17900000000000002,1000.8109231939746,-2.5350933862698245e-07,0.141078876716419,0.14149351594879103,0.018622411662190645,0.0,-0.05322242787313102,9.294108969127906,9.294261356173093,9.294261356173093,False,-0.05322242787313102,9.294108969127906,-0.05322242787313102,9.294108969127906,-0.05322242787313102,9.294108969127906,-2.538259927095285e-07,0.14104513279414885,104.80484503551722,-2.5350933862698245e-07,0.141078876716419,0.0,0.14149351594879103,False
4500,0.18000000000000002,1000.7712799419293,-2.4558573183792294e-07,0.14190335084048888,0.14230002386667273,0.018731242248215544,0.0,-0.05353164814600096,9.29412299467709,9.294277157344657,9.294277157344657,False,-0.05353164814600096,9.29412299467709,-0.05353164814600096,9.29412299467709,-0.05353164814600096,9.29412299467709,-2.459027211412861e-07,0.1418710693501599,104.800685621458,-2.4558573183792294e-07,0.14190335084048888,0.0,0.14230002386667273,False
4525,0.18100000000000002,1000.7334989686428,-2.376710607020454e-07,0.1426919617717119,0.1430713254979592,0.01883533889282122,0.0,-0.05382740395350071,9.294137455787531,9.294293326363716,9.294293326363716,False,-0.05382740395350071,9.294137455787531,-0.05382740395350071,9.294137455787531,-0.05382740395350071,9.294137455787531,-2.3798708122691753e-07,0.14266108921275764,104.79672157215711,-2.376710607020454e-07,0.1426919617717119,0.0,0.1430713254979592,False
4550,0.18200000000000002,1000.6974989416207,-2.297957256697166e-07,0.14344603352024982,0.14380873196992042,0.01893487636533906,0.0,-0.054110193791088584,9.294152240964015,9.294309753353852,9.294309753353852,False,-0.054110193791088584,9.294152240964015,-0.054110193791088584,9.294152240964015,-0.054110193791088584,9.294152240964015,-2.3010963988763886e-07,0.14341651744447925,104.79294435765607,-2.297957256697166e-07,0.14344603352024982,0.0,0.14380873196992042,False
4575,0.18300000000000002,1000.6632015608318,-2.2198617971836083e-07,0.14416686274873405,0.14451352610610108,0.019030025825227403,0.0,-0.054380505707502025,9.29416725127265,9.294326341055065,9.294326341055065,False,-0.054380505707502025,9.29416725127265,-0.054380505707502025,9.29416725127265,-0.054380505707502025,9.29416725127265,-2.222970003289298e-07,0.14413865183780344,104.78934576582206,-2.2198617971836083e-07,0.14416686274873405,0.0,0.14451352610610108,False
4600,0.18400000000000002,1000.6305314928705,-2.1426531587395628e-07,0.14485571702208183,0.14518696084977076,0.0191209545910472,0.0,-0.05463881666318135,9.294182399173375,9.294343003644233,9.294343003644233,False,-0.05463881666318135,9.294182399173375,-0.05463881666318135,9.294182399173375,-0.05463881666318135,9.294182399173375,-2.1457219097170447e-07,0.1448287611508645,104.78591789547009,-2.1426531587395628e-07,0.14485571702208183,0.0,0.14518696084977076,False
4625,0.18500000000000003,1000.5994163015187,-2.066528203412525e-07,0.14551383339015053,0.1458302580018331,0.019207825953372348,0.0,-0.05488559201276061,9.294197607452347,9.29435966565656,9.29435966565656,False,-0.05488559201276061,9.294197607452347,-0.05488559201276061,9.294197607452347,-0.05488559201276061,9.294197607452347,-2.0695501991178994e-07,0.14548808367749747,104.78265314910502,-2.066528203412525e-07,0.14551383339015053,0.0,0.1458302580018331,False
4650,0.18600000000000003,1000.5697863754295,-1.9916549416086224e-07,0.14614241726761062,0.146444607239204,0.019290799026932856,0.0,-0.05512128509824797,9.29421280824604,9.294376260999748,9.294376260999748,False,-0.05512128509824797,9.29421280824604,-0.05512128509824797,9.29421280824604,-0.05512128509824797,9.29421280824604,-1.9946239779664412e-07,0.14611782611586432,104.77954422535942,-1.9916549416086224e-07,0.14614241726761062,0.0,0.146444607239204,False
4675,0.18700000000000003,1000.5415748535866,-1.9181754649429497e-07,0.14674264157850372,0.14703116538241634,0.019370028637696428,0.0,-0.05534633694069249,9.294227942149117,9.294392732052922,9.294392732052922,False,-0.05534633694069249,9.294227942149117,-0.05534633694069249,9.294227942149117,-0.05534633694069249,9.294227942149117,-1.9210863215569528e-07,0.14671916270301974,104.77658411119566,-1.9181754649429497e-07,0.14674264157850372,0.0,0.14703116538241634,False
4700,0.18800000000000003,1000.5147175490995,-1.8462086150121787e-07,0.14731564613586146,0.14759105588467017,0.019445665240978138,0.0,-0.0555611760192177,9.294242957399826,9.294409028844,9.294409028844,False,-0.0555611760192177,9.294242957399826,-0.0555611760192177,9.294242957399826,-0.0555611760192177,9.294242957399826,-1.8490569535444208e-07,0.14729323458564522,104.77376607393188,-1.8462086150121787e-07,0.14731564613586146,0.0,0.14759105588467017,False
4725,0.18900000000000003,1000.4891528718515,-1.7758524071787248e-07,0.14786253722998804,0.1481253685168701,0.01951785486709365,0.0,-0.055766218127547305,9.294257809136125,9.294425108298634,9.294425108298634,False,-0.055766218127547305,9.294257809136125,-0.055766218127547305,9.294257809136125,-0.055766218127547305,9.294257809136125,-1.7786346784616874e-07,0.1478411494004763,104.77108365314537,-1.7758524071787248e-07,0.14786253722998804,0.0,0.1481253685168701,False
4750,0.19,1000.4648217504459,-1.7071862387276307e-07,0.14838438740084894,0.14863515922541148,0.019586739091314496,0.0,-0.0559618662988244,9.294272458716849,9.29444093355497,9.29444093355497,False,-0.0559618662988244,9.294272458716849,-0.0559618662988244,9.294272458716849,-0.0559618662988244,9.294272458716849,-1.7098995985904274e-07,0.14836398103975798,104.76853065250101,-1.7071862387276307e-07,0.14838438740084894,0.0,0.14863515922541148,False
4775,0.191,1000.441667553852,-1.6402728953383294e-07,0.14888223537271145,0.14912145014184577,0.019652455025240562,0.0,-0.056148510790558485,9.294286873102353,9.294456473338649,9.294456473338649,False,-0.056148510790558485,9.294286873102353,-0.056148510790558485,9.294286873102353,-0.056148510790558485,9.294286873102353,-1.6429151278101123e-07,0.14886276957979672,104.76610113154652,-1.6402728953383294e-07,0.14888223537271145,0.0,0.14912145014184577,False
4800,0.192,1000.4196360130934,-1.5751603722243363e-07,0.14935708613104084,0.1495852297255858,0.019715135326950347,0.0,-0.05632652912222159,9.294301024290037,9.29447170139335,9.29447170139335,False,-0.05632652912222159,9.294301024290037,-0.05632652912222159,9.294301024290037,-0.05632652912222159,9.294301024290037,-1.5777298203327061e-07,0.14933852135251444,104.76378939751093,-1.5751603722243363e-07,0.14935708613104084,0.0,0.1495852297255858,False
4825,0.193,1000.3986751432883,-1.511883524766963e-07,0.14980991112390699,0.1500274530225879,0.019774908227586596,0.0,-0.05649628615887976,9.294314888799857,9.294486595961954,9.294486595961954,False,-0.05649628615887976,9.294314888799857,-0.05649628615887976,9.294314888799857,-0.05649628615887976,9.294314888799857,-1.514379027203602e-07,0.14979220914220792,104.7615899971386,-1.511883524766963e-07,0.14980991112390699,0.0,0.1500274530225879,False
4850,0.194,1000.3787351663067,-1.4504655687978572e-07,0.15024164857134706,0.15044904202447126,0.01983189757219215,0.0,-0.05665813423467491,9.29432844720587,9.294501139314322,9.294501139314322,False,-0.05665813423467491,9.29432844720587,-0.05665813423467491,9.29432844720587,-0.05665813423467491,9.29432844720587,-1.4528864030153578e-07,0.15022477249087438,104.75949770858676,-1.4504655687978572e-07,0.15024164857134706,0.0,0.15044904202447126,False
4875,0.195,1000.3597684342723,-1.3909194371469817e-07,0.1506532038683611,0.15085088611432182,0.0198862228729053,0.0,-0.056812413310828216,9.294341683709815,9.294515317317627,9.294515317317627,False,-0.056812413310828216,9.294341683709815,-0.056812413310828216,9.294341683709815,-0.056812413310828216,9.294341683709815,-1.3932652673861455e-07,0.15063711809773445,104.75750753341079,-1.3909194371469817e-07,0.1506532038683611,0.0,0.15085088611432182,False
4900,0.196,1000.3417293541138,-1.3332490122095137e-07,0.15104545006794262,0.15123384258635467,0.019937999372719808,0.0,-0.05695945116309428,9.294354585753169,9.294529119045665,9.294529119045665,False,-0.05695945116309428,9.294354585753169,-0.05695945116309428,9.294354585753169,-0.05695945116309428,9.294354585753169,-1.3355198426776233e-07,0.15103012029929194,104.75561468865847,-1.3332490122095137e-07,0.15104545006794262,0.0,0.15123384258635467,False
4925,0.197,1000.3245743133278,-1.2774502347313626e-07,0.1514192284326357,0.1515987372286528,0.019987338118290416,0.0,-0.057099563594384846,9.294367143664752,9.294542536424133,9.294542536424133,False,-0.057099563594384846,9.294367143664752,-0.057099563594384846,9.294367143664752,-0.057099563594384846,9.294367143664752,-1.2796463673261994e-07,0.151404621618363,104.75381459909042,-1.2774502347313626e-07,0.1514192284326357,0.0,0.1515987372286528,False
4950,0.198,1000.3082616070996,-1.2235121087182886e-07,0.15177534904376647,0.1519463649585035,0.020034346040351356,0.0,-0.05723305466852979,9.29437935034052,9.294555563908528,9.294555563908528,False,-0.05723305466852979,9.29437935034052,-0.05723305466852979,9.29437935034052,-0.05723305466852979,9.29437935034052,-1.2256341047605188e-07,0.1517614333711918,104.75210288954237,-1.2235121087182886e-07,0.15177534904376647,0.0,0.1519463649585035,False
4975,0.199,1000.2927513669079,-1.1714176126495263e-07,0.15211459145870795,0.15227749050120104,0.020079126040475303,0.0,-0.05736021696159295,9.294391200952754,9.294568198191772,9.294568198191772,False,-0.05736021696159295,9.294391200952754,-0.05736021696159295,9.294391200952754,-0.05736021696159295,9.294391200952754,-1.173466258185532e-07,0.15210133632297046,104.75047537744224,-1.1714176126495263e-07,0.15211459145870795,0.0,0.15227749050120104,False
5000,0.2,1000.2780054907045,-1.1211445135703998e-07,0.15243770540767945,0.1525928491046109,0.02012177708305084,0.0,-0.057481331827579994,9.294402692686699,9.29458043793965,9.29458043793965,False,-0.057481331827579994,9.294402692686699,-0.057481331827579994,9.294402692686699,-0.057481331827579994,9.294402692686699,-1.1231207884668317e-07,0.15242508138320016,104.74892806549168,-1.1211445135703998e-07,0.15243770540767945,0.0,0.1525928491046109,False
5025,0.201,1000.2639875747557,-1.0726661065174372e-07,0.1527454115224365,0.15289314728181036,0.02016239429146955,0.0,-0.05759666967571499,9.29441382450158,9.294592283550895,9.294592283550895,False,-0.05759666967571499,9.29441382450158,-0.05759666967571499,9.29441382450158,-0.05759666967571499,9.29441382450158,-1.0745711562665614e-07,0.1527333903332525,104.74745713452153,-1.0726661065174372e-07,0.1527454115224365,0.0,0.15289314728181036,False
5050,0.202,1000.2506628472062,-1.0259518755312811e-07,0.1530384020899154,0.15317906357569772,0.020201069047607025,0.0,-0.05770649025670166,9.29442459691455,9.294603736940479,9.294603736940479,False,-0.05770649025670166,9.29442459691455,-0.05770649025670166,9.29442459691455,-0.05770649025670166,9.29442459691455,-1.0277869862852235e-07,0.1530269565791279,104.74605893652726,-1.0259518755312811e-07,0.1530384020899154,0.0,0.15317906357569772,False
5075,0.203,1000.2379981034188,-9.809680901498347e-08,0.15331734182484733,0.15345124933955911,0.02023788909380795,0.0,-0.05781104295576432,9.29443501180504,9.29461480134357,9.29461480134357,False,-0.05781104295576432,9.29443501180504,-0.05781104295576432,9.29443501180504,-0.05781104295576432,9.29443501180504,-9.827346659775862e-08,0.15330644592342813,104.74472998789031,-9.809680901498347e-08,0.15331734182484733,0.0,0.15345124933955911,False
5100,0.20400000000000001,1000.2259616431244,-9.376783399243675e-08,0.15358286865575896,0.15371032952858604,0.020272938636638142,0.0,-0.05791056709039311,9.294445072238114,9.294625481138661,9.294625481138661,False,-0.05791056709039311,9.294445072238114,-0.05791056709039311,9.294445072238114,-0.05791056709039311,9.294445072238114,-9.393778825081943e-08,0.1535724973509129,104.74346696278874,-9.376783399243675e-08,0.15358286865575896,0.0,0.15371032952858604,False
5125,0.20500000000000002,1000.2145232094052,-8.960440118986832e-08,0.1538355945197319,0.15395690349796617,0.020306298451792784,0.0,-0.058005292211085455,9.294454782305081,9.294635781688182,9.294635781688182,False,-0.058005292211085455,9.294454782305081,-0.058005292211085455,9.294454782305081,-0.058005292211085455,9.294454782305081,-8.976781025037966e-08,0.1538257238229936,104.74226668679991,-8.960440118986832e-08,0.1538355945197319,0.0,0.15395690349796617,False
5150,0.20600000000000002,1000.2036539295291,-8.560247182203833e-08,0.1540761061615943,0.1541915458033784,0.020338045989589718,0.0,-0.05809543840348685,9.294464146979799,9.294645709194956,9.294645709194956,False,-0.05809543840348685,9.294464146979799,-0.05809543840348685,9.294464146979799,-0.05809543840348685,9.294464146979799,-8.575950015728053e-08,0.1540667130768221,104.74112613069678,-8.560247182203833e-08,0.1540761061615943,0.0,0.1541915458033784,False
5175,0.20700000000000002,1000.1933262576347,-8.175786764215498e-08,0.15430496593390794,0.15441480700058957,0.020368255480567685,0.0,-0.05818121659058803,9.294473171989319,9.294655270573147,9.294655270573147,False,-0.05818121659058803,9.294473171989319,-0.05818121659058803,9.294473171989319,-0.05818121659058803,9.294473171989319,-8.190868461865501e-08,0.15429602842531473,104.74004240443838,-8.175786764215498e-08,0.15430496593390794,0.0,0.15441480700058957,False
5200,0.20800000000000002,1000.1835139192732,-7.806630500297731e-08,0.15452271259434794,0.15462721444090852,0.020396998040740497,0.0,-0.058262828833722524,9.294481863697582,9.294664473332375,9.294664473332375,False,-0.058262828833722524,9.294481863697582,-0.058262828833722524,9.294481863697582,-0.058262828833722524,9.294481863697582,-7.82110835942534e-08,0.1545142095546917,104.73901275135424,-7.806630500297731e-08,0.15452271259434794,0.0,0.15462721444090852,False
5225,0.20900000000000002,1000.1741918577889,-7.452342511821821e-08,0.15472986209766848,0.15482927305993793,0.020424341776136442,0.0,-0.05834046863133068,9.294490229001047,9.294673325473902,9.294673325473902,False,-0.05834046863133068,9.294490229001047,-0.05834046863133068,9.294490229001047,-0.05834046863133068,9.294490229001047,-7.466234078503511e-08,0.15472177331670764,104.73803454252182,-7.452342511821821e-08,0.15472986209766848,0.0,0.15482927305993793,False
5250,0.21000000000000002,1000.1653361825238,-7.112482031384486e-08,0.1549269083799321,0.15502146615748252,0.020450351886316567,0.0,-0.058414321214639166,9.294498275235247,9.294681835397807,9.294681835397807,False,-0.058414321214639166,9.294498275235247,-0.058414321214639166,9.294498275235247,-0.058414321214639166,9.294498275235247,-7.125804998666358e-08,0.15491921451323595,104.73710527133493,-7.112482031384486e-08,0.1549269083799321,0.0,0.15502146615748252,False
5275,0.21100000000000002,1000.1569241188303,-6.786605792936851e-08,0.15511432413266618,0.15520425616634465,0.02047509076656334,0.0,-0.05848456383939474,9.294506010091107,9.294690011820038,9.294690011820038,False,-0.05848456383939474,9.294506010091107,-0.05848456383939474,9.294506010091107,-0.05848456383939474,9.294506010091107,-6.799377913022934e-08,0.1551070066708641,104.73622254826145,-6.786605792936851e-08,0.15511432413266618,0.0,0.15520425616634465,False
5300,0.21200000000000002,1000.1489339598617,-6.474270100534736e-08,0.15529256156516497,0.1553780854084228,0.020498618108504466,0.0,-0.058551366073001064,9.294513441540206,9.294697863698453,9.294697863698453,False,-0.058551366073001064,9.294513441540206,-0.058551366073001064,9.294513441540206,-0.058551366073001064,9.294513441540206,-6.486509105938019e-08,0.155285602803703,104.73538409578757,-6.474270100534736e-08,0.15529256156516497,0.0,0.1553780854084228,False
5325,0.21300000000000002,1000.1413450201103,-6.175032631313852e-08,0.15546205315346645,0.1555433768368825,0.020520990998977872,0.0,-0.05861489007651716,9.294520577768393,9.294705400167281,9.294705400167281,False,-0.05861489007651716,9.294520577768393,-0.05861489007651716,9.294520577768393,-0.05861489007651716,9.294520577768393,-6.186756168073286e-08,0.1554554361629206,104.73458774354494,-6.175032631313852e-08,0.15546205315346645,0.0,0.1555433768368825,False
5350,0.21400000000000002,1000.1341375906626,-5.88845401282759e-08,0.15562321237465804,0.1557005347629715,0.020542264016960018,0.0,-0.05867529088103075,9.294527427116689,9.29471263047892,9.29471263047892,False,-0.05867529088103075,9.294527427116689,-0.05867529088103075,9.294527427116689,-0.05867529088103075,9.294527427116689,-5.8996795810494765e-08,0.15561692097165827,104.73383142361796,-5.88845401282759e-08,0.15562321237465804,0.0,0.1557005347629715,False
5375,0.21500000000000002,1000.1272928961382,-5.6140992342600015e-08,0.15577643442531117,0.15584994556641474,0.020562489328399273,0.0,-0.05873271665796803,9.294533998028747,9.294719563952334,9.294719563952334,False,-0.05873271665796803,9.294533998028747,-0.05873271665796803,9.294533998028747,-0.05873271665796803,9.294533998028747,-5.624844135023892e-08,0.15577045314412266,104.73311316602745,-5.6140992342600015e-08,0.15577643442531117,0.0,0.15584994556641474,False
5400,0.21600000000000003,1000.1207930532687,-5.3515388122409235e-08,0.1559220969232503,0.15599197838892795,0.020581716778849422,0.0,-0.05878730898304546,9.294540299004746,9.294726209927902,9.294726209927902,False,-0.05878730898304546,9.294540299004746,-0.05878730898304546,9.294540299004746,-0.05878730898304546,9.294540299004746,-5.36182010610503e-08,0.15591641098802775,104.7324310943862,-5.3515388122409235e-08,0.1559220969232503,0.0,0.15599197838892795,False
5425,0.21700000000000003,1000.11462103108,-5.1003497934775945e-08,0.1560605605920252,0.15612698580997886,0.02059999398381998,0.0,-0.058839203093647874,9.294546338560586,9.294732577727597,9.294732577727597,False,-0.058839203093647874,9.294546338560586,-0.058839203093647874,9.294546338560586,-0.058839203093647874,9.294546338560586,-5.1101842611892345e-08,0.15605515588977764,104.73178342172267,-5.1003497934775945e-08,0.1560605605920252,0.0,0.15612698580997886,False
5450,0.21800000000000003,1000.1087606126379,-4.8601166423586936e-08,0.1561921699273575,0.15625530450432887,0.02061736641674717,0.0,-0.058888528139360685,9.294552125192144,9.294738676620243,9.294738676620243,False,-0.058888528139360685,9.294552125192144,-0.058888528139360685,9.294552125192144,-0.058888528139360685,9.294552125192144,-4.86952075385285e-08,0.15618703298163944,104.73116844646854,-4.8601166423586936e-08,0.1561921699273575,0.0,0.15625530450432887,False
5475,0.21900000000000003,1000.1031963583139,-4.630431962125151e-08,0.15631725384524356,0.1563772558810292,0.020633877494543453,0.0,-0.05893540742554952,9.294557667344002,9.294744515791253,9.294744515791253,False,-0.05893540742554952,9.294557667344002,-0.05893540742554952,9.294557667344002,-0.05893540742554952,9.294557667344002,-4.6394218490348904e-08,0.15631237179058863,104.73058454860568,-4.630431962125151e-08,0.15631725384524356,0.0,0.1563772558810292,False
5500,0.22000000000000003,1000.0979135705279,-4.410897098746649e-08,0.15643612631142828,0.15649314670370928,0.020649568660688105,0.0,-0.05897995864988507,9.294562973382344,9.294750104316543,9.294750104316543,False,-0.05897995864988507,9.294562973382344,-0.05897995864988507,9.294562973382344,-0.05897995864988507,9.294562973382344,-4.419488532453086e-08,0.15643148686853128,104.73003018596773,-4.410897098746649e-08,0.15643612631142828,0.0,0.15649314670370928,False
5525,0.22100000000000003,1000.0928982599246,-4.201122651269577e-08,0.1565490869519482,0.1566032696918183,0.020664479465818883,0.0,-0.0590222941317094,9.294568051571416,9.294755451139993,9.294755451139993,False,-0.0590222941317094,9.294568051571416,-0.0590222941317094,9.294568051571416,-0.0590222941317094,9.294568051571416,-4.2093310253773134e-08,0.15654467840360564,104.72950389069246,-4.201122651269577e-08,0.1565490869519482,0.0,0.1566032696918183,False
5550,0.22200000000000003,1000.0881371129383,-4.0007288362824294e-08,0.15665642164488972,0.15670790410315943,0.020678647645844123,0.0,-0.059062521034302005,9.294572910053503,9.294760565054453,9.294760565054453,False,-0.059062521034302005,9.294572910053503,-0.059062521034302005,9.294572910053503,-0.059062521034302005,9.294572910053503,-4.0085691528227166e-08,0.15665223281269194,104.72900426581917,-4.0007288362824294e-08,0.15665642164488972,0.0,0.15670790410315943,False
5575,0.22300000000000003,1000.0836174607061,-3.809345831244556e-08,0.15675840309314296,0.15680731629727857,0.020692109197546223,0.0,-0.05910074157997385,9.294577556831634,9.294765454685429,9.294765454685429,False,-0.05910074157997385,9.294577556831634,-0.05910074157997385,9.294577556831634,-0.05910074157997385,9.294577556831634,-3.816832688983264e-08,0.15675442331492898,104.72852998202792,-3.809345831244556e-08,0.15675840309314296,0.0,0.15680731629727857,False
5600,0.224,1000.0793272492803,-3.626613978639998e-08,0.1568552913783598,0.15690176028028113,0.02070489845170413,0.0,-0.059137053258065904,9.294581999755232,9.294770128477735,9.294770128477735,False,-0.059137053258065904,9.294581999755232,-0.059137053258065904,9.294581999755232,-0.059137053258065904,9.294581999755232,-3.6337615659382615e-08,0.1568515104864169,104.72807977451471,-3.626613978639998e-08,0.1568552913783598,0.0,0.15690176028028113,False
5625,0.225,1000.0752550111033,-3.452183982822333e-08,0.15694733449612175,0.156991478230783,0.02071704814373547,0.0,-0.05917154902586661,9.294586246507894,9.294774594684254,9.294774594684254,False,-0.05917154902586661,9.294586246507894,-0.05917154902586661,9.294586246507894,-0.05917154902586661,9.294586246507894,-3.45900607177704e-08,0.156943742796137,104.7276524399992,-3.452183982822333e-08,0.15694733449612175,0.0,0.156991478230783,False
5650,0.226,1000.0713898376936,-3.285716975583379e-08,0.1570347688727133,0.15707670100772064,0.020728589481910663,0.0,-0.05920431750259316,9.294590304597628,9.294778861357122,9.294778861357122,False,-0.05920431750259316,9.294590304597628,-0.05920431750259316,9.294590304597628,-0.05920431750259316,9.294590304597628,-3.29222692023077e-08,0.15703135712345323,104.72724683385943,-3.285716975583379e-08,0.1570347688727133,0.0,0.15707670100772064,False
5675,0.227,1000.0677213535096,-3.1268845864788744e-08,0.1571178198635829,0.15715764863983933,0.020739552213149732,0.0,-0.059235443156479904,9.294594181348723,9.294782936340551,9.294782936340551,False,-0.059235443156479904,9.294594181348723,-0.059235443156479904,9.294594181348723,-0.059235443156479904,9.294594181348723,-3.1330953191940286e-08,0.15711457925730593,104.72686186738984,-3.1268845864788744e-08,0.1571178198635829,0.0,0.15715764863983933,False
5700,0.228,1000.064239690939,-2.9753689267032612e-08,0.15719670223383764,0.15723453079753996,0.02074996468644764,0.0,-0.05926500648509623,9.294597883895658,9.294786827265666,9.294786827265666,False,-0.05926500648509623,9.294597883895658,-0.05926500648509623,9.294597883895658,-0.05926500648509623,9.294597883895658,-2.981292962313316e-08,0.1571936243774099,104.72649650517774,-2.9753689267032612e-08,0.15719670223383764,0.0,0.15723453079753996,False
5725,0.229,1000.0609354663824,-2.8308625611259446e-08,0.1572716206211276,0.15730754724707607,0.020759853913974984,0.0,-0.05929308418904348,9.294601419178221,9.29479054154651,9.29479054154651,False,-0.05929308418904348,9.294601419178221,-0.05929308418904348,9.294601419178221,-0.05929308418904348,9.294601419178221,-2.8365119972300568e-08,0.15726869751784586,104.72614976259419,-2.8308625611259446e-08,0.1572716206211276,0.0,0.15730754724707607,False
5750,0.23,1000.057799757386,-2.6930684275803933e-08,0.15734276998118701,0.15737688828774168,0.02076924562988946,0.0,-0.05931974933912268,9.294604793938191,9.294794086377625,9.294794086377625,False,-0.05931974933912268,9.294604793938191,-0.05931974933912268,9.294604793938191,-0.05931974933912268,9.294604793938191,-2.698454948886548e-08,0.15733999401328305,104.72582070339497,-2.6930684275803933e-08,0.15734276998118701,0.0,0.15737688828774168,False
5775,0.231,1000.0548240807813,-2.561699723875816e-08,0.15741033601649715,0.15744273517231297,0.020778164346919335,0.0,-0.059345071537155625,9.294608014717175,9.294797468732737,9.294797468732737,False,-0.059345071537155625,9.294608014717175,-0.059345071537155625,9.294608014717175,-0.059345071537155625,9.294608014717175,-2.5668346075553396e-08,0.1574076999283103,104.72550843742737,-2.561699723875816e-08,0.15741033601649715,0.0,0.15744273517231297,False
5800,0.232,1000.052000371798,-2.4364797636724756e-08,0.1574744955884802,0.15750526051122346,0.020786633410773084,0.0,-0.05936911707061501,9.294611087855502,9.29480069536449,9.29480069536449,False,-0.05936911707061501,9.294611087855502,-0.05936911707061501,9.294611087855502,-0.05936911707061501,9.294611087855502,-2.4413738837855086e-08,0.15747199247028398,104.72521211843878,-2.4364797636724756e-08,0.1574744955884802,0.0,0.15750526051122346,False
5825,0.233,1000.0493209641107,-2.3171418340531895e-08,0.15753541711348992,0.1575646286607705,0.020794675052410096,0.0,-0.05939194906116145,9.29461401949208,9.294803772805105,9.294803772805105,False,-0.05939194906116145,9.29461401949208,-0.05939194906116145,9.29461401949208,-0.05939194906116145,9.29461401949208,-2.3218056709740157e-08,0.15753304038595142,104.72493094198342,-2.3171418340531895e-08,0.15753541711348992,0.0,0.1575646286607705,False
5850,0.234,1000.0467785707813,-2.203428997271416e-08,0.15759326094327444,0.15762099609594182,0.020802310438261806,0.0,-0.05941362760734951,9.294616815565005,9.294806707367789,9.294806707367789,False,-0.05941362760734951,9.294616815565005,-0.05941362760734951,9.294616815565005,-0.05941362760734951,9.294616815565005,-2.2078726424763016e-08,0.15759100434253626,104.72466414342288,-2.203428997271416e-08,0.15759326094327444,0.0,0.15762099609594182,False
5875,0.23500000000000001,1000.0443662660631,-2.095093918809319e-08,0.15764817973005826,0.15767451176813185,0.020809559718422507,0.0,-0.05943420992155135,9.29461948181293,9.294809505148853,9.294809505148853,False,-0.05943420992155135,9.29461948181293,-0.05943420992155135,9.29461948181293,-0.05943420992155135,9.29461948181293,-2.0993270842902766e-08,0.1576460372934198,104.72441099601724,-2.095093918809319e-08,0.15764817973005826,0.0,0.15767451176813185,False
5900,0.23600000000000002,1000.0420774680312,-1.9918986380241957e-08,0.15770031877691768,0.15772531744836324,0.020816442072898917,0.0,-0.05945375046135797,9.29462202377707,9.294812172030465,9.294812172030465,False,-0.05945375046135797,9.29462202377707,-0.05945375046135797,9.29462202377707,-0.05945375046135797,9.29462202377707,-1.9959306646118038e-08,0.15769828482909898,104.7241708091026,-1.9918986380241957e-08,0.15770031877691768,0.0,0.15772531744836324,False
5925,0.23700000000000002,1000.0399059220046,-1.893614346011351e-08,0.1577498163738117,0.15777354805640134,0.02082297575596623,0.0,-0.0594723010555922,9.294624446803786,9.294814713683937,9.294814713683937,False,-0.0594723010555922,9.294624446803786,-0.0594723010555922,9.294624446803786,-0.0594723010555922,9.294624446803786,-1.8974542134091644e-08,0.15774788551378022,104.72394292635185,-1.893614346011351e-08,0.1577498163738117,0.0,0.15777354805640134,False
5950,0.23800000000000002,1000.0378456847292,-1.8000211647044157e-08,0.157796804119726,0.1578193319761189,0.020829178138691153,0.0,-0.059489911025109914,9.294626756047474,9.294817135573318,9.294817135573318,False,-0.059489911025109914,9.294626756047474,-0.059489911025109914,9.294626756047474,-0.059489911025109914,9.294626756047474,-1.8036774990215207e-08,0.15779497120807529,104.72372672411521,-1.8000211647044157e-08,0.157796804119726,0.0,0.1578193319761189,False
5975,0.23900000000000002,1000.0358911092892,-1.7109079181038625e-08,0.15784140723128162,0.15786279135764536,0.020835065749668237,0.0,-0.059506627298516135,9.294628956474005,9.294819442959476,9.294819442959476,False,-0.059506627298516135,9.294628956474005,-0.059506627298516135,9.294628956474005,-0.059506627298516135,9.294628956474005,-1.7143890034890888e-08,0.15783966737813587,104.72352160983716,-1.7109079181038625e-08,0.15784140723128162,0.0,0.15786279135764536,False
6000,0.24000000000000002,1000.0340368307159,-1.6260718698865903e-08,0.15788374483846745,0.15790404240678504,0.02084065431405656,0.0,-0.0595224945230513,9.294631052864395,9.29482164090443,9.29482164090443,False,-0.0595224945230513,9.294631052864395,-0.0595224945230513,9.294631052864395,-0.0595224945230513,9.294631052864395,-1.6293856560726312e-08,0.15788209339190043,104.72332702054652,-1.6260718698865903e-08,0.15788374483846745,0.0,0.15790404240678504,False
6025,0.24100000000000002,1000.032277752265,-1.5453184974022987e-08,0.15792393026768206,0.1579431956620108,0.02084595879094126,0.0,-0.05953755517071125,9.294633049818795,9.294823734275951,9.294823734275951,False,-0.05953755517071125,9.294633049818795,-0.05953755517071125,9.294633049818795,-0.05953755517071125,9.294633049818795,-1.5484726111279008e-08,0.1579223628026278,104.72314242141668,-1.5453184974022987e-08,0.15792393026768206,0.0,0.1579431956620108,False
6050,0.24200000000000002,1000.0306090323327,-1.4684612281342908e-08,0.1579620713127811,0.15798035625964707,0.0208509934091118,0.0,-0.05955184963986835,9.294634951760726,9.294825727752384,9.294825727752384,False,-0.05955184963986835,9.294634951760726,-0.05955184963986835,9.294634951760726,-0.05955184963986835,9.294634951760726,-1.471462981864131e-08,0.15796058362042223,104.72296730439285,-1.4684612281342908e-08,0.1579620713127811,0.0,0.15798035625964707,False
6075,0.24300000000000002,1000.0290260719853,-1.395321201491107e-08,0.15799827049431986,0.15801562418749351,0.020855771701281972,0.0,-0.05956541635246084,9.29463676294147,9.294827625827622,9.294827625827622,False,-0.05956541635246084,9.29463676294147,-0.05956541635246084,9.29463676294147,-0.05956541635246084,9.29463676294147,-1.3981776053892396e-08,0.15799685857193313,104.7228011868836,-1.395321201491107e-08,0.15799827049431986,0.0,0.15801562418749351,False
6100,0.24400000000000002,1000.0275245030747,-1.3257270235089098e-08,0.15803262530757076,0.15804909452733457,0.02086030653682819,0.0,-0.05957829184697433,9.294638487444496,9.294829432816071,9.294829432816071,False,-0.05957829184697433,9.294638487444496,-0.05957829184697433,9.294638487444496,-0.05957829184697433,9.294638487444496,-1.3284447931602133e-08,0.15803128534882127,104.72264361051396,-1.3257270235089098e-08,0.15803262530757076,0.0,0.15804909452733457,False
6125,0.24500000000000002,1000.0261001769122,-1.259514518770612e-08,0.1580652284596658,0.15808085768688193,0.02086461015309235,0.0,-0.05959051086733968,9.294640129190137,9.294831152857865,9.294831152857865,False,-0.05959051086733968,9.294640129190137,-0.05959051086733968,9.294640129190137,-0.05959051086733968,9.294640129190137,-1.2621000853077188e-08,0.15806395684532432,104.7224941399371,-1.259514518770612e-08,0.1580652284596658,0.0,0.15808085768688193,False
6150,0.24600000000000002,1000.0247491534789,-1.1965264687363281e-08,0.1580961680963331,0.1581109996215261,0.020868694185310975,0.0,-0.05960210644792736,9.294641691940393,9.294832789924174,9.294832789924174,False,-0.05960210644792736,9.294641691940393,-0.05960210644792736,9.294641691940393,-0.05960210644792736,9.294641691940393,-1.1989859903080747e-08,0.15809496138539889,104.72235236170211,-1.1965264687363281e-08,0.1580961680963331,0.0,0.1581109996215261,False
6175,0.24700000000000003,1000.0234676911491,-1.1366123983299861e-08,0.15812552801852817,0.15813960204600302,0.020872569695210622,0.0,-0.05961310999475609,9.294643179303486,9.29483434782224,9.29483434782224,False,-0.05961310999475609,9.294643179303486,-0.05961310999475609,9.294643179303486,-0.05961310999475609,9.294643179303486,-1.1389517676570976e-08,0.1581243829397561,104.72221788317584,-1.1366123983299861e-08,0.15812552801852817,0.0,0.15813960204600302,False
6200,0.24800000000000003,1000.0222522368989,-1.079628309701677e-08,0.15815338788943767,0.158166742636862,0.020876247198332327,0.0,-0.05962355136308398,9.294644594738811,9.294835830200798,9.294835830200798,False,-0.05962355136308398,9.294644594738811,-0.05962355136308398,9.294644594738811,-0.05962355136308398,9.294644594738811,-1.0818531653601792e-08,0.15815230133323466,104.7220903315156,-1.079628309701677e-08,0.15815338788943767,0.0,0.158166742636862,False
6225,0.24900000000000003,1000.0210994169881,-1.0254364736676329e-08,0.1581798234321859,0.15819249522558038,0.020879736690128877,0.0,-0.059633458931519424,9.294645941561518,9.29483724055511,9.29483724055511,False,-0.059633458931519424,9.294645941561518,-0.059633458931519424,9.294645941561518,-0.059633458931519424,9.294645941561518,-1.0275522073438515e-08,0.15817879244288086,104.72196935269126,-1.0254364736676329e-08,0.1581798234321859,0.0,0.15819249522558038,False
6250,0.25,1000.0200060280815,-9.739051751453399e-09,0.15820490661861822,0.15821692998315068,0.020883047670884225,0.0,-0.05964285967277958,9.294647222947425,9.294838582232304,9.294838582232304,False,-0.05964285967277958,9.294647222947425,-0.05964285967277958,9.294647222947425,-0.05964285967277958,9.294647222947425,-9.759169424991247e-09,0.1582039283870735,104.72185461055383,-9.739051751453399e-09,0.15820490661861822,0.0,0.15821692998315068,False
6275,0.251,1000.018969028801,-9.249085063051112e-09,0.15822870584953194,0.15824011359612716,0.02088618916950397,0.0,-0.05965177922124658,9.294648441937616,9.29483985843638,9.29483985843638,False,-0.05965177922124658,9.294648441937616,-0.05965177922124658,9.294648441937616,-0.05965177922124658,9.294648441937616,-9.268212352232645e-09,0.15822777770609567,104.72174578594901,-9.249085063051112e-09,0.15822870584953194,0.0,0.15824011359612716,False
6300,0.252,1000.0179855316824,-8.78326133384702e-09,0.15825128612670447,0.15826210943472324,0.020889169766223056,0.0,-0.05966024193744529,9.29464960144315,9.294841072233313,9.294841072233313,False,-0.05966024193744529,9.29464960144315,-0.05966024193744529,9.29464960144315,-0.05966024193744529,9.29464960144315,-8.801445329360068e-09,0.15825040553448222,104.72164257587318,-8.78326133384702e-09,0.15825128612670447,0.0,0.15826210943472324,False
6325,0.253,1000.0170527955195,-8.340430859589567e-09,0.15827270921705797,0.15828297771318212,0.020891997614275536,0.0,-0.05966827096957373,9.294650704249648,9.294842226556026,9.294842226556026,False,-0.05966827096957373,9.294650704249648,-0.05966827096957373,9.294650704249648,-0.05966827096957373,9.294650704249648,-8.357716547940933e-09,0.15827187376549376,104.72154469267016,-8.340430859589567e-09,0.15827270921705797,0.0,0.15828297771318212,False
6350,0.254,1000.0161682180809,-7.91949548819251e-09,0.1582930338092386,0.15830277564270628,0.02089468046056301,0.0,-0.059675888312189625,9.294651753021792,9.294843324209232,9.294843324209232,False,-0.059675888312189625,9.294651753021792,-0.059675888312189625,9.294651753021792,-0.059675888312189625,9.294651753021792,-7.935925830194572e-09,0.15829224120799282,104.72145186326696,-7.91949548819251e-09,0.1582930338092386,0.0,0.15830277564270628,False
6375,0.255,1000.0153293291771,-7.5194065778883e-09,0.15831231566299425,0.15832155757737001,0.02089722566537249,0.0,-0.059683114862195956,9.294652750307794,9.294844367874262,9.294844367874262,False,-0.059683114862195956,9.294652750307794,-0.059683114862195956,9.294652750307794,-0.059683114862195956,9.294652750307794,-7.535022594084502e-09,0.15831156373610317,104.72136382844634,-7.5194065778883e-09,0.15831231566299425,0.0,0.15832155757737001,False
6400,0.256,1000.0145337840664,-7.139162942351732e-09,0.15833060775162305,0.15833937515323523,0.020899640221179613,0.0,-0.059689970472229806,9.294653698543748,9.29484536011374,9.29484536011374,False,-0.059689970472229806,9.294653698543748,-0.059689970472229806,9.294653698543748,-0.059689970472229806,9.294653698543748,-7.154003788650526e-09,0.15832989443193018,104.72128034215486,-7.139162942351732e-09,0.15833060775162305,0.0,0.15833937515323523,False
6425,0.257,1000.0137793571812,-6.777809090456766e-09,0.15834796039775814,0.15835627742092553,0.02090193077057222,0.0,-0.05969647400155277,9.294654600057846,9.294846303376119,9.294846303376119,False,-0.05969647400155277,9.294654600057846,-0.05969647400155277,9.294654600057846,-0.05969647400155277,9.294654600057846,-6.791912138314391e-09,0.1583472837216065,104.72120117084464,-6.777809090456766e-09,0.15834796039775814,0.0,0.15835627742092553,False
6450,0.258,1000.0130639361591,-6.434433074486992e-09,0.1583644214028785,0.158372310972129,0.020904103623345792,0.0,-0.05970264336458871,9.29465545707463,9.294847200000218,9.294847200000218,False,-0.05970264336458871,9.29465545707463,-0.05970264336458871,9.29465545707463,-0.05970264336458871,9.29465545707463,-6.447833985153636e-09,0.15836377950504782,104.72112609284706,-6.434433074486992e-09,0.1583644214028785,0.0,0.158372310972129,False
6475,0.259,1000.0123855161698,-6.1081649629621606e-09,0.15838003617067828,0.15838752005998635,0.02090616477278819,0.0,-0.059708495577161125,9.294656271718932,9.294848052219475,9.294848052219475,False,-0.059708495577161125,9.294656271718932,-0.059708495577161125,9.294656271718932,-0.059708495577161125,9.294656271718932,-6.120897755213274e-09,0.15837942727956447,104.72105489777734,-6.1081649629621606e-09,0.15838003617067828,0.0,0.15838752005998635,False
6500,0.26,1000.0117421945145,-5.7981748839857605e-09,0.1583948478246779,0.1584019467139349,0.020908119911204358,0.0,-0.05971404680057084,9.294657046019873,9.294848862166193,9.294848862166193,False,-0.05971404680057084,9.294657046019873,-0.05971404680057084,9.294657046019873,-0.05971404680057084,9.294657046019873,-5.810271991329383e-09,0.1583942702576984,104.72098738596806,-5.7981748839857605e-09,0.1583948478246779,0.0,0.1584019467139349,False
6525,0.261,1000.0111321654967,-5.5036716357315145e-09,0.15840889732016386,0.15841563084899,0.020909974444692336,0.0,-0.05971931238354633,9.294657781914688,9.294849631875646,9.294849631875646,False,-0.05971931238354633,9.294657781914688,-0.05971931238354633,9.294657781914688,-0.05971931238354633,9.294657781914688,-5.515164006097051e-09,0.15840834947937854,104.72092336793077,-5.5036716357315145e-09,0.15840889732016386,0.0,0.15841563084899,False
6550,0.262,1000.0105537155385,-5.22390053068324e-09,0.158422223551043,0.1584286103700317,0.020911733507248027,0.0,-0.05972430690229183,9.294658481252462,9.294850363290056,9.294850363290056,False,-0.05972430690229183,9.294658481252462,-0.05972430690229183,9.294658481252462,-0.05972430690229183,9.294658481252462,-5.2348176538300894e-09,0.15842170391898483,104.72086266384365,-5.22390053068324e-09,0.158422223551043,0.0,0.1584286103700317,False
6575,0.263,1000.0100052185435,-4.95814231740783e-09,0.15843486345142252,0.15844092127094156,0.020913401974173795,0.0,-0.059729044198554765,9.294659145797718,9.29485105826242,9.29485105826242,False,-0.059729044198554765,9.294659145797718,-0.059729044198554765,9.294659145797718,-0.059729044198554765,9.294659145797718,-4.968512303643285e-09,0.15843437058712634,104.72080510306483,-4.95814231740783e-09,0.15843486345142252,0.0,0.15844092127094156,False
6600,0.264,1000.0094851314847,-4.705711442439443e-09,0.15844685209239376,0.15845259772908196,0.020914984474853883,0.0,-0.0597335374158966,9.294659777233946,9.294851718560269,9.294851718560269,False,-0.0597335374158966,9.294659777233946,-0.0597335374158966,9.294659777233946,-0.0597335374158966,9.294659777233946,-4.7155610928557136e-09,0.15844638462761282,104.72075052366957,-4.705711442439443e-09,0.15844685209239376,0.0,0.15845259772908196,False
6625,0.265,1000.0089919902125,-4.465954564430998e-09,0.15845822277427507,0.15846367219527122,0.020916485404930508,0.0,-0.059737799034263885,9.294660377166936,9.294852345869216,9.294852345869216,False,-0.059737799034263885,9.294660377166936,-0.059737799034263885,9.294660377166936,-0.059737799034263885,9.294660377166936,-4.475309405561131e-09,0.15845777940988245,104.72069877201021,-4.465954564430998e-09,0.15845822277427507,0.0,0.15846367219527122,False
6650,0.266,1000.0085244054703,-4.2382492434742444e-09,0.15846900711430215,0.15847417547937792,0.020917908937878947,0.0,-0.059741840902849536,9.294660947128085,9.294852941796465,9.294852941796465,False,-0.059741840902849536,9.294660947128085,-0.059741840902849536,9.294660947128085,-0.059741840902849536,9.294660947128085,-4.247133598107394e-09,0.1584685866168621,104.72064970229818,-4.2382492434742444e-09,0.15846900711430215,0.0,0.15847417547937792,False
6675,0.267,1000.0080810591054,-4.022002399701556e-09,0.1584792351302074,0.15848413683190207,0.02091925903604005,0.0,-0.059745674271414806,9.29466148857761,9.294853507874231,9.294853507874231,False,-0.059745674271414806,9.29466148857761,-0.059745674271414806,9.29466148857761,-0.059745674271414806,9.29466148857761,-4.030439445131139e-09,0.15847883632870965,104.72060317620637,-4.022002399701556e-09,0.1584792351302074,0.0,0.15848413683190207,False
6700,0.268,1000.007660700472,-3.816649257379037e-09,0.15848893531972802,0.15849358402146135,0.020920539461115283,0.0,-0.05974930982008809,9.29466200290746,9.294854045562829,9.294854045562829,False,-0.05974930982008809,9.29466200290746,-0.05974930982008809,9.29466200290746,-0.05974930982008809,9.29466200290746,-3.82466105655066e-09,0.1584885571024871,104.72055906249169,-3.816649257379037e-09,0.15848893531972802,0.0,0.15849358402146135,False
6725,0.269,1000.0072621430099,-3.6216519150703324e-09,0.15849813473624086,0.1585025434086637,0.020921753784150548,0.0,-0.059752757687706715,9.294662491444386,9.29485455625393,9.29485455625393,False,-0.059752757687706715,9.294662491444386,-0.059752757687706715,9.294662491444386,-0.059752757687706715,9.294662491444386,-3.629259484043259e-09,0.1584977760479377,104.72051723663606,-3.6216519150703324e-09,0.15849813473624086,0.0,0.1585025434086637,False
6750,0.27,1000.0068842609944,-3.4364981064658215e-09,0.15850685906081044,0.1585110400163813,0.0209229053950465,0.0,-0.05975602749881845,9.294662955452775,9.294855041273562,9.294855041273562,False,-0.05975602749881845,9.294662955452775,-0.05975602749881845,9.294662955452775,-0.05975602749881845,9.294662955452775,-3.443721463370723e-09,0.15850651889967934,104.72047758050535,-3.4364981064658215e-09,0.15850685906081044,0.0,0.1585110400163813,False
6775,0.271,1000.0065259864504,-3.2607001654851496e-09,0.15851513267070413,0.15851909759650767,0.020923997511602576,0.0,-0.05975912838936009,9.29466339613725,9.294855501884872,9.294855501884872,False,-0.05975912838936009,9.29466339613725,-0.05975912838936009,9.29466339613725,-0.05975912838936009,9.29466339613725,-3.267558344517542e-09,0.1585148100858623,104.72043998202554,-3.2607001654851496e-09,0.15851513267070413,0.0,0.15851909759650767,False
6800,0.272,1000.0061863062169,-3.0937939363697348e-09,0.15852297870449233,0.15852673869358264,0.020925033188110197,0.0,-0.05976206903104956,9.29466381464548,9.294855939291095,9.294855939291095,False,-0.05976206903104956,9.29466381464548,-0.05976206903104956,9.29466381464548,-0.05976206903104956,9.29466381464548,-3.1003050808097064e-09,0.15852267279338933,104.72040433487481,-3.0937939363697348e-09,0.15852297870449233,0.0,0.15852673869358264,False
6825,0.273,1000.0058642591624,-2.9353374901030465e-09,0.1585304191241322,0.1585339847052465,0.02092601532354784,0.0,-0.05976485765465661,9.294664212070572,9.294856354638082,9.294856354638082,False,-0.05976485765465661,9.294664212070572,-0.05976485765465661,9.294664212070572,-0.05976485765465661,9.294664212070572,-2.941518854589673e-09,0.15853012903013292,104.72037053819118,-2.9353374901030465e-09,0.1585304191241322,0.0,0.1585339847052465,False
6850,0.274,1000.0055589335371,-2.7849103036551078e-09,0.15853747477388866,0.1585408559397531,0.020926946669358577,0.0,-0.059767502072080904,9.294664589453573,9.294856749016958,9.294856749016958,False,-0.059767502072080904,9.294664589453573,-0.059767502072080904,9.294664589453573,-0.059767502072080904,9.294664589453573,-2.7907783112781287e-09,0.1585371996839692,104.72033849629469,-2.7849103036551078e-09,0.15853747477388866,0.0,0.1585408559397531,False
6875,0.275,1000.0052694644587,-2.642112249872284e-09,0.15854416543641153,0.15854737167065092,0.02092782983685232,0.0,-0.059770009697368176,9.294664947785774,9.294857123466544,9.294857123466544,False,-0.059770009697368176,9.294664947785774,-0.059770009697368176,9.294664947785774,-0.059770009697368176,9.294664947785774,-2.647682530914262e-09,0.15854390457897052,104.72030811842366,-2.642112249872284e-09,0.15854416543641153,0.0,0.15854737167065092,False
6900,0.276,1000.0049950315239,-2.506562539874211e-09,0.1585505098860984,0.15855355018882497,0.020928667304249637,0.0,-0.05977238756670804,9.294665288010979,9.29485747897576,9.29485747897576,False,-0.05977238756670804,9.294665288010979,-0.05977238756670804,9.294665288010979,-0.05977238756670804,9.294665288010979,-2.51184996318975e-09,0.1585502625288745,104.720279318484,-2.506562539874211e-09,0.1585505098860984,0.0,0.15855355018882497,False
6925,0.277,1000.004734856542,-2.3778990106221326e-09,0.15855652593976424,0.15855940885188388,0.02092946142337022,0.0,-0.0597746423574231,9.2946656110276,9.294857816485846,9.294857816485846,False,-0.0597746423574231,9.2946656110276,-0.0597746423574231,9.2946656110276,-0.0597746423574231,9.2946656110276,-2.382917714747254e-09,0.1585562913878586,104.72025201481135,-2.3778990106221326e-09,0.15855652593976424,0.0,0.15855940885188388,False
6950,0.278,1000.0044882013789,-2.255777053283838e-09,0.15856223050486287,0.15856496413125015,0.020930214425998073,0.0,-0.059776780406038225,9.294665917690843,9.294858136892648,9.294858136892648,False,-0.059776780406038225,9.294665917690843,-0.059776780406038225,9.294665917690843,-0.059776780406038225,9.294665917690843,-2.2605404988246275e-09,0.15856200809885335,104.72022612994489,-2.255777053283838e-09,0.15856223050486287,0.0,0.15856496413125015,False
6975,0.279,1000.0042543659134,-2.1398688803708167e-09,0.15856763962535084,0.15857023165680523,0.020930928429935547,0.0,-0.0597788077254707,9.294666208814569,9.294858441048603,9.294858441048603,False,-0.0597788077254707,9.294666208814569,-0.0597788077254707,9.294666208814569,-0.0597788077254707,9.294666208814569,-2.1443898608358115e-09,0.1585674287395055,104.72020159041283,-2.1398688803708167e-09,0.15856763962535084,0.0,0.15857023165680523,False
7000,0.28,1000.0040326860949,-2.0298629079454056e-09,0.15857276852519323,0.15857522625933457,0.020931605444746117,0.0,-0.059780730021332926,9.294666485173213,9.294858729764755,9.294858729764755,False,-0.059780730021332926,9.294666485173213,-0.059780730021332926,9.294666485173213,-0.059780730021332926,9.294666485173213,-2.0341535931522283e-09,0.15857256856577057,104.72017832652864,-2.0298629079454056e-09,0.15857276852519323,0.0,0.15857522625933457,False
7025,0.281,1000.0038225320983,-1.9254626605091333e-09,0.158577631649819,0.15857996201096572,0.0209322473772265,0.0,-0.059782552707467816,9.294666747503667,9.294859003812734,9.294859003812734,False,-0.059782552707467816,9.294666747503667,-0.059782552707467816,9.294666747503667,-0.059782552707467816,9.294666747503667,-1.9295346200996334e-09,0.15857744205344992,104.72015627219744,-1.9254626605091333e-09,0.158577631649819,0.0,0.15857996201096572,False
7050,0.28200000000000003,1000.0036233065748,-1.8263863604900432e-09,0.15858224270545118,0.15858445226349271,0.020932856036598217,0.0,-0.059784280920688354,9.294666996506953,9.294859263926528,9.294859263926528,False,-0.059784280920688354,9.294666996506953,-0.059784280920688354,9.294666996506953,-0.059784280920688354,9.294666996506953,-1.8302505983549207e-09,0.15858206293760402,104.72013536473234,-1.8263863604900432e-09,0.15858224270545118,0.0,0.15858445226349271,False
7075,0.28300000000000003,1000.003434442987,-1.7323659379083423e-09,0.15858661469654453,0.15858870968491168,0.020933433139449363,0.0,-0.05978591953480675,9.29466723284998,9.294859510804331,9.294859510804331,False,-0.05978591953480675,9.29466723284998,-0.05978591953480675,9.29466723284998,-0.05978591953480675,9.29466723284998,-1.736032920598063e-09,0.1585864442500625,104.72011554467986,-1.7323659379083423e-09,0.15858661469654453,0.0,0.15858870968491168,False
7100,0.28400000000000003,1000.0032554040325,-1.6431466457303772e-09,0.15859075996132616,0.15859274629399842,0.020933980314425997,0.0,-0.05978747317395545,9.294667457167021,9.294859745110099,9.294859745110099,False,-0.05978747317395545,9.294667457167021,-0.05978747317395545,9.294667457167021,-0.05978747317395545,9.294667457167021,-1.6466263109360432e-09,0.15859059835504383,104.72009675565444,-1.6431466457303772e-09,0.15859075996132616,0.0,0.15859274629399842,False
7125,0.28500000000000003,1000.0030856801454,-1.558486334175982e-09,0.15859469020553757,0.15859657349327186,0.020934499106686055,0.0,-0.05978894622522962,9.294667670061349,9.29485996747527,9.29485996747527,False,-0.05978894622522962,9.294667670061349,-0.05978894622522962,9.294667670061349,-0.05978894622522962,9.294667670061349,-1.5617881386847984e-09,0.15859453698296017,104.72007894418118,-1.558486334175982e-09,0.15859469020553757,0.0,0.15859657349327186,False
7150,0.28600000000000003,1000.0029247880739,-1.4781548371275109e-09,0.15859841653454326,0.15860020210024312,0.02093499098213773,0.0,-0.059790342850722204,9.29466787210661,9.294860178500214,9.294860178500214,False,-0.059790342850722204,9.29466787210661,-0.059790342850722204,9.29466787210661,-0.059790342850722204,9.29466787210661,-1.4812877628364938e-09,0.15859827126259657,104.72006205954663,-1.4781548371275109e-09,0.15859841653454326,0.0,0.15860020210024312,False
7175,0.28700000000000003,1000.0027722695299,-1.4019333209531913e-09,0.15860194948382372,0.15860364237719002,0.020935457331464503,0.0,-0.0597916669989494,9.294668063848318,9.294860378755796,9.294860378755796,False,-0.0597916669989494,9.294668063848318,-0.0597916669989494,9.294668063848318,-0.0597916669989494,9.294668063848318,-1.4049059112983613e-09,0.15860181175166155,104.72004605365701,-1.4019333209531913e-09,0.15860194948382372,0.0,0.15860364237719002,False
7200,0.28800000000000003,1000.0026276899091,-1.3296139486646645e-09,0.158605299047903,0.15860690405927785,0.020935899473943604,0.0,-0.05979292241569383,9.294668245805052,9.294860568784653,9.294860568784653,False,-0.05979292241569383,9.294668245805052,-0.05979292241569383,9.294668245805052,-0.05979292241569383,9.294668245805052,-1.3324343155213906e-09,0.1586051684657811,104.72003088090395,-1.3296139486646645e-09,0.158605299047903,0.0,0.15860690405927785,False
7225,0.28900000000000003,1000.0024906370716,-1.260999059392776e-09,0.15860847470791123,0.15860999638152654,0.020936318661084273,0.0,-0.059794112654331155,9.294668418469909,9.294860749102702,9.294860749102702,False,-0.059794112654331155,9.294668418469909,-0.059794112654331155,9.294668418469909,-0.059794112654331155,9.294668418469909,-1.2636749167294112e-09,0.15860835090610942,104.72001649803654,-1.260999059392776e-09,0.15860847470791123,0.0,0.15860999638152654,False
7250,0.29000000000000004,1000.0023607201908,-1.195900892142502e-09,0.1586114854577075,0.15861292810418082,0.02093671608007596,0.0,-0.05979524108562216,9.294668582311576,9.294860920200279,9.294860920200279,False,-0.05979524108562216,9.294668582311576,-0.05979524108562216,9.294668582311576,-0.05979524108562216,9.294668582311576,-1.1984395628821782e-09,0.15861136808551268,104.72000286404044,-1.195900892142502e-09,0.1586114854577075,0.0,0.15861292810418082,False
7275,0.29100000000000004,1000.0022375686556,-1.1341411233542211e-09,0.1586143398286482,0.158615707536897,0.020937092857057756,0.0,-0.059796310906993375,9.294668737775554,9.294861082543422,9.294861082543422,False,-0.059796310906993375,9.294668737775554,-0.059796310906993375,9.294668737775554,-0.059796310906993375,9.294668737775554,-1.1365495706384216e-09,0.1586142285533851,104.71998994002284,-1.1341411233542211e-09,0.1586143398286482,0.0,0.158615707536897,False
7300,0.29200000000000004,1000.0021208310313,-1.0755502134526535e-09,0.15861704591323292,0.15861834256179164,0.020937450060239664,0.0,-0.05979732515139906,9.294668885285297,9.294861236575072,9.294861236575072,False,-0.05979732515139906,9.294668885285297,-0.05979732515139906,9.294668885285297,-0.05979732515139906,9.294668885285297,-1.077835054788846e-09,0.15861694041934327,104.71997768910327,-1.0755502134526535e-09,0.15861704591323292,0.0,0.15861834256179164,False
7325,0.29300000000000004,1000.0020101740735,-1.019967158897052e-09,0.1586196113874563,0.1586208406551886,0.020937788702853018,0.0,-0.059798286695698734,9.29466902524319,9.294861382716093,9.294861382716093,False,-0.059798286695698734,9.29466902524319,-0.059798286695698734,9.29466902524319,-0.059798286695698734,9.29466902524319,-1.0221346720952987e-09,0.15861951137562758,104.71996607631016,-1.019967158897052e-09,0.1586196113874563,0.0,0.1586208406551886,False
7350,0.29400000000000004,1000.0019052817902,-9.672390414614955e-10,0.1586220435320538,0.1586232089083687,0.020938109745954937,0.0,-0.059799198268617314,9.294669158031654,9.294861521366439,9.294861521366439,False,-0.059799198268617314,9.294669158031654,-0.059799198268617314,9.294669158031654,-0.059799198268617314,9.294669158031654,-9.69295201526238e-10,0.1586219487183874,104.71995506848249,-9.672390414614955e-10,0.1586220435320538,0.0,0.1586232089083687,False
7375,0.29500000000000004,1000.0018058545548,-9.172205181105372e-10,0.15862434925274904,0.15862545404726255,0.02093841410110098,0.0,-0.05980006245833534,9.29466928401405,9.294861652906098,9.294861652906098,False,-0.05980006245833534,9.29466928401405,-0.05980006245833534,9.29466928401405,-0.05980006245833534,9.29466928401405,-9.191709879116401e-10,0.15862425936797456,104.71994463417657,-9.172205181105372e-10,0.15862434925274904,0.0,0.15862545404726255,False
7400,0.29600000000000004,1000.0017116082611,-8.697735950996591e-10,0.1586265350993639,0.15862758245112746,0.020938702632867685,0.0,-0.059800881719648195,9.294669403535666,9.294861777696132,9.294861777696132,False,-0.059800881719648195,9.294669403535666,-0.059800881719648195,9.294669403535666,-0.059800881719648195,9.294669403535666,-8.716237657721916e-10,0.1586264498880884,104.71993474357751,-8.697735950996591e-10,0.1586265350993639,0.0,0.15862758245112746,False
7425,0.29700000000000004,1000.0016222735251,-8.24767222242727e-10,0.15862860728406514,0.15862960017023336,0.0209389761612611,0.0,-0.05980165838080753,9.294669516924476,9.294861896079476,9.294861896079476,False,-0.05980165838080753,9.294669516924476,-0.05980165838080753,9.294669516924476,-0.05980165838080753,9.294669516924476,-8.265221973431553e-10,0.15862852650406767,104.71992536841539,-8.24767222242727e-10,0.15862860728406514,0.0,0.15862960017023336,False
7450,0.29800000000000004,1000.001537594925,-7.820769939613089e-10,0.15863057169857409,0.1586315129427466,0.020939235463988466,0.0,-0.05980239464996693,9.294669624492121,9.294862008381964,9.294862008381964,False,-0.05980239464996693,9.294669624492121,-0.05980239464996693,9.294669624492121,-0.05980239464996693,9.294669624492121,-7.837416398901255e-10,0.15863049512012706,104.71991648188549,-7.820769939613089e-10,0.15863057169857409,0.0,0.1586315129427466,False
7475,0.29900000000000004,1000.0014573302811,-7.4158458665603e-10,0.15863243393068435,0.15863332621074286,0.020939481278638584,0.0,-0.059803092621375724,9.294669726534625,9.294862114913073,9.294862114913073,False,-0.059803092621375724,9.294669726534625,-0.059803092621375724,9.294669726534625,-0.059803092621375724,9.294669726534625,-7.431635095281071e-10,0.1586323613359158,104.71990805857268,-7.4158458665603e-10,0.15863243393068435,0.0,0.15863332621074286,False
7500,0.30000000000000004,999.9666570037527,-5.6251812854500814e-09,0.15864125804092774,0.1586350451353356,0.02094064605979617,0.05,-0.05980375428117662,9.294669823333185,9.294862215966768,9.294862215966768,False,-0.05980375428117662,9.294669823333185,-0.05980375428117662,9.294669823333185,-0.05980375428117662,9.294669823333185,-7.046753750893289e-10,0.15863413046202318,104.7199000743798,-5.6251812854500814e-09,0.15864125804092774,0.0,0.1586350451353356,False
7525,0.30100000000000005,999.1232614520567,7.739764008871217e-05,0.18610773783341636,0.20557250800530444,0.024566247321750438,0.05,-0.06970093135978414,9.336195382711974,9.336455561079099,9.336455561079099,False,-0.06970093135978414,9.336195382711974,-0.06970093135978414,9.336195382711974,-0.06970093135978414,9.336195382711974,7.536907927671002e-05,0.18450344702478683,104.63132256932035,7.739764008871217e-05,0.18610773783341636,0.0,0.20557250800530444,False
7550,0.30200000000000005,998.3667064028633,8.398810136172305e-05,0.22848103882232132,0.24923113792034596,0.030159531665985978,0.05,-0.08565953664140957,9.352568758639068,9.352961025327174,9.352961025327174,False,-0.08565953664140957,9.352568758639068,-0.08565953664140957,9.352568758639068,-0.08565953664140957,9.352568758639068,8.4803291788157e-05,0.22677910856752817,104.55168883585807,8.398810136172305e-05,0.22848103882232132,0.0,0.24923113792034596,False
7575,0.30300000000000005,997.7069698696013,5.5918130900474e-05,0.2695322817285803,0.28881920285203705,0.03557828831730714,0.05,-0.10109215606152648,9.364195579894469,9.364741239486133,9.364741239486133,False,-0.10109215606152648,9.364195579894469,-0.10109215606152648,9.364195579894469,-0.10109215606152648,9.364195579894469,5.7111354317614144e-05,0.2679556416767411,104.48220568806929,5.5918130900474e-05,0.2695322817285803,0.0,0.28881920285203705,False
7600,0.30400000000000005,997.1375421229435,2.9376751019471897e-05,0.3070118421974241,0.32451847271611384,0.04052557940427878,0.05,-0.1151561622325285,9.374348786264099,9.375056058938064,9.375056058938064,False,-0.1151561622325285,9.374348786264099,-0.1151561622325285,9.374348786264099,-0.1151561622325285,9.374348786264099,3.0288063761296355e-05,0.3055839582974259,104.4222139683966,2.9376751019471897e-05,0.3070118421974241,0.0,0.32451847271611384,False
7625,0.30500000000000005,996.6499888714533,1.075628033272631e-05,0.3408462096060012,0.35664055097031433,0.04499170626721944,0.05,-0.12783889292790218,9.383599308480983,9.384470084382485,9.384470084382485,False,-0.12783889292790218,9.383599308480983,-0.12783889292790218,9.383599308480983,-0.12783889292790218,9.383599308480983,1.1358170660360994e-05,0.33955989572706885,104.37083127901339,1.075628033272631e-05,0.3408462096060012,0.0,0.35664055097031433,False
7650,0.30600000000000005,996.2361981467803,-1.1521156835226358e-06,0.37128672724308504,0.38549547817894286,0.04900984722610975,0.05,-0.13924185419657875,9.39208911269217,9.393121216864547,9.393121216864547,False,-0.13924185419657875,9.39208911269217,-0.13924185419657875,9.39208911269217,-0.13924185419657875,9.39208911269217,-7.781665489343108e-07,0.3701306741347081,104.32720573094767,-1.1521156835226358e-06,0.37128672724308504,0.0,0.38549547817894286,False
7675,0.30700000000000005,995.8886933277992,-8.373833157741719e-06,0.3986180833284034,0.41137222621999897,0.05261758099101886,0.05,-0.1494757721554949,9.399888948772945,9.401077345481486,9.401077345481486,False,-0.1494757721554949,9.399888948772945,-0.1494757721554949,9.399888948772945,-0.1494757721554949,9.399888948772945,-8.15332098362147e-06,0.3975810515468351,104.29055162951771,-8.373833157741719e-06,0.3986180833284034,0.0,0.41137222621999897,False
7700,0.30800000000000005,995.6006411261692,-1.249305276426986e-05,0.4231122531324441,0.4345369094024484,0.05585080789874795,0.05,-0.1586452184843137,9.407054781610755,9.40839242217148,9.40839242217148,False,-0.1586452184843137,9.407054781610755,-0.1586452184843137,9.407054781610755,-0.1586452184843137,9.407054781610755,-1.2372784076760524e-05,0.4221837284100199,104.26015076960425,-1.249305276426986e-05,0.4231122531324441,0.0,0.4345369094024484,False
7725,0.30900000000000005,995.3658118491529,-1.4602308161082184e-05,0.44502164881448425,0.45523384219457785,0.058742845946494066,0.05,-0.16684662795881738,9.41363687527647,9.415115348036165,9.415115348036165,False,-0.16684662795881738,9.41363687527647,-0.16684662795881738,9.41363687527647,-0.16684662795881738,9.41363687527647,-1.4546447571781551e-05,0.4441919201923545,104.2353483428263,-1.4602308161082184e-05,0.44502164881448425,0.0,0.45523384219457785,False
7750,0.31,995.1785335746958,-1.5430326850937655e-05,0.46457883326322796,0.4736870387273569,0.061324393087260246,0.05,-0.17416842334444474,9.419681441827608,9.421291477563027,9.421291477563027,False,-0.17416842334444474,9.419681441827608,-0.17416842334444474,9.419681441827608,-0.17416842334444474,9.419681441827608,-1.5415147413175197e-05,0.46383896882429765,104.21554814192855,-1.5430326850937655e-05,0.46457883326322796,0.0,0.4736870387273569,False
7775,0.311,995.0336474565631,-1.5457691499343085e-05,0.4819974667110533,0.4901017352480973,0.06362365219483637,0.05,-0.18069150801746708,9.42523111760024,9.426962980793418,9.426962980793418,False,-0.18069150801746708,9.42523111760024,-0.18069150801746708,9.42523111760024,-0.18069150801746708,9.42523111760024,-1.5467600853854264e-05,0.4813392680150819,104.20020787129154,-1.5457691499343085e-05,0.4819974667110533,0.0,0.4901017352480973,False
7800,0.312,994.9264655980622,-1.4999316142997294e-05,0.49747352344538165,0.5046658485851092,0.0656664916636176,0.05,-0.18648982401093767,9.43032524694285,9.432169035677179,9.432169035677179,False,-0.18648982401093767,9.43032524694285,-0.18648982401093767,9.43032524694285,-0.18648982401093767,9.43032524694285,-1.5024128431930181e-05,0.49688947520395294,104.18883472375664,-1.4999316142997294e-05,0.49747352344538165,0.0,0.5046658485851092,False
7825,0.313,994.8527318051378,-1.426025055452816e-05,0.5111865563459684,0.5175513477711572,0.06747661231630075,0.05,-0.1916309064481104,9.435000125410937,9.436945998087014,9.436945998087014,False,-0.1916309064481104,9.435000125410937,-0.1916309064481104,9.435000125410937,-0.1916309064481104,9.435000125410937,-1.4293358649922425e-05,0.5106697760343109,104.1809812585015,-1.426025055452816e-05,0.5111865563459684,0.0,0.5175513477711572,False
7850,0.314,994.8085852304364,-1.337291786129143e-05,0.5233009359436418,0.528915532833407,0.06907571094805193,0.05,-0.1961764121013365,9.43928922535469,9.441327568968365,9.441327568968365,False,-0.1961764121013365,9.43928922535469,-0.1961764121013365,9.43928922535469,-0.1961764121013365,9.43928922535469,-1.3410077234023217e-05,0.5228451251894071,104.17624158189719,-1.337291786129143e-05,0.5233009359436418,0.0,0.528915532833407,False
7875,0.315,994.7905268087272,-1.2421856532750302e-05,0.5339670330307685,0.5389022211300888,0.07048363642091006,0.05,-0.20018261362688997,9.443223407135102,9.445344959071786,9.445344959071786,False,-0.20018261362688997,9.443223407135102,-0.20018261362688997,9.443223407135102,-0.20018261362688997,9.443223407135102,-1.2460378129735395e-05,0.5335664315990932,104.17424782121765,-1.2421856532750302e-05,0.5339670330307685,0.0,0.5389022211300888,False
7900,0.316,994.7953883355823,-1.1460128718206077e-05,0.5433223312946464,0.5476428445664482,0.07171853652311438,0.05,-0.20370085684307085,9.44683111649691,9.449027049526997,9.449027049526997,False,-0.20370085684307085,9.44683111649691,-0.20370085684307085,9.44683111649691,-0.20370085684307085,9.44683111649691,-1.149834408898181e-05,0.5429716740049448,104.17466687582484,-1.1460128718206077e-05,0.5433223312946464,0.0,0.5476428445664482,False
7925,0.317,994.8203040214212,-1.0520186788638136e-05,0.5514924652389781,0.5552574624218956,0.07279699496829836,0.05,-0.2067779812762671,9.450138568457989,9.452400546771063,9.452400546771063,False,-0.2067779812762671,9.450138568457989,-0.2067779812762671,9.450138568457989,-0.2067779812762671,9.450138568457989,-1.0557094110920892e-05,0.5511869418932294,104.17719742829388,-1.0520186788638136e-05,0.5514924652389781,0.0,0.5552574624218956,False
7950,0.318,994.8626843481775,-9.621059538149403e-06,0.5585921833607397,0.5618556951030491,0.07373415852997006,0.05,-0.2094567056166228,9.453169918213304,9.455490130825618,9.455490130825618,False,-0.2094567056166228,9.453169918213304,-0.2094567056166228,9.453169918213304,-0.2094567056166228,9.453169918213304,-9.656089718326051e-06,0.5583274016259605,104.18156719738926,-9.621059538149403e-06,0.5585921833607397,0.0,0.5618556951030491,False
7975,0.319,994.920192058983,-8.773096552595641e-06,0.5647262390398262,0.5675375842737075,0.07454385463534098,0.05,-0.21177598037018722,9.455947419671208,9.458318596317653,9.458318596317653,False,-0.21177598037018722,9.455947419671208,-0.21177598037018722,9.455947419671208,-0.21177598037018722,9.455947419671208,-8.805958957602426e-06,0.5644981901564026,104.18753041510811,-8.773096552595641e-06,0.5647262390398262,0.0,0.5675375842737075,False
8000,0.32,994.9907201185626,-7.981093900099747e-06,0.5699902128449885,0.5723943847073235,0.07523869990707674,0.05,-0.21377131021993118,9.45849157230996,9.460906985935951,9.460906985935951,False,-0.21377131021993118,9.45849157230996,-0.21377131021993118,9.45849157230996,-0.21377131021993118,9.45849157230996,-8.011674851898235e-06,0.5697952399988362,104.19486551075772,-7.981093900099747e-06,0.5699902128449885,0.0,0.5723943847073235,False
8025,0.321,995.0723714912909,-7.2463478146747486e-06,0.5744712705035414,0.5765092929761022,0.07583020021339391,0.05,-0.21547504861007424,9.460821257071883,9.463274716229932,9.463274716229932,False,-0.21547504861007424,9.460821257071883,-0.21547504861007424,9.460821257071883,-0.21547504861007424,9.460821257071883,-7.274644009803115e-06,0.5743060396873865,104.20337298599947,-7.2463478146747486e-06,0.5744712705035414,0.0,0.5765092929761022,False
8050,0.322,995.1634405938821,-6.5679991743299695e-06,0.5782488609338478,0.5799581178000419,0.07632884280697942,0.05,-0.21691666695696707,9.462953862014938,9.465439695810606,9.465439695810606,False,-0.21691666695696707,9.462953862014938,-0.21691666695696707,9.462953862014938,-0.21691666695696707,9.462953862014938,-6.594074194624306e-06,0.5781103341218627,104.21287346583871,-6.5679991743299695e-06,0.5782488609338478,0.0,0.5799581178000419,False
8075,0.323,995.2623962897563,-5.943909385321339e-06,0.5813953586767461,0.5828098965667059,0.07674418112496009,0.05,-0.21812300072684154,9.464905398426405,9.46741843612119,9.46741843612119,False,-0.21812300072684154,9.464905398426405,-0.21812300072684154,9.464905398426405,-0.21812300072684154,9.464905398426405,-5.967865454301418e-06,0.581280769141939,104.22320591159541,-5.943909385321339e-06,0.5813953586767461,0.0,0.5828098965667059,False
8100,0.324,995.367866301935,-5.371227138067822e-06,0.583976654886134,0.5851274622164067,0.07708491279896142,0.05,-0.2191184744395106,9.466690608074918,9.469226155016816,9.469226155016816,False,-0.2191184744395106,9.466690608074918,-0.2191184744395106,9.466690608074918,-0.2191184744395106,9.466690608074918,-5.393186925323099e-06,0.5838834844982871,104.23422598291968,-5.371227138067822e-06,0.583976654886134,0.0,0.5851274622164067,False
8125,0.325,995.4786229306351,-4.8467516384066775e-06,0.5860527008084779,0.5869679643821042,0.07735895139390568,0.05,-0.2199253074755423,9.468323062244377,9.470876873441917,9.470876873441917,False,-0.2199253074755423,9.468323062244377,-0.2199253074755423,9.468323062244377,-0.2199253074755423,9.468323062244377,-4.866846671365144e-06,0.5859786591602024,104.24580453689381,-4.8467516384066775e-06,0.5860527008084779,0.0,0.5869679643821042,False
8150,0.326,995.5935699704778,-4.367162188371148e-06,0.5876780074296362,0.5883833483829143,0.07757349236103867,0.05,-0.2205637023918518,9.469815253156568,9.472383505524341,9.472383505524341,False,-0.2205637023918518,9.469815253156568,-0.2205637023918518,9.469815253156568,-0.2205637023918518,9.469815253156568,-4.385525596032605e-06,0.5876210126483254,104.25782625318095,-4.367162188371148e-06,0.5876780074296362,0.0,0.5883833483829143,False
8175,0.327,995.7117307304151,-3.929160305137785e-06,0.5889021047118168,0.5894207953957622,0.07773507365695642,0.05,-0.22105201729050616,9.471178678350256,9.473757942420985,9.473757942420985,False,-0.22105201729050616,9.471178678350256,-0.22105201729050616,9.471178678350256,-0.22105201729050616,9.471178678350256,-3.945922390478973e-06,0.5888602658254354,104.27018837504038,-3.929160305137785e-06,0.5889021047118168,0.0,0.5894207953957622,False
8200,0.328,995.8322370670631,-3.529554871306783e-06,0.5897699635946051,0.5901231268748106,0.07784963144756206,0.05,-0.22140692363947714,9.4724239185474,9.475011130257547,9.475011130257547,False,-0.22140692363947714,9.4724239185474,-0.22140692363947714,9.4724239185474,-0.22140692363947714,9.4724239185474,-3.5448405207790373e-06,0.5897415643289842,104.28279955682605,-3.529554871306783e-06,0.5897699635946051,0.0,0.5901231268748106,False
8225,0.329,995.9543193491564,-3.1653104154625615e-06,0.5903223836972283,0.5905291760512117,0.07792255128463768,0.05,-0.2216435508122287,9.473560709500058,9.476153142504604,9.476153142504604,False,-0.2216435508122287,9.473560709500058,-0.2216435508122287,9.473560709500058,-0.2216435508122287,9.473560709500058,-3.179237692449026e-06,0.590305867591772,104.29557880932313,-3.1653104154625615e-06,0.5903223836972283,0.0,0.5905291760512117,False
8250,0.33,996.0772972773472,-2.8335717477685566e-06,0.5905963494355954,0.5906741291252997,0.07795871511320375,0.05,-0.22177561849406,9.474598008275892,9.4771932471267,9.4771932471267,False,-0.22177561849406,9.474598008275892,-0.22177561849406,9.474598008275892,-0.22177561849406,9.474598008275892,-2.846251240870625e-06,0.5905903061729619,104.30845453496119,-2.8335717477685566e-06,0.5905963494355954,0.0,0.5906741291252997,False
8275,0.331,996.2005714895761,-2.531673626597677e-06,0.5906253570591193,0.5905898385602155,0.07796254444031661,0.05,-0.22181555799640815,9.47554405440731,9.478139968832648,9.478139968832648,False,-0.22181555799640815,9.47554405440731,-0.22181555799640815,9.47554405440731,-0.22181555799640815,9.47554405440731,-2.543208271635248e-06,0.5906285099124915,104.32136364557275,-2.531673626597677e-06,0.5906253570591193,0.0,0.5905898385602155,False
8300,0.332,996.3236158877675,-2.257141130129971e-06,0.5904397149186663,0.5903051106980761,0.07793803997039359,0.05,-0.22177462342461032,9.476406426297732,9.479001146743895,9.479001146743895,False,-0.22177462342461032,9.476406426297732,-0.22177462342461032,9.476406426297732,-0.22177462342461032,9.476406426297732,-2.2676263224466753e-06,0.5904509092276975,104.33425075594774,-2.257141130129971e-06,0.5904397149186663,0.0,0.5903051106980761,False
8325,0.333,996.445970626738,-2.0076844269731908e-06,0.5900668190969587,0.5898459697455303,0.0778888179883962,0.05,-0.22166299355852387,9.477192093248497,9.47978398778396,9.47978398778396,False,-0.22166299355852387,9.477192093248497,-0.22166299355852387,9.477192093248497,-0.22166299355852387,9.477192093248497,-2.0172083049040844e-06,0.5900850116904334,104.34706744697223,-2.0076844269731908e-06,0.5900668190969587,0.0,0.5898459697455303,False
8350,0.334,996.5672357108919,-1.7811903337157483e-06,0.5895314063665497,0.5892359000159304,0.07781814375026279,0.05,-0.221489865228118,9.477907463443541,9.480495116078988,9.480495116078988,False,-0.221489865228118,9.477907463443541,-0.221489865228118,9.477907463443541,-0.221489865228118,9.477907463443541,-1.7898341566177907e-06,0.5895556558561719,104.35977159263376,-1.7811903337157483e-06,0.5895314063665497,0.0,0.5892359000159304,False
8375,0.335,996.6870651486448,-1.5757121915606768e-06,0.5888557862867666,0.5884960681667442,0.07772896211969216,0.05,-0.22126353889660522,9.47855842820241,9.481140618643519,9.481140618643519,False,-0.22126353889660522,9.47855842820241,-0.22126353889660522,9.47855842820241,-0.22126353889660522,9.47855842820241,-1.583550763454099e-06,0.5888852441624343,104.37232674563298,-1.5757121915606768e-06,0.5888557862867666,0.0,0.5884960681667442,False
8400,0.336,996.8051616185062,-1.3894590313433371e-06,0.5880600541088576,0.5876455270345744,0.07762392567161558,0.05,-0.2209914971008915,9.479150402789235,9.481726087611381,9.481726087611381,False,-0.2209914971008915,9.479150402789235,-0.2209914971008915,9.479150402789235,-0.2209914971008915,9.479150402789235,-1.3965611395165047e-06,0.588093956571233,104.38470157676166,-1.3894590313433371e-06,0.5880600541088576,0.0,0.5876455270345744,False
8425,0.337,996.9212716044418,-1.220784628477604e-06,0.5871622860279757,0.5867014025446242,0.07750542046545514,0.05,-0.22068047634269405,9.479688364043529,9.482256659256862,9.482256659256862,False,-0.22068047634269405,9.479688364043529,-0.22068047634269405,9.479688364043529,-0.22068047634269405,9.479688364043529,-1.227213478223214e-06,0.5871999464991914,104.39686936359395,-1.220784628477604e-06,0.5871622860279757,0.0,0.5867014025446242,False
8450,0.338,997.0351809615496,-1.0681768129002367e-06,0.5861787181991898,0.5856790650543213,0.07737558967523651,0.05,-0.22033653297231887,9.480176885077421,9.482737050035633,9.482737050035633,False,-0.22033653297231887,9.480176885077421,-0.22033653297231887,9.480176885077421,-0.22033653297231887,9.480176885077421,-1.0739904472335907e-06,0.5862195204572109,104.40880752439665,-1.0681768129002367e-06,0.5861787181991898,0.0,0.5856790650543213,False
8475,0.339,997.1467108761954,-9.302472424719894e-07,0.5851239108235973,0.5845922863847448,0.077236355248957,0.05,-0.21996510356089738,9.480620167266464,9.483171589861914,9.483171589861914,False,-0.21996510356089738,9.480620167266464,-0.21996510356089738,9.480620167266464,-0.21996510356089738,9.480620167266464,-9.354989406469355e-07,0.5851673027100216,104.42049719349151,-9.302472424719894e-07,0.5851239108235973,0.0,0.5845922863847448,False
8500,0.34,997.2557141876621,-8.057217520805531e-07,0.584010898507282,0.5834533836935943,0.07708943775597071,0.05,-0.21957106021471057,9.481022069742467,9.483564252823278,9.483564252823278,False,-0.21957106021471057,9.481022069742467,-0.21957106021471057,9.481022069742467,-0.21957106021471057,9.481022069742467,-8.104604038120532e-07,0.5840563861623499,104.43192283460778,-8.057217520805531e-07,0.584010898507282,0.0,0.5834533836935943,False
8525,0.341,997.3620720410078,-6.934313260314965e-07,0.5828513280013258,0.5822733512533877,0.07693637456867373,0.05,-0.21915876124716543,9.481386136582202,9.483918685522593,9.483918685522593,False,-0.21915876124716543,9.481386136582202,-0.21915876124716543,9.481386136582202,-0.21915876124716543,9.481386136582202,-6.977017804226854e-07,0.582898470583527,104.44307188904028,-6.934313260314965e-07,0.5828513280013258,0.0,0.5822733512533877,False
8550,0.342,997.4656908432797,-5.923037044419296e-07,0.5816555843434169,0.5810619811137047,0.07677853651320087,0.05,-0.2187320975892358,9.481715621869657,9.484238233222682,9.484238233222682,False,-0.2187320975892358,9.481715621869657,-0.2187320975892358,9.481715621869657,-0.2187320975892358,9.481715621869657,-5.96147093657457e-07,0.5817039891944776,104.45393445568753,-5.923037044419296e-07,0.5816555843434169,0.0,0.5810619811137047,False
8575,0.343,997.5664994974991,-5.013556106819808e-07,0.5804329063407594,0.5798279735491023,0.0766171431131743,0.05,-0.21829453528748227,9.482013512796586,9.484525963958,9.484525963958,False,-0.21829453528748227,9.482013512796586,-0.21829453528748227,9.482013512796586,-0.21829453528748227,9.482013512796586,-5.048096492343782e-07,0.580482224559887,104.46450300028017,-5.013556106819808e-07,0.5804329063407594,0.0,0.5798279735491023,False
8600,0.34400000000000003,997.6644468908848,-4.1968557255491474e-07,0.5791914922597882,0.578579038123147,0.07645327654075107,0.05,-0.21784915441000838,9.482282550953558,9.484784690766336,9.484784690766336,False,-0.21784915441000838,9.482282550953558,-0.21784915441000838,9.482282550953558,-0.21784915441000838,9.482282550953558,-4.227848334657881e-07,0.5792414146539007,104.47477209132832,-4.1968557255491474e-07,0.5791914922597882,0.0,0.578579038123147,False
8625,0.34500000000000003,997.7594996157162,-3.464673039734939e-07,0.5779385965196082,0.5773219861328333,0.07628789438016198,0.05,-0.2173986846543974,9.482525251951493,9.485016992182311,9.485016992182311,False,-0.2173986846543974,9.482525251951493,-0.2173986846543974,9.482525251951493,-0.2173986846543974,9.482525251951493,-3.492434731819011e-07,0.5779888498989313,104.48473816051731,-3.464673039734939e-07,0.5779385965196082,0.0,0.5773219861328333,False
8650,0.34600000000000003,997.8516399029919,-2.8094361135904715e-07,0.5766806181222851,0.5760628151365211,0.07612184130051511,0.05,-0.21694553792740245,9.482743923502854,9.485225231124293,9.485225231124293,False,-0.21694553792740245,9.482743923502854,-0.21694553792740245,9.482743923502854,-0.21694553792740245,9.482743923502854,-2.83425721907008e-07,0.5767309619131374,104.49439928546752,-2.8094361135904715e-07,0.5766806181222851,0.0,0.5760628151365211,False
8675,0.34700000000000003,997.9408637506451,-2.224207849379992e-07,0.5754231814957481,0.5748067862139853,0.07595585972706381,0.05,-0.2164918381444938,9.482940682082887,9.485411572298053,9.485411572298053,False,-0.2164918381444938,9.482940682082887,-0.2164918381444938,9.482940682082887,-0.2164918381444938,9.482940682082887,-2.2463543242731484e-07,0.5754734046445421,104.50375499294114,-2.224207849379992e-07,0.5754231814957481,0.0,0.5748067862139853,False
8700,0.34800000000000003,998.0271792295948,-1.7026344081053478e-07,0.5741712103704567,0.573558494553772,0.07579059959293162,0.05,-0.21603944847691628,9.48311746828019,9.485577998229685,9.485577998229685,False,-0.21603944847691628,9.48311746828019,-0.21603944847691628,9.48311746828019,-0.21603944847691628,9.48311746828019,-1.722349815296419e-07,0.5742211285150559,104.51280608073908,-1.7026344081053478e-07,0.5741712103704567,0.0,0.573558494553772,False
8725,0.34900000000000003,998.1106049522593,-1.2388977745765525e-07,0.5729289952618849,0.5723219339168779,0.07562662724680472,0.05,-0.215589996255583,9.4832760609391,9.48572632403371,9.48572632403371,False,-0.215589996255583,9.4832760609391,-0.215589996255583,9.4832760609391,-0.215589996255583,9.4832760609391,-1.256405105832566e-07,0.5729784481483278,104.52155445667287,-1.2388977745765525e-07,0.5729289952618849,0.0,0.5723219339168779,False
8750,0.35000000000000003,998.1911686894391,-8.276721405300679e-08,0.5717002550851339,0.5711005554812622,0.07546443358606521,0.05,-0.21514489572418743,9.483418090187522,9.485858211013493,9.485858211013493,False,-0.21514489572418743,9.483418090187522,-0.21514489572418743,9.483418090187522,-0.21514489572418743,9.483418090187522,-8.43175491745529e-08,0.5717491042095093,104.53000299313022,-8.276721405300679e-08,0.5717002550851339,0.0,0.5711005554812622,False
8775,0.35100000000000003,998.2689061226274,-4.640837987842379e-08,0.5704881933859015,0.5698973215316624,0.07530444147928322,0.05,-0.21470536881836694,9.483545049437136,9.485975179184429,9.485975179184429,False,-0.21470536881836694,9.483545049437136,-0.21470536881836694,9.483545049437136,-0.21470536881836694,9.483545049437136,-4.7776991052351664e-08,0.5705363198427641,104.53815539587461,-4.640837987842379e-08,0.5704881933859015,0.0,0.5698973215316624,False
8800,0.35200000000000004,998.3438597198873,-1.4367426889311626e-08,0.5692955496332234,0.5687147544215289,0.07514701253686272,0.05,-0.2142724641334894,9.483658306435558,9.486078618802924,9.486078618802924,False,-0.2142724641334894,9.483658306435558,-0.2142724641334894,9.483658306435558,-0.2142724641334894,9.483658306435558,-1.5571394259710467e-08,0.5693428521534527,104.5460160858323,-1.4367426889311626e-08,0.5692955496332234,0.0,0.5687147544215289,False
8825,0.35300000000000004,998.4160777244022,1.3763361421027902e-08,0.5681246459837006,0.5675549812002757,0.07499245328392323,0.05,-0.21384707423052388,9.483759113444897,9.486169800979006,9.486169800979006,False,-0.21384707423052388,9.483759113444897,-0.21384707423052388,9.483759113444897,-0.21384707423052388,9.483759113444897,1.2708421363804145e-08,0.5681710391460475,104.5535900927224,1.3763361421027902e-08,0.5681246459837006,0.0,0.5675549812002757,False
8850,0.35400000000000004,998.4856132457269,3.8356688442812794e-08,0.5669774298940601,0.5664197742668441,0.07484102078516121,0.05,-0.2134299514174598,9.483848616614443,9.486249887443497,9.486249887443497,False,-0.2134299514174598,9.483848616614443,-0.2134299514174598,9.483848616614443,-0.2134299514174598,9.483848616614443,3.7436503051502525e-08,0.5670228424959128,104.56088295948157,3.8356688442812794e-08,0.5669774298940601,0.0,0.5664197742668441,False
8875,0.35500000000000004,998.5525234445872,5.975311257018249e-08,0.5658555129286459,0.5653105883819008,0.07469292776744219,0.05,-0.21302172213269424,9.483927864610422,9.486319939535793,9.486319939535793,False,-0.21302172213269424,9.483927864610422,-0.21302172213269424,9.483927864610422,-0.21302172213269424,9.483927864610422,5.895464289400245e-08,0.5658998865027114,104.56790065652197,5.975311257018249e-08,0.5658555129286459,0.0,0.5653105883819008,False
8900,0.35600000000000004,998.6168688028472,7.826368474138429e-08,0.5647602060801865,0.5642285943438488,0.074548347282145,0.05,-0.21262290004650936,9.483997816560894,9.486380926473277,9.486380926473277,False,-0.21262290004650936,9.483997816560894,-0.21262290004650936,9.483997816560894,-0.21262290004650936,9.483997816560894,7.757502420615106e-08,0.5648034935448482,104.57464950494159,7.826368474138429e-08,0.5647602060801865,0.0,0.5642285943438488,False
8925,0.35700000000000004,998.6787124709635,9.417237441578489e-08,0.5636925518968117,0.5631747096094784,0.07440741694593082,0.05,-0.2122338979875431,9.484059349369353,9.48643373295862,9.48643373295862,False,-0.2122338979875431,9.484059349369353,-0.2122338979875431,9.484059349369353,-0.2122338979875431,9.484059349369353,9.358265560326775e-08,0.5637347163289168,104.58113610787979,9.417237441578489e-08,0.5636925518968117,0.0,0.5631747096094784,False
8950,0.35800000000000004,998.7381196858917,1.0773830115638207e-07,0.5626533536845153,0.5621496261171226,0.07427024279547079,0.05,-0.21185503879252007,9.484113264446265,9.486479166176846,9.486479166176846,False,-0.21185503879252007,9.484113264446265,-0.21185503879252007,9.484113264446265,-0.21185503879252007,9.484113264446265,1.0723761010880902e-07,0.5626943672042632,104.58736728927889,1.0773830115638207e-07,0.5626533536845153,0.0,0.5621496261171226,False
8975,0.35900000000000004,998.7951572530089,1.1919778671608323e-07,0.5616432020321841,0.5611538355492881,0.07413690278875223,0.05,-0.21148656516947845,9.484160293904235,9.486517962230232,9.486517962230232,False,-0.21148656516947845,9.484160293904235,-0.21148656516947845,9.484160293904235,-0.21148656516947845,9.484160293904235,1.1877708408794757e-07,0.5616830447906137,104.59335003937522,1.1919778671608323e-07,0.5616432020321841,0.0,0.5611538355492881,False
9000,0.36000000000000004,998.8498930861516,1.287662429681039e-07,0.560662498886694,0.5601876522526799,0.07400744998299352,0.05,-0.2111286486576275,9.484201106258904,9.486550792055384,9.486550792055384,False,-0.2111286486576275,9.484201106258904,-0.2111286486576275,9.484201106258904,-0.2111286486576275,9.484201106258904,1.2841729150639632e-07,0.5607011581470448,104.59909146629981,1.287662429681039e-07,0.560662498886694,0.0,0.5601876522526799,False
9025,0.36100000000000004,998.9023958003839,1.3663990774861e-07,0.5597114793866187,0.5592512340153218,0.07388191541669574,0.05,-0.21078139776008467,9.484236311673994,9.486578266862992,9.486578266862992,False,-0.21078139776008467,9.484236311673994,-0.21078139776008467,9.484236311673994,-0.21078139776008467,9.484236311673994,1.3635520562932283e-07,0.5597489486915632,104.6045987532225,1.3663990774861e-07,0.5597114793866187,0.0,0.5592512340153218,False
9050,0.36200000000000004,998.9527343525597,1.429974414858743e-07,0.5587902316462392,0.5583446008846807,0.0737603107211336,0.05,-0.21044486531961576,9.484266466786812,9.486600943138495,9.486600943138495,False,-0.21044486531961576,9.484266466786812,-0.21044486531961576,9.484266466786812,-0.21044486531961576,9.484266466786812,1.4277016095243751e-07,0.5588265100636116,104.60987912052079,1.429974414858743e-07,0.5587902316462392,0.0,0.5583446008846807,False
9075,0.36300000000000004,999.0009777251681,1.4800139549011754e-07,0.5578987146660678,0.5574676521952479,0.07364263048454656,0.05,-0.21011905520191296,9.484292079146616,9.486619327237822,9.486619327237822,False,-0.21011905520191296,9.484292079146616,-0.21011905520191296,9.484292079146616,-0.21011905520191296,9.484292079146616,1.4782532648336674e-07,0.5579338061063498,104.61493979249961,1.4800139549011754e-07,0.5578987146660678,0.0,0.5574676521952479,False
9100,0.36400000000000005,999.0471946493442,1.5179956212795618e-07,0.5570367745313867,0.5566201819606491,0.07352885439034733,0.05,-0.20980392834557163,9.484313611296926,9.4866338796109,9.4866338796109,False,-0.20980392834557163,9.484313611296926,-0.20980392834557163,9.484313611296926,-0.20980392834557163,9.484313611296926,1.5166906041820895e-07,0.5570706871307293,104.61978796822862,1.5179956212795618e-07,0.5570367745313867,0.0,0.5566201819606491,False
9125,0.36500000000000005,999.0914533632798,1.5452621573055022e-07,0.5562041590471039,0.5558018927718393,0.07341894914892433,0.05,-0.20949940823316857,9.484331484529028,9.486645018681717,9.486645018681717,False,-0.20949940823316857,9.484331484529028,-0.20949940823316857,9.484331484529028,-0.20949940823316857,9.484331484529028,1.5443615527315608e-07,0.5562369046102157,104.62443079610205,1.5452621573055022e-07,0.5562041590471039,0.0,0.5558018927718393,False
9150,0.36600000000000005,999.1338214025956,1.56303253623775e-07,0.5554005309449994,0.555012408332177,0.07331287024099956,0.05,-0.20920538583336706,9.484346082333374,9.486653124412957,9.486653124412957,False,-0.20920538583336706,9.484346082333374,-0.20920538583336706,9.484346082333374,-0.20920538583336706,9.484346082333374,1.5624898271532875e-07,0.5554321244426595,104.62887535175909,1.56303253623775e-07,0.5554005309449994,0.0,0.555012408332177,False
9175,0.36700000000000005,999.1743654195365,1.572412451687047e-07,0.5546254797884427,0.5542512847488164,0.07321056348905244,0.05,-0.20892172406001,9.484357753572263,9.486658541579882,9.486658541579882,False,-0.20892172406001,9.484357753572263,-0.20892172406001,9.484357753572263,-0.20892172406001,9.484357753572263,1.5721854618372912e-07,0.554655938904855,104.63312861903529,1.572412451687047e-07,0.5546254797884427,0.0,0.5542512847488164,False
9200,0.36800000000000005,999.2131510281296,1.574403952928741e-07,0.5538785326889287,0.5535180206899606,0.07311196647190372,0.05,-0.20864826179023563,9.484366815395875,9.48666158277666,9.48666158277666,False,-0.20864826179023563,9.484366815395875,-0.20864826179023563,9.484366815395875,-0.20864826179023563,9.484366815395875,1.5744544767330172e-07,0.553907877414526,104.63719747364419,1.574403952928741e-07,0.5538785326889287,0.0,0.5535180206899606,False
9225,0.36900000000000005,999.2502426726958,1.5699143011919387e-07,0.5531591639395081,0.5528120665085545,0.0730170097963293,0.05,-0.2083848174802839,9.484373555921993,9.48666253117653,9.48666253117653,False,-0.2083848174802839,9.484373555921993,-0.2083848174802839,9.484373555921993,-0.2083848174802839,9.484373555921993,1.5702077639136545e-07,0.5531874162051778,104.64108866931498,1.5699143011919387e-07,0.5531591639395081,0.0,0.5528120665085545,False
9250,0.37000000000000005,999.285703517332,1.5597641048048423e-07,0.5524668036613771,0.5521328324246634,0.07292561823841098,0.05,-0.20813119241444397,9.484378236698264,9.48666164306557,9.48666164306557,False,-0.20813119241444397,9.484378236698264,-0.20813119241444397,9.484378236698264,-0.20813119241444397,9.484378236698264,1.5602692500699656e-07,0.552493987010409,104.64480882613583,1.5597641048048423e-07,0.5524668036613771,0.0,0.5521328324246634,False
9275,0.37100000000000005,999.319595354203,1.5446947916510458e-07,0.5518008455519476,0.5514796958508947,0.07283771176628259,0.05,-0.20788717361970785,9.484381094964041,9.486659150168034,9.486659150168034,False,-0.20788717361970785,9.484381094964041,-0.20788717361970785,9.484381094964041,-0.20788717361970785,9.484381094964041,1.5453833945541392e-07,0.551826984846327,104.64836442087547,1.5446947916510458e-07,0.5518008455519476,0.0,0.5514796958508947,False
9300,0.37200000000000005,999.3519785286685,1.525375470414133e-07,0.5511606538151937,0.5508520079381869,0.07275320645493642,0.05,-0.20765253647593754,9.484382345727713,9.486655261779909,9.486655261779909,False,-0.20765253647593754,9.484382345727713,-0.20765253647593754,9.484382345727713,-0.20765253647593754,9.484382345727713,1.5262220744602596e-07,0.5511857749731407,104.65176177907576,1.525375470414133e-07,0.5511606538151937,0.0,0.5508520079381869,False
9325,0.37300000000000005,999.3829118794504,1.5024092298520484e-07,0.5505455693482999,0.5502490994129638,0.07267201530286163,0.05,-0.2074270470488769,9.484382183674485,9.486650166726367,9.486650166726367,False,-0.2074270470488769,9.484382183674485,-0.2074270470488769,9.484382183674485,-0.2074270470488769,9.484382183674485,1.5033909049065656e-07,0.5505696991102085,104.65500706872639,1.5024092298520484e-07,0.5505455693482999,0.0,0.5502490994129638,False
9350,0.37400000000000005,999.4124526922147,1.4763389180692253e-07,0.5499549152524291,0.5496702857702046,0.07259404895946621,0.05,-0.20721046417108482,9.484380784917564,9.486644035156768,9.486644035156768,False,-0.20721046417108482,9.484380784917564,-0.20721046417108482,9.484380784917564,-0.20721046417108482,9.484380784917564,1.4774350388050692e-07,0.5499780809726208,104.65810629535092,1.4763389180692253e-07,0.5499549152524291,0.0,0.5496702857702046,False
9375,0.37500000000000006,999.4406566650798,1.4476524500456858e-07,0.5493880017297064,0.5491148718821853,0.07251921637147936,0.05,-0.20700254129374662,9.484378308605915,9.4866370201909,9.4866370201909,False,-0.20700254129374662,9.484378308605915,-0.20700254129374662,9.484378308605915,-0.20700254129374662,9.484378308605915,1.4488444922004857e-07,0.5494102311916026,104.66106529834755,1.4476524500456858e-07,0.5493880017297064,0.0,0.5491148718821853,False
9400,0.37600000000000006,999.4675778847109,1.416787672685225e-07,0.5488441304232432,0.5485821560769027,0.0724474253558353,0.05,-0.20680302813041587,9.484374898399432,9.486629259427879,9.486629259427879,False,-0.20680302813041587,9.484374898399432,-0.20680302813041587,9.484374898399432,-0.20680302813041587,9.484374898399432,1.418059026448232e-07,0.548865451675795,104.663889748444,1.416787672685225e-07,0.5488441304232432,0.0,0.5485821560769027,False
9425,0.37700000000000006,999.4932688117797,1.3841368276590852e-07,0.5483225982520509,0.5480714337359041,0.07237858310588234,0.05,-0.20661167211188977,9.484370683822428,9.486620876329106,9.486620876329106,False,-0.20661167211188977,9.484370683822428,-0.20661167211188977,9.484370683822428,-0.20661167211188977,9.484370683822428,1.3854726265071628e-07,0.5483430394654287,104.66658514613799,1.3841368276590852e-07,0.5483225982520509,0.0,0.5480714337359041,False
9450,0.37800000000000006,999.5177802746844,1.3500506429401652e-07,0.5478227007884273,0.5475820004570353,0.0723125966371983,0.05,-0.20642821966986927,9.484365781505199,9.486611981485423,9.486611981485423,False,-0.20642821966986927,9.484365781505199,-0.20642821966986927,9.484365781505199,-0.20642821966986927,9.484365781505199,1.3514376066908044e-07,0.5478422901271519,104.66915682100692,1.3500506429401652e-07,0.5478227007884273,0.0,0.5475820004570353,False
9475,0.379,999.5411614705278,1.314842082272891e-07,0.5473437352212555,0.5471131548234576,0.07224937317874641,0.05,-0.20625241736552732,9.484360296322436,9.486602673777716,9.486602673777716,False,-0.20625241736552732,9.484360296322436,-0.20625241736552732,9.484360296322436,-0.20625241736552732,9.484360296322436,1.3162683733966784e-07,0.5473625007331109,104.67160993178193,1.314842082272891e-07,0.5473437352212555,0.0,0.5471131548234576,False
9500,0.38,999.5634599724489,1.2787897815278114e-07,0.5468850029448071,0.5466642008169849,0.0721888205145977,0.05,-0.20608401287768885,9.484354322437087,9.486593041439841,9.486593041439841,False,-0.20608401287768885,9.484354322437087,-0.20608401287768885,9.484354322437087,-0.20608401287768885,9.484354322437087,1.2802448733279488e-07,0.5469029724640098,104.67394946709062,1.2787897815278114e-07,0.5468850029448071,0.0,0.5466642008169849,False
9525,0.381,999.584721742489,1.2421411950536057e-07,0.5464458118093805,0.5462344499102224,0.07213084728101553,0.05,-0.20592275586413428,9.484347944256957,9.486583163031558,9.486583163031558,False,-0.20592275586413428,9.484347944256957,-0.20592275586413428,9.484347944256957,-0.20592275586413428,9.484347944256957,1.2436157510987736e-07,0.5464630128726242,104.67618024678286,1.2421411950536057e-07,0.5464458118093805,0.0,0.5462344499102224,False
9550,0.382,999.6049911492584,1.2051154738238766e-07,0.5460254780666782,0.5458232228689955,0.0720753632232458,0.05,-0.20576839870826655,9.484341237311135,9.486573108328816,9.486573108328816,False,-0.20576839870826655,9.484341237311135,-0.20576839870826655,9.484341237311135,-0.20576839870826655,9.484341237311135,1.206601237646035e-07,0.5460419378407918,104.67830692376205,1.2051154738238766e-07,0.5460254780666782,0.0,0.5458232228689955,False
9575,0.383,999.6243109897267,1.1679061070694336e-07,0.5456233280403547,0.5454298512943551,0.07202227941602944,0.05,-0.20562069716246684,9.484334269053182,9.486562939138608,9.486562939138608,False,-0.20562069716246684,9.484334269053182,-0.20562069716246684,9.484334269053182,-0.20562069716246684,9.484334269053182,1.1693958008266732e-07,0.545639073260401,104.68033398625099,1.1679061070694336e-07,0.5456233280403547,0.0,0.5454298512943551,False
9600,0.384,999.6427225145524,1.1306833297121157e-07,0.5452386995490542,0.5450536789296995,0.07197150845144377,0.05,-0.20547941089833538,9.484327099596074,9.486552710043602,9.486552710043602,False,-0.20547941089833538,9.484327099596074,-0.20547941089833538,9.484327099596074,-0.20547941089833538,9.484327099596074,1.1321705622436875e-07,0.545253756465845,104.68226576043067,1.1306833297121157e-07,0.5452386995490542,0.0,0.5450536789296995,False
9625,0.385,999.6602654563987,1.0935963292584068e-07,0.5448709431070335,0.5446940627576178,0.07192296459738481,0.05,-0.2053443039731539,9.484319782385516,9.486542469083426,9.486542469083426,False,-0.2053443039731539,9.484319782385516,-0.2053443039731539,9.484319782385516,-0.2053443039731539,9.484319782385516,1.0950755112605996e-07,0.544885337443074,104.68410641339402,1.0935963292584068e-07,0.5448709431070335,0.0,0.5446940627576178,False
9650,0.386,999.6769780607603,1.0567752626583401e-07,0.5445194229253448,0.5443503739078079,0.07187656392972375,0.05,-0.2052151452211643,9.484312364815741,9.486532258376867,9.486532258376867,False,-0.2052151452211643,9.484312364815741,-0.2052151452211643,9.484312364815741,-0.2052151452211643,9.484312364815741,1.0582415296411703e-07,0.5445331798383529,104.68585995636452,1.0567752626583401e-07,0.5445194229253448,0.0,0.5443503739078079,False
9675,0.387,999.6928971188642,1.0203330976335125e-07,0.5441835177342892,0.5440219983961969,0.0718322244408709,0.05,-0.20509170857738485,9.484304888793082,9.48652211469048,9.48652211469048,False,-0.20509170857738485,9.484304888793082,-0.20509170857738485,9.484304888793082,-0.20509170857738485,9.484304888793082,1.0217822392735322e-07,0.5441966617874832,104.68753024813354,1.0203330976335125e-07,0.5441835177342892,0.0,0.5440219983961969,False
9700,0.388,999.708058002256,9.843672940558866e-08,0.5438626214460835,0.5437083377130364,0.07178986612724793,0.05,-0.20497377334105343,9.484297391251094,9.486512069957534,9.486512069957534,False,-0.20497377334105343,9.484297391251094,-0.20497377334105343,9.484297391251094,-0.20497377334105343,9.484297391251094,9.857956900299188e-08,0.5438751765845249,104.68912099867603,9.843672940558866e-08,0.5438626214460835,0.0,0.5437083377130364,False
9725,0.389,999.7224946987258,9.489613399490552e-08,0.5435561436749468,0.5434088092766789,0.07174941105793944,0.05,-0.20486112438512433,9.484289904621706,9.486502151751907,9.486502151751907,False,-0.20486112438512433,9.484289904621706,-0.20486112438512433,9.484289904621706,-0.20486112438512433,9.484289904621706,9.503659009443437e-08,0.543568133207269,104.69063577290761,9.489613399490552e-08,0.5435561436749468,0.0,0.5434088092766789,False
9750,0.39,999.736239849264,9.141861527546912e-08,0.5432635101303463,0.5431228467677063,0.07171078342660163,0.05,-0.20475355231772024,9.484282457265516,9.486492383720188,9.486492383720188,False,-0.20475355231772024,9.484282457265516,-0.20475355231772024,9.484282457265516,-0.20475355231772024,9.484282457265516,9.155642670964705e-08,0.5432749567152831,104.6920779945509,9.141861527546912e-08,0.5432635101303463,0.0,0.5431228467677063,False
9775,0.391,999.7493247857753,8.80101353509297e-08,0.5429841628973958,0.5428499003569537,0.07167390958847483,0.05,-0.2046508536007735,9.484275073864847,9.486482785975715,9.486482785975715,False,-0.2046508536007735,9.484275073864847,-0.2046508536007735,9.484275073864847,-0.2046508536007735,9.484275073864847,8.814508382971018e-08,0.5429950885345621,104.69345095008218,8.80101353509297e-08,0.5429841628973958,0.0,0.5428499003569537,False
9800,0.392,999.7617795693009,8.467564337795816e-08,0.5427175606175346,0.5425894368399184,0.07163871808423349,0.05,-0.20455283063077956,9.484267775782733,9.486473375457807,9.486473375457807,False,-0.20455283063077956,9.484267775782733,-0.20455283063077956,9.484267775782733,-0.20455283063077956,9.484267775782733,8.480754902053959e-08,0.542727986641964,104.69475779273237,8.467564337795816e-08,0.5427175606175346,0.0,0.5425894368399184,False
9825,0.393,999.7736330285408,8.141918126780468e-08,0.5424631785810073,0.5423409396883074,0.0716051396521934,0.05,-0.20445929178599023,9.484260581390236,9.486464166258695,9.486464166258695,False,-0.20445929178599023,9.484260581390236,-0.20445929178599023,9.484260581390236,-0.20445929178599023,9.484260581390236,8.154789857560473e-08,0.5424731256610121,104.6960015465203,8.141918126780468e-08,0.5424631785810073,0.0,0.5423409396883074,False
9850,0.394,999.7849127984829,7.824398025072177e-08,0.5422205087417784,0.5421039090291202,0.07157310723028062,0.05,-0.20437005144402987,9.484253506365206,9.486455169921372,9.486455169921372,False,-0.20437005144402987,9.484253506365206,-0.20437005144402987,9.484253506365206,-0.20437005144402987,9.484253506365206,7.836939441681105e-08,0.5422299968797188,104.69718511029767,7.824398025072177e-08,0.5422205087417784,0.0,0.5421039090291202,False
9875,0.395,999.7956453589708,7.515254853192698e-08,0.5419890596644329,0.5418778615601573,0.07154255594902248,0.05,-0.20428492997352937,9.484246563964543,9.486446395710436,9.486446395710436,False,-0.20428492997352937,9.484246563964543,-0.20428492997352937,9.484246563964543,-0.20428492997352937,9.484246563964543,7.527457208229597e-08,0.5419981082000328,104.69831126178853,7.515254853192698e-08,0.5419890596644329,0.0,0.5418778615601573,False
9900,0.396,999.8058560730674,7.214675104262366e-08,0.5417683564118122,0.5416623304103092,0.07151342311671549,0.05,-0.20420375370306734,9.484239765272246,9.486437850858339,9.486437850858339,False,-0.20420375370306734,9.484239765272246,-0.20420375370306734,9.484239765272246,-0.20420375370306734,9.484239765272246,7.226532080234411e-08,0.5417769840276948,104.69938266160786,7.214675104262366e-08,0.5417683564118122,0.0,0.5416623304103092,False
9925,0.397,999.8155692250874,6.9227881716599e-08,0.5415579403810223,0.5414568649518776,0.07148564819777858,0.05,-0.20412635487029052,9.484233119425268,9.486429540789084,9.486429540789084,False,-0.20412635487029052,9.484233119425268,-0.20412635487029052,9.484233119425268,-0.20412635487029052,9.484233119425268,6.934295604922353e-08,0.5415661651101671,104.70040185724588,6.9227881716599e-08,0.5415579403810223,0.0,0.5414568649518776,False
9950,0.398,999.8248080581872,6.639672916839708e-08,0.5413573690950269,0.5412610305718175,0.07145917278524339,0.05,-0.20405257155393017,9.484226633819084,9.48642146932135,9.48642146932135,False,-0.20405257155393017,9.484226633819084,-0.20405257155393017,9.484226633819084,-0.20405257155393017,9.484226633819084,6.650828545744911e-08,0.5413652083298778,104.70137128700654,6.639672916839708e-08,0.5413573690950269,0.0,0.5412610305718175,False
9975,0.399,999.8335948114175,6.365363649594454e-08,0.5411662159561804,0.5410744084078847,0.07143394056822076,0.05,-0.20398224759111105,9.484220314294696,9.486413638852804,9.486413638852804,False,-0.20398224759111105,9.484220314294696,-0.20398224759111105,9.484220314294696,-0.20398224759111105,9.484220314294696,6.376166888731057e-08,0.5411736864591635,104.70229328389,6.365363649594454e-08,0.5411662159561804,0.0,0.5410744084078847,False
10000,0.4,999.8419507561621,6.099855472082745e-08,0.5409840699671973,0.5408965950548038,0.07140989729506868,0.05,-0.2039152324820279,9.484214165308362,9.486406050526933,9.486406050526933,False,-0.2039152324820279,9.484214165308362,-0.2039152324820279,9.484214165308362,-0.2039152324820279,9.484214165308362,6.110307206699412e-08,0.5409911878824382,104.70317007941141,6.099855472082745e-08,0.5409840699671973,0.0,0.5408965950548038,False
10025,0.401,999.8498962318904,5.843109198535749e-08,0.5408105354249861,0.5407272022458529,0.07138699073297844,0.05,-0.20385138128403407,9.484208190086033,9.486398704384419,9.486398704384419,False,-0.20385138128403407,9.484208190086033,-0.20385138128403407,9.484208190086033,-0.20385138128403407,9.484208190086033,5.85321159811621e-08,0.5408173162910207,104.70400380734762,5.843109198535749e-08,0.5408105354249861,0.0,0.5407272022458529,False
10050,0.402,999.857450681167,5.5950557529431303e-08,0.5406452315917353,0.5405658565137519,0.07136517062455798,0.05,-0.20379055449680641,9.484202390763324,9.48639159949993,9.48639159949993,False,-0.20379055449680641,9.484202390763324,-0.20379055449680641,9.484202390763324,-0.20379055449680641,9.484202390763324,5.604812102652734e-08,0.5406516903550459,104.70479650740685,5.5950557529431303e-08,0.5406452315917353,0.0,0.5405658565137519,False
10075,0.403,999.8646326838779,5.355600139426438e-08,0.5404877923474796,0.5404121988348833,0.07134438864197076,0.05,-0.203732617940187,9.484196768512327,9.486384734105634,9.486384734105634,False,-0.203732617940187,9.484196768512327,-0.203732617940187,9.484196768512327,-0.203732617940187,9.484196768512327,5.365014691064714e-08,0.5404939433767074,104.70555012881604,5.355600139426438e-08,0.5404877923474796,0.0,0.5404121988348833,False
10100,0.404,999.8714599906233,5.1246250529465295e-08,0.5403378658277662,0.540265884260571,0.07132459833910766,0.05,-0.20367744262606163,9.484191323656857,9.486378105703077,9.486378105703077,False,-0.20367744262606163,9.484191323656857,-0.20367744262606163,9.484191323656857,-0.20367744262606163,9.484191323656857,5.1337028845348146e-08,0.5403437229284396,104.70626653382136,5.1246250529465295e-08,0.5403378658277662,0.0,0.540265884260571,False
10125,0.405,999.8779495552612,4.9019940960976937e-08,0.5401951140497703,0.5401265815380051,0.07130575510223428,0.05,-0.20362490462556534,9.48418605577625,9.48637171116357,9.48637171116357,False,-0.20362490462556534,9.48418605577625,-0.20362490462556534,9.48418605577625,-0.20362490462556534,9.48418605577625,4.910740993331984e-08,0.5402006904794527,104.70694750109982,4.9019940960976937e-08,0.5401951140497703,0.0,0.5401265815380051,False
10150,0.406,999.8841175665665,4.687554708230629e-08,0.5400592125297354,0.5399939727242011,0.0712878160994931,0.05,-0.20357488493268272,9.48418096379977,9.486365546819144,9.486365546819144,False,-0.20357488493268272,9.48418096379977,-0.20357488493268272,9.48418096379977,-0.20357488493268272,9.48418096379977,4.695977050282808e-08,0.5400645210134543,104.7075947290782,4.687554708230629e-08,0.5400592125297354,0.0,0.5399939727242011,False
10175,0.40700000000000003,999.889979478998,4.48114075449255e-08,0.5399298498943309,0.5398677527947894,0.0712707402296027,0.05,-0.2035272693252515,9.484176046091386,9.486359608543872,9.486359608543872,False,-0.2035272693252515,9.484176046091386,-0.2035272693252515,9.484176046091386,-0.2035272693252515,9.484176046091386,4.4892454164649555e-08,0.5399349026402125,104.70820983915888,4.48114075449255e-08,0.5399298498943309,0.0,0.5398677527947894,False
10200,0.40800000000000003,999.8955500425567,4.282574894688455e-08,0.5398067274883015,0.5397476292503468,0.07125448807006751,0.05,-0.20348194822425683,9.48417130052662,9.486353891827246,9.486353891827246,False,-0.20348194822425683,9.48417130052662,-0.20348194822425683,9.48417130052662,-0.20348194822425683,9.48417130052662,4.2903691590735973e-08,0.5398115362033113,104.70879437885034,4.282574894688455e-08,0.5398067274883015,0.0,0.5397476292503468,False
10225,0.40900000000000003,999.9008433317339,4.091670648172606e-08,0.5396895589802824,0.5396333217217117,0.07123902182514544,0.05,-0.20343881655214083,9.484166724561518,9.486348391839723,9.486348391839723,False,-0.20343881655214083,9.484166724561518,-0.20343881655214083,9.484166724561518,-0.20343881655214083,9.484166724561518,4.0991621248400104e-08,0.5396941348860036,104.70934982480244,4.091670648172606e-08,0.5396895589802824,0.0,0.5396333217217117,False
10250,0.41000000000000003,999.905872773544,3.90823428665542e-08,0.5395780699686915,0.5395245615762984,0.07122430527382563,0.05,-0.20339777359085265,9.484162315294926,9.486343103491572,9.486343103491572,False,-0.20339777359085265,9.484162315294926,-0.20339777359085265,9.484162315294926,-0.20339777359085265,9.484162315294926,3.915430842753377e-08,0.5395824238170673,104.70987758574583,3.90823428665542e-08,0.5395780699686915,0.0,0.5395245615762984,False
10275,0.41100000000000003,999.9106511746457,3.732066501650513e-08,0.539471997589222,0.5394210915266937,0.07121030371801752,0.05,-0.20335872284022372,9.484158069524364,9.486338021485388,9.486338021485388,False,-0.20335872284022372,9.484158069524364,-0.20335872284022372,9.484158069524364,-0.20335872284022372,9.484158069524364,3.7389761970743664e-08,0.539476139678207,104.71037900533584,3.732066501650513e-08,0.539471997589222,0.0,0.5394210915266937,False
10300,0.41200000000000003,999.9151907475571,3.5629638827212455e-08,0.5393710901252977,0.5393226652427985,0.07119698393113097,0.05,-0.2033215718771932,9.484153983796125,9.48633314036285,9.48633314036285,False,-0.2033215718771932,9.484153983796125,-0.2033215718771932,9.484153983796125,-0.2033215718771932,9.484153983796125,3.569594915712464e-08,0.5393750303143687,104.7108553649016,3.5629638827212455e-08,0.5393710901252977,0.0,0.5393226652427985,False
10325,0.41300000000000003,999.9195031359726,3.4007202460167595e-08,0.5392751066226735,0.5392290469687525,0.07118431410720352,0.05,-0.20328623221633388,9.484150054450263,9.48632845454645,9.48632845454645,False,-0.20328623221633388,9.484150054450263,-0.20328623221633388,9.484150054450263,-0.20328623221633388,9.484150054450263,3.407080902231455e-08,0.5392788543481523,104.7113078861009,3.4007202460167595e-08,0.5392751066226735,0.0,0.5392290469687525,False
10350,0.41400000000000003,999.9235994391959,3.245127773622944e-08,0.5391838165091396,0.5391400111452782,0.07117226381070138,0.05,-0.20325261917205545,9.4841462776606,9.486323958376273,9.486323958376273,False,-0.20325261917205545,9.4841462776606,-0.20325261917205545,9.4841462776606,-0.20325261917205545,9.4841462776606,3.2512263845910266e-08,0.5391873807992967,104.71173773348244,3.245127773622944e-08,0.5391838165091396,0.0,0.5391400111452782,False
10375,0.41500000000000004,999.9274902356957,3.0959780516517995e-08,0.5390969992202295,0.539055342038627,0.07116080392711287,0.05,-0.2032206517228245,9.484142649470696,9.486319646142844,9.486319646142844,False,-0.2032206517228245,9.484142649470696,-0.2032206517228245,9.484142649470696,-0.2032206517228245,9.484142649470696,3.101822952233848e-08,0.5391003887101257,104.71214601695632,3.0959780516517995e-08,0.5390969992202295,0.0,0.539055342038627,False
10400,0.41600000000000004,999.9311856058058,2.953062984602616e-08,0.5390144438317943,0.5389748333765113,0.07114990661444823,0.05,-0.20319025237774743,9.4841391658256,9.486315512115777,9.486315512115777,False,-0.20319025237774743,9.4841391658256,-0.20319025237774743,9.4841391658256,-0.20319025237774743,9.4841391658256,2.9586624836614887e-08,0.5390176667778463,104.71253379417472,2.953062984602616e-08,0.5390144438317943,0.0,0.5389748333765113,False
10425,0.41700000000000004,999.9346951535804,2.8161755738441963e-08,0.538935948699866,0.5388982879918502,0.0711395452557016,0.05,-0.20316134704566852,9.484135822600388,9.486311550569344,9.486311550569344,False,-0.20316134704566852,9.484135822600388,-0.20316134704566852,9.484135822600388,-0.20316134704566852,9.484135822600388,2.8215379203986445e-08,0.5389390129940954,104.71290207282395,2.8161755738441963e-08,0.538935948699866,0.0,0.5388982879918502,False
10450,0.41800000000000004,999.938028027828,2.6851105983511813e-08,0.5388613211084748,0.5388255174743873,0.07112969441236291,0.05,-0.20313386490706234,9.484132615624974,9.486307755804336,9.486307755804336,False,-0.20313386490706234,9.484132615624974,-0.20313386490706234,9.484132615624974,-0.20313386490706234,9.484132615624974,2.6902439599573426e-08,0.5388642342924467,104.71325181283076,2.6851105983511813e-08,0.5388613211084748,0.0,0.5388255174743873,False
10475,0.41900000000000004,999.9411929423395,2.5596651998686853e-08,0.5387903769256613,0.5387563418309801,0.0711203297790115,0.05,-0.20310773828879936,9.484129540706423,9.486304122167548,9.486304122167548,False,-0.20310773828879936,9.484129540706423,-0.20310773828879936,9.484129540706423,-0.20310773828879936,9.484129540706423,2.5645776386115103e-08,0.5387931462040748,104.71358392848376,2.5596651998686853e-08,0.5387903769256613,0.0,0.5387563418309801,False
10500,0.42000000000000004,999.9441981953292,2.439639416143164e-08,0.538722940268245,0.53869058915465,0.07111142813906554,0.05,-0.20308290254201747,9.484126593648417,9.486300644068479,9.486300644068479,False,-0.20308290254201747,9.484126593648417,-0.20308290254201747,9.484126593648417,-0.20308290254201747,9.484126593648417,2.444338869053315e-08,0.5387255725221732,104.71389929047258,2.439639416143164e-08,0.538722940268245,0.0,0.53869058915465,False
10525,0.42100000000000004,999.9470516881122,2.324836598165811e-08,0.5386588431754604,0.5386280953025959,0.07110296732170207,0.05,-0.20305929592314773,9.484123770268265,9.486297315993651,9.486297315993651,False,-0.20305929592314773,9.484123770268265,-0.20305929592314773,9.484123770268265,-0.20305929592314773,9.484123770268265,2.3293308630488985e-08,0.5386613449752351,104.71419872784698,2.324836598165811e-08,0.5386588431754604,0.0,0.5386280953025959,False
10550,0.42200000000000004,999.9497609430359,2.215063795404531e-08,0.5385979252916616,0.538568703583467,0.07109492615997384,0.05,-0.2030368594781704,9.48412106641193,9.486294132519049,9.486294132519049,False,-0.2030368594781704,9.48412106641193,-0.2030368594781704,9.48412106641193,-0.2030368594781704,9.48412106641193,2.2193605152054746e-08,0.5386003029093839,104.71448302989762,2.215063795404531e-08,0.5385979252916616,0.0,0.538568703583467,False
10575,0.42300000000000004,999.9523331206902,2.110132044539026e-08,0.5385400335582653,0.5385122644537718,0.07108728445014606,0.05,-0.20301553693018437,9.48411847796684,9.486291088320403,9.486291088320403,False,-0.20301553693018437,9.48411847796684,-0.20301553693018437,9.48411847796684,-0.20301553693018437,9.48411847796684,2.114238697488823e-08,0.5385422929799528,104.71475294796144,2.110132044539026e-08,0.5385400335582653,0.0,0.5385122644537718,False
10600,0.42400000000000004,999.9547750364167,2.0098566337247102e-08,0.5384850219149893,0.5384586352237203,0.07108002291225958,0.05,-0.2029952745703082,9.484116000873096,9.486288178181967,9.486288178181967,False,-0.2029952745703082,9.484116000873096,-0.2029952745703082,9.484116000873096,-0.2029952745703082,9.484116000873096,2.013780524782467e-08,0.5384871688523486,104.71500919715317,2.0098566337247102e-08,0.5384850219149893,0.0,0.5384586352237203,False
10625,0.42500000000000004,999.9570931761342,1.914057304869179e-08,0.5384327510103827,0.5384076797723779,0.07107312315192116,0.05,-0.20297602115192262,9.484113631133106,9.486285397003794,9.486285397003794,False,-0.20297602115192262,9.484113631133106,-0.20297602115192262,9.484113631133106,-0.20297602115192262,9.484113631133106,1.917805555760944e-08,0.5384347909122048,104.7152524580256,1.914057304869179e-08,0.5384327510103827,0.0,0.5384076797723779,False
10650,0.42600000000000005,999.9592937115115,1.822558423635114e-08,0.5383830879217525,0.5383592682720871,0.07106656762333355,0.05,-0.20295772778830412,9.48411136481962,9.486282739807498,9.486282739807498,False,-0.20295772778830412,9.48411136481962,-0.20295772778830412,9.48411136481962,-0.20295772778830412,9.48411136481962,1.8261379699241225e-08,0.5383850259849415,104.71548337816101,1.822558423635114e-08,0.5383830879217525,0.0,0.5383592682720871,False
10675,0.42700000000000005,999.9613825144977,1.7351890895219722e-08,0.5383359058842799,0.5383132769221731,0.071060339593539,0.05,-0.2029403478535711,9.484109198082649,9.486280201740978,9.486280201740978,False,-0.2029403478535711,9.484109198082649,-0.2029403478535711,9.484109198082649,-0.2029403478535711,9.484109198082649,1.738606674594937e-08,0.5383377470645087,104.71570257369558,1.7351890895219722e-08,0.5383359058842799,0.0,0.5383132769221731,False
10700,0.42800000000000005,999.9633651712421,1.6517832415993146e-08,0.5382910840294047,0.5382695876917977,0.07105442310788594,0.05,-0.20292383688698443,9.48410712715512,9.486277778081954,9.486277778081954,False,-0.20292383688698443,9.48410712715512,-0.20292383688698443,9.48410712715512,-0.20292383688698443,9.48410712715512,1.6550454145539198e-08,0.5382928330514054,104.71591063077942,1.6517832415993146e-08,0.5382910840294047,0.0,0.5382695876917977,False
10725,0.42900000000000005,999.9652469954164,1.5721797034245792e-08,0.5382485071322425,0.5382280880718292,0.07104880295668803,0.05,-0.20290815250051655,9.484105148357548,9.486275464240606,9.486275464240606,False,-0.20290815250051655,9.484105148357548,-0.20290815250051655,9.484105148357548,-0.20290815250051655,9.484105148357548,1.5752928165097983e-08,0.5382501684997356,104.71610810697426,1.5721797034245792e-08,0.5382485071322425,0.0,0.5382280880718292,False
10750,0.43000000000000005,999.9670330409657,1.4962222224251562e-08,0.5382080653680197,0.5381886708356163,0.07104346464307361,0.05,-0.2028932542896917,9.484103258101724,9.486273255761295,9.486273255761295,False,-0.2028932542896917,9.484103258101724,-0.2028932542896917,9.484103258101724,-0.2028932542896917,9.484103258101724,1.4991924315346857e-08,0.5382096433732886,104.71629553259105,1.4962222224251562e-08,0.5382080653680197,0.0,0.5381886708356163,False
10775,0.43100000000000005,999.968728114305,1.4237594908538509e-08,0.5381696540773084,0.5381512338085986,0.07103839435199674,0.05,-0.20287910374761606,9.48410145289374,9.486271148323697,9.486271148323697,False,-0.20287910374761606,9.48410145289374,-0.20287910374761606,9.48410145289374,-0.20287910374761606,9.48410145289374,1.4265927533210824e-08,0.5381711528104185,104.71647341196937,1.4237594908538509e-08,0.5381696540773084,0.0,0.5381512338085986,False
10800,0.43200000000000005,999.9703367859864,1.3546450960138816e-08,0.5381331735398884,0.538115679646224,0.07103357892038689,0.05,-0.20286566418214816,9.48409972933591,9.486269137742907,9.486269137742907,False,-0.20286566418214816,9.48409972933591,-0.20286566418214816,9.48409972933591,-0.20286566418214816,9.48409972933591,1.3573471747906594e-08,0.5381345968975749,104.7166422247016,1.3546450960138816e-08,0.5381331735398884,0.0,0.538115679646224,False
10825,0.43300000000000005,999.9718634018502,1.2887375330110263e-08,0.5380985287571064,0.5380819156206175,0.07102900580842046,0.05,-0.20285290063614958,9.484098084128583,9.486267219969506,9.486267219969506,False,-0.20285290063614958,9.484098084128583,-0.20285290063614958,9.484098084128583,-0.20285290063614958,9.484098084128583,1.291313994092546e-08,0.5380998804513122,104.7168024268025,1.2887375330110263e-08,0.5380985287571064,0.0,0.5380819156206175,False
10850,0.43400000000000005,999.9733120936836,1.2259001467598892e-08,0.5380656292425914,0.5380498534151841,0.07102466307189512,0.05,-0.20284077981078696,9.48409651407088,9.486265391088617,9.486265391088617,False,-0.20284077981078696,9.48409651407088,-0.20284077981078696,9.48409651407088,-0.20284077981078696,9.48409651407088,1.2283563650442083e-08,0.5380669128086878,104.71695445182769,1.2259001467598892e-08,0.5380656292425914,0.0,0.5380498534151841,False
10875,0.43500000000000005,999.9746867894086,1.1660010431197998e-08,0.5380343888208969,0.538019408927222,0.07102053933565067,0.05,-0.2028292699917121,9.48409501606116,9.486263647318763,9.486263647318763,False,-0.2028292699917121,9.48409501606116,-0.2028292699917121,9.48409501606116,-0.2028292699917121,9.48409501606116,1.1683422022844796e-08,0.5380356076255811,104.71709871194226,1.1660010431197998e-08,0.5380343888208969,0.0,0.538019408927222,False
10900,0.43600000000000005,999.9759912228087,1.1089130690187356e-08,0.5380047254342184,0.5379905020784704,0.07101662376805563,0.05,-0.20281834097819043,9.484093587097046,9.486261985010348,9.486261985010348,False,-0.20281834097819043,9.484093587097046,-0.20281834097819043,9.484093587097046,-0.20281834097819043,9.484093587097046,1.1111441663472273e-08,0.5380058826830995,104.71723559894131,1.1089130690187356e-08,0.5380047254342184,0.0,0.5379905020784704,False
10925,0.43700000000000006,999.9772289428208,1.0545136987325621e-08,0.537976560956674,0.5379630566331324,0.07101290605649244,0.05,-0.20280796401498358,9.484092224275056,9.48626040064379,9.48626040064379,False,-0.20280796401498358,9.484092224275056,-0.20280796401498358,9.484092224275056,-0.20280796401498358,9.484092224275056,1.0566395472883936e-08,0.5379776597015533,104.7173654852248,1.0545136987325621e-08,0.537976560956674,0.0,0.5379630566331324,False
10950,0.43800000000000006,999.9784033224081,1.0026849341962566e-08,0.5379498210160105,0.5379370000231035,0.07100937638382249,0.05,-0.2027981117269457,9.484090924789664,9.486258890827177,9.486258890827177,False,-0.2027981117269457,9.484090924789664,-0.2027981117269457,9.484090924789664,-0.2027981117269457,9.484090924789664,1.0047101673410236e-08,0.5379508641618764,104.71748872472847,1.0026849341962566e-08,0.5379498210160105,0.0,0.5379370000231035,False
10975,0.43900000000000006,999.9795175670255,9.533132550438722e-09,0.5379244348226878,0.5379122631806876,0.07100602540582537,0.05,-0.20278875805630808,9.484089685932515,9.48625745229411,9.48625745229411,False,-0.20278875805630808,9.484089685932515,-0.20278875805630808,9.484089685932515,-0.20278875805630808,9.484089685932515,9.552423297524873e-09,0.5379254251344138,104.71760565381187,9.533132550438722e-09,0.5379244348226878,0.0,0.5379122631806876,False
11000,0.44000000000000006,999.9805747227034,9.062894611419054e-09,0.5379003350058169,0.5378887803778006,0.0710028442295427,0.05,-0.202779878202473,9.484088505090872,9.486256081900837,9.486256081900837,False,-0.202779878202473,9.484088505090872,-0.202779878202473,9.484088505090872,-0.202779878202473,9.484088505090872,9.081266635537133e-09,0.5379012751145945,104.71771659210663,9.062894611419054e-09,0.5379003350058169,0.0,0.5378887803778006,False
11025,0.44100000000000006,999.9815776837551,8.615086147035009e-09,0.5378774574560148,0.5378664890722512,0.0709998243925349,0.05,-0.20277144856432844,9.484087379746335,9.486254776623731,9.486254776623731,False,-0.20277144856432844,9.484087379746335,-0.20277144856432844,9.484087379746335,-0.20277144856432844,9.484087379746335,8.632580618184524e-09,0.5378783498655074,104.71782184332497,8.615086147035009e-09,0.5378774574560148,0.0,0.5378664890722512,False
11050,0.44200000000000006,999.9825292001336,8.188698954197676e-09,0.5378557411747886,0.5378453297601647,0.0709969578429999,0.05,-0.20276344668495766,9.484086307472918,9.486253533556166,9.486253533556166,False,-0.20276344668495766,9.484086307472918,-0.20276344668495766,9.484086307472918,-0.20276344668495766,9.484086307472918,8.205355423148693e-09,0.5378565882670374,104.71792169603171,8.188698954197676e-09,0.5378557411747886,0.0,0.5378453297601647,False
11075,0.44300000000000006,999.9834318844452,7.782765056128068e-09,0.5378351281302779,0.5378252458349048,0.0709942369207312,0.05,-0.20275585119866724,9.484085285935336,9.48625234990565,9.48625234990565,False,-0.20275585119866724,9.484085285935336,-0.20275585119866724,9.484085285935336,-0.20275585119866724,9.484085285935336,7.798621486494322e-09,0.53783593217135,104.71801642437995,7.782765056128068e-09,0.5378351281302779,0.0,0.5378252458349048,False
11100,0.44400000000000006,999.9842882186383,7.396355461528724e-09,0.5378155631191337,0.5378061834518488,0.07099165433888582,0.05,-0.2027486417802647,9.48408431288693,9.486251222990655,9.486251222990655,False,-0.2027486417802647,9.48408431288693,-0.2027486417802647,9.48408431288693,-0.2027486417802647,9.48408431288693,7.411448277568887e-09,0.5378163262645329,104.718106288813,7.396355461528724e-09,0.5378155631191337,0.0,0.5378061834518488,False
11125,0.44500000000000006,999.9851005603792,7.028579092139078e-09,0.5377969936343315,0.5377880913991152,0.07098920316653567,0.05,-0.20274179909650594,9.484083386167626,9.486250150237534,9.486250150237534,False,-0.20274179909650594,9.484083386167626,-0.20274179909650594,9.484083386167626,-0.20274179909650594,9.484083386167626,7.042943224553455e-09,0.537797717934174,104.71819153673326,7.028579092139078e-09,0.5377969936343315,0.0,0.5377880913991152,False
11150,0.44600000000000006,999.9858711491299,6.678581522478146e-09,0.5377793697386952,0.5377709209738126,0.07098687681197266,0.05,-0.2027353047596347,9.484082503701723,9.4862491291773,9.4862491291773,False,-0.2027353047596347,9.484082503701723,-0.2027353047596347,9.484082503701723,-0.2027353047596347,9.484082503701723,6.6922504546679755e-09,0.5377800571426613,104.71827240313995,6.678581522478146e-09,0.5377793697386952,0.0,0.5377709209738126,False
11175,0.44700000000000006,999.9866021119389,6.345544100455365e-09,0.5377626439440178,0.5377546258638679,0.07098466900675267,0.05,-0.2027291412829713,9.484081663495752,9.486248157442525,9.486248157442525,False,-0.2027291412829713,9.484081663495752,-0.2027291412829713,9.484081663495752,-0.2027291412829713,9.484081663495752,6.358549918020255e-09,0.5377632963060847,104.7183491112366,6.345544100455365e-09,0.5377626439440178,0.0,0.5377546258638679,False
11200,0.448,999.9872954689619,6.028682210642553e-09,0.5377467710952816,0.5377391620347132,0.07098257379041259,0.05,-0.20272329203837072,9.484080863635992,9.486247232763928,9.486247232763928,False,-0.20272329203837072,9.484080863635992,-0.20272329203837072,9.484080863635992,-0.20272329203837072,9.484080863635992,6.0410556460978024e-09,0.5377473901782542,104.7184218730105,6.028682210642553e-09,0.5377467710952816,0.0,0.5377391620347132,False
11225,0.449,999.9879531387195,5.727244572520434e-09,0.5377317082601403,0.5377244876212894,0.07098058549588201,0.05,-0.20271774121560787,9.484080102286256,9.486246352967314,9.486246352967314,False,-0.20271774121560787,9.484080102286256,-0.20271774121560787,9.484080102286256,-0.20271774121560787,9.484080102286256,5.739015056182252e-09,0.5377322957399788,104.7184908897841,5.727244572520434e-09,0.5377317082601403,0.0,0.5377244876212894,False
11250,0.45,999.9885769431023,5.440512131026601e-09,0.5377174146233163,0.5377105628248626,0.07097869873554358,0.05,-0.2027124737835625,9.484079377685667,9.486245515970479,9.486245515970479,False,-0.2027124737835625,9.484079377685667,-0.2027124737835625,9.484079377685667,-0.2027124737835625,9.484079377685667,5.451707821234844e-09,0.5377179720932646,104.71855635274039,5.440512131026601e-09,0.5377174146233163,0.0,0.5377105628248626,False
11275,0.451,999.9891686121445,5.167796622671639e-09,0.5377038513856391,0.5376973498142106,0.0709769083879061,0.05,-0.20270747545311224,9.48407868814607,9.48624471977985,9.48624471977985,False,-0.20270747545311224,9.48407868814607,-0.20270747545311224,9.48407868814607,-0.20270747545311224,9.48407868814607,5.178444471632207e-09,0.5377043803601793,104.71861844342357,5.167796622671639e-09,0.5377038513856391,0.0,0.5376973498142106,False
11300,0.452,999.9897297885631,4.90843962891981e-09,0.5376909816676212,0.5376848126314848,0.0709752095848766,0.05,-0.2027027326416819,9.48407803204985,9.48624396248752,9.48624396248752,False,-0.2027027326416819,9.48407803204985,-0.2027027326416819,9.48407803204985,-0.2027027326416819,9.48407803204985,4.918565414777753e-09,0.5376914835862427,104.71867733421549,4.90843962891981e-09,0.5376909816676212,0.0,0.5376848126314848,False
11325,0.453,999.9902620320829,4.661811570357818e-09,0.5376787704174643,0.5376729171022934,0.07097359769961709,0.05,-0.20269823243942267,9.484077407847584,9.486243242268197,9.486243242268197,False,-0.20269823243942267,9.484077407847584,-0.20269823243942267,9.484077407847584,-0.20269823243942267,9.484077407847584,4.671439936055145e-09,0.5376792466482628,104.71873318878934,4.661811570357818e-09,0.5376787704174643,0.0,0.5376729171022934,False
11350,0.454,999.9907668235535,4.427310430092538e-09,0.5376671843231702,0.5376616307497765,0.07097206833494323,0.05,-0.20269396257689734,9.484076814055637,9.486242557376068,9.486242557376068,False,-0.20269396257689734,9.484076814055637,-0.20269396257689734,9.484076814055637,-0.20269396257689734,9.484076814055637,4.436464941963318e-09,0.5376676361662873,104.71878616254175,4.427310430092538e-09,0.5376671843231702,0.0,0.5376616307497765,False
11375,0.455,999.9912455688676,4.204360852311597e-09,0.5376561917286513,0.5376509227127142,0.07097061731225086,0.05,-0.2026899113942296,9.484076249253967,9.486241906141979,9.486241906141979,False,-0.2026899113942296,9.484076249253967,-0.2026899113942296,9.484076249253967,-0.2026899113942296,9.484076249253967,4.213064022749013e-09,0.5376566204195516,104.71883640300379,4.204360852311597e-09,0.5376561917286513,0.0,0.5376509227127142,False
11400,0.456,999.9916996026896,3.992413189187735e-09,0.5376457625537944,0.5376407636674204,0.07096924066096456,0.05,-0.20268606781170834,9.484075712083863,9.486241286970515,9.486241286970515,False,-0.20268606781170834,9.484075712083863,-0.20268606781170834,9.484075712083863,-0.20268606781170834,9.484075712083863,4.000686525833135e-09,0.5376461692663937,104.71888405023226,3.992413189187735e-09,0.5376457625537944,0.0,0.5376407636674204,False
11425,0.457,999.9921301920058,3.790942201455296e-09,0.5376358682180344,0.5376311257530263,0.0709679346084492,0.05,-0.20268242130167963,9.484075201245599,9.486240698337063,9.486240698337063,False,-0.20268242130167963,9.484075201245599,-0.20268242130167963,9.484075201245599,-0.20268242130167963,9.484075201245599,3.798806254691063e-09,0.5376362540676887,104.7189292371823,3.790942201455296e-09,0.5376358682180344,0.0,0.5376311257530263,False
11450,0.458,999.9925385394995,3.5994464866453507e-09,0.5376264815676168,0.5376219825005584,0.0709666955704087,0.05,-0.20267896186178921,9.48407471549646,9.486240138785263,9.486240138785263,False,-0.20267896186178921,9.48407471549646,-0.20267896186178921,9.48407471549646,-0.20267896186178921,9.48407471549646,3.60692087149097e-09,0.5376268476139625,104.71897209006134,3.5994464866453507e-09,0.5376264815676168,0.0,0.5376219825005584,False
11475,0.459,999.9929257867652,3.417447187063662e-09,0.5376175768061383,0.5376133087649997,0.07096552014171736,0.05,-0.20267567998943536,9.484074253648425,9.486239606924132,9.486239606924132,False,-0.20267567998943536,9.484074253648425,-0.20267567998943536,9.484074253648425,-0.20267567998943536,9.484074253648425,3.4245506306685946e-09,0.5376179240558111,104.71901272866653,3.417447187063662e-09,0.5376175768061383,0.0,0.5376133087649997,False
11500,0.46,999.993293017363,3.2444873016066054e-09,0.537609129428366,0.5376050806607175,0.07096440508768398,0.05,-0.20267256665742037,9.484073814566166,9.486239101425555,9.486239101425555,False,-0.20267256665742037,9.484073814566166,-0.20267256665742037,9.484073814566166,-0.20267256665742037,9.484073814566166,3.2512376830332796e-09,0.5376094588375865,104.7190512667052,3.2444873016066054e-09,0.537609129428366,0.0,0.5376050806607175,False
11525,0.461,999.9936412597275,3.0801306031395177e-09,0.5376011161571229,0.5375972754998365,0.07096334733572081,0.05,-0.20266961329073013,9.484073397165016,9.486238621021748,9.486238621021748,False,-0.20266961329073013,9.484073397165016,-0.20266961329073013,9.484073397165016,-0.20266961329073013,9.484073397165016,3.0865449727922313e-09,0.5376014286341619,104.71908781209996,3.0801306031395177e-09,0.5376011161571229,0.0,0.5375972754998365,False
11550,0.462,999.99397148993,2.9239610374342917e-09,0.5375935148831921,0.537589871733556,0.07096234396741077,0.05,-0.20266681174442444,9.484073000408957,9.486238164502765,9.486238164502765,False,-0.20266681174442444,9.484073000408957,-0.20266681174442444,9.484073000408957,-0.20266681174442444,9.484073000408957,2.9300556659398663e-09,0.5375938112907218,104.71912246727875,2.9239610374342917e-09,0.5375935148831921,0.0,0.537589871733556,False
11575,0.463,999.994284634309,2.775581661827004e-09,0.5375863046080057,0.5375828488962034,0.07096139221094255,0.05,-0.20266415428254825,9.484072623308698,9.486237730714143,9.486237730714143,False,-0.20266415428254825,9.484072623308698,-0.20266415428254825,9.484072623308698,-0.20266415428254825,9.484072623308698,2.7813720736498693e-09,0.5375865857653386,104.71915532945071,2.775581661827004e-09,0.5375863046080057,0.0,0.5375828488962034,False
11600,0.464,999.9945815719705,2.634613814709415e-09,0.5375794653890054,0.5375761875518865,0.07096048943389807,0.05,-0.20266163355802527,9.484072264919773,9.486237318554542,9.486237318554542,False,-0.20266163355802527,9.484072264919773,-0.20266163355802527,9.484072264919773,-0.20266163355802527,9.484072264919773,2.6401148100476754e-09,0.5375797320742285,104.71918649086862,2.634613814709415e-09,0.5375794653890054,0.0,0.5375761875518865,False
11625,0.465,999.9948631371636,2.5006966009714293e-09,0.5375729782876943,0.5375698692438406,0.0709596331363954,0.05,-0.20265924259354043,9.484071924340808,9.486236926973634,9.486236926973634,False,-0.20265924259354043,9.484071924340808,-0.20265924259354043,9.484071924340808,-0.20265924259354043,9.484071924340808,2.505922283975031e-09,0.5375732312396984,104.7192160390781,2.5006966009714293e-09,0.5375729782876943,0.0,0.5375698692438406,False
11650,0.466,999.9951301215416,2.3734859435314056e-09,0.5375668253201078,0.5375638764460277,0.07095882094455086,0.05,-0.20265697476331332,9.484071600711658,9.486236554969818,9.486236554969818,False,-0.20265697476331332,9.484071600711658,-0.20265697476331332,9.484071600711658,-0.20265697476331332,9.484071600711658,2.3784497693324195e-09,0.5375670652405239,104.71924405715488,2.3734859435314056e-09,0.5375668253201078,0.0,0.5375638764460277,False
11675,0.467,999.9953832763091,2.252653754369631e-09,0.5375609894096112,0.5375581925170771,0.07095805060424837,0.05,-0.20265482377572516,9.4840712932117,9.486236201588163,9.486236201588163,False,-0.20265482377572516,9.4840712932117,-0.20265482377572516,9.4840712932117,-0.20265482377572516,9.4840712932117,2.257368547740165e-09,0.5375612169646553,104.71927062393023,2.252653754369631e-09,0.5375609894096112,0.0,0.5375581925170771,False
11700,0.468,999.9956233142651,2.137887431998198e-09,0.5375554543419807,0.5375528016565071,0.07095731997521007,0.05,-0.2026527836567836,9.484071001058263,9.486235865918479,9.486235865918479,False,-0.2026527836567836,9.484071001058263,-0.2026527836567836,9.484071001058263,-0.2026527836567836,9.484071001058263,2.1423653990694203e-09,0.5375556701642045,104.71929581420515,2.137887431998198e-09,0.5375554543419807,0.0,0.5375528016565071,False
11725,0.46900000000000003,999.9958509117432,2.028889177748667e-09,0.5375502047227069,0.5375476888629737,0.07095662702536044,0.05,-0.2026508487344105,9.4840707235049,9.486235547093248,9.486235547093248,False,-0.2026508487344105,9.4840707235049,-0.2026508487344105,9.4840707235049,-0.2026508487344105,9.4840707235049,2.0331419678440585e-09,0.5375504094126721,104.71931969895411,2.028889177748667e-09,0.5375502047227069,0.0,0.5375476888629737,False
11750,0.47000000000000003,999.9960667104555,1.9253752129106312e-09,0.5375452259362086,0.537542839894585,0.07095596982544249,0.05,-0.20264901362342377,9.484070459839995,9.48623524428591,9.48623524428591,False,-0.20264901362342377,9.484070459839995,-0.20264901362342377,9.484070459839995,-0.20264901362342377,9.484070459839995,1.929413903588815e-09,0.5375454200640721,104.71934234551848,1.9253752129106312e-09,0.5375452259362086,0.0,0.537542839894585,False
11775,0.47100000000000003,999.9962713192454,1.827075370262162e-09,0.5375405041072203,0.5375382412311384,0.07095534654392091,0.05,-0.20264727321132742,9.484070209385166,9.486234956708968,9.486234956708968,False,-0.20264727321132742,9.484070209385166,-0.20264727321132742,9.484070209385166,-0.20264727321132742,9.484070209385166,1.8309105246784271e-09,0.5375406882142496,104.71936381779048,1.827075370262162e-09,0.5375405041072203,0.0,0.5375382412311384,False
11800,0.47200000000000003,999.9964653157542,1.7337321934013838e-09,0.5375360260638217,0.5375338800380868,0.07095475544210196,0.05,-0.20264562264469851,9.484069971493849,9.48623468361227,9.48623468361227,False,-0.20264562264469851,9.484069971493849,-0.20264562264469851,9.484069971493849,-0.20264562264469851,9.484069971493849,1.7373738675549735e-09,0.5375362006638338,104.71938417638802,1.7337321934013838e-09,0.5375360260638217,0.0,0.5375338800380868,False
11825,0.47300000000000003,999.9966492480037,1.6451005073060376e-09,0.5375317793023865,0.5375297441323325,0.07095419486950674,0.05,-0.20264405731628407,9.48406974554989,9.486234424281342,9.486234424281342,False,-0.20264405731628407,9.48406974554989,-0.20264405731628407,9.48406974554989,-0.20264405731628407,9.48406974554989,1.6485582737865862e-09,0.537531944883119,104.71940347882078,1.6451005073060376e-09,0.5375317793023865,0.0,0.5375297441323325,False
11850,0.47400000000000003,999.9968236358986,1.5609469892014412e-09,0.5375277519542255,0.5375258219497001,0.07095366325946806,0.05,-0.20264257285271986,9.484069530966245,9.486234178035806,9.486234178035806,False,-0.20264257285271986,9.484069530966245,-0.20264257285271986,9.484069530966245,-0.20264257285271986,9.484069530966245,1.5642299723460372e-09,0.5375279089786398,104.71942177964793,1.5609469892014412e-09,0.5375277519542255,0.0,0.5375258219497001,False
11875,0.47500000000000003,999.9969889726558,1.4810494586345467e-09,0.5375239327538166,0.537522102513965,0.07095315912493677,0.05,-0.20264116510283123,9.48406932718372,9.486233944227884,9.486233944227884,False,-0.20264116510283123,9.48406932718372,-0.20264116510283123,9.48406932718372,-0.20264116510283123,9.48406932718372,1.4841663275888385e-09,0.5375240816613354,104.71943913062802,1.4810494586345467e-09,0.5375239327538166,0.0,0.537522102513965,False
11900,0.47600000000000003,999.9971457261605,1.4051965209689907e-09,0.5375203110086405,0.5375185754073992,0.07095268105450012,0.05,-0.2026398301265294,9.484069133669676,9.486233722240856,9.486233722240856,False,-0.2026398301265294,9.484069133669676,-0.2026398301265294,9.484069133669676,-0.2026398301265294,9.484069133669676,1.4081555421143847e-09,0.5375204522163287,104.71945558086136,1.4051965209689907e-09,0.5375203110086405,0.0,0.5375185754073992,False
11925,0.47700000000000004,999.9972943402555,1.333186939954887e-09,0.5375168765704463,0.5375152307427866,0.0709522277085888,0.05,-0.20263856418422788,9.484068949916924,9.486233511487736,9.486233511487736,False,-0.20263856418422788,9.484068949916924,-0.20263856418422788,9.484068949916924,-0.20263856418422788,9.484068949916924,1.3359959634933532e-09,0.53751701047413,104.71947117692527,1.333186939954887e-09,0.5375168765704463,0.0,0.5375152307427866,False
11950,0.47800000000000004,999.9974352359674,1.2648291086767168e-09,0.5375136198079059,0.53751205913666,0.07095179781586733,0.05,-0.20263736372677674,9.484068775442406,9.486233311409737,9.486233311409737,False,-0.20263736372677674,9.484068775442406,-0.20263736372677674,9.484068775442406,-0.20263736372677674,9.484068775442406,1.2674956227541609e-09,0.5375137467832445,104.71948596300271,1.2648291086767168e-09,0.5375136198079059,0.0,0.53751205913666,False
11975,0.47900000000000004,999.9975688126667,1.1999407918890678e-09,0.5375105315806432,0.5375090516840918,0.07095139016980587,0.05,-0.20263622538589482,9.484068609786302,9.486233121475168,9.486233121475168,False,-0.20263622538589482,9.484068609786302,-0.20263622538589482,9.484068609786302,-0.20263622538589482,9.484068609786302,1.2024719130350778e-09,0.5375106519841393,104.71949998100415,1.1999407918890678e-09,0.5375105315806432,0.0,0.5375090516840918,False
12000,0.48000000000000004,999.9976954491731,1.138348726182147e-09,0.5375076032145694,0.5375061999346148,0.07095100362542452,0.05,-0.20263514596508783,9.484068452510943,9.486232941178159,9.486232941178159,False,-0.20263514596508783,9.484068452510943,-0.20263514596508783,9.484068452510943,-0.20263514596508783,9.484068452510943,1.1407512148839546e-09,0.5375077173845308,104.71951327068338,1.138348726182147e-09,0.5375076032145694,0.0,0.5375061999346148,False
12025,0.48100000000000004,999.9978155048035,1.0798880150644316e-09,0.5375048264784112,0.5375034958692709,0.07095063709619509,0.05,-0.20263412243100692,9.4840683031997,9.486232770037358,9.486232770037358,False,-0.20263412243100692,9.4840683031997,-0.20263412243100692,9.4840683031997,-0.20263412243100692,9.4840683031997,1.0821683149331136e-09,0.5375049347358717,104.71952586974771,1.0798880150644316e-09,0.5375048264784112,0.0,0.5375034958692709,False
12050,0.48200000000000004,999.9979293203703,1.0244017664440113e-09,0.5375021935613566,0.5375009318788595,0.07095028955109019,0.05,-0.2026331519052132,9.484068161456085,9.486232607594864,9.486232607594864,False,-0.2026331519052132,9.484068161456085,-0.2026331519052132,9.484068161456085,-0.2026331519052132,9.484068161456085,1.0265660042144894e-09,0.5375022962109456,104.71953781396245,1.0244017664440113e-09,0.5375021935613566,0.0,0.5375009318788595,False
12075,0.48300000000000004,999.9980372191255,9.717406707438375e-10,0.5374996970517981,0.5374985007431874,0.0709499600117775,0.05,-0.20263223165635025,9.484068026902763,9.48623245341507,9.48623245341507,False,-0.20263223165635025,9.484068026902763,-0.20263223165635025,9.484068026902763,-0.20263223165635025,9.484068026902763,9.7379467385341e-10,0.5374997943825717,104.71954913725021,9.717406707438375e-10,0.5374996970517981,0.0,0.5374985007431874,False
12100,0.48400000000000004,999.9981395076575,9.217630429976824e-10,0.5374973299172433,0.5374961956115754,0.07094964754996791,0.05,-0.20263135909274263,9.484067899180864,9.486232307083814,9.486232307083814,False,-0.20263135909274263,9.484067899180864,-0.20263135909274263,9.484067899180864,-0.20263135909274263,9.484067899180864,9.237123437493601e-10,0.5374974222034643,104.71955987178488,9.217630429976824e-10,0.5374973299172433,0.0,0.5374961956115754,False
12125,0.48500000000000004,999.9982364767459,8.743338606568487e-10,0.5374950854851062,0.537494009983965,0.07094935128487992,0.05,-0.2026305317553255,9.484067777948821,9.486232168207065,9.486232168207065,False,-0.2026305317553255,9.484067777948821,-0.2026305317553255,9.484067777948821,-0.2026305317553255,9.484067777948821,8.761837269046857e-10,0.5374951729870006,104.71957004808142,8.743338606568487e-10,0.5374950854851062,0.0,0.537494009983965,False
12150,0.48600000000000004,999.9983284021687,8.293249467769689e-10,0.5374929574245021,0.5374919376933291,0.07094907038083663,0.05,-0.2026297473109346,9.484067662881841,9.486232036410259,9.486232036410259,False,-0.2026297473109346,9.484067662881841,-0.2026297473109346,9.484067662881841,-0.2026297473109346,9.484067662881841,8.310803840848301e-10,0.537493040388964,104.71957969508051,8.293249467769689e-10,0.5374929574245021,0.0,0.5374919376933291,False
12175,0.48700000000000004,999.9984155454733,7.866142630218162e-10,0.5374909397289157,0.5374899728886515,0.0709488040449779,0.05,-0.20262900354592536,9.484067553670906,9.486231911337148,9.486231911337148,False,-0.20262900354592536,9.484067553670906,-0.20262900354592536,9.484067553670906,-0.20262900354592536,9.484067553670906,7.88280034246477e-10,0.5374910183901871,104.71958884022945,7.866142630218162e-10,0.5374909397289157,0.0,0.5374899728886515,False
12200,0.48800000000000004,999.9984981547034,7.460860203772113e-10,0.5374890266998011,0.5374881100190542,0.07094855152509556,0.05,-0.20262829836012947,9.484067450022236,9.486231792649155,9.486231792649155,False,-0.20262829836012947,9.484067450022236,-0.20262829836012947,9.484067450022236,-0.20262829836012947,9.484067450022236,7.476666476729278e-10,0.5374891012801096,104.7195975095584,7.460860203772113e-10,0.5374890266998011,0.0,0.5374881100190542,False
12225,0.48900000000000005,999.9985764650927,7.076299511839539e-10,0.5374872129309035,0.5374863438184116,0.07094831210756389,0.05,-0.20262762976108198,9.484067351656375,9.486231680024316,9.486231680024316,False,-0.20262762976108198,9.484067351656375,-0.20262762976108198,9.484067351656375,-0.20262762976108198,9.484067351656375,7.091297383611204e-10,0.5374872836410758,104.71960572775335,7.076299511839539e-10,0.5374872129309035,0.0,0.5374863438184116,False
12250,0.49000000000000005,999.9986506997227,6.71141333038455e-10,0.5374854932934335,0.5374846692909512,0.07094808511538253,0.05,-0.20262699585855845,9.484067258307633,9.486231573156621,9.486231573156621,False,-0.20262699585855845,9.484067258307633,-0.20262699585855845,9.484067258307633,-0.20262699585855845,9.484067258307633,6.725643681849646e-10,0.5374855603334735,104.71961351822495,6.71141333038455e-10,0.5374854932934335,0.0,0.5374846692909512,False
12275,0.49100000000000005,999.9987210701462,6.365205747720696e-10,0.5374838629219479,0.5374830816974856,0.07094786990631294,0.05,-0.20262639485937392,9.484067169723396,9.4862314717552,9.4862314717552,False,-0.20262639485937392,9.484067169723396,-0.20262639485937392,9.484067169723396,-0.20262639485937392,9.484067169723396,6.378707418181367e-10,0.5374839264815872,104.71962090317402,6.365205747720696e-10,0.5374838629219479,0.0,0.5374830816974856,False
12300,0.49200000000000005,999.9987877769776,6.03673281214105e-10,0.5374823172010037,0.5374815765424423,0.07094766587111652,0.05,-0.20262582506246596,9.484067085663582,9.48623137554369,9.48623137554369,False,-0.20262582506246596,9.484067085663582,-0.20262582506246596,9.484067085663582,-0.20262582506246596,9.484067085663582,6.04954265791776e-10,0.537482377460221,104.71962790365353,6.03673281214105e-10,0.5374823172010037,0.0,0.5374815765424423,False
12325,0.49300000000000005,999.9988510104578,5.725094840539821e-10,0.5374808517524006,0.5374801495613235,0.07094747243187075,0.05,-0.2026252848541974,9.484067005899883,9.486231284259361,9.486231284259361,False,-0.2026252848541974,9.484067005899883,-0.2026252848541974,9.484067005899883,-0.2026252848541974,9.484067005899883,5.737247986313512e-10,0.5374809088819237,104.71963453962785,5.725094840539821e-10,0.5374808517524006,0.0,0.5374801495613235,False
12350,0.49400000000000005,999.9989109509869,5.429437550223048e-10,0.5374794624230621,0.537478796708983,0.07094728904036947,0.05,-0.20262477270388876,9.48406693021531,9.486231197652572,9.486231197652572,False,-0.20262477270388876,9.48406693021531,-0.20262477270388876,9.48406693021531,-0.20262477270388876,9.48406693021531,5.440967335065965e-10,0.5374795165848375,104.71964083002858,5.429437550223048e-10,0.5374794624230621,0.0,0.537478796708983,False
12375,0.49500000000000005,999.9989677696293,5.148949954110762e-10,0.5374781452735885,0.5374775141484708,0.07094711517661181,0.05,-0.20262428715960143,9.484066858403677,9.486231115486166,9.486231115486166,False,-0.20262428715960143,9.484066858403677,-0.20262428715960143,9.484066858403677,-0.20262428715960143,9.484066858403677,5.15988799162353e-10,0.537478196621227,104.71964679280767,5.148949954110762e-10,0.5374781452735885,0.0,0.5374775141484708,False
12400,0.49600000000000005,999.9990216285944,4.88286181030801e-10,0.5374768965673791,0.5374762982403835,0.07094695034736642,0.05,-0.20262382684413194,9.484066790269003,9.486231037534788,9.486231037534788,False,-0.20262382684413194,9.484066790269003,-0.20262382684413194,9.484066790269003,-0.20262382684413194,9.484066790269003,4.893238193702502e-10,0.5374769452465836,104.71965244498782,4.88286181030801e-10,0.5374768965673791,0.0,0.5374762982403835,False
12425,0.49700000000000005,999.9990726816943,4.6304397301563467e-10,0.537475712760213,0.5374751455327252,0.0709467940847961,0.05,-0.20262339045117161,9.484066725625029,9.486230963584314,9.486230963584314,False,-0.20262339045117161,9.484066725625029,-0.20262339045117161,9.484066725625029,-0.20262339045117161,9.484066725625029,4.6402830014161547e-10,0.5374757589091828,104.71965780271046,4.6304397301563467e-10,0.537475712760213,0.0,0.5374751455327252,False
12450,0.49800000000000005,999.9991210747737,4.390989036315431e-10,0.5374745904904805,0.5374740527514072,0.07094664594516824,0.05,-0.20262297674170845,9.484066664294792,9.486230893431355,9.486230893431355,False,-0.20262297674170845,9.484066664294792,-0.20262297674170845,9.484066664294792,-0.20262297674170845,9.484066664294792,4.4003264329120923e-10,0.5374746342402942,104.71966288128098,4.390989036315431e-10,0.5374745904904805,0.0,0.5374740527514072,False
12475,0.49900000000000005,999.999166946122,4.163849204680715e-10,0.5374735265698118,0.537473016791138,0.070946505507618,0.05,-0.20262258454057205,9.484066606110206,9.486230826882753,9.486230826882753,False,-0.20262258454057205,9.484066606110206,-0.20262258454057205,9.484066606110206,-0.20262258454057205,9.484066606110206,4.172706391269815e-10,0.5374735680447885,104.71966769521184,4.163849204680715e-10,0.5374735265698118,0.0,0.537473016791138,False
12500,0.5,999.9992104268623,3.948393283058332e-10,0.5374725179742676,0.5374720347067606,0.07094637237298532,0.05,-0.20262221273319186,9.484066550911518,9.486230763754989,9.486230763754989,False,-0.20262221273319186,9.484066550911518,-0.20262221273319186,9.484066550911518,-0.20262221273319186,9.484066550911518,3.956794812530456e-10,0.5374725572923167,104.71967225826347,3.948393283058332e-10,0.5374725179742676,0.0,0.5374720347067606,False
12525,0.501,999.9992516413222,3.7440235782570456e-10,0.5374715618358141,0.5374711037049925,0.07094624616268967,0.05,-0.20262186026245277,9.484066498546937,9.486230703873725,9.486230703873725,False,-0.20262186026245277,9.484066498546937,-0.20262186026245277,9.484066498546937,-0.20262186026245277,9.484066498546937,3.7519926542734083e-10,0.5374715991087633,104.7196765834832,3.7440235782570456e-10,0.5374715618358141,0.0,0.5374711037049925,False
12550,0.502,999.9992907073819,3.5501762480940363e-10,0.5374706554344665,0.537470221136808,0.07094612651769304,0.05,-0.20262152612580103,9.484066448872365,9.486230647073475,9.486230647073475,False,-0.20262152612580103,9.484066448872365,-0.20262152612580103,9.484066448872365,-0.20262152612580103,9.484066448872365,3.5577349455891107e-10,0.53747069076837,104.71968068324173,3.5501762480940363e-10,0.5374706554344665,0.0,0.537470221136808,False
12575,0.503,999.9993277368094,3.36631286986782e-10,0.5374697961906263,0.5374693844898841,0.07094601309748834,0.05,-0.2026212093724224,9.484066401750836,9.486230593196993,9.486230593196993,False,-0.2026212093724224,9.484066401750836,-0.2026212093724224,9.484066401750836,-0.2026212093724224,9.484066401750836,3.373482212148158e-10,0.5374698296860647,104.71968456926834,3.36631286986782e-10,0.5374697961906263,0.0,0.5374693844898841,False
12600,0.504,999.9993628355743,3.191923808034753e-10,0.5374689816578997,0.5374685913817019,0.07094590557915156,0.05,-0.20262090910059297,9.484066357052342,9.486230542095043,9.486230542095043,False,-0.20262090910059297,9.484066357052342,-0.20262090910059297,9.484066357052342,-0.20262090910059297,9.484066357052342,3.1987236310850614e-10,0.5374690134102569,104.7196882526838,3.191923808034753e-10,0.5374689816578997,0.0,0.5374685913817019,False
12625,0.505,999.999396104149,3.026524020033166e-10,0.5374682095162592,0.5374678395527781,0.070945803656439,0.05,-0.20262062445516277,9.484066314653324,9.486230493625827,9.486230493625827,False,-0.20262062445516277,9.484066314653324,-0.20262062445516277,9.484066314653324,-0.20262062445516277,9.484066314653324,3.032973234652298e-10,0.537468239615993,104.719691744032,3.026524020033166e-10,0.5374682095162592,0.0,0.5374678395527781,False
12650,0.506,999.9994276377911,2.86965368078381e-10,0.5374674775655676,0.5374671268604401,0.07094570703893253,0.05,-0.20262035462516706,9.48406627443648,9.48623044765474,9.48623044765474,False,-0.20262035462516706,9.48406627443648,-0.20262035462516706,9.48406627443648,-0.20262035462516706,9.48406627443648,2.8757702802946466e-10,0.5374675060984606,104.71969505330962,2.86965368078381e-10,0.5374674775655676,0.0,0.5374671268604401,False
12675,0.507,999.9994575268137,2.7208764556762653e-10,0.5374667837194201,0.5374664512728128,0.07094561545122668,0.05,-0.20262009884155727,9.484066236290449,9.486230404054028,9.486230404054028,False,-0.20262009884155727,9.484066236290449,-0.20262009884155727,9.484066236290449,-0.20262009884155727,9.484066236290449,2.726677437284918e-10,0.5374668107668183,104.71969818999436,2.7208764556762653e-10,0.5374667837194201,0.0,0.5374664512728128,False
12700,0.508,999.9994858568407,2.579777512961334e-10,0.5374661259992959,0.537465810863072,0.07094552863215664,0.05,-0.20261985637504742,9.484066200109432,9.486230362702331,9.486230362702331,False,-0.20261985637504742,9.484066200109432,-0.20261985637504742,9.484066200109432,-0.20261985637504742,9.484066200109432,2.5852790412066463e-10,0.5374661516383393,104.71970116307193,2.579777512961334e-10,0.5374661259992959,0.0,0.537465810863072,False
12725,0.509,999.9995127090501,2.4459632153557546e-10,0.5374655025290148,0.5374652038040836,0.07094544633406658,0.05,-0.20261962653407048,9.484066165792983,9.486230323484458,9.486230323484458,False,-0.20261962653407048,9.484066165792983,-0.20261962653407048,9.484066165792983,-0.20261962653407048,9.484066165792983,2.451180656032782e-10,0.537465526832853,104.7197039810614,2.4459632153557546e-10,0.5374655025290148,0.0,0.5374652038040836,False
12750,0.51,999.9995381604035,2.3190598710412942e-10,0.5374649115294627,0.5374646283632591,0.07094536832211343,0.05,-0.20261940866283443,9.484066133245735,9.48623028629105,9.48623028629105,False,-0.20261940866283443,9.484066133245735,-0.20261940866283443,9.484066133245735,-0.20261940866283443,9.484066133245735,2.324007808163047e-10,0.5374649345674597,104.71970665203936,2.3190598710412942e-10,0.5374649115294627,0.0,0.5374646283632591,False
12775,0.511,999.999562283864,2.1987128686159856e-10,0.5374643513136036,0.5374640828976913,0.07094529437360839,0.05,-0.20261920213948448,9.48406610237713,9.486230251018291,9.486230251018291,False,-0.20261920213948448,9.48406610237713,-0.20261920213948448,9.48406610237713,-0.20261920213948448,9.48406610237713,2.2034051367949311e-10,0.5374643731515334,104.71970918366284,2.1987128686159856e-10,0.5374643513136036,0.0,0.5374640828976913,False
12800,0.512,999.9995851486032,2.0845856717254872e-10,0.5374638202817502,0.5374635658495608,0.0709452242773927,0.05,-0.20261900637435995,9.484066073101221,9.486230217567659,9.486230217567659,False,-0.20261900637435995,9.484066073101221,-0.20261900637435995,9.484066073101221,-0.20261900637435995,9.484066073101221,2.0890353854711042e-10,0.5374638409819803,104.71971158319096,2.0845856717254872e-10,0.5374638202817502,0.0,0.5374635658495608,False
12825,0.513,999.9996068201979,1.976358898503166e-10,0.5374633169170644,0.5374630757417238,0.07094515783324369,0.05,-0.20261882080833693,9.48406604533639,9.486230185845606,9.486230185845606,False,-0.20261882080833693,9.48406604533639,-0.20261882080833693,9.48406604533639,-0.20261882080833693,9.48406604533639,1.9805785647862223e-10,0.5374633365387328,104.71971385750558,1.976358898503166e-10,0.5374633169170644,0.0,0.5374630757417238,False
12850,0.514,999.9996273608161,1.873729459605277e-10,0.5374628397812774,0.5374626111735902,0.07094509485130988,0.05,-0.20261864491124923,9.484066019005201,9.486230155763396,9.486230155763396,False,-0.20261864491124923,9.484066019005201,-0.20261864491124923,9.484066019005201,-0.20261864491124923,9.484066019005201,1.8777308329120456e-10,0.5374628583804564,104.71971601313082,1.873729459605277e-10,0.5374628397812774,0.0,0.5374626111735902,False
12875,0.515,999.9996468293942,1.7764090424481348e-10,0.5374623875106382,0.5374621708170979,0.0709450351515761,0.05,-0.2026184781803983,9.484065994034069,9.486230127236718,9.486230127236718,False,-0.2026184781803983,9.484065994034069,-0.2026184781803983,9.484065994034069,-0.2026184781803983,9.484065994034069,1.7802034054201037e-10,0.5374624051404967,104.7197180562517,1.7764090424481348e-10,0.5374623875106382,0.0,0.5374621708170979,False
12900,0.516,999.9996652818041,1.684124345588536e-10,0.537461958812061,0.5374617534130349,0.070944978563355,0.05,-0.20261832013913034,9.484065970353187,9.486230100185603,9.486230100185603,False,-0.20261832013913034,9.484065970353187,-0.20261832013913034,9.484065970353187,-0.20261832013913034,9.484065970353187,1.6877223424889532e-10,0.5374619755230118,104.71971999273158,1.684124345588536e-10,0.537461958812061,0.0,0.5374617534130349,False
12925,0.517,999.9996827710105,1.5966170540521305e-10,0.5374615524595263,0.5374613577675339,0.07094492492481193,0.05,-0.2026181703355109,9.484065947896344,9.486230074534198,9.486230074534198,False,-0.2026181703355109,9.484065947896344,-0.2026181703355109,9.484065947896344,-0.2026181703355109,9.484065947896344,1.600028763238898e-10,0.5374615682993663,104.71972182812883,1.5966170540521305e-10,0.5374615524595263,0.0,0.5374613577675339,False
12950,0.518,999.9996993472246,1.5136405102063288e-10,0.5374611672905667,0.5374609827485727,0.07094487408250125,0.05,-0.20261802834103135,9.484065926600614,9.48623005021044,9.48623005021044,False,-0.20261802834103135,9.484065926600614,-0.20261802834103135,9.484065926600614,-0.20261802834103135,9.484065926600614,1.51687550889501e-10,0.5374611823046158,104.71972356771276,1.5136405102063288e-10,0.5374611672905667,0.0,0.5374609827485727,False
12975,0.519,999.999715058044,1.4349618925729842e-10,0.5374608022030408,0.5374606272829126,0.0709448258909402,0.05,-0.20261789374941822,9.484065906406334,9.486230027146004,9.486230027146004,False,-0.20261789374941822,9.484065906406334,-0.20261789374941822,9.484065906406334,-0.20261789374941822,9.484065906406334,1.4380293370195797e-10,0.5374608164342676,104.71972521647848,1.4349618925729842e-10,0.5374608022030408,0.0,0.5374606272829126,False
13000,0.52,999.9997299485904,1.3603596515216036e-10,0.5374604561519609,0.5374602903529733,0.07094478021219044,0.05,-0.2026177661754639,9.484065887256868,9.486230005276033,9.486230005276033,False,-0.2026177661754639,9.484065887256868,-0.2026177661754639,9.484065887256868,-0.2026177661754639,9.484065887256868,1.3632681521224598e-10,0.5374604696411036,104.7197267791612,1.3603596515216036e-10,0.5374604561519609,0.0,0.5374602903529733,False
13025,0.521,999.9997440616374,1.2896229603257406e-10,0.5374601281465641,0.537459970993964,0.07094473691547121,0.05,-0.20261764525394893,9.484065869098432,9.48622998453896,9.48622998453896,False,-0.20261764525394893,9.484065869098432,-0.20261764525394893,9.484065869098432,-0.20261764525394893,9.484065869098432,1.2923807342732159e-10,0.5374601409322485,104.71972826024978,1.2896229603257406e-10,0.5374601281465641,0.0,0.537459970993964,False
13050,0.522,999.9997574377321,1.2225527806687024e-10,0.5374598172475085,0.5374596682911958,0.0709446958767894,0.05,-0.20261753063860635,9.48406585188003,9.486229964876404,9.486229964876404,False,-0.20261753063860635,9.48406585188003,-0.20261753063860635,9.48406585188003,-0.20261753063860635,9.48406585188003,1.225167579478276e-10,0.537459829366354,104.71972966399936,1.2225527806687024e-10,0.5374598172475085,0.0,0.5374596682911958,False
13075,0.523,999.9997701153103,1.1589603314609621e-10,0.5374595225642371,0.5374593813774841,0.07094465697859141,0.05,-0.20261742200115213,9.484065835553263,9.486229946232962,9.486229946232962,False,-0.20261742200115213,9.484065835553263,-0.20261742200115213,9.484065835553263,-0.20261742200115213,9.484065835553263,1.1614395334898184e-10,0.5374595340509619,104.71973099444357,1.1589603314609621e-10,0.5374595225642371,0.0,0.5374593813774841,False
13100,0.524,999.999782130807,1.0986658753047159e-10,0.537459243252429,0.5374591094306621,0.07094462010942691,0.05,-0.20261731903034483,9.484065820072184,9.48622992855605,9.48622992855605,False,-0.20261731903034483,9.484065820072184,-0.20261731903034483,9.484065820072184,-0.20261731903034483,9.484065820072184,1.1010164996295328e-10,0.5374592541399489,104.71973225540604,1.0986658753047159e-10,0.537459243252429,0.0,0.5374591094306621,False
13125,0.525,999.9997935187604,1.0414990253471881e-10,0.5374589785116094,0.5374588516712709,0.0709445851636332,0.05,-0.2026172214311047,9.484065805393207,9.48622991179579,9.48622991179579,False,-0.2026172214311047,9.484065805393207,-0.2026172214311047,9.484065805393207,-0.2026172214311047,9.484065805393207,1.0437277024665849e-10,0.5374589888311302,104.71973345051133,1.0414990253471881e-10,0.5374589785116094,0.0,0.5374588516712709,False
13150,0.526,999.9998043119089,9.872986435101898e-11,0.5374587275829026,0.5374586073603693,0.07094455204103867,0.05,-0.20261712892368572,9.484065791474999,9.486229895904883,9.486229895904883,False,-0.20261712892368572,9.484065791474999,-0.20261712892368572,9.484065791474999,-0.20261712892368572,9.484065791474999,9.894116831916898e-11,0.5374587373640082,104.71973458319515,9.872986435101898e-11,0.5374587275829026,0.0,0.5374586073603693,False
13175,0.527,999.9998145412868,9.359106539675493e-11,0.5374584897468333,0.5374583757973636,0.07094452064667253,0.05,-0.20261704124286548,9.484065778278287,9.486229880838401,9.486229880838401,False,-0.20261704124286548,9.484065778278287,-0.20261704124286548,9.484065778278287,-0.20261704124286548,9.484065778278287,9.379140252018862e-11,0.5374584990175716,104.71973565671438,9.359106539675493e-11,0.5374584897468333,0.0,0.5374583757973636,False
13200,0.528,999.9998242363116,8.871899258983251e-11,0.5374582643213219,0.5374581563180949,0.07094449089050031,0.05,-0.20261695813720557,9.484065765765846,9.486229866553757,9.486229866553757,False,-0.20261695813720557,9.484065765765846,-0.20261695813720557,9.484065765765846,-0.20261695813720557,9.484065765765846,8.890892676932783e-11,0.5374582731082826,104.71973667415618,8.871899258983251e-11,0.5374582643213219,0.0,0.5374581563180949,False
13225,0.529,999.9998334248673,8.40999175599593e-11,0.5374580506597597,0.5374579482929449,0.07094446268716964,0.05,-0.20261687936834297,9.48406575390236,9.486229853010547,9.486229853010547,False,-0.20261687936834297,9.48406575390236,-0.20261687936834297,9.48406575390236,-0.20261687936834297,9.48406575390236,8.427999157121717e-11,0.5374580589881502,104.71973763844686,8.40999175599593e-11,0.5374580506597597,0.0,0.5374579482929449,False
13250,0.53,999.9998421333859,7.972070251381292e-11,0.537457848149141,0.5374577511250175,0.07094443595576373,0.05,-0.2026168047103009,9.48406574265432,9.486229840170447,9.486229840170447,False,-0.2026168047103009,9.48406574265432,-0.2026168047103009,9.48406574265432,-0.2026168047103009,9.48406574265432,7.989142412966946e-11,0.5374578560428582,104.71973855236025,7.972070251381292e-11,0.537457848149141,0.0,0.5374577511250175,False
13275,0.531,999.9998503869211,7.556899899580205e-11,0.5374576562083512,0.5374575642484806,0.07094441061957546,0.05,-0.20261673394885824,9.484065731989954,9.48622982799712,9.48622982799712,False,-0.20261673394885824,9.484065731989954,-0.20261673394885824,9.484065731989954,-0.20261673394885824,9.484065731989954,7.57308523968541e-11,0.5374576636900484,104.71973941852562,7.556899899580205e-11,0.5374576562083512,0.0,0.5374575642484806,False
13300,0.532,999.9998582092215,7.163294088056037e-11,0.5374574742864672,0.5374573871268795,0.07094438660588295,0.05,-0.2026166668809231,9.484065721879071,9.486229816456037,9.486229816456037,False,-0.2026166668809231,9.484065721879071,-0.2026166668809231,9.484065721879071,-0.2026166668809231,9.484065721879071,7.178638125824804e-11,0.5374574813776208,104.71974023943527,7.163294088056037e-11,0.5374574742864672,0.0,0.5374573871268795,False
13325,0.533,999.999865622798,6.79014166859831e-11,0.5374573018612465,0.5374572192516986,0.07094436384575023,0.05,-0.20261660331397624,9.484065712293061,9.486229805514485,9.486229805514485,False,-0.20261660331397624,9.484065712293061,-0.20261660331397624,9.484065712293061,-0.20261660331397624,9.484065712293061,6.804688720433038e-11,0.537457308582216,104.71974101745154,6.79014166859831e-11,0.5374573018612465,0.0,0.5374572192516986,False
13350,0.534,999.9998726489875,6.436380404488689e-11,0.5374571384375917,0.5374570601408659,0.07094434227382436,0.05,-0.20261654306550358,9.484065703204786,9.486229795141435,9.486229795141435,False,-0.20261654306550358,9.484065703204786,-0.20261654306550358,9.484065703204786,-0.20261654306550358,9.484065703204786,6.450171409863412e-11,0.5374571448076766,104.71974175481365,6.436380404488689e-11,0.5374571384375917,0.0,0.5374570601408659,False
13375,0.535,999.9998793080141,6.101017201231638e-11,0.5374569835461988,0.5374569093374453,0.07094432182815726,0.05,-0.20261648596249926,9.484065694588548,9.486229785307497,9.486229785307497,False,-0.20261648596249926,9.484065694588548,-0.20261648596249926,9.484065694588548,-0.20261648596249926,9.484065694588548,6.11409087917434e-11,0.5374569895836926,104.71974245364399,6.101017201231638e-11,0.5374569835461988,0.0,0.5374569093374453,False
13400,0.536,999.9998856190487,5.7830811687921324e-11,0.537456836742157,0.5374567664081835,0.07094430245002067,0.05,-0.20261643184095104,9.484065686419845,9.486229775984675,9.486229775984675,False,-0.20261643184095104,9.484065686419845,-0.20261643184095104,9.484065686419845,-0.20261643184095104,9.484065686419845,5.7954751743670636e-11,0.537456842464405,104.71974311595444,5.7830811687921324e-11,0.537456836742157,0.0,0.5374567664081835,False
13425,0.537,999.9998916002613,5.4816805359454e-11,0.537456697603724,0.5374566309424633,0.07094428408374459,0.05,-0.20261638054538497,9.484065678675561,9.486229767146538,9.486229767146538,False,-0.20261638054538497,9.484065678675561,-0.20261638054538497,9.484065678675561,-0.20261638054538497,9.484065678675561,5.4934298103383086e-11,0.537456703027166,104.71974374365185,5.4816805359454e-11,0.537456697603724,0.0,0.5374566309424633,False
13450,0.538,999.9998972688749,5.195956236786609e-11,0.5374565657311131,0.5374565025510085,0.07094426667655719,0.05,-0.20261633192842185,9.484065671333715,9.486229758767957,9.486229758767957,False,-0.20261633192842185,9.484065671333715,-0.20261633192842185,9.484065671333715,-0.20261633192842185,9.484065671333715,5.2070947343183314e-11,0.5374565708713339,104.71974433854365,5.195956236786609e-11,0.5374565657311131,0.0,0.5374565025510085,False
13475,0.539,999.9999026412142,4.925091656021859e-11,0.5374564407453282,0.5374563808647976,0.07094425017843096,0.05,-0.2026162858503457,9.484065664373457,9.486229750825105,9.486229750825105,False,-0.2026162858503457,9.484065664373457,-0.2026162858503457,9.484065664373457,-0.2026162858503457,9.484065664373457,4.9356505554556704e-11,0.537456445617101,104.71974490234305,4.925091656021859e-11,0.5374564407453282,0.0,0.5374563808647976,False
13500,0.54,999.9999077327516,4.668327231484894e-11,0.5374563222871532,0.53745626553409,0.07094423454194938,0.05,-0.20261624217873223,9.484065657775064,9.486229743295436,9.486229743295436,False,-0.20261624217873223,9.484065657775064,-0.20261624217873223,9.484065657775064,-0.20261624217873223,9.484065657775064,4.678336385484345e-11,0.5374563269044804,104.71974543667378,4.668327231484894e-11,0.5374563222871532,0.0,0.53745626553409,False
13525,0.541,999.9999125581539,4.4249143644618354e-11,0.5374562100160397,0.5374561562272524,0.07094421972216004,0.05,-0.20261620078804005,9.484065651519703,9.486229736157439,9.486229736157439,False,-0.20261620078804005,9.484065651519703,-0.20261620078804005,9.484065651519703,-0.20261620078804005,9.484065651519703,4.434403039739437e-11,0.5374562143921983,104.71974594307504,4.4249143644618354e-11,0.5374562100160397,0.0,0.5374561562272524,False
13550,0.542,999.9999171313214,4.194172411139769e-11,0.5374561036091767,0.5374560526300155,0.0709442056764519,0.05,-0.20261616155926393,9.484065645589657,9.48622972939086,9.48622972939086,False,-0.20261616155926393,9.484065645589657,-0.20261616155926393,9.484065645589657,-0.20261616155926393,9.484065645589657,4.2031673455666967e-11,0.5374561077567488,104.71974642300559,4.194172411139769e-11,0.5374561036091767,0.0,0.5374560526300155,False
13575,0.543,999.9999214654295,3.9754390463856824e-11,0.537456002760584,0.5374559544444379,0.07094419236443554,0.05,-0.20261612437960466,9.484065639968035,9.4862297229764,9.4862297229764,False,-0.20261612437960466,9.484065639968035,-0.20261612437960466,9.484065639968035,-0.20261612437960466,9.484065639968035,3.983965759671738e-11,0.5374560066914976,104.71974687784814,3.9754390463856824e-11,0.537456002760584,0.0,0.5374559544444379,False
13600,0.544,999.9999255729662,3.768097094136233e-11,0.5374559071802266,0.5374558613881382,0.07094417974782635,0.05,-0.20261608914214035,9.484065634638869,9.486229716895814,9.486229716895814,False,-0.20261608914214035,9.484065634638869,-0.20261608914214035,9.484065634638869,-0.20261608914214035,9.484065634638869,3.7761796873729106e-11,0.5374559109057873,104.71974730891318,3.768097094136233e-11,0.5374559071802266,0.0,0.5374558613881382,False
13625,0.545,999.9999294657674,3.571549485700638e-11,0.5374558165931731,0.5374557731934155,0.07094416779033341,0.05,-0.2026160557455172,9.484065629586977,9.486229711131758,9.486229711131758,False,-0.2026160557455172,9.484065629586977,-0.2026160557455172,9.484065629586977,-0.2026160557455172,9.484065629586977,3.5792110422749906e-11,0.5374558201240976,104.7197477174429,3.571549485700638e-11,0.5374558165931731,0.0,0.5374557731934155,False
13650,0.546,999.9999331550522,3.3852375321812813e-11,0.5374557307388319,0.5374556896065378,0.07094415645755855,0.05,-0.20261602409366788,9.484065624797967,9.486229705667789,9.486229705667789,False,-0.20261602409366788,9.484065624797967,-0.20261602409366788,9.484065624797967,-0.20261602409366788,9.484065624797967,3.3925003799119154e-11,0.5374557340852795,104.7197481046146,3.3852375321812813e-11,0.5374557307388319,0.0,0.5374556896065378,False
13675,0.547,999.9999366514531,3.208627247142847e-11,0.5374556493701638,0.5374556103869806,0.07094414571689266,0.05,-0.20261599409552025,9.484065620258201,9.486229700488328,9.486229700488328,False,-0.20261599409552025,9.484065620258201,-0.20261599409552025,9.484065620258201,-0.20261599409552025,9.484065620258201,3.2155120485138323e-11,0.5374556525417635,104.71974847154416,3.208627247142847e-11,0.5374556493701638,0.0,0.5374556103869806,False
13700,0.548,999.9999399650485,3.041215822913295e-11,0.537455572253031,0.5374555353067753,0.07094413553742951,0.05,-0.20261596566475834,9.484065615954751,9.48622969557861,9.48622969557861,False,-0.20261596566475834,9.484065615954751,-0.20261596566475834,9.484065615954751,-0.20261596566475834,9.484065615954751,3.0477418834694485e-11,0.5374555752589097,104.71974881928922,3.041215822913295e-11,0.537455572253031,0.0,0.5374555353067753,False
13725,0.549,999.9999431053899,2.8825259869501485e-11,0.5374554991654885,0.5374554641498294,0.07094412588987237,0.05,-0.2026159387195611,9.484065611875353,9.48622969092462,9.48622969092462,False,-0.2026159387195611,9.484065611875353,-0.2026159387195611,9.484065611875353,-0.2026159387195611,9.484065611875353,2.88871174872949e-11,0.5374555020142973,104.71974914885219,2.8825259869501485e-11,0.5374554991654885,0.0,0.5374554641498294,False
13750,0.55,999.9999460815308,2.7321041360490286e-11,0.5374554298971724,0.5374553967113065,0.07094411674645318,0.05,-0.20261591318237726,9.484065608008347,9.486229686513049,9.486229686513049,False,-0.20261591318237726,9.484065608008347,-0.20261591318237726,9.484065608008347,-0.20261591318237726,9.484065608008347,2.737967825212879e-11,0.5374554325971124,104.71974946118317,2.7321041360490286e-11,0.5374554298971724,0.0,0.5374553967113065,False
13775,0.551,999.9999489020522,2.5895149394261668e-11,0.5374553642486554,0.5374553327970458,0.07094410808084756,0.05,-0.2026158889796861,9.48406560434271,9.486229682331304,9.486229682331304,False,-0.2026158889796861,9.48406560434271,-0.2026158889796861,9.48406560434271,-0.2026158889796861,9.48406560434271,2.595072900924611e-11,0.5374553668074993,104.71974975718268,2.5895149394261668e-11,0.5374553642486554,0.0,0.5374553327970458,False
13800,0.552,999.9999515750866,2.45435839297765e-11,0.5374553020309374,0.5374552722230221,0.07094409986810747,0.05,-0.20261586604181203,9.484065600867972,9.48622967836743,9.48622967836743,False,-0.20261586604181203,9.484065600867972,-0.20261586604181203,9.484065600867972,-0.20261586604181203,9.484065600867972,2.4596270180200656e-11,0.5374553044560534,104.7197500377042,2.45435839297765e-11,0.5374553020309374,0.0,0.5374552722230221,False
13825,0.553,999.9999541083413,2.326252610822536e-11,0.5374552430648889,0.5374552148148524,0.07094409208458784,0.05,-0.2026158443027167,9.484065597574261,9.486229674610147,9.486229674610147,False,-0.2026158443027167,9.484065597574261,-0.2026158443027167,9.484065597574261,-0.2026158443027167,9.484065597574261,2.331246517345414e-11,0.5374552453632585,104.71975030355655,2.326252610822536e-11,0.5374552430648889,0.0,0.5374552148148524,False
13850,0.554,999.9999565091218,2.2048241571106798e-11,0.5374551871807077,0.5374551604071967,0.07094408470787475,0.05,-0.20261582369980183,9.484065594452145,9.486229671048687,9.486229671048687,False,-0.20261582369980183,9.484065594452145,-0.20261582369980183,9.484065594452145,-0.20261582369980183,9.484065594452145,2.209557577556405e-11,0.53745518935895,104.71975055550642,2.2048241571106798e-11,0.5374551871807077,0.0,0.5374551604071967,False
13875,0.555,999.9999587843524,2.089721908390781e-11,0.5374551342174403,0.5374551088433291,0.07094407771672233,0.05,-0.20261580417373068,9.484065591492682,9.486229667672841,9.486229667672841,False,-0.20261580417373068,9.484065591492682,-0.20261580417373068,9.484065591492682,-0.20261580417373068,9.484065591492682,2.094208705127397e-11,0.5374551362818296,104.71975079428049,2.089721908390781e-11,0.5374551342174403,0.0,0.5374551088433291,False
13900,0.556,999.9999609405954,1.980619335735485e-11,0.5374550840225305,0.5374550599747316,0.07094407109099318,0.05,-0.2026157856682618,9.484065588687429,9.486229664472972,9.486229664472972,False,-0.2026157856682618,9.484065588687429,-0.2026157856682618,9.484065588687429,-0.2026157856682618,9.484065588687429,1.9848722917475393e-11,0.5374550859790136,104.7197510205674,1.980619335735485e-11,0.5374550840225305,0.0,0.5374550599747316,False
13925,0.557,999.9999629840702,1.8772087069100348e-11,0.537455036451383,0.5374550136606343,0.07094406481160072,0.05,-0.20261576813008814,9.484065586028395,9.486229661439948,9.486229661439948,False,-0.20261576813008814,9.484065586028395,-0.20261576813008814,9.484065586028395,-0.20261576813008814,9.484065586028395,1.8812393870207006e-11,0.5374550383055948,104.71975123501986,1.8772087069100348e-11,0.537455036451383,0.0,0.5374550136606343,False
13950,0.558,999.9999649206717,1.7791883342272544e-11,0.5374549913669582,0.5374549697675762,0.0709440588604557,0.05,-0.20261575150868982,9.484065583507919,9.486229658565032,9.486229658565032,False,-0.20261575150868982,9.484065583507919,-0.20261575150868982,9.484065583507919,-0.20261575150868982,9.484065583507919,1.78300930554438e-11,0.5374549931242425,104.71975143825652,1.7791883342272544e-11,0.5374549913669582,0.0,0.5374549697675762,False
13975,0.559,999.9999667559862,1.6862818800923608e-11,0.5374549486393525,0.5374549281691188,0.07094405322041084,0.05,-0.20261573575617528,9.484065581118854,9.486229655840054,9.486229655840054,False,-0.20261573575617528,9.484065581118854,-0.20261573575617528,9.484065581118854,-0.20261573575617528,9.484065581118854,1.6899033196603385e-11,0.5374549503047714,104.71975163086364,1.6862818800923608e-11,0.5374549486393525,0.0,0.5374549281691188,False
14000,0.56,999.999968495309,1.5982224592260466e-11,0.5374549081454597,0.5374548887453848,0.07094404787521613,0.05,-0.20261572082716062,9.48406557885434,9.486229653257189,9.486229653257189,False,-0.20261572082716062,9.48406557885434,-0.20261572082716062,9.48406557885434,-0.20261572082716062,9.48406557885434,1.6016550683612527e-11,0.5374549097238125,104.7197518133969,1.5982224592260466e-11,0.5374549081454597,0.0,0.5374548887453848,False
14025,0.561,999.9999701436584,1.5147533788131582e-11,0.5374548697685732,0.5374548513827407,0.0709440428094663,0.05,-0.20261570667862047,9.484065576707883,9.486229650809024,9.486229650809024,False,-0.20261570667862047,9.484065576707883,-0.20261570667862047,9.484065576707883,-0.20261570667862047,9.484065576707883,1.5180069799054075e-11,0.5374548712644089,104.71975198638297,1.5147533788131582e-11,0.5374548697685732,0.0,0.5374548513827407,False
14050,0.562,999.9999717057904,1.4356402275978577e-11,0.5374548333980922,0.5374548159735179,0.07094403800856205,0.05,-0.20261569326978027,9.48406557467336,9.486229648488568,9.486229648488568,False,-0.20261569326978027,9.48406557467336,-0.20261569326978027,9.48406557467336,-0.20261569326978027,9.48406557467336,1.4387241804440387e-11,0.5374548348157218,104.71975215032097,1.4356402275978577e-11,0.5374548333980922,0.0,0.5374548159735179,False
14075,0.5630000000000001,999.9999731862135,1.3606486868428925e-11,0.537454798929166,0.537454782415609,0.07094403345866307,0.05,-0.20261568056198587,9.484065572744907,9.486229646289129,9.486229646289129,False,-0.20261568056198587,9.484065572744907,-0.20261568056198587,9.484065572744907,-0.20261568056198587,9.484065572744907,1.3635718578074379e-11,0.5374548002726769,104.71975230568403,1.3606486868428925e-11,0.537454798929166,0.0,0.537454782415609,False
14100,0.5640000000000001,999.9999745891989,1.2895731648317723e-11,0.5374547662624408,0.5374547506123141,0.07094402914665465,0.05,-0.20261566851860824,9.484065570917048,9.486229644204453,9.486229644204453,False,-0.20261566851860824,9.484065570917048,-0.20261566851860824,9.484065570917048,-0.20261566851860824,9.484065570917048,1.292343433414204e-11,0.5374547675357048,104.7197524529204,1.2895731648317723e-11,0.5374547662624408,0.0,0.5374547506123141,False
14125,0.5650000000000001,999.9999759187956,1.2222121560855275e-11,0.5374547353037733,0.5374547204719574,0.0709440250601099,0.05,-0.2026156571049409,9.484065569184535,9.486229642228553,9.486229642228553,False,-0.2026156571049409,9.484065569184535,-0.2026156571049409,9.484065569184535,-0.2026156571049409,9.484065569184535,1.2248381265142863e-11,0.5374547365104609,104.719752592455,1.2222121560855275e-11,0.5374547353037733,0.0,0.5374547204719574,False
14150,0.5660000000000001,999.9999771788408,1.1583655120644409e-11,0.5374547059639017,0.5374546919076405,0.07094402118724623,0.05,-0.20261564628807577,9.484065567542412,9.486229640355766,9.486229640355766,False,-0.20261564628807577,9.484065567542412,-0.20261564628807577,9.484065567542412,-0.20261564628807577,9.484065567542412,1.1608542311717804e-11,0.5374547071074915,104.71975272469051,1.1583655120644409e-11,0.5374547059639017,0.0,0.5374546919076405,False
14175,0.5670000000000001,999.9999783729719,1.0978467769794323e-11,0.5374546781582252,0.5374546648369722,0.07094401751689634,0.05,-0.2026156360368243,9.48406556598593,9.486229638580683,9.486229638580683,False,-0.2026156360368243,9.48406556598593,-0.2026156360368243,9.48406556598593,-0.2026156360368243,9.48406556598593,1.1002060934253462e-11,0.5374546792420163,104.71975285000866,1.0978467769794323e-11,0.5374546781582252,0.0,0.5374546648369722,False
14200,0.5680000000000001,999.9999795046357,1.0404819233713921e-11,0.5374546518065328,0.5374546391818801,0.07094401403847239,0.05,-0.20261562632161434,9.484065564510654,9.486229636898239,9.486229636898239,False,-0.20261562632161434,9.484065564510654,-0.20261562632161434,9.484065564510654,-0.20261562632161434,9.484065564510654,1.0427176195674668e-11,0.5374546528336498,104.71975296877119,1.0404819233713921e-11,0.5374546518065328,0.0,0.5374546391818801,False
14225,0.5690000000000001,999.9999805770985,9.861167998573035e-12,0.5374546268328584,0.5374546148683956,0.07094401074194685,0.05,-0.2026156171144405,9.48406556311235,9.4862296353036,9.4862296353036,False,-0.2026156171144405,9.48406556311235,-0.2026156171144405,9.48406556311235,-0.2026156171144405,9.48406556311235,9.882361385124918e-12,0.5374546278062635,104.71975308132087,9.861167998573035e-12,0.5374546268328584,0.0,0.5374546148683956,False
14250,0.5700000000000001,999.9999815934558,9.345931842363938e-12,0.5374546031651861,0.5374545918264162,0.07094400761781361,0.05,-0.2026156083887525,9.484065561787029,9.486229633792208,9.486229633792208,False,-0.2026156083887525,9.484065561787029,-0.2026156083887525,9.484065561787029,-0.2026156083887525,9.484065561787029,9.366017010460546e-12,0.5374546040876861,104.71975318798258,9.345931842363938e-12,0.5374546031651861,0.0,0.5374545918264162,False
14275,0.5710000000000001,999.9999825566423,8.857557994828567e-12,0.5374545807352502,0.5374545699894655,0.07094400465706159,0.05,-0.20261560011938337,9.484065560530865,9.486229632359706,9.486229632359706,False,-0.20261560011938337,9.484065560530865,-0.20261560011938337,9.484065560530865,-0.20261560011938337,9.484065560530865,8.876593231178692e-12,0.5374545816095061,104.71975328906424,8.857557994828567e-12,0.5374545807352502,0.0,0.5374545699894655,False
14300,0.5720000000000001,999.999983469438,8.394723748591204e-12,0.5374545594783661,0.5374545492945777,0.07094400185115243,0.05,-0.20261559228248582,9.484065559340278,9.486229631002004,9.486229631002004,False,-0.20261559228248582,9.484065559340278,-0.20261559228248582,9.484065559340278,-0.20261559228248582,9.484065559340278,8.412766106322502e-12,0.537454560306899,104.71975338485765,8.394723748591204e-12,0.5374545594783661,0.0,0.5374545492945777,False
14325,0.5730000000000001,999.9999843344789,7.95599892051943e-12,0.5374545393331952,0.5374545296820153,0.07094399919198946,0.05,-0.20261558485544667,9.484065558211814,9.486229629715163,9.486229629715163,False,-0.20261558485544667,9.484065558211814,-0.20261558485544667,9.484065558211814,-0.20261558485544667,9.484065558211814,7.973100672632641e-12,0.5374545401183961,104.71975347563945,7.95599892051943e-12,0.5374545393331952,0.0,0.5374545296820153,False
14350,0.5740000000000001,999.9999851542624,7.540185086537218e-12,0.5374545202416277,0.5374545110952159,0.07094399667190215,0.05,-0.20261557781684233,9.484065557142255,9.486229628495511,9.486229628495511,False,-0.20261557781684233,9.484065557142255,-0.20261557781684233,9.484065557142255,-0.20261557781684233,9.484065557142255,7.556393571708534e-12,0.5374545209857616,104.71975356167171,7.540185086537218e-12,0.5374545202416277,0.0,0.5374545110952159,False
14375,0.5750000000000001,999.9999859311556,7.146095541589362e-12,0.5374545021485854,0.5374544934805564,0.07094399428362018,0.05,-0.2026155711463672,9.484065556128536,9.486229627339549,9.486229627339549,False,-0.2026155711463672,9.484065556128536,-0.2026155711463672,9.484065556128536,-0.2026155711463672,9.484065556128536,7.161455631332694e-12,0.5374545028537989,104.71975364320284,7.146095541589362e-12,0.5374545021485854,0.0,0.5374544934805564,False
14400,0.5760000000000001,999.9999866674019,6.772571027800978e-12,0.5374544850018597,0.5374544767872016,0.07094399202025202,0.05,-0.20261556482477372,9.484065555167728,9.486229626243938,9.486229626243938,False,-0.20261556482477372,9.484065555167728,-0.20261556482477372,9.484065555167728,-0.20261556482477372,9.484065555167728,6.787125743258529e-12,0.5374544856701879,104.71975372046828,6.772571027800978e-12,0.5374544850018597,0.0,0.5374544767872016,False
14425,0.5770000000000001,999.9999873651269,6.418606484939498e-12,0.5374544687519968,0.5374544609670084,0.07094398987526979,0.05,-0.20261555883382995,9.484065554257091,9.48622962520555,9.48622962520555,False,-0.20261555883382995,9.484065554257091,-0.20261555883382995,9.484065554257091,-0.20261555883382995,9.484065554257091,6.432402856392173e-12,0.5374544693853679,104.7197537936911,6.418606484939498e-12,0.5374544687519968,0.0,0.5374544609670084,False
14450,0.5780000000000001,999.9999880263457,6.083113431847862e-12,0.5374544533521033,0.5374544459743226,0.07094398784248351,0.05,-0.20261555315624755,9.484065553394005,9.486229624221393,9.486229624221393,False,-0.20261555315624755,9.484065553394005,-0.20261555315624755,9.484065553394005,-0.20261555315624755,9.484065553394005,6.096190162903881e-12,0.5374544539523448,104.71975386308276,6.083113431847862e-12,0.5374544533521033,0.0,0.5374544459743226,False
14475,0.5790000000000001,999.9999886529679,5.7650996066978065e-12,0.5374544387577225,0.537454431765852,0.07094398591602494,0.05,-0.20261554777563676,9.484065552575974,9.486229623288624,9.486229623288624,False,-0.20261554777563676,9.484065552575974,-0.20261554777563676,9.484065552575974,-0.20261554777563676,9.484065552575974,5.777491854419616e-12,0.5374544393265671,104.7197539288437,5.7650996066978065e-12,0.5374544387577225,0.0,0.537454431765852,False
14500,0.5800000000000001,999.9999892468032,5.463719852211842e-12,0.5374544249267468,0.5374544183006079,0.07094398409033587,0.05,-0.20261554267647378,9.484065551800658,9.486229622404572,9.486229622404572,False,-0.20261554267647378,9.484065551800658,-0.20261554267647378,9.484065551800658,-0.20261554267647378,9.484065551800658,5.47546693699823e-12,0.5374544254658361,104.71975399116381,5.463719852211842e-12,0.5374544249267468,0.0,0.5374544183006079,False
14525,0.5810000000000001,999.9999898095659,5.178137954575724e-12,0.5374544118192749,0.5374544055397547,0.07094398236014929,0.05,-0.20261553784404798,9.484065551065854,9.48622962156672,9.48622962156672,False,-0.20261553784404798,9.484065551065854,-0.20261553784404798,9.484065551065854,-0.20261553784404798,9.484065551065854,5.189272257931576e-12,0.537454412330164,104.71975405022303,5.178137954575724e-12,0.5374544118192749,0.0,0.5374544055397547,False
14550,0.5820000000000001,999.9999903428824,4.907416854717141e-12,0.5374543993974574,0.5374543934464322,0.07094398072046912,0.05,-0.20261553326440543,9.484065550369424,9.486229620772633,9.486229620772633,False,-0.20261553326440543,9.484065550369424,-0.20261553326440543,9.484065550369424,-0.20261553326440543,9.484065550369424,4.917964744439292e-12,0.5374543998816209,104.71975410619198,4.907416854717141e-12,0.5374543993974574,0.0,0.5374543934464322,False
14575,0.5830000000000001,999.9999908482928,4.650848785457896e-12,0.5374543876254534,0.5374543819857316,0.07094397916656434,0.05,-0.2026155289243333,9.484065549709348,9.486229620020008,9.486229620020008,False,-0.2026155289243333,9.484065549709348,-0.2026155289243333,9.484065549709348,-0.2026155289243333,9.484065549709348,4.6608517407121266e-12,0.5374543880842898,104.71975415923234,4.650848785457896e-12,0.5374543876254534,0.0,0.5374543819857316,False
14600,0.5840000000000001,999.9999913272562,4.407715185784825e-12,0.5374543764692823,0.5374543711246054,0.07094397769394953,0.05,-0.20261552481130268,9.48406554908379,9.486229619306743,9.486229619306743,False,-0.20261552481130268,9.48406554908379,-0.20261552481130268,9.48406554908379,-0.20261552481130268,9.48406554908379,4.4171909393e-12,0.5374543769041144,104.71975420949722,4.407715185784825e-12,0.5374543764692823,0.0,0.5374543711246054,False
14625,0.5850000000000001,999.999991781157,4.177279916153545e-12,0.5374543658967489,0.5374543608316783,0.07094397629837489,0.05,-0.2026155209134453,9.484065548490893,9.486229618630727,9.486229618630727,False,-0.2026155209134453,9.484065548490893,-0.2026155209134453,9.484065548490893,-0.2026155209134453,9.484065548490893,4.186262699806259e-12,0.5374543663088327,104.71975425713188,4.177279916153545e-12,0.5374543658967489,0.0,0.5374543608316783,False
14650,0.5860000000000001,999.9999922113063,3.9588241071556146e-12,0.5374543558773043,0.5374543510772037,0.07094397497580798,0.05,-0.20261551721949847,9.484065547928942,9.486229617990007,9.486229617990007,False,-0.20261551721949847,9.484065547928942,-0.20261551721949847,9.484065547928942,-0.20261551721949847,9.484065547928942,3.967340288742701e-12,0.5374543562678308,104.71975430227397,3.9588241071556146e-12,0.5374543558773043,0.0,0.5374543510772037,False
14675,0.5870000000000001,999.9999926189465,3.7518046746948185e-12,0.5374543463820294,0.5374543418330515,0.07094397372243151,0.05,-0.20261551371879982,9.484065547396364,9.48622961738278,9.48622961738278,False,-0.20261551371879982,9.484065547396364,-0.20261551371879982,9.484065547396364,-0.20261551371879982,9.484065547396364,3.759874299909778e-12,0.537454346752125,104.71975434505383,3.7518046746948185e-12,0.5374543463820294,0.0,0.5374543418330515,False
14700,0.5880000000000001,999.9999930052553,3.5556250280930644e-12,0.5374543373835161,0.5374543330725279,0.07094397253462756,0.05,-0.20261551040124517,9.48406554689161,9.48622961680728,9.48622961680728,False,-0.20261551040124517,9.48406554689161,-0.20261551040124517,9.48406554689161,-0.20261551040124517,9.48406554689161,3.5632727685586662e-12,0.5374543377342494,104.71975438559505,3.5556250280930644e-12,0.5374543373835161,0.0,0.5374543330725279,False
14725,0.5890000000000001,999.9999933713486,3.3696757782679465e-12,0.5374543288557818,0.5374543247703287,0.07094397140896645,0.05,-0.20261550725725552,9.484065546413216,9.486229616261845,9.486229616261845,False,-0.20261550725725552,9.484065546413216,-0.20261550725725552,9.484065546413216,-0.20261550725725552,9.484065546413216,3.3769252262234642e-12,0.5374543291881659,104.71975442401478,3.3696757782679465e-12,0.5374543288557818,0.0,0.5374543247703287,False
14750,0.5900000000000001,999.9999937182837,3.19350050019823e-12,0.5374543207742154,0.5374543169025232,0.07094397034219951,0.05,-0.20261550427775685,9.484065545959854,9.486229615744946,9.486229615744946,False,-0.20261550427775685,9.484065545959854,-0.20261550427775685,9.484065545959854,-0.20261550427775685,9.484065545959854,3.200368308989033e-12,0.5374543210892084,104.71975446042393,3.19350050019823e-12,0.5374543207742154,0.0,0.5374543169025232,False
14775,0.5910000000000001,999.9999940470633,3.02652850840973e-12,0.5374543131154821,0.5374543094463633,0.07094396933124655,0.05,-0.20261550145414692,9.484065545530175,9.486229615255057,9.486229615255057,False,-0.20261550145414692,9.484065545530175,-0.20261550145414692,9.484065545530175,-0.20261550145414692,9.484065545530175,3.0330365741010257e-12,0.5374543134139941,104.71975449492774,3.02652850840973e-12,0.5374543131154821,0.0,0.5374543094463633,False
14800,0.5920000000000001,999.9999943586373,2.8682449369747754e-12,0.5374543058574606,0.5374543023803107,0.07094396837318756,0.05,-0.2026154987782703,9.484065545122933,9.486229614790753,9.486229614790753,False,-0.2026154987782703,9.484065545122933,-0.2026154987782703,9.484065545122933,-0.2026154987782703,9.484065545122933,2.8744145388412025e-12,0.5374543061403544,104.71975452762592,2.8682449369747754e-12,0.5374543058574606,0.0,0.5374543023803107,False
14825,0.5930000000000001,999.9999946539059,2.7182360736190524e-12,0.5374542989791852,0.5374542956839667,0.07094396746525507,0.05,-0.20261549624239703,9.484065544736978,9.486229614350723,9.486229614350723,False,-0.20261549624239703,9.484065544736978,-0.20261549624239703,9.484065544736978,-0.20261549624239703,9.484065544736978,2.7240818604366308e-12,0.5374542992472774,104.71975455861293,2.7182360736190524e-12,0.5374542989791852,0.0,0.5374542956839667,False
14850,0.5940000000000001,999.9999949337217,2.5761040884254e-12,0.537454292460813,0.537454289338018,0.0709439666048298,0.05,-0.20261549383921162,9.484065544371212,9.48622961393371,9.48622961393371,False,-0.20261549383921162,9.484065544371212,-0.20261549383921162,9.484065544371212,-0.20261549383921162,9.484065544371212,2.581645180701776e-12,0.5374542927148772,104.71975458797826,2.5761040884254e-12,0.537454292460813,0.0,0.537454289338018,False
14875,0.5950000000000001,999.9999951988945,2.441336736826072e-12,0.5374542862834931,0.5374542833240898,0.07094396578942344,0.05,-0.20261549156176453,9.484065544024538,9.486229613538471,9.486229613538471,False,-0.20261549156176453,9.484065544024538,-0.20261549156176453,9.484065544024538,-0.20261549156176453,9.484065544024538,2.446586241360841e-12,0.5374542865242641,104.71975461580683,2.441336736826072e-12,0.5374542862834931,0.0,0.5374542833240898,False
14900,0.5960000000000001,999.9999954501893,2.313648136392225e-12,0.5374542804293976,0.5374542776248391,0.07094396501668271,0.05,-0.2026154894034829,9.484065543695985,9.486229613163896,9.486229613163896,False,-0.2026154894034829,9.484065543695985,-0.2026154894034829,9.484065543695985,-0.2026154894034829,9.484065543695985,2.318625019495392e-12,0.5374542806575706,104.71975464217903,2.313648136392225e-12,0.5374542804293976,0.0,0.5374542776248391,False
14925,0.5970000000000001,999.9999956883329,2.1926404572067025e-12,0.5374542748816189,0.5374542722238075,0.07094396428437581,0.05,-0.20261548735813328,9.484065543384608,9.486229612808902,9.486229612808902,False,-0.20261548735813328,9.484065543384608,-0.20261548735813328,9.484065543384608,-0.20261548735813328,9.484065543384608,2.197358750863717e-12,0.5374542750978529,104.71975466717103,2.1926404572067025e-12,0.5374542748816189,0.0,0.5374542722238075,False
14950,0.5980000000000001,999.9999959140132,2.077933293685928e-12,0.5374542696241235,0.5374542671053791,0.0709439635903863,0.05,-0.20261548541980462,9.484065543089498,9.48622961247246,9.48622961247246,False,-0.20261548541980462,9.484065543089498,-0.20261548541980462,9.484065543089498,-0.20261548541980462,9.484065543089498,2.082406258894029e-12,0.5374542698290434,104.7197546908551,2.077933293685928e-12,0.5374542696241235,0.0,0.5374542671053791,False
14975,0.5990000000000001,999.9999961278821,1.969278233428141e-12,0.5374542646417405,0.5374542622548001,0.07094396293271164,0.05,-0.20261548358290335,9.484065542809837,9.486229612153629,9.486229612153629,False,-0.20261548358290335,9.484065542809837,-0.20261548358290335,9.484065542809837,-0.20261548358290335,9.484065542809837,1.9735165098246473e-12,0.5374542648359371,104.71975471329961,1.969278233428141e-12,0.5374542646417405,0.0,0.5374542622548001,False
14999,0.59996,999.9999963226587,1.8702606800123124e-12,0.537454260104097,0.5374542578371869,0.07094396233374262,0.05,-0.20261548190996811,9.484065542555108,9.486229611863227,9.486229611863227,False,-0.20261548190996811,9.484065542555108,-0.20261548190996811,9.484065542555108,-0.20261548190996811,9.484065542555108,1.8742852384765786e-12,0.5374542602885282,104.71975473374047,1.8702606800123124e-12,0.537454260104097,0.0,0.5374542578371869,False
