time_s,id_a,iq_a,speed_rad_s,reconstructed_torque_nm,iq_reference_a,voltage_magnitude_v
0.000000000000000000e+00,6.161118941714065385e-03,-4.318328788784736821e-04,-3.800568097451827859e-02,-3.887701722817967859e-05,8.000000000000000444e-01,0.000000000000000000e+00
1.000000000000000021e-03,-7.065968200007760949e-03,6.965458379761052532e-01,1.246695388950996713e-01,6.267548011652190887e-02,8.000000000000000444e-01,5.682183082066768476e-01
2.000000000000000042e-03,6.952104305397445796e-03,7.911558383449154297e-01,2.390666545714952018e-01,7.122836491815100202e-02,8.000000000000000444e-01,4.763114772823199838e-01
3.000000000000000062e-03,-1.549127476659649567e-02,8.005453083259443936e-01,3.522436427582993912e-01,7.200916692741807235e-02,8.000000000000000444e-01,4.714230504799470367e-01
4.000000000000000083e-03,8.283236359362197362e-03,7.912143974800291968e-01,5.607209725335936534e-01,7.123742028634029444e-02,8.000000000000000444e-01,4.782297533557862690e-01
5.000000000000000104e-03,6.182223198414336755e-03,8.116985636795674974e-01,6.667955514000072359e-01,7.307559743608443847e-02,8.000000000000000444e-01,4.866050832727479292e-01
6.000000000000000125e-03,2.809855722185749562e-03,8.019691885645054974e-01,7.798375997427710038e-01,7.218996628906766688e-02,8.000000000000000444e-01,4.951873665501013710e-01
7.000000000000000146e-03,-7.173330352511863781e-03,8.105329312297522293e-01,9.518007813002853368e-01,7.293177292033656278e-02,8.000000000000000444e-01,5.037933684108808485e-01
8.000000000000000167e-03,3.453064415452975020e-03,7.965895783003769104e-01,1.061479492692394500e+00,7.170755640904141748e-02,8.000000000000000444e-01,5.123983605297580679e-01
9.000000000000001055e-03,1.477554961788631223e-02,8.066570427184615033e-01,1.324435528987391253e+00,7.264661939099084642e-02,8.000000000000000444e-01,5.209989673311156144e-01
1.000000000000000021e-02,7.452711032063150630e-03,8.137005015557254861e-01,1.291531709700343367e+00,7.325954140351542687e-02,8.000000000000000444e-01,5.295947064784994884e-01
1.099999999999999936e-02,5.701816005927261462e-03,8.015317535784073355e-01,1.514450553840959834e+00,7.215891668503732204e-02,8.000000000000000444e-01,5.381854963158194671e-01
1.200000000000000025e-02,-9.890541136050756688e-03,8.160206471457220889e-01,1.630614201010583963e+00,7.341759295636883509e-02,8.000000000000000444e-01,5.467713152051733028e-01
1.300000000000000114e-02,-4.632969043376824504e-03,8.106473484452413336e-01,1.842272907528069714e+00,7.294946554054698717e-02,8.000000000000000444e-01,5.553521528959745046e-01
1.400000000000000029e-02,-7.251093549431414549e-03,7.734921911564066610e-01,2.008477019109672579e+00,6.959863016277637038e-02,8.000000000000000444e-01,5.639280025411506081e-01
1.499999999999999944e-02,-1.906226622353959831e-03,7.935670159993898354e-01,2.035353109776691927e+00,7.142019373600613785e-02,8.000000000000000444e-01,5.724988588796542377e-01
1.600000000000000033e-02,9.524233713002350091e-04,8.214239331565493796e-01,2.252144958259242546e+00,7.393572172501461370e-02,8.000000000000000444e-01,5.810647176032850414e-01
1.700000000000000122e-02,6.769196096599054170e-03,7.840074701242168986e-01,2.288222102903804789e+00,7.058427674976844313e-02,8.000000000000000444e-01,5.896255750630816639e-01
1.800000000000000211e-02,7.030764030274005635e-03,7.770465293966662967e-01,2.568514980892095956e+00,6.995831260543558527e-02,8.000000000000000444e-01,5.981814281133575051e-01
1.899999999999999953e-02,8.252013175207581833e-03,8.067662115285836322e-01,2.641840463143544593e+00,7.263754587115811567e-02,8.000000000000000444e-01,6.067322740215791432e-01
2.000000000000000042e-02,1.786842196800559127e-02,7.954651472070576324e-01,2.819000150859415577e+00,7.164752751792816121e-02,8.000000000000000444e-01,6.152781104118282274e-01
2.100000000000000130e-02,-1.312060324739965783e-02,7.847057697391275344e-01,2.913910904843249217e+00,7.059108044827261397e-02,8.000000000000000444e-01,6.238189352260372633e-01
2.199999999999999872e-02,7.677324378947848055e-03,8.004160597684020217e-01,2.974345191518805276e+00,7.206415486928544056e-02,8.000000000000000444e-01,6.323547466950042439e-01
2.299999999999999961e-02,-9.800933192224886570e-03,7.904929346400318968e-01,3.308774913123065264e+00,7.112111237074941750e-02,8.000000000000000444e-01,6.408855433151066094e-01
2.400000000000000050e-02,9.694215801646396784e-04,8.013992557681536288e-01,3.395599982666389849e+00,7.213336520655251605e-02,8.000000000000000444e-01,6.494113238285672551e-01
2.500000000000000139e-02,-8.472480387172402760e-03,7.865002273334383842e-01,3.611845622323441418e+00,7.076563928957511906e-02,8.000000000000000444e-01,6.579320872061461545e-01
2.600000000000000228e-02,-1.132331138628378531e-02,8.023432827629191078e-01,3.710802151800022042e+00,7.218290748402622636e-02,8.000000000000000444e-01,6.664478326316207735e-01
2.699999999999999969e-02,-1.769801638231257093e-02,8.005795270135619424e-01,3.674743606721984079e+00,7.200589883053873375e-02,8.000000000000000444e-01,6.749585594876874595e-01
2.800000000000000058e-02,8.426871875238599319e-03,7.896428511722173305e-01,3.863492293107756215e+00,7.109633267577143700e-02,8.000000000000000444e-01,6.834642673430546544e-01
2.900000000000000147e-02,-2.982677837257929204e-03,8.013205268860242869e-01,4.119261160877843331e+00,7.211490304386070083e-02,8.000000000000000444e-01,6.919649559405665062e-01
2.999999999999999889e-02,9.281097863992228761e-03,7.994949936386861467e-01,4.114476425506969903e+00,7.198583401165047080e-02,8.000000000000000444e-01,7.004606251862408595e-01
3.099999999999999978e-02,1.155385717050743874e-02,8.119636248254921140e-01,4.278837056266189265e+00,7.311512758530505640e-02,8.000000000000000444e-01,7.089512751391338075e-01
3.200000000000000067e-02,9.834083166584366894e-06,8.129159844799069834e-01,4.428821400410975606e+00,7.316717552465569485e-02,8.000000000000000444e-01,7.174369060019422095e-01
3.300000000000000155e-02,-1.962067752871049162e-02,8.035655402270435177e-01,4.682398649312013106e+00,7.226891773732638247e-02,8.000000000000000444e-01,7.259175181122924370e-01
3.400000000000000244e-02,-5.365457281277672720e-03,7.864436443628198825e-01,4.738277910340186416e+00,7.076932552126249942e-02,8.000000000000000444e-01,7.343931119346469583e-01
3.500000000000000333e-02,-2.165481923800631134e-02,8.042278796377156924e-01,4.892646280800739156e+00,7.232260906519732968e-02,8.000000000000000444e-01,7.428636880527813569e-01
3.600000000000000422e-02,-1.163069548586059647e-02,7.967427553295062248e-01,5.046705279144964251e+00,7.167817564859917112e-02,8.000000000000000444e-01,7.513292471627818214e-01
3.699999999999999817e-02,-2.033635188539316321e-03,8.143539037907151501e-01,5.170909813196340465e+00,7.329061899291400284e-02,8.000000000000000444e-01,7.597897900665248061e-01
3.799999999999999906e-02,-7.091256085026476086e-03,7.959573167642703950e-01,5.432010655110643960e+00,7.162049343892594455e-02,8.000000000000000444e-01,7.682453176655996696e-01
3.899999999999999994e-02,-1.036292540803416054e-02,7.981425025235655557e-01,5.476105215025145689e+00,7.180773723558653288e-02,8.000000000000000444e-01,7.766958309556373230e-01
4.000000000000000083e-02,1.909538960548769334e-03,7.902377657274404221e-01,5.624525148710884714e+00,7.113139622466964351e-02,8.000000000000000444e-01,7.851413310210149099e-01
4.100000000000000172e-02,3.462306687240502417e-03,7.925759818729820605e-01,5.748881408811789662e+00,7.134628601400058723e-02,8.000000000000000444e-01,7.935818190299102071e-01
4.200000000000000261e-02,-6.365064242868149341e-03,7.994945275648867034e-01,5.873626115611259912e+00,7.194085832349747522e-02,8.000000000000000444e-01,8.020172962296724384e-01
4.300000000000000350e-02,-4.590541400279425990e-03,7.999570436979043242e-01,6.082187312018993097e+00,7.198757602410382761e-02,8.000000000000000444e-01,8.104477639424942925e-01
4.399999999999999745e-02,-1.910957778031028426e-02,8.032602315928228931e-01,6.222869809601664137e+00,7.224293443490760469e-02,8.000000000000000444e-01,8.188732235613570554e-01
4.499999999999999833e-02,1.758289680912926423e-02,8.069987820535977630e-01,6.346321725190320784e+00,7.268553405594546657e-02,8.000000000000000444e-01,8.272936765462304276e-01
4.599999999999999922e-02,3.277516632499245103e-03,8.238034043002967488e-01,6.417850447595990104e+00,7.415677643973832278e-02,8.000000000000000444e-01,8.357091244205092639e-01
4.700000000000000011e-02,-1.608765922575326746e-03,8.056988126339508227e-01,6.537846034998823441e+00,7.251290352398495620e-02,8.000000000000000444e-01,8.441195687676676940e-01
4.800000000000000100e-02,9.369458565551094451e-03,7.853647392245437509e-01,6.729666384881534569e+00,7.071380746694863606e-02,8.000000000000000444e-01,8.525250112281207437e-01
4.900000000000000189e-02,-4.365877560693486210e-03,8.124306422389633298e-01,6.901504419148927205e+00,7.311072209544083877e-02,8.000000000000000444e-01,8.609254534962719196e-01
5.000000000000000278e-02,1.643152530492197200e-03,8.179459053205978547e-01,7.022429959593059046e+00,7.362469664136508940e-02,8.000000000000000444e-01,8.693208973177374288e-01
5.100000000000000366e-02,1.344854662570929907e-03,8.117431447706401348e-01,7.098573997834849436e+00,7.306550585908756779e-02,8.000000000000000444e-01,8.777113444867372660e-01
5.200000000000000455e-02,9.666905543112936511e-03,8.100490319512679838e-01,7.372357824319796471e+00,7.293723305994156969e-02,8.000000000000000444e-01,8.860967968436351816e-01
5.299999999999999850e-02,1.565894622687848126e-02,7.904341205225978717e-01,7.490835987296597942e+00,7.118810964537308772e-02,8.000000000000000444e-01,8.944772562726244214e-01
5.399999999999999939e-02,1.720045075598575571e-02,8.040721468321713195e-01,7.569245898217825008e+00,7.242083046698841176e-02,8.000000000000000444e-01,9.028527246995441402e-01
5.500000000000000028e-02,-6.520894323124293984e-03,8.090702056079341897e-01,7.747112906255914311e+00,7.280205298556555182e-02,8.000000000000000444e-01,9.112232040898227137e-01
5.600000000000000117e-02,-9.214892262610012430e-03,8.014582540591577153e-01,7.847365005327692877e+00,7.210935574844794249e-02,8.000000000000000444e-01,9.195886964465329605e-01
5.700000000000000205e-02,7.334975793342580520e-03,7.933416431013775583e-01,8.050598386515863680e+00,7.142624568578451183e-02,8.000000000000000444e-01,9.279492038085604966e-01
5.800000000000000294e-02,6.394856960289401794e-03,8.140554128264066991e-01,8.235243602743706148e+00,7.328840162648629641e-02,8.000000000000000444e-01,9.363047282488702328e-01
5.900000000000000383e-02,2.789213162828507037e-02,8.114342359737631849e-01,8.244796928920608892e+00,7.311507965781023632e-02,8.000000000000000444e-01,9.446552718728685738e-01
5.999999999999999778e-02,2.403312644236989606e-03,7.959513330007562670e-01,8.482566088495079981e+00,7.164710133035850914e-02,8.000000000000000444e-01,9.530008368168556565e-01
6.099999999999999867e-02,2.913914238380119442e-04,8.073522432259288006e-01,8.443430895646226730e+00,7.266722293434663138e-02,8.000000000000000444e-01,9.613414252465597443e-01
6.199999999999999956e-02,-3.890680283203831139e-03,8.166149163553582113e-01,8.564448690812248799e+00,7.348865930748152420e-02,8.000000000000000444e-01,9.696770393557502254e-01
6.300000000000000044e-02,2.814582849062722842e-03,7.959854274601834145e-01,8.864005677822138551e+00,7.165134625345426223e-02,8.000000000000000444e-01,9.780076813649246636e-01
6.400000000000000133e-02,5.833514778214611389e-03,7.899169375537371529e-01,9.099494719608438587e+00,7.111365177423437101e-02,8.000000000000000444e-01,9.863333535200627944e-01
6.500000000000000222e-02,5.860893334523636054e-03,8.006232697671977760e-01,9.170198215619109305e+00,7.207758676737488490e-02,8.000000000000000444e-01,9.946540580914481344e-01
6.600000000000000311e-02,1.303088117432637388e-02,7.941127365252241832e-01,9.211437104986348601e+00,7.151191665606040915e-02,8.000000000000000444e-01,1.002969797372547323e+00
6.700000000000000400e-02,5.118485714885596775e-03,8.074086582482552510e-01,9.387923915827100174e+00,7.268630067969866770e-02,8.000000000000000444e-01,1.011280573678949191e+00
6.800000000000000488e-02,9.765677584880857673e-03,8.053815421654775264e-01,9.441964555345002452e+00,7.251725561888022753e-02,8.000000000000000444e-01,1.019586389347356681e+00
6.900000000000000577e-02,-1.165416731628266152e-02,7.946168618459755750e-01,9.621298834193865446e+00,7.148685474271238016e-02,8.000000000000000444e-01,1.027887246734627835e+00
7.000000000000000666e-02,4.762973091151609037e-03,8.069443460915152189e-01,9.743540100867393861e+00,7.264347086021874511e-02,8.000000000000000444e-01,1.036183148216868188e+00
7.100000000000000755e-02,-3.294418186247856893e-03,7.958107907901186273e-01,9.863483497842624459e+00,7.161816276376203882e-02,8.000000000000000444e-01,1.044474096188563905e+00
7.200000000000000844e-02,9.394939319006501491e-03,7.839138962371715591e-01,1.006654662435930447e+01,7.058324611676400351e-02,8.000000000000000444e-01,1.052760093061760660e+00
7.299999999999999545e-02,-8.616945931228737338e-03,7.893163818250927832e-01,1.010217998206537970e+01,7.101861419304124345e-02,8.000000000000000444e-01,1.061041141265281817e+00
7.399999999999999634e-02,2.357546792961901297e-03,7.817008480879029664e-01,1.029317752369626682e+01,7.036422362090198612e-02,8.000000000000000444e-01,1.069317243243981697e+00
7.499999999999999722e-02,-5.891340063110462287e-03,7.895398858935863684e-01,1.056564193116808603e+01,7.104645405520651491e-02,8.000000000000000444e-01,1.077588401458038581e+00
7.599999999999999811e-02,-7.083992667780049032e-03,7.884112865228505296e-01,1.060641671766344629e+01,7.094151979945295672e-02,8.000000000000000444e-01,1.085854618382278147e+00
7.699999999999999900e-02,-8.621972900830212824e-03,7.902944532394504673e-01,1.082103394901975335e+01,7.110660174018619550e-02,8.000000000000000444e-01,1.094115896505531760e+00
7.799999999999999989e-02,1.868319040167305475e-03,7.931541567534315940e-01,1.092505725542326900e+01,7.139379087290914638e-02,8.000000000000000444e-01,1.102372238330019849e+00
7.900000000000000078e-02,9.879029453025782795e-03,8.010875835033295367e-01,1.103045469729122274e+01,7.213095002083277918e-02,8.000000000000000444e-01,1.110623646370771267e+00
8.000000000000000167e-02,-1.013259517068992692e-02,8.117155372506287270e-01,1.117830219259538538e+01,7.302955530969451603e-02,8.000000000000000444e-01,1.118870123155062402e+00
8.100000000000000255e-02,1.570088664323745012e-02,8.071663775019373155e-01,1.137148983741193220e+01,7.269517245152395946e-02,8.000000000000000444e-01,1.127111671221883826e+00
8.200000000000000344e-02,-6.832272121714369831e-03,8.055385577949527587e-01,1.145176135741030166e+01,7.248336595596827081e-02,8.000000000000000444e-01,1.135348293121435592e+00
8.300000000000000433e-02,1.175008730574214448e-02,8.099498292684613743e-01,1.156560517282270872e+01,7.293436166078390293e-02,8.000000000000000444e-01,1.143579991414638064e+00
8.400000000000000522e-02,7.022270944767497469e-03,7.972153857871783211e-01,1.180812562705700408e+01,7.177411154147150807e-02,8.000000000000000444e-01,1.151806768672671177e+00
8.500000000000000611e-02,1.041978450516592436e-02,8.179059477553041191e-01,1.186545942042808477e+01,7.364688577716503592e-02,8.000000000000000444e-01,1.160028627476530572e+00
8.600000000000000699e-02,-7.800778742899785274e-04,8.017428865975232410e-01,1.197524341505533130e+01,7.215925670574642459e-02,8.000000000000000444e-01,1.168245570416600376e+00
8.700000000000000788e-02,7.216403615996158302e-03,8.064002159906509259e-01,1.221384377424917211e+01,7.260159348014062763e-02,8.000000000000000444e-01,1.176457600092255085e+00
8.799999999999999489e-02,1.180792432561943509e-02,8.005694917132066823e-01,1.231242999221589329e+01,7.208984735481213657e-02,8.000000000000000444e-01,1.184664719111465869e+00
8.899999999999999578e-02,-2.321670029617311278e-03,8.153259966701010830e-01,1.248747098668044586e+01,7.337726230270738559e-02,8.000000000000000444e-01,1.192866930090431765e+00
8.999999999999999667e-02,-7.529316763634275912e-03,7.946794125093367134e-01,1.253251690549121733e+01,7.150425673026941653e-02,8.000000000000000444e-01,1.201064235653227286e+00
9.099999999999999756e-02,-2.363344763450368063e-02,7.903511861172092257e-01,1.270481367167038123e+01,7.106908832080395533e-02,8.000000000000000444e-01,1.209256638431458253e+00
9.199999999999999845e-02,3.381069523844004200e-03,7.895430855069516252e-01,1.278122748018986421e+01,7.107303965672778778e-02,8.000000000000000444e-01,1.217444141063940277e+00
9.299999999999999933e-02,-3.111285018037679515e-03,8.107955443392738104e-01,1.294942412055123881e+01,7.296723341167629662e-02,8.000000000000000444e-01,1.225626746196384120e+00
9.400000000000000022e-02,-5.931811796039574911e-03,7.968419103093543621e-01,1.307008658171624127e+01,7.170340817250574206e-02,8.000000000000000444e-01,1.233804456481098821e+00
9.500000000000000111e-02,2.956565675636356732e-03,7.968414826515439753e-01,1.320271124436125021e+01,7.172881123662694369e-02,8.000000000000000444e-01,1.241977274576703261e+00
9.600000000000000200e-02,1.352197725227553826e-02,8.001249102644498734e-01,1.328636761666427546e+01,7.205474000871839313e-02,8.000000000000000444e-01,1.250145203147853934e+00
9.700000000000000289e-02,-2.608289515429818364e-03,7.816999168885071514e-01,1.347270302381727980e+01,7.035019598664858653e-02,8.000000000000000444e-01,1.258308244864980052e+00
9.800000000000000377e-02,1.991742165064468509e-02,8.236882799015052825e-01,1.360016076368082594e+01,7.419564696022581951e-02,8.000000000000000444e-01,1.266466402404030411e+00
9.900000000000000466e-02,-4.781396250785881034e-03,7.921234810779201885e-01,1.383425742905730083e+01,7.128209613474931206e-02,8.000000000000000444e-01,1.274619678446231585e+00
1.000000000000000056e-01,-1.716780656034298108e-02,8.009685625213182059e-01,1.397027015543633333e+01,7.204241504761886572e-02,8.000000000000000444e-01,1.282768075677855002e+00
1.010000000000000064e-01,-4.429149029050547838e-03,8.063591347409053700e-01,1.411947531436679881e+01,7.256416320603437109e-02,8.000000000000000444e-01,1.290911596789992455e+00
1.020000000000000073e-01,1.827712693033551467e-02,7.891764035857463666e-01,1.422021960305396071e+01,7.108225912339577457e-02,8.000000000000000444e-01,1.299050244478344052e+00
1.030000000000000082e-01,-5.220039351053704438e-03,8.000690053415968617e-01,1.426579351451544575e+01,7.199584223978924835e-02,8.000000000000000444e-01,1.307184021443007715e+00
1.040000000000000091e-01,1.807281581569460810e-02,8.174939612437808201e-01,1.442276493254160563e+01,7.363226249923812694e-02,8.000000000000000444e-01,1.315312930388284229e+00
1.049999999999999961e-01,2.263259421795730337e-04,7.800960837036290396e-01,1.462072417357123832e+01,7.021379986157495756e-02,8.000000000000000444e-01,1.323436974022485391e+00
1.059999999999999970e-01,7.143211751901379705e-04,8.089543691197130793e-01,1.476507180960813947e+01,7.281265419104319958e-02,8.000000000000000444e-01,1.331556155057750157e+00
1.069999999999999979e-01,5.023686323550580722e-03,7.966851757205091200e-01,1.487291484500099692e+01,7.172065668628735402e-02,8.000000000000000444e-01,1.339670476209870342e+00
1.079999999999999988e-01,-1.795177846959195717e-02,8.132361702796633285e-01,1.502329721697221387e+01,7.314352410854679798e-02,8.000000000000000444e-01,1.347779940198119419e+00
1.089999999999999997e-01,5.646205842290091467e-03,8.151202880317091060e-01,1.523549571141824899e+01,7.338207897466408891e-02,8.000000000000000444e-01,1.355884549745090206e+00
1.100000000000000006e-01,-3.994682818405708054e-03,7.847625164907026107e-01,1.526484673734918829e+01,7.062191082131383246e-02,8.000000000000000444e-01,1.363984307576536992e+00
1.110000000000000014e-01,-1.386308610279288200e-03,7.935938968505292790e-01,1.538201158875004637e+01,7.142409510047961763e-02,8.000000000000000444e-01,1.372079216421225878e+00
1.120000000000000023e-01,5.265842876664728620e-04,8.065821296791405581e-01,1.551058447760023107e+01,7.259858887964432128e-02,8.000000000000000444e-01,1.380169279010788452e+00
1.130000000000000032e-01,1.166722269092628850e-03,8.021847020397976369e-01,1.559290400820036560e+01,7.220463118350688159e-02,8.000000000000000444e-01,1.388254498079581012e+00
1.140000000000000041e-01,-1.185306245255420693e-02,7.921321816322548504e-01,1.584916567459073988e+01,7.126275720832662974e-02,8.000000000000000444e-01,1.396334876364552224e+00
1.150000000000000050e-01,-4.328775560101480804e-03,8.042793185490892949e-01,1.597515125105440426e+01,7.237729077740309713e-02,8.000000000000000444e-01,1.404410416605109235e+00
1.160000000000000059e-01,-9.348218217808000954e-03,8.022239252635543494e-01,1.609953770445182997e+01,7.217786104523586654e-02,8.000000000000000444e-01,1.412481121542995544e+00
1.170000000000000068e-01,-1.126580801778556684e-02,7.814658283407548423e-01,1.627243110850092833e+01,7.030482626784115285e-02,8.000000000000000444e-01,1.420546993922168433e+00
1.180000000000000077e-01,1.376987304168242332e-02,8.080360912623225644e-01,1.633885275960847494e+01,7.276789591304991256e-02,8.000000000000000444e-01,1.428608036488685284e+00
1.190000000000000085e-01,1.357257793764016923e-02,8.027924765027847354e-01,1.645948630593620621e+01,7.229511190802362375e-02,8.000000000000000444e-01,1.436664251990587449e+00
1.199999999999999956e-01,1.257437230668004453e-02,7.766542079096903084e-01,1.662809860875877632e+01,6.993845718186975091e-02,8.000000000000000444e-01,1.444715643177792552e+00
1.209999999999999964e-01,1.221778173825464192e-02,8.025676126923783071e-01,1.682234270080794403e+01,7.227095614750210506e-02,8.000000000000000444e-01,1.452762212801993691e+00
1.219999999999999973e-01,-6.409324900548835253e-03,8.124021365660990535e-01,1.692125178727592427e+01,7.310219360892561413e-02,8.000000000000000444e-01,1.460803963616557288e+00
1.229999999999999982e-01,-1.778900676992563323e-02,7.983421150959703061e-01,1.703300295651303031e+01,7.180440010295013886e-02,8.000000000000000444e-01,1.468840898376419180e+00
1.239999999999999991e-01,1.246515774534892249e-02,7.795490874093515821e-01,1.711636396556686890e+01,7.019883803545765022e-02,8.000000000000000444e-01,1.476873019838003342e+00
1.250000000000000000e-01,3.987391016376585703e-03,7.948304338839637939e-01,1.735815855951916831e+01,7.155072696679484756e-02,8.000000000000000444e-01,1.484900330759118647e+00
1.260000000000000009e-01,-5.467912999574576875e-03,7.938652249952783402e-01,1.735500488325530100e+01,7.143687555623944030e-02,8.000000000000000444e-01,1.492922833898880253e+00
1.270000000000000018e-01,7.409779976071433766e-03,8.084373454103251921e-01,1.756650388382022854e+01,7.278556129654213669e-02,8.000000000000000444e-01,1.500940532017620566e+00
1.280000000000000027e-01,-4.504291925514674125e-03,7.960833059981939908e-01,1.771865740182494164e+01,7.163922771253412869e-02,8.000000000000000444e-01,1.508953427876808417e+00
1.290000000000000036e-01,-1.438948028912232641e-02,7.914276029353768394e-01,1.779611215891512188e+01,7.119216028342743863e-02,8.000000000000000444e-01,1.516961524238970682e+00
1.300000000000000044e-01,4.050865170505051766e-03,8.051751185377161724e-01,1.800479612394551410e+01,7.248214025234742119e-02,8.000000000000000444e-01,1.524964823867617447e+00
1.310000000000000053e-01,-8.004295455496749506e-03,7.938752609206364275e-01,1.810266734038871306e+01,7.143054569001154597e-02,8.000000000000000444e-01,1.532963329527164076e+00
1.320000000000000062e-01,-1.797479404105408948e-02,7.936306252693557939e-01,1.819015731299852945e+01,7.138011015166752238e-02,8.000000000000000444e-01,1.540957043982863928e+00
1.330000000000000071e-01,-1.705095286884491038e-02,7.958461468287019169e-01,1.837994146570126119e+01,7.158201791665161351e-02,8.000000000000000444e-01,1.548945970000737971e+00
1.340000000000000080e-01,7.403078750724257501e-03,8.059705976073163747e-01,1.842831660844110786e+01,7.256345464984498284e-02,8.000000000000000444e-01,1.556930110347509277e+00
1.350000000000000089e-01,4.455798075578235908e-03,7.937193481121399552e-01,1.863469172596967027e+01,7.145204238441968392e-02,8.000000000000000444e-01,1.564909467790537523e+00
1.360000000000000098e-01,-1.829714230179844622e-02,7.995444730834471159e-01,1.870315436453524072e+01,7.191108306522070448e-02,8.000000000000000444e-01,1.572884045097756367e+00
1.370000000000000107e-01,-1.882876088946099525e-03,8.137906104983552158e-01,1.891396485810381023e+01,7.324036415130161237e-02,8.000000000000000444e-01,1.580853845037612615e+00
1.380000000000000115e-01,-5.471640690246420621e-03,8.035781167344654419e-01,1.893523371358703855e+01,7.231089053325745475e-02,8.000000000000000444e-01,1.588818870379011816e+00
1.390000000000000124e-01,5.241437081274348195e-03,7.977130831796086508e-01,1.914607975164020104e+01,7.181381681837595288e-02,8.000000000000000444e-01,1.596779123891257202e+00
1.400000000000000133e-01,-2.497121667466648074e-03,8.134838269769464336e-01,1.931687478323241791e+01,7.321095903335722577e-02,8.000000000000000444e-01,1.604734608343996838e+00
1.410000000000000142e-01,-1.042574707537738919e-02,8.135515717285826121e-01,1.950162753025113460e+01,7.319388552346380028e-02,8.000000000000000444e-01,1.612685326507170336e+00
1.420000000000000151e-01,1.096785502738303192e-02,8.041104269665064752e-01,1.945537669869650088e+01,7.240627572793849331e-02,8.000000000000000444e-01,1.620631281150960668e+00
1.430000000000000160e-01,-5.543479119762662055e-03,8.059438716829758764e-01,1.960075643290252856e+01,7.252356770745409242e-02,8.000000000000000444e-01,1.628572475045740875e+00
1.440000000000000169e-01,-5.295417649013656365e-03,8.052645874020272210e-01,1.982298972898505696e+01,7.246315925581189865e-02,8.000000000000000444e-01,1.636508910962024110e+00
1.449999999999999900e-01,-1.444696346994296665e-02,7.803076754582731756e-01,1.995897216858586987e+01,7.019171605704546679e-02,8.000000000000000444e-01,1.644440591670424112e+00
1.459999999999999909e-01,-1.790925174067222250e-02,7.775656609727453761e-01,2.005799086047054303e+01,6.993539065907913854e-02,8.000000000000000444e-01,1.652367519941603691e+00
1.469999999999999918e-01,-3.588761521841868536e-03,8.065016067877409656e-01,2.014693756190640883e+01,7.257941888396063357e-02,8.000000000000000444e-01,1.660289698546236314e+00
1.479999999999999927e-01,1.027627748884925134e-02,7.959056109057683903e-01,2.031369093550262406e+01,7.166549430718641145e-02,8.000000000000000444e-01,1.668207130254957260e+00
1.489999999999999936e-01,-1.057312754054211268e-02,7.914114599560859720e-01,2.048808656494653846e+01,7.120155741153302853e-02,8.000000000000000444e-01,1.676119817838329418e+00
1.499999999999999944e-01,-8.700657617605135966e-03,7.953401414065135455e-01,2.055326629348220635e+01,7.156036183042414900e-02,8.000000000000000444e-01,1.684027764066799771e+00
1.509999999999999953e-01,-2.503671191666782814e-02,7.839406418511662977e-01,2.070263913398714095e+01,7.048869483558600768e-02,8.000000000000000444e-01,1.691930971710660092e+00
1.519999999999999962e-01,-9.847755115763054228e-04,7.951819375651564270e-01,2.081844004621639854e+01,7.156816698433479673e-02,8.000000000000000444e-01,1.699829443540012974e+00
1.529999999999999971e-01,1.570610217451134244e-02,8.001808700929767815e-01,2.097372087422862208e+01,7.206605734027353438e-02,8.000000000000000444e-01,1.707723182324732747e+00
1.539999999999999980e-01,-7.325151211273115553e-03,8.001590688281156050e-01,2.115379659982959382e+01,7.199789615644203167e-02,8.000000000000000444e-01,1.715612190834431061e+00
1.549999999999999989e-01,-4.792609258969301490e-03,7.981370184691789493e-01,2.123199616796151545e+01,7.182321389706372572e-02,8.000000000000000444e-01,1.723496471838422917e+00
1.559999999999999998e-01,-8.594185067842147543e-03,7.839138083919131583e-01,2.124067647314659268e+01,7.053258261178974031e-02,8.000000000000000444e-01,1.731376028105693576e+00
1.570000000000000007e-01,1.223191683406693424e-02,7.920717173381368603e-01,2.156189975274388004e+01,7.132584435402974932e-02,8.000000000000000444e-01,1.739250862404867481e+00
1.580000000000000016e-01,-3.652910083666842216e-03,8.197615743155342027e-01,2.163933923085813404e+01,7.377253292648563998e-02,8.000000000000000444e-01,1.747120977504175166e+00
1.590000000000000024e-01,-1.219126574613067608e-02,8.075468955861367926e-01,2.183772118221570224e+01,7.264853336512896997e-02,8.000000000000000444e-01,1.754986376171424167e+00
1.600000000000000033e-01,-1.180495100267281612e-02,7.950983678716366798e-01,2.191990112381865430e+01,7.152974226664383928e-02,8.000000000000000444e-01,1.762847061173969276e+00
1.610000000000000042e-01,-1.403729078860628532e-02,7.954822060900895719e-01,2.202297636688458482e+01,7.155789484012012314e-02,8.000000000000000444e-01,1.770703035278686110e+00
1.620000000000000051e-01,2.389970725279075509e-04,7.854104169798761248e-01,2.215271810640577854e+01,7.069216070497229276e-02,8.000000000000000444e-01,1.778554301251939584e+00
1.630000000000000060e-01,1.193930701622699340e-02,7.935924359221475655e-01,2.231781710687415554e+01,7.146195051867873516e-02,8.000000000000000444e-01,1.786400861859559708e+00
1.640000000000000069e-01,-9.820416072233051352e-03,7.984811433141999482e-01,2.246101144036035890e+01,7.183976030300599780e-02,8.000000000000000444e-01,1.794242719866816271e+00
1.650000000000000078e-01,-2.699639086021471054e-02,7.946595997405184741e-01,2.251016323028266441e+01,7.144690521714033848e-02,8.000000000000000444e-01,1.802079878038390204e+00
1.660000000000000087e-01,1.338706338488412743e-02,7.953115034446112119e-01,2.284462267923165868e+01,7.162088629060137102e-02,8.000000000000000444e-01,1.809912339138354698e+00
1.670000000000000095e-01,-4.684905566692103458e-03,8.060823938062261496e-01,2.287029661713326689e+01,7.253851877054127983e-02,8.000000000000000444e-01,1.817740105930142791e+00
1.680000000000000104e-01,3.594002366752597263e-03,8.270934586111526876e-01,2.294211188745571661e+01,7.445387939862735394e-02,8.000000000000000444e-01,1.825563181176532712e+00
1.690000000000000113e-01,-9.071233631070827266e-03,8.063371297805246307e-01,2.304416954730175604e+01,7.254873742534868886e-02,8.000000000000000444e-01,1.833381567639621013e+00
1.700000000000000122e-01,-2.086062912783053294e-02,8.182249482642571792e-01,2.315017055399746226e+01,7.358367177171362683e-02,8.000000000000000444e-01,1.841195268080802361e+00
1.710000000000000131e-01,8.417703748814640841e-03,7.886208746795707603e-01,2.336064840980379032e+01,7.100429196540142263e-02,8.000000000000000444e-01,1.849004285260745784e+00
1.720000000000000140e-01,8.213592344848356930e-03,7.902004777254467704e-01,2.352007230869802612e+01,7.114593378424266534e-02,8.000000000000000444e-01,1.856808621939374682e+00
1.730000000000000149e-01,-1.977419609834345140e-03,8.082273544818252553e-01,2.358498595712078583e+01,7.273940203352015355e-02,8.000000000000000444e-01,1.864608280875851953e+00
1.740000000000000158e-01,-1.048292926530423495e-03,8.012435944554683331e-01,2.367854087742107794e+01,7.211354695669987269e-02,8.000000000000000444e-01,1.872403264828550906e+00
1.750000000000000167e-01,7.454331483379973873e-03,7.932263806180975818e-01,2.384010474380447064e+01,7.141620844425773662e-02,8.000000000000000444e-01,1.880193576555046375e+00
1.759999999999999898e-01,-2.290531822679259949e-03,7.975271193807496051e-01,2.398608784116926529e+01,7.177549790183121448e-02,8.000000000000000444e-01,1.887979218812088300e+00
1.769999999999999907e-01,-5.014938185908385943e-03,7.974065400226988398e-01,2.411384147186012328e+01,7.175684234976736908e-02,8.000000000000000444e-01,1.895760194355587958e+00
1.779999999999999916e-01,-8.036498963914793028e-03,7.860271378380455642e-01,2.426855075431275566e+01,7.072430388324345285e-02,8.000000000000000444e-01,1.903536505940599755e+00
1.789999999999999925e-01,2.938925479587764251e-03,8.095471820340919278e-01,2.444065243085179162e+01,7.287248141024391113e-02,8.000000000000000444e-01,1.911308156321304574e+00
1.799999999999999933e-01,-5.364286504968149988e-03,8.019213337834807387e-01,2.450660967219430475e+01,7.216211227855598431e-02,8.000000000000000444e-01,1.919075148250992680e+00
1.809999999999999942e-01,2.055301015022044202e-03,8.148674265601670852e-01,2.465148048831644800e+01,7.334880394842380191e-02,8.000000000000000444e-01,1.926837484482047058e+00
1.819999999999999951e-01,-2.213854012384117859e-02,7.803768132967806581e-01,2.480878577785068373e+01,7.017637427922926441e-02,8.000000000000000444e-01,1.934595167765928547e+00
1.829999999999999960e-01,1.571500612458034615e-02,7.954197690326056946e-01,2.502497638294779492e+01,7.163728749870106050e-02,8.000000000000000444e-01,1.942348200853160511e+00
1.839999999999999969e-01,-1.312802823655142073e-02,8.139189241138679032e-01,2.494302341749290974e+01,7.321903499569867857e-02,8.000000000000000444e-01,1.950096586493315520e+00
1.849999999999999978e-01,9.261001747219438709e-03,7.904329552935828174e-01,2.507591827954792763e+01,7.116983889984175582e-02,8.000000000000000444e-01,1.957840327435000027e+00
1.859999999999999987e-01,-1.001619834060456411e-02,7.965435715012085804e-01,2.534152914750532659e+01,7.166487578198564579e-02,8.000000000000000444e-01,1.965579426425838383e+00
1.869999999999999996e-01,1.048961889609803001e-02,7.997824809058029505e-01,2.534257039692790769e+01,7.201519107896492411e-02,8.000000000000000444e-01,1.973313886212462842e+00
1.880000000000000004e-01,1.073104250752812162e-02,7.905717678404059479e-01,2.559322813368829941e+01,7.118651209787831002e-02,8.000000000000000444e-01,1.981043709540496245e+00
1.890000000000000013e-01,-1.012529549821316807e-02,8.040050699998194661e-01,2.574908507745775310e+01,7.233587032258814720e-02,8.000000000000000444e-01,1.988768899154543135e+00
1.900000000000000022e-01,1.267999735029845705e-03,8.032153106865443926e-01,2.580532402264222824e+01,7.229768845921366593e-02,8.000000000000000444e-01,1.996489457798175549e+00
1.910000000000000031e-01,2.127095642432629691e-02,7.899933174278768178e-01,2.594381050343136152e+01,7.116433544146531787e-02,8.000000000000000444e-01,2.004205388213919914e+00
1.920000000000000040e-01,1.541937419095474205e-03,7.940729803368883344e-01,2.612085657230649716e+01,7.147556551446783424e-02,8.000000000000000444e-01,2.011916693143247059e+00
1.930000000000000049e-01,2.394647540992392938e-04,7.856918539334972751e-01,2.615230885723241272e+01,7.071749322235681978e-02,8.000000000000000444e-01,2.019623375326558001e+00
1.940000000000000058e-01,-1.962141600373843928e-02,8.029795532655416013e-01,2.628716984370209531e+01,7.221621468694779111e-02,8.000000000000000444e-01,2.027325437503177064e+00
1.950000000000000067e-01,-1.336195496658475288e-03,8.121409502449414841e-01,2.643502849028503476e+01,7.309349116063486307e-02,8.000000000000000444e-01,2.035022882411336997e+00
1.960000000000000075e-01,1.197722515725428531e-02,8.194874454192127011e-01,2.659033631539179510e+01,7.379387353564263730e-02,8.000000000000000444e-01,2.042715712788168769e+00
1.970000000000000084e-01,1.327568876292779289e-02,8.003102524147009955e-01,2.672101091758510094e+01,7.207072284833199172e-02,8.000000000000000444e-01,2.050403931369691790e+00
1.980000000000000093e-01,7.447016483857300459e-03,7.905100492951632196e-01,2.687103920706879734e+01,7.117162938673340933e-02,8.000000000000000444e-01,2.058087540890805922e+00
1.990000000000000102e-01,-1.253908606627166314e-02,8.093313406134987620e-01,2.684188281244407293e+01,7.280805442319623899e-02,8.000000000000000444e-01,2.065766544085279044e+00
2.000000000000000111e-01,1.564054478987335350e-02,8.005616608169680015e-01,2.705357197283345272e+01,7.210016367081960309e-02,8.000000000000000444e-01,2.073440943685739057e+00
2.010000000000000120e-01,9.073079181981127603e-03,8.247084817880956376e-01,2.721583747673252418e+01,7.425541831693012462e-02,8.000000000000000444e-01,2.081110742423661897e+00
2.020000000000000129e-01,-1.029682510921527995e-02,8.066182657963063551e-01,2.730196373081196271e+01,7.257048103453168919e-02,8.000000000000000444e-01,2.088775943029365312e+00
2.030000000000000138e-01,3.518151681607665452e-03,7.861595769926437161e-01,2.751505853128724510e+01,7.076885031640954560e-02,8.000000000000000444e-01,2.096436548231999097e+00
2.040000000000000147e-01,8.389994000394694271e-03,8.155294271760855640e-01,2.770993188622109571e+01,7.342695000428731134e-02,8.000000000000000444e-01,2.104092560759536212e+00
2.050000000000000155e-01,2.664131555001292458e-03,8.037543406780107702e-01,2.768932340472975184e+01,7.235023760600618747e-02,8.000000000000000444e-01,2.111743983338766117e+00
2.060000000000000164e-01,7.356433334391346106e-03,7.918544030343613871e-01,2.782882204208922161e+01,7.129240731457747726e-02,8.000000000000000444e-01,2.119390818695282785e+00
2.070000000000000173e-01,-7.692961350732191450e-04,8.005904527028555595e-01,2.800427023299410578e+01,7.205556521606282239e-02,8.000000000000000444e-01,2.127033069553481148e+00
2.080000000000000182e-01,-9.178594673767795017e-03,8.045872124658340896e-01,2.804945516746900580e+01,7.239098146187690486e-02,8.000000000000000444e-01,2.134670738636546439e+00
2.089999999999999913e-01,4.764493989273535339e-03,7.993407180352103403e-01,2.831328180325250798e+01,7.195897457257993679e-02,8.000000000000000444e-01,2.142303828666447529e+00
2.099999999999999922e-01,5.714919041569717015e-03,8.038430070082681622e-01,2.834661531141135526e+01,7.236702805278825978e-02,8.000000000000000444e-01,2.149932342363929827e+00
2.109999999999999931e-01,-5.811006917348281176e-03,7.920641042353955275e-01,2.841290826049294793e+01,7.127382346938979096e-02,8.000000000000000444e-01,2.157556282448506835e+00
2.119999999999999940e-01,2.279144147357594751e-03,8.010260719637347648e-01,2.859672544513488646e+01,7.210354375989147524e-02,8.000000000000000444e-01,2.165175651638457044e+00
2.129999999999999949e-01,3.042169929431107114e-03,8.058254777890044851e-01,2.869773321498075447e+01,7.253776603566909620e-02,8.000000000000000444e-01,2.172790452650811499e+00
2.139999999999999958e-01,-1.050226296092504489e-03,7.964245077789519067e-01,2.887121207690241675e+01,7.167981386046204384e-02,8.000000000000000444e-01,2.180400688201351134e+00
2.149999999999999967e-01,6.084392610788275958e-03,7.938759494306721898e-01,2.912005530065900416e+01,7.147078415712075639e-02,8.000000000000000444e-01,2.188006361004598777e+00
2.159999999999999976e-01,-1.400182940635580180e-02,7.947270444560570191e-01,2.920234270843892332e+01,7.149006523033721305e-02,8.000000000000000444e-01,2.195607473773814711e+00
2.169999999999999984e-01,3.380632525665780170e-03,8.068162363113240421e-01,2.925058127000794173e+01,7.262793178953076689e-02,8.000000000000000444e-01,2.203204029220988236e+00
2.179999999999999993e-01,3.114973905515412266e-03,8.012114769982464635e-01,2.938871627573374923e+01,7.212263835298712844e-02,8.000000000000000444e-01,2.210796030056832340e+00
2.190000000000000002e-01,-3.683515746394157905e-03,7.888591757722323017e-01,2.955008714249292012e+01,7.099145684255356303e-02,8.000000000000000444e-01,2.218383478990779700e+00
2.200000000000000011e-01,-6.435106613087902827e-03,7.979141421586052330e-01,2.961612273514577964e+01,7.179844986277439389e-02,8.000000000000000444e-01,2.225966378730974249e+00
2.210000000000000020e-01,-1.119621176743993037e-02,7.844332820895033587e-01,2.966355682890882406e+01,7.057199031116836996e-02,8.000000000000000444e-01,2.233544731984265841e+00
2.220000000000000029e-01,-6.741973707370405369e-03,7.941633762802446928e-01,2.983691259181413358e+01,7.146007050588301657e-02,8.000000000000000444e-01,2.241118541456208924e+00
2.230000000000000038e-01,-6.414769274937903894e-03,8.214497642191769256e-01,3.001644080213862509e+01,7.391630813111502163e-02,8.000000000000000444e-01,2.248687809851053654e+00
2.240000000000000047e-01,2.592945618319025466e-03,7.916768616305649431e-01,3.011360718587017615e+01,7.126287652482091173e-02,8.000000000000000444e-01,2.256252539871740126e+00
2.250000000000000056e-01,1.643806146931645496e-03,7.952550600051314644e-01,3.024997440309164176e+01,7.158225708051495217e-02,8.000000000000000444e-01,2.263812734219897038e+00
2.260000000000000064e-01,5.028182766936719825e-03,7.896183808310078822e-01,3.026801225643091797e+01,7.108448944617601351e-02,8.000000000000000444e-01,2.271368395595833256e+00
2.270000000000000073e-01,-4.125617485564006363e-03,7.876800727930148849e-01,3.045214655794855574e+01,7.088409545085293251e-02,8.000000000000000444e-01,2.278919526698535147e+00
2.280000000000000082e-01,-6.360645419348329339e-03,8.244469117994865925e-01,3.066767978393727390e+01,7.418615999802592731e-02,8.000000000000000444e-01,2.286466130225660809e+00
2.290000000000000091e-01,4.741032214458418964e-03,8.010156836747813758e-01,3.071988645705679133e+01,7.210969234009451112e-02,8.000000000000000444e-01,2.294008208873536958e+00
2.300000000000000100e-01,4.840787198380333903e-03,7.992087644933543178e-01,3.079868180187954962e+01,7.194731475700880119e-02,8.000000000000000444e-01,2.301545765337154492e+00
2.310000000000000109e-01,1.162819356723872148e-02,8.036029091338567909e-01,3.097572663475239452e+01,7.236248233924311157e-02,8.000000000000000444e-01,2.309078802310162715e+00
2.320000000000000118e-01,-4.430068902412979091e-03,7.922403824604590250e-01,3.110587695288558763e+01,7.129361573967679666e-02,8.000000000000000444e-01,2.316607322484864895e+00
2.330000000000000127e-01,7.815281012740412118e-04,8.101803925874215828e-01,3.124488794020948035e+01,7.292320213902038495e-02,8.000000000000000444e-01,2.324131328552218267e+00
2.340000000000000135e-01,-3.781883918431640408e-04,8.084479656845705575e-01,3.133223727682538140e+01,7.276390096853775635e-02,8.000000000000000444e-01,2.331650823201826039e+00
2.350000000000000144e-01,1.262294656749296529e-02,7.838111876057616279e-01,3.155925797823575252e+01,7.058308683819199125e-02,8.000000000000000444e-01,2.339165809121934725e+00
2.360000000000000153e-01,1.169948216789475255e-02,7.931445719552872031e-01,3.160036766905549044e+01,7.142093768495084982e-02,8.000000000000000444e-01,2.346676288999430593e+00
2.370000000000000162e-01,-6.264684242356259591e-03,7.924614000892084009e-01,3.180237393106187227e+01,7.130828266408970051e-02,8.000000000000000444e-01,2.354182265519835227e+00
2.380000000000000171e-01,-6.610620690003204090e-03,7.887509465476262305e-01,3.187063099840165847e+01,7.097342371952687634e-02,8.000000000000000444e-01,2.361683741367306855e+00
2.390000000000000180e-01,2.907594718870548049e-03,8.033928054414044562e-01,3.191532200364349947e+01,7.231839648441687474e-02,8.000000000000000444e-01,2.369180719224627474e+00
2.399999999999999911e-01,8.667415649767452879e-03,7.940290465146609966e-01,3.217276320997679306e+01,7.149193451904162222e-02,8.000000000000000444e-01,2.376673201773207733e+00
2.409999999999999920e-01,-1.314810512264918442e-03,7.939036076349879067e-01,3.223249553916281229e+01,7.145217321980169844e-02,8.000000000000000444e-01,2.384161191693081161e+00
2.419999999999999929e-01,6.326757176909033990e-03,7.992097591551133862e-01,3.244585001893366893e+01,7.195167029027264849e-02,8.000000000000000444e-01,2.391644691662901501e+00
2.429999999999999938e-01,1.079277652737832029e-02,7.968942369937160874e-01,3.247765301816085781e+01,7.175599136765324626e-02,8.000000000000000444e-01,2.399123704359936937e+00
2.439999999999999947e-01,6.399307451981983003e-03,8.023001310069866054e-01,3.258856326469029341e+01,7.223010097458941459e-02,8.000000000000000444e-01,2.406598232460069209e+00
2.449999999999999956e-01,1.838072700424654010e-02,8.246791239587989431e-01,3.279274751227815443e+01,7.428034735105590314e-02,8.000000000000000444e-01,2.414068278637792275e+00
2.459999999999999964e-01,-6.961890481869608543e-03,8.026557846993644940e-01,3.289310062802181989e+01,7.222359671198173847e-02,8.000000000000000444e-01,2.421533845566206100e+00
2.469999999999999973e-01,-9.793726534182834245e-03,7.974497267409628165e-01,3.298104101255751175e+01,7.174703967474047039e-02,8.000000000000000444e-01,2.428994935917017983e+00
2.479999999999999982e-01,2.457951787809760889e-03,7.962020169870829278e-01,3.316840037001578878e+01,7.166982277539629687e-02,8.000000000000000444e-01,2.436451552360533679e+00
2.489999999999999991e-01,-1.903581617673684011e-03,7.986341008226601756e-01,3.318742092324173854e+01,7.187623360912365200e-02,8.000000000000000444e-01,2.443903697565661393e+00
2.500000000000000000e-01,8.426043012720114272e-03,8.064389421880387987e-01,3.332152939937616765e+01,7.260858416612628319e-02,8.000000000000000444e-01,2.451351374199905120e+00
2.510000000000000009e-01,2.084770861064277891e-02,8.969223127934514150e-02,3.345097989208520772e+01,8.079537087302553558e-03,0.000000000000000000e+00,1.889076962105529001e+00
2.520000000000000018e-01,-2.038042713042357255e-03,2.132561336664962753e-02,3.343655023345247201e+01,1.919272593668244851e-03,0.000000000000000000e+00,1.988433889086672179e+00
2.530000000000000027e-01,-6.663432517836485880e-03,1.069260992470730601e-02,3.339504289345805432e+01,9.621408864671221473e-04,0.000000000000000000e+00,2.000757548516855167e+00
2.540000000000000036e-01,-2.380370937226730307e-02,-3.378385861718360104e-03,3.338061716967575876e+01,-3.037854239615912495e-04,0.000000000000000000e+00,2.001370756784571547e+00
2.550000000000000044e-01,7.568280310145017453e-03,1.864869932403389816e-02,3.335767494338541894e+01,1.678997932430269496e-03,0.000000000000000000e+00,2.000410565776514993e+00
2.560000000000000053e-01,-4.057323982475042126e-03,-2.233260586270682801e-02,3.335789449245236682e+01,-2.009738389587733664e-03,0.000000000000000000e+00,1.999240406954880811e+00
2.570000000000000062e-01,-4.325655172036358114e-04,1.291283933144797037e-02,3.329734849437960520e+01,1.162210263510982241e-03,0.000000000000000000e+00,1.998043408587009573e+00
2.580000000000000071e-01,1.077613224018188903e-02,-4.346778710871655738e-03,3.321980752955990113e+01,-3.914035189034980981e-04,0.000000000000000000e+00,1.996843981770521470e+00
2.590000000000000080e-01,7.069282516768520853e-03,-1.206708840369523535e-02,3.331239411313208620e+01,-1.086414272798388219e-03,0.000000000000000000e+00,1.995645243653024759e+00
2.600000000000000089e-01,-1.044813737919427811e-02,-1.922465545831148620e-02,3.323930686223818753e+01,-1.729608818694519396e-03,0.000000000000000000e+00,1.994447493015167883e+00
2.610000000000000098e-01,1.994718868928576153e-02,1.548739506443259396e-02,3.319564763173259792e+01,1.395064964027476449e-03,0.000000000000000000e+00,1.993250684602374534e+00
2.620000000000000107e-01,1.593768956785928444e-03,3.529896494320774233e-03,3.312283538126915516e+01,3.177313373714892768e-04,0.000000000000000000e+00,1.992054752580878274e+00
2.630000000000000115e-01,-4.523935971683376751e-03,-5.869366442512095969e-04,3.317366981062281894e+01,-5.281815938446090565e-05,0.000000000000000000e+00,1.990859646701040431e+00
2.640000000000000124e-01,5.214204591374256917e-03,-5.236375040489959186e-03,3.311509606216768020e+01,-4.714021585763304495e-04,0.000000000000000000e+00,1.989665331692649808e+00
2.650000000000000133e-01,-8.847568328122393938e-03,-1.636289726576635808e-02,3.313967310410680511e+01,-1.472235487942345072e-03,0.000000000000000000e+00,1.988471783237690804e+00
2.660000000000000142e-01,2.966810751141846485e-03,-1.498806452977555735e-02,3.317939675524217336e+01,-1.349172344045641413e-03,0.000000000000000000e+00,1.987278984639667012e+00
2.670000000000000151e-01,1.464924079149855821e-04,3.327847837855754057e-03,3.317819158048966699e+01,2.995273306330437915e-04,0.000000000000000000e+00,1.986086924431680334e+00
2.680000000000000160e-01,4.293540480115316631e-03,1.162429153578978724e-03,3.313820476376257318e+01,1.046432842907171821e-04,0.000000000000000000e+00,1.984895594712927425e+00
2.690000000000000169e-01,7.649674187449104386e-03,-6.780371903224058361e-03,3.314512665096648902e+01,-6.104590555219509057e-04,0.000000000000000000e+00,1.983704990005217939e+00
2.700000000000000178e-01,2.148098845035543904e-03,-2.688694441602015092e-03,3.300953091933963890e+01,-2.420188184848067175e-04,0.000000000000000000e+00,1.982515106471852029e+00
2.710000000000000187e-01,-4.779598731233008417e-04,-2.341699489288137301e-02,3.302610011779832888e+01,-2.107624961486753278e-03,0.000000000000000000e+00,1.981325941386279155e+00
2.720000000000000195e-01,1.192980229466012246e-02,-1.407313057288058465e-02,3.304811184266780089e+01,-1.267266336989193460e-03,0.000000000000000000e+00,1.980137492771704588e+00
2.730000000000000204e-01,-8.160482047472140954e-03,-1.008814532975996691e-03,3.297745602701527901e+01,-9.076957907243247243e-05,0.000000000000000000e+00,1.978949759157195176e+00
2.740000000000000213e-01,1.891941066723011253e-02,-3.057495289828626294e-03,3.286712946396702506e+01,-2.754000732972001499e-04,0.000000000000000000e+00,1.977762739412884274e+00
2.750000000000000222e-01,-5.128890064510198930e-03,-1.594618587808075208e-02,3.293269498807931939e+01,-1.434955300546285686e-03,0.000000000000000000e+00,1.976576432638754266e+00
2.760000000000000231e-01,2.276577972014228336e-03,1.471743294802023427e-02,3.289519861880600615e+01,1.324774559869471881e-03,0.000000000000000000e+00,1.975390838089643442e+00
2.770000000000000240e-01,-4.868002051785760322e-03,1.004337311334457458e-03,3.303189382331991197e+01,9.037861266860517414e-05,0.000000000000000000e+00,1.974205955124717748e+00
2.780000000000000249e-01,-4.315300231063361365e-03,1.345872225912981808e-04,3.284111086361919973e+01,1.211154329020799922e-05,0.000000000000000000e+00,1.973021783173440236e+00
2.790000000000000258e-01,3.076575075316693216e-03,8.753946364597049029e-03,3.286269809725062174e+01,7.880026166797442656e-04,0.000000000000000000e+00,1.971838321712655384e+00
2.800000000000000266e-01,3.710871896363601534e-03,1.147690847272574144e-02,3.280213351402851885e+01,1.033141219308632893e-03,0.000000000000000000e+00,1.970655570251167443e+00
2.810000000000000275e-01,-3.800813668876263512e-03,8.181272691919818166e-03,3.289890279420629327e+01,7.362502278566338768e-04,0.000000000000000000e+00,1.969473528319367617e+00
2.820000000000000284e-01,-1.301560579399612880e-02,-2.409678006278039345e-04,3.280923285947947932e+01,-2.167723161041815036e-05,0.000000000000000000e+00,1.968292195462246319e+00
2.830000000000000293e-01,-7.990399502229865794e-03,-6.327781899448335461e-03,3.281743864503932429e+01,-5.693553976111468198e-04,0.000000000000000000e+00,1.967111571234703149e+00
2.840000000000000302e-01,-3.205718820037067093e-03,-9.646500147694676494e-03,3.281551703097511563e+01,-8.681298012451980472e-04,0.000000000000000000e+00,1.965931655198381423e+00
2.850000000000000311e-01,-1.629220232342876292e-03,-9.757610248731393016e-03,3.270334025013288226e+01,-8.781843312482093700e-04,0.000000000000000000e+00,1.964752446919541873e+00
2.860000000000000320e-01,2.400370236061590175e-03,-6.766886542987607736e-03,3.268227400159097584e+01,-6.091173276643246579e-04,0.000000000000000000e+00,1.963573945967640011e+00
2.870000000000000329e-01,1.480262148374285325e-02,2.566820100505671359e-02,3.276185778014627914e+01,2.311651598654216547e-03,0.000000000000000000e+00,1.962396151914358011e+00
2.880000000000000338e-01,1.032752365934481347e-03,2.999199842128549322e-03,3.271766945860931486e+01,2.699564827015932299e-04,0.000000000000000000e+00,1.961219064332960338e+00
2.889999999999999791e-01,5.179953891908486464e-03,-1.900968685483564458e-02,3.268916728451085874e+01,-1.711335628386480030e-03,0.000000000000000000e+00,1.960042682797861202e+00
2.899999999999999800e-01,2.175092449230248918e-03,8.841569372612529884e-03,3.258807733118764816e+01,7.958615322938588678e-04,0.000000000000000000e+00,1.958867006884325690e+00
2.909999999999999809e-01,-5.713272740401102549e-03,-7.866491193626227660e-03,3.265028386622439882e+01,-7.078683266971630894e-04,0.000000000000000000e+00,1.957692036168280136e+00
2.919999999999999818e-01,-1.332129129209537813e-02,-8.821318016248455574e-03,3.253164008534682949e+01,-7.935475991628000193e-04,0.000000000000000000e+00,1.956517770226173569e+00
2.929999999999999827e-01,1.957936934671889329e-03,-6.529704891198624336e-03,3.251930017244480098e+01,-5.877571827905209503e-04,0.000000000000000000e+00,1.955344208634895553e+00
2.939999999999999836e-01,1.881366772996167494e-03,9.555070283457228753e-03,3.251940252643746021e+01,8.600762398921007416e-04,0.000000000000000000e+00,1.954171350971708021e+00
2.949999999999999845e-01,1.089635424902471797e-02,-8.613451786166143520e-04,3.249363404437794145e+01,-7.755976855643311558e-05,0.000000000000000000e+00,1.952999196814210192e+00
2.959999999999999853e-01,7.477886019947608230e-03,8.398769451199121841e-03,3.252597906612427181e+01,7.561634965035986689e-04,0.000000000000000000e+00,1.951827745740310149e+00
2.969999999999999862e-01,-1.145071596336640768e-03,5.064953527690954811e-03,3.260667178922135179e+01,4.558543191725500463e-04,0.000000000000000000e+00,1.950656997328207298e+00
2.979999999999999871e-01,-7.211999912110794199e-03,-4.963875886378644499e-03,3.246479885078678507e+01,-4.466489838136517574e-04,0.000000000000000000e+00,1.949486951156378156e+00
2.989999999999999880e-01,1.881044120127047100e-03,1.192829771140817632e-02,3.245073828775812075e+01,1.073696478152043202e-03,0.000000000000000000e+00,1.948317606803568802e+00
2.999999999999999889e-01,2.825063991658168503e-04,-4.089140678199800795e-03,3.250972408658904556e+01,-3.680504939439795510e-04,0.000000000000000000e+00,1.947148963848791325e+00
3.009999999999999898e-01,3.320831819497455789e-03,-4.987966066996818611e-03,3.239249522549684457e+01,-4.490053354174254304e-04,0.000000000000000000e+00,1.945981021871315164e+00
3.019999999999999907e-01,-5.646328385096516028e-04,8.747271421891406398e-03,3.237202304661470720e+01,7.872873485714763832e-04,0.000000000000000000e+00,1.944813780450668217e+00
3.029999999999999916e-01,-4.112249973233749779e-03,-2.456695897540898867e-03,3.236413572261091076e+01,-2.210805699270245643e-04,0.000000000000000000e+00,1.943647239166634177e+00
3.039999999999999925e-01,-6.097259006929741341e-03,-1.495693657748714198e-02,3.234439527935447956e+01,-1.345883332002170522e-03,0.000000000000000000e+00,1.942481397599252313e+00
3.049999999999999933e-01,1.134747127024938324e-02,-5.278084543258988737e-03,3.235968124040780225e+01,-4.752733198951405568e-04,0.000000000000000000e+00,1.941316255328814355e+00
3.059999999999999942e-01,-6.050811387072796248e-03,-1.389601094575298838e-03,3.234874083684647417e+01,-1.250419435398626125e-04,0.000000000000000000e+00,1.940151811935864279e+00
3.069999999999999951e-01,-8.393582673972646915e-03,3.220135366556615628e-03,3.222194662531926923e+01,2.897337440802679126e-04,0.000000000000000000e+00,1.938988067001198301e+00
3.079999999999999960e-01,-1.577546839978030344e-02,-1.062365485583059883e-02,3.228046052240770081e+01,-9.555884543526604749e-04,0.000000000000000000e+00,1.937825020105864660e+00
3.089999999999999969e-01,-3.674812603875641723e-04,-6.661418553786231612e-04,3.227604487320135718e+01,-5.995574578214107116e-05,0.000000000000000000e+00,1.936662670831165833e+00
3.099999999999999978e-01,1.410292596098736313e-02,-1.363890075098732162e-02,3.218632657593909840e+01,-1.228270996451107881e-03,0.000000000000000000e+00,1.935501018758650993e+00
3.109999999999999987e-01,-2.448877457383218104e-02,-8.424227626107918393e-03,3.224375627910146846e+01,-7.574882295432234678e-04,0.000000000000000000e+00,1.934340063470123772e+00
3.119999999999999996e-01,7.305569561110240558e-04,5.607521993174885075e-03,3.225968760089443776e+01,5.047241722148170743e-04,0.000000000000000000e+00,1.933179804547636937e+00
3.130000000000000004e-01,1.853983390532974035e-03,-2.850749683014900358e-03,3.212809489340146740e+01,-2.566029674462814861e-04,0.000000000000000000e+00,1.932020241573497055e+00
3.140000000000000013e-01,-1.361107386332215119e-02,-7.333586185810371874e-03,3.218237634010832693e+01,-6.597066742834213366e-04,0.000000000000000000e+00,1.930861374130257602e+00
3.150000000000000022e-01,-6.130403913329009191e-03,-4.285582075227340436e-03,3.219989183220854301e+01,-3.856328347349609049e-04,0.000000000000000000e+00,1.929703201800724743e+00
3.160000000000000031e-01,9.862249504691363369e-03,-1.245246204088049091e-02,3.206223037372602391e+01,-1.121234849130406212e-03,0.000000000000000000e+00,1.928545724167955111e+00
3.170000000000000040e-01,-4.732787632964543210e-03,2.893885800474168516e-04,3.216504172009957330e+01,2.604172846972731996e-05,0.000000000000000000e+00,1.927388940815253360e+00
3.180000000000000049e-01,-7.498003444392331140e-04,3.634363876872641168e-03,3.209276073183399092e+01,3.271040095836663707e-04,0.000000000000000000e+00,1.926232851326175277e+00
3.190000000000000058e-01,-1.122676575590311927e-02,1.412446629205365949e-02,3.214673767034926044e+01,1.270714164021614044e-03,0.000000000000000000e+00,1.925077455284525785e+00
3.200000000000000067e-01,1.565444248830247936e-02,1.429534683007640736e-02,3.209104471502474354e+01,1.287467871557184101e-03,0.000000000000000000e+00,1.923922752274362047e+00
3.210000000000000075e-01,-3.784781727293487670e-03,-9.494628247096993656e-03,3.203688763530180950e+01,-8.544424500854502086e-04,0.000000000000000000e+00,1.922768741879988585e+00
3.220000000000000084e-01,-1.752623617797587855e-03,1.172152241703499102e-03,3.199912866928130484e+01,1.054931111524590371e-04,0.000000000000000000e+00,1.921615423685958612e+00
3.230000000000000093e-01,-1.182737638128482718e-02,2.622680149623893633e-03,3.198151564736244978e+01,2.359449783221036158e-04,0.000000000000000000e+00,1.920462797277075806e+00
3.240000000000000102e-01,3.892479627141263304e-03,-1.673136511495507172e-03,3.201613180466421937e+01,-1.506153705461477955e-04,0.000000000000000000e+00,1.919310862238391868e+00
3.250000000000000111e-01,-5.000583480803223908e-03,-1.644059224500889205e-02,3.200629993196571377e+01,-1.479453205662019464e-03,0.000000000000000000e+00,1.918159618155208745e+00
3.260000000000000120e-01,2.140261958578084604e-03,5.453003211197004867e-03,3.193342733215164131e+01,4.908437943762029767e-04,0.000000000000000000e+00,1.917009064613075076e+00
3.270000000000000129e-01,1.578266410326521286e-03,1.373556541315174191e-02,3.192346715252389799e+01,1.236358311161605064e-03,0.000000000000000000e+00,1.915859201197791961e+00
3.280000000000000138e-01,5.387097975872646993e-03,4.983428920074708078e-03,3.198674349248425131e+01,4.486339000294611553e-04,0.000000000000000000e+00,1.914710027495404310e+00
3.290000000000000147e-01,3.725109351723077198e-03,-2.381066704657673182e-03,3.188463876472403058e+01,-2.143416549792389225e-04,0.000000000000000000e+00,1.913561543092208161e+00
3.300000000000000155e-01,1.253834843847778137e-02,-6.862449254245481939e-03,3.196776863728254980e+01,-6.179692568005294142e-04,0.000000000000000000e+00,1.912413747574746914e+00
3.310000000000000164e-01,9.642514894467013944e-03,-6.382298169274729441e-03,3.177690169114071495e+01,-5.746648631232624364e-04,0.000000000000000000e+00,1.911266640529811545e+00
3.320000000000000173e-01,3.378696495126811555e-03,1.765185762319287157e-05,3.182804927225273417e+01,1.588983655353077057e-06,0.000000000000000000e+00,1.910120221544442387e+00
3.330000000000000182e-01,-1.027119097059490775e-02,-4.143367096223688102e-03,3.181641632616168991e+01,-3.727741656365021056e-04,0.000000000000000000e+00,1.908974490205925578e+00
3.340000000000000191e-01,1.115267138178611256e-02,-9.464913332782058999e-03,3.179593033016625014e+01,-8.522761976612282155e-04,0.000000000000000000e+00,1.907829446101795945e+00
3.350000000000000200e-01,-1.194140959789717540e-03,-1.014762674886801261e-02,3.178145243881365900e+01,-9.133016518575538725e-04,0.000000000000000000e+00,1.906685088819835894e+00
3.360000000000000209e-01,5.927755282148570830e-03,1.389776280733910803e-02,3.172045262427023005e+01,1.251175071776408371e-03,0.000000000000000000e+00,1.905541417948074301e+00
3.370000000000000218e-01,-2.392889300633656985e-02,-1.449880631389676919e-02,3.176775052729857052e+01,-1.303730295223536496e-03,0.000000000000000000e+00,1.904398433074788066e+00
3.380000000000000226e-01,4.232337236324302545e-04,4.572305052091231968e-03,3.168675118852441130e+01,4.115408876066348458e-04,0.000000000000000000e+00,1.903256133788499227e+00
3.390000000000000235e-01,1.947377534368263099e-03,-2.021532934629839164e-03,3.172838846321325335e+01,-1.819638133256177843e-04,0.000000000000000000e+00,1.902114519677978510e+00
3.400000000000000244e-01,-1.902562091808407884e-03,4.966562647315265512e-03,3.168407951027791825e+01,4.469854608402419474e-04,0.000000000000000000e+00,1.900973590332242891e+00
3.410000000000000253e-01,2.820129839771527702e-03,1.068829675229043645e-02,3.167521420145260791e+01,9.621168862617508928e-04,0.000000000000000000e+00,1.899833345340555590e+00
3.420000000000000262e-01,1.016504088944850982e-02,-9.309440798368368367e-03,3.170106121648515796e+01,-8.382435137807395416e-04,0.000000000000000000e+00,1.898693784292426745e+00
3.430000000000000271e-01,5.053487588124292926e-03,9.072770752706446618e-03,3.162123975480409399e+01,8.167666098810018403e-04,0.000000000000000000e+00,1.897554906777611627e+00
3.440000000000000280e-01,-5.580268192934179257e-03,1.612755341759388936e-02,3.156233383907413170e+01,1.451249938929555358e-03,0.000000000000000000e+00,1.896416712386112424e+00
3.450000000000000289e-01,-5.738641772610277025e-03,1.212701860438933181e-02,3.157736472811234307e+01,1.091251927021963646e-03,0.000000000000000000e+00,1.895279200708176903e+00
3.460000000000000298e-01,1.316240494752863796e-02,1.463728758081964294e-02,3.158201585546537515e+01,1.318132719663169840e-03,0.000000000000000000e+00,1.894142371334298192e+00
3.470000000000000306e-01,1.506882474137825542e-02,8.334162301774885456e-03,3.149581751060036083e+01,7.505739948090787940e-04,0.000000000000000000e+00,1.893006223855217440e+00
3.480000000000000315e-01,-5.483631388882548004e-04,6.225042440422578691e-03,3.157810416040292623e+01,5.602776115666968908e-04,0.000000000000000000e+00,1.891870757861917607e+00
3.490000000000000324e-01,4.309386759057097678e-03,-2.326561077142088284e-03,3.142806127088389800e+01,-2.094399864349492523e-04,0.000000000000000000e+00,1.890735972945629673e+00
3.500000000000000333e-01,-3.054894710343942360e-03,-3.115034781504367328e-03,3.151181948976414660e+01,-2.803369889871883212e-04,0.000000000000000000e+00,1.889601868697829090e+00
3.510000000000000342e-01,4.701003489603896961e-03,3.608889000729640847e-03,3.139456018170267271e+01,3.248818533502637247e-04,0.000000000000000000e+00,1.888468444710235339e+00
3.519999999999999796e-01,2.236279884495951525e-02,3.545752671429821135e-03,3.147659924960552758e+01,3.194231051939214932e-04,0.000000000000000000e+00,1.887335700574813702e+00
3.529999999999999805e-01,-5.512695490459800125e-03,1.981741719367547533e-02,3.135054089745833039e+01,1.783289896793157714e-03,0.000000000000000000e+00,1.886203635883774599e+00
3.539999999999999813e-01,1.335419310229931864e-02,-3.719329007434132688e-03,3.150600973285222750e+01,-3.349395670760294983e-04,0.000000000000000000e+00,1.885072250229572921e+00
3.549999999999999822e-01,-1.052224322366513212e-02,4.528123138337587263e-03,3.140915586460431896e+01,4.073861586958465357e-04,0.000000000000000000e+00,1.883941543204908253e+00
3.559999999999999831e-01,3.425464189914985240e-03,-1.880559832072230307e-03,3.139741080267228313e+01,-1.692844162072920070e-04,0.000000000000000000e+00,1.882811514402721986e+00
3.569999999999999840e-01,2.515629966336663595e-02,-6.181907597696987763e-04,3.131829023545850177e+01,-5.569661102584385758e-05,0.000000000000000000e+00,1.881682163416202869e+00
3.579999999999999849e-01,-1.333506376879594734e-03,1.547294777853172945e-02,3.141184928288498313e+01,1.392580798594879061e-03,0.000000000000000000e+00,1.880553489838782566e+00
3.589999999999999858e-01,7.946372436560454611e-03,-5.695885684080352618e-04,3.134478679736350770e+01,-5.128252852533637192e-05,0.000000000000000000e+00,1.879425493264135882e+00
3.599999999999999867e-01,6.468169594245204435e-03,-1.624682576607666684e-02,3.127944542845496301e+01,-1.462685900878625631e-03,0.000000000000000000e+00,1.878298173286182093e+00
3.609999999999999876e-01,-1.488210841705717852e-02,-1.874678640756461540e-02,3.133888145061547092e+01,-1.686317185705390846e-03,0.000000000000000000e+00,1.877171529499084501e+00
3.619999999999999885e-01,1.123983855540495666e-02,2.407872387244738583e-03,3.130418944152542338e+01,2.168196777357187682e-04,0.000000000000000000e+00,1.876045561497248437e+00
3.629999999999999893e-01,1.290622468974454923e-03,1.174139151929658783e-03,3.125088109907584766e+01,1.056847673629299125e-04,0.000000000000000000e+00,1.874920268875324370e+00
3.639999999999999902e-01,-6.691523570999558836e-03,-8.079272579008851471e-03,3.119947920961913468e+01,-7.269871265100444216e-04,0.000000000000000000e+00,1.873795651228203685e+00
3.649999999999999911e-01,-1.023513904494934186e-02,-7.155201958175937821e-03,3.127121023280086121e+01,-6.437465513634721848e-04,0.000000000000000000e+00,1.872671708151022907e+00
3.659999999999999920e-01,-7.542115872398653595e-03,-1.329109986940203020e-02,3.127062375492362989e+01,-1.195915883469335318e-03,0.000000000000000000e+00,1.871548439239159034e+00
3.669999999999999929e-01,-5.466315989261304187e-03,-1.429406823938103935e-02,3.115535950044963442e+01,-1.286268256821427539e-03,0.000000000000000000e+00,1.870425844088235312e+00
3.679999999999999938e-01,1.319109806889231596e-03,4.332387205211981132e-03,3.123284159752708433e+01,3.899604690712305476e-04,0.000000000000000000e+00,1.869303922294113462e+00
3.689999999999999947e-01,-2.810313481502932625e-03,-8.938861965391555961e-04,3.118297416329437510e+01,-8.044591112299585020e-05,0.000000000000000000e+00,1.868182673452900566e+00
3.699999999999999956e-01,1.590493733677596005e-03,5.443009002242012520e-03,3.110937295592241014e+01,4.899334318575307608e-04,0.000000000000000000e+00,1.867062097160944401e+00
3.709999999999999964e-01,2.232099084082739271e-02,-1.940198602892400682e-03,3.110991595490504480e+01,-1.747846752744439049e-04,0.000000000000000000e+00,1.865942193014835659e+00
3.719999999999999973e-01,9.116335288231122713e-04,-9.864765807482467341e-03,3.096552492893376396e+01,-8.879183609077250568e-04,0.000000000000000000e+00,1.864822960611406621e+00
3.729999999999999982e-01,1.511841729949855301e-02,8.060678641801433120e-03,3.106548207809795414e+01,7.259455140611727284e-04,0.000000000000000000e+00,1.863704399547731372e+00
3.739999999999999991e-01,-1.962720115875870447e-02,2.296876100870851728e-02,3.100545188196748114e+01,2.065702154035295793e-03,0.000000000000000000e+00,1.862586509421126246e+00
3.750000000000000000e-01,1.325869485096109988e-02,1.134013970379423204e-03,3.099605975258057811e+01,1.021218345229868408e-04,0.000000000000000000e+00,1.861469289829148499e+00
3.760000000000000009e-01,-3.191257517969414183e-03,2.086796538965464756e-02,3.093997866679536557e+01,1.877998530630209557e-03,0.000000000000000000e+00,1.860352740369596969e+00
3.770000000000000018e-01,-6.181446235935039897e-03,7.860523074602837265e-03,3.098012640862795308e+01,7.073180646345665450e-04,0.000000000000000000e+00,1.859236860640512079e+00
3.780000000000000027e-01,-1.622290353682583758e-02,1.800852705445607450e-03,3.094551212444222799e+01,1.619822299993516448e-04,0.000000000000000000e+00,1.858121650240174505e+00
3.790000000000000036e-01,3.211842321818883950e-03,-1.183669243200894143e-03,3.097882182334829793e+01,-1.065507437223351696e-04,0.000000000000000000e+00,1.857007108767106951e+00
3.800000000000000044e-01,-1.412437405725671877e-02,5.927772296810944626e-05,3.092751310231831852e+01,5.332330859913303101e-06,0.000000000000000000e+00,1.855893235820071929e+00
3.810000000000000053e-01,5.049930322967223495e-03,4.800553055546135338e-03,3.098917492773779969e+01,4.321646600651158103e-04,0.000000000000000000e+00,1.854780030998073759e+00
3.820000000000000062e-01,3.937922646529208592e-03,-1.306676350043731085e-03,3.088762781503466215e+01,-1.176269229487079672e-04,0.000000000000000000e+00,1.853667493900356122e+00
3.830000000000000071e-01,-6.626697545498181317e-03,1.304376569128264454e-02,3.084823477544700410e+01,1.173703967281224418e-03,0.000000000000000000e+00,1.852555624126403400e+00
3.840000000000000080e-01,8.517538683551133943e-03,-1.039300557225621667e-02,3.086299015741425578e+01,-9.357486785155091046e-04,0.000000000000000000e+00,1.851444421275941110e+00
3.850000000000000089e-01,1.687505212688440433e-04,-9.963031109828405715e-03,3.078011020628542482e+01,-8.967365425451118924e-04,0.000000000000000000e+00,1.850333884948933028e+00
3.860000000000000098e-01,1.120055839954230961e-03,-3.273844364985518951e-02,3.080447086239918875e+01,-2.946781259831853395e-03,0.000000000000000000e+00,1.849224014745584732e+00
3.870000000000000107e-01,3.384472569240805882e-03,3.812768900842588259e-03,3.072429412288658668e+01,3.432176369656706285e-04,0.000000000000000000e+00,1.848114810266341612e+00
3.880000000000000115e-01,1.565715468262417198e-03,4.913326921809829835e-03,3.079117980624016582e+01,4.422555133258607813e-04,0.000000000000000000e+00,1.847006271111886200e+00
3.890000000000000124e-01,5.887925413115909987e-03,-1.262246022213662014e-02,3.072224539845180047e+01,-1.136361491767481349e-03,0.000000000000000000e+00,1.845898396883143500e+00
3.900000000000000133e-01,4.403507191229154120e-03,7.708364221223814108e-03,3.076775140441231571e+01,6.939193546642963934e-04,0.000000000000000000e+00,1.844791187181276548e+00
3.910000000000000142e-01,8.381773611604215538e-03,9.836442955453226014e-03,3.078112559613094845e+01,8.856329939387690923e-04,0.000000000000000000e+00,1.843684641607687524e+00
3.920000000000000151e-01,5.178891685793119044e-03,-5.829794560175309906e-03,3.076283113538185887e+01,-5.248237275204808159e-04,0.000000000000000000e+00,1.842578759764017970e+00
3.930000000000000160e-01,1.432236360597169585e-02,-5.205647502155811603e-03,3.079678264848077518e+01,-4.688062422409316294e-04,0.000000000000000000e+00,1.841473541252149237e+00
3.940000000000000169e-01,-9.326810905091000026e-03,-1.880146165791698369e-03,3.067741927055293161e+01,-1.691610539273862674e-04,0.000000000000000000e+00,1.840368985674198932e+00
3.950000000000000178e-01,-6.718909536300336945e-03,-4.195227667091639030e-03,3.066212225970232197e+01,-3.774935357889031657e-04,0.000000000000000000e+00,1.839265092632526688e+00
3.960000000000000187e-01,-2.101508741690800985e-03,-8.463719479433485723e-03,3.069435879265948230e+01,-7.617198816120768559e-04,0.000000000000000000e+00,1.838161861729727953e+00
3.970000000000000195e-01,6.268569840242994851e-03,7.054051705709781829e-03,3.058934262881986754e+01,6.350643474612515738e-04,0.000000000000000000e+00,1.837059292568637980e+00
3.980000000000000204e-01,-8.239403915176850279e-03,1.241351565814704030e-02,3.060095758484026263e+01,1.116920904754588936e-03,0.000000000000000000e+00,1.835957384752329169e+00
3.990000000000000213e-01,8.054444567796087071e-03,4.066842621455271992e-03,3.065927228296275686e+01,3.661570536392331219e-04,0.000000000000000000e+00,1.834856137884112615e+00
4.000000000000000222e-01,7.189310333462748705e-03,-1.580747088498457228e-03,3.053727634689215975e+01,-1.423172156711177510e-04,0.000000000000000000e+00,1.833755551567538111e+00
4.010000000000000231e-01,7.693317752620388618e-04,-1.023921601132054063e-02,3.047909067140403394e+01,-9.216170402731936433e-04,0.000000000000000000e+00,1.832655625406392597e+00
4.020000000000000240e-01,-1.591072801226409844e-02,2.714154645334417720e-03,3.054145113327740901e+01,2.441345156638609945e-04,0.000000000000000000e+00,1.831556359004700374e+00
4.030000000000000249e-01,6.703043792306425872e-03,-1.869048302909322948e-03,3.056405103383859156e+01,-1.682701753409404568e-04,0.000000000000000000e+00,1.830457751966722890e+00
4.040000000000000258e-01,-4.918970065042708138e-03,-1.538900016528434861e-02,3.049156871826267334e+01,-1.384827228783144272e-03,0.000000000000000000e+00,1.829359803896960512e+00
4.050000000000000266e-01,5.754884471259726596e-03,-2.082742927695579484e-03,3.053578653301651258e+01,-1.875019809953054075e-04,0.000000000000000000e+00,1.828262514400149419e+00
4.060000000000000275e-01,-2.997666455144899593e-03,6.004805324126953787e-03,3.042053170447051613e+01,5.404025981466130174e-04,0.000000000000000000e+00,1.827165883081263154e+00
4.070000000000000284e-01,-8.781536937291674338e-03,-4.467650693258370942e-03,3.044807791720585755e+01,-4.019735094041689341e-04,0.000000000000000000e+00,1.826069909545512626e+00
4.080000000000000293e-01,-1.142339115396408603e-02,-5.002369172610043012e-03,3.039488211032368170e+01,-4.500369306518236297e-04,0.000000000000000000e+00,1.824974593398345668e+00
4.090000000000000302e-01,-1.267791973022324749e-02,-1.290255789446210534e-02,3.030222177922953719e+01,-1.160717350900174281e-03,0.000000000000000000e+00,1.823879934245446144e+00
4.100000000000000311e-01,4.421605955974078003e-03,8.201642058505329361e-03,3.040953105821234459e+01,7.383255527726028267e-04,0.000000000000000000e+00,1.822785931692733952e+00
4.110000000000000320e-01,-4.423421821611501353e-03,-1.301493680887022206e-02,3.038011382834983110e+01,-1.171212892532648951e-03,0.000000000000000000e+00,1.821692585346367244e+00
4.120000000000000329e-01,4.324900719579723510e-03,-1.694883932354524642e-02,3.031723555053608621e+01,-1.525757011227184528e-03,0.000000000000000000e+00,1.820599894812738428e+00
4.130000000000000338e-01,-3.256673618830068645e-03,1.190888362934552740e-02,3.039633542636141073e+01,1.071729186028004847e-03,0.000000000000000000e+00,1.819507859698477725e+00
4.140000000000000346e-01,7.560396466152442645e-03,-1.315757503470597715e-02,3.032337643204974498e+01,-1.184615288518775251e-03,0.000000000000000000e+00,1.818416479610448722e+00
4.150000000000000355e-01,4.024910204915297871e-03,1.886895346445238253e-04,3.032647848890846021e+01,1.698587901521627131e-05,0.000000000000000000e+00,1.817325754155755257e+00
4.160000000000000364e-01,-2.218772382168572761e-03,-1.062828090377498404e-02,3.018494309604014347e+01,-9.565221295881462180e-04,0.000000000000000000e+00,1.816235682941732099e+00
4.169999999999999818e-01,5.553726046990698807e-03,-6.011131807692994371e-03,3.031523759352441871e+01,-5.411565971522287006e-04,0.000000000000000000e+00,1.815146265575951823e+00
4.179999999999999827e-01,9.545296993728268065e-03,-1.467677070371993520e-02,3.024477314677030293e+01,-1.321497600419626380e-03,0.000000000000000000e+00,1.814057501666222594e+00
4.189999999999999836e-01,1.047628545759302652e-03,-2.173565932903719685e-03,3.027059666175123809e+01,-1.956417022556919448e-04,0.000000000000000000e+00,1.812969390820587279e+00
4.199999999999999845e-01,-7.282202400514608230e-04,2.114605817415427750e-03,3.027510223319588079e+01,1.903212393542180552e-04,0.000000000000000000e+00,1.811881932647323667e+00
4.209999999999999853e-01,-1.152589783738090139e-03,-9.713848918050216330e-03,3.025531777107722675e+01,-8.742624452854673520e-04,0.000000000000000000e+00,1.810795126754945361e+00
4.219999999999999862e-01,1.243959474593651264e-03,-8.567167455619166191e-03,3.018366604412240051e+01,-7.711329717070064191e-04,0.000000000000000000e+00,1.809708972752199774e+00
4.229999999999999871e-01,-5.766244076837508808e-03,-1.417838573296721812e-02,3.016859909115033744e+01,-1.275843157318957153e-03,0.000000000000000000e+00,1.808623470248069465e+00
4.239999999999999880e-01,1.598439676058522425e-03,1.191038450572465615e-02,3.009939944805859824e+01,1.072071974086768889e-03,0.000000000000000000e+00,1.807538618851771473e+00
4.249999999999999889e-01,-7.336896583058915254e-03,4.721966905133447544e-03,3.014198182474530441e+01,4.248799229108588698e-04,0.000000000000000000e+00,1.806454418172757981e+00
4.259999999999999898e-01,9.552548306427882316e-03,-4.190559499429793479e-03,3.010849833186783897e+01,-3.773184194755915995e-04,0.000000000000000000e+00,1.805370867820712988e+00
4.269999999999999907e-01,-5.956374673864493242e-03,-9.730124790736149887e-03,2.996908017894057608e+01,-8.755594005714160272e-04,0.000000000000000000e+00,1.804287967405557414e+00
4.279999999999999916e-01,1.118960565198422186e-02,4.967885022367973802e-03,3.001672298350990431e+01,4.473381051387837794e-04,0.000000000000000000e+00,1.803205716537445769e+00
4.289999999999999925e-01,1.506609778306667279e-03,1.938519780982242728e-03,2.998399513758894130e+01,1.744884987856766209e-04,0.000000000000000000e+00,1.802124114826765044e+00
4.299999999999999933e-01,4.106597109417617353e-03,1.266718271133342351e-03,2.997058431942665280e+01,1.140306666953912673e-04,0.000000000000000000e+00,1.801043161884136268e+00
4.309999999999999942e-01,1.531822551893795379e-03,-3.723037965193902888e-03,3.008973640501574920e+01,-3.351154656661682564e-04,0.000000000000000000e+00,1.799962857320414278e+00
4.319999999999999951e-01,1.453632419102572279e-02,6.766781265816678055e-03,3.000531501866138839e+01,6.094028397409573163e-04,0.000000000000000000e+00,1.798883200746687505e+00
4.329999999999999960e-01,-5.915247851329603380e-03,-2.928384605083531479e-03,3.003178993260167928e+01,-2.635093520399805957e-04,0.000000000000000000e+00,1.797804191774278637e+00
4.339999999999999969e-01,1.611467039621054115e-02,5.158603746832337612e-03,3.001707376089786905e+01,4.646028234064297313e-04,0.000000000000000000e+00,1.796725830014741287e+00
4.349999999999999978e-01,-8.434199265632198392e-03,4.605153215832772512e-03,2.989472914020076644e+01,4.143509411357950171e-04,0.000000000000000000e+00,1.795648115079863327e+00
4.359999999999999987e-01,9.549138062575767902e-03,-3.343366666653280282e-03,2.983144619962182631e+01,-3.010370464687825822e-04,0.000000000000000000e+00,1.794571046581665996e+00
4.369999999999999996e-01,1.529259571785518282e-03,3.337099936220604135e-02,2.979884576524884210e+01,3.003766534677257058e-03,0.000000000000000000e+00,1.793494624132401238e+00
4.380000000000000004e-01,1.374032931814044185e-02,-3.459052642012994203e-03,2.995260030311916921e+01,-3.115054992126664373e-04,0.000000000000000000e+00,1.792418847344557031e+00
4.390000000000000013e-01,1.714852140115755499e-02,-7.987705813394521334e-03,2.990043073838664967e+01,-7.194318230641548939e-04,0.000000000000000000e+00,1.791343715830850281e+00
4.400000000000000022e-01,5.848387726888895459e-03,-2.288067593016219342e-02,2.989604338258525473e+01,-2.059874030671932175e-03,0.000000000000000000e+00,1.790269229204232593e+00
4.410000000000000031e-01,-9.844384732988603268e-03,-1.145329658724377440e-02,2.979870622641948685e+01,-1.030458015207566264e-03,0.000000000000000000e+00,1.789195387077886501e+00
4.420000000000000040e-01,4.435821193567029974e-03,2.680677503427970443e-04,2.990047229594220823e+01,2.413192148677004395e-05,0.000000000000000000e+00,1.788122189065224799e+00
4.430000000000000049e-01,-3.939282346602922149e-04,-1.254592636386866154e-02,2.983958148087458895e+01,-1.129188282717212425e-03,0.000000000000000000e+00,1.787049634779897200e+00
4.440000000000000058e-01,-1.153937982918972838e-03,-2.227969841524147024e-02,2.974756785205453369e+01,-2.005209544945124166e-03,0.000000000000000000e+00,1.785977723835780573e+00
4.450000000000000067e-01,-7.205633110733684725e-03,4.645059481799761972e-04,2.973244820088249440e+01,4.179620264727336264e-05,0.000000000000000000e+00,1.784906455846985596e+00
4.460000000000000075e-01,-1.122795057087791308e-02,1.543087145285196651e-02,2.957286409241433489e+01,1.388245444839519144e-03,0.000000000000000000e+00,1.783835830427852542e+00
4.470000000000000084e-01,4.300100613306735535e-03,7.316314184542039613e-03,2.977073823080604953e+01,6.586236616886205616e-04,0.000000000000000000e+00,1.782765847192955722e+00
4.480000000000000093e-01,8.460618172978074183e-03,8.979247958808165772e-03,2.969031197500643771e+01,8.084572140556972684e-04,0.000000000000000000e+00,1.781696505757098592e+00
4.490000000000000102e-01,-2.395823489465991399e-02,-1.182968050497565935e-03,2.972974253094822927e+01,-1.063721691674826249e-04,0.000000000000000000e+00,1.780627805735315761e+00
4.500000000000000111e-01,8.630324542947785671e-03,-4.553071144815049390e-03,2.955098231571969336e+01,-4.099439232018517866e-04,0.000000000000000000e+00,1.779559746742874315e+00
4.510000000000000120e-01,1.196039907562564814e-02,1.831168125243642919e-03,2.966808480289285654e+01,1.648944094422116454e-04,0.000000000000000000e+00,1.778492328395270716e+00
4.520000000000000129e-01,-1.639612544708475735e-03,3.949162330534316048e-03,2.969070971813921034e+01,3.554242230757517903e-04,0.000000000000000000e+00,1.777425550308231017e+00
4.530000000000000138e-01,4.824260509919578270e-03,6.982289961593590591e-04,2.961245589044545312e+01,6.285675340805300872e-05,0.000000000000000000e+00,1.776359412097714641e+00
4.540000000000000147e-01,2.976554172769812091e-03,-6.333095835711604477e-03,2.957625145567080338e+01,-5.700830189869282236e-04,0.000000000000000000e+00,1.775293913379909272e+00
4.550000000000000155e-01,1.341808972185230646e-02,2.478072593990637493e-03,2.968927521455791663e+01,2.231603269350340831e-04,0.000000000000000000e+00,1.774229053771233522e+00
4.560000000000000164e-01,-6.811733562191017201e-03,-8.214597993082231597e-03,2.956884077150936463e+01,-7.391603976559639206e-04,0.000000000000000000e+00,1.773164832888336262e+00
4.570000000000000173e-01,-3.019339049029898421e-03,1.226350891987021408e-02,2.957914015188723056e+01,1.103653822576649386e-03,0.000000000000000000e+00,1.772101250348095736e+00
4.580000000000000182e-01,-2.696335130586362608e-02,-1.006562985805142980e-02,2.942306348015371498e+01,-9.049900762011133925e-04,0.000000000000000000e+00,1.771038305767619780e+00
4.590000000000000191e-01,-4.178158295363121506e-03,5.637401760840509736e-03,2.943613406114706521e+01,5.073142005917437650e-04,0.000000000000000000e+00,1.769975998764246272e+00
4.600000000000000200e-01,3.068679956092585683e-03,-1.335619650146448092e-03,2.952881682565598354e+01,-1.202282266517005018e-04,0.000000000000000000e+00,1.768914328955543791e+00
4.610000000000000209e-01,-5.451864956806024010e-03,4.504519677926806069e-03,2.948148151427453456e+01,4.053446450139875615e-04,0.000000000000000000e+00,1.767853295959307847e+00
4.620000000000000218e-01,-6.171084754294946240e-03,-5.282330166603142751e-03,2.950079453289151843e+01,-4.753232145198321712e-04,0.000000000000000000e+00,1.766792899393565541e+00
4.630000000000000226e-01,6.703441440039510126e-03,5.651209704577197721e-03,2.938473063853344769e+01,5.087776819275680951e-04,0.000000000000000000e+00,1.765733138876572683e+00
4.640000000000000235e-01,-6.940367819397410404e-03,2.259481946739117040e-03,2.948388283193388304e+01,2.033101314678770612e-04,0.000000000000000000e+00,1.764674014026812454e+00
4.650000000000000244e-01,-6.476299754810297196e-03,1.028713228319995919e-02,2.938039626586864728e+01,9.256621707361889148e-04,0.000000000000000000e+00,1.763615524462997630e+00
4.660000000000000253e-01,-3.178800299164792186e-03,1.224622600448367800e-02,2.942801165492923943e+01,1.102091432882038730e-03,0.000000000000000000e+00,1.762557669804070581e+00
4.670000000000000262e-01,1.868378254917582885e-03,2.347167686460033958e-02,2.929490982484380979e+01,2.112744387959603846e-03,0.000000000000000000e+00,1.761500449669201496e+00
4.680000000000000271e-01,1.288452412343942845e-02,1.165492567291229534e-02,2.936257949381028354e+01,1.049550232878952889e-03,0.000000000000000000e+00,1.760443863677789267e+00
4.690000000000000280e-01,1.068154127612835208e-03,-9.799040269171417974e-03,2.931561436004248122e+01,-8.820079759613319061e-04,0.000000000000000000e+00,1.759387911449460828e+00
4.700000000000000289e-01,3.474466278017665586e-03,-8.183092048188603598e-03,2.922984263345578171e+01,-7.366278090538395549e-04,0.000000000000000000e+00,1.758332592604071598e+00
4.710000000000000298e-01,-1.255120645969560328e-02,1.008249340010575895e-02,2.933110226451678670e+01,9.070282294624484355e-04,0.000000000000000000e+00,1.757277906761704367e+00
4.720000000000000306e-01,-6.728745711274841277e-04,1.035896025218111492e-02,2.923809597357259449e+01,9.323413812070119712e-04,0.000000000000000000e+00,1.756223853542671520e+00
4.730000000000000315e-01,1.668393101664271752e-02,4.411345638937995070e-03,2.919698414716814128e+01,3.973110307980612767e-04,0.000000000000000000e+00,1.755170432567510597e+00
4.740000000000000324e-01,1.158144237978161323e-02,-1.195468338337447346e-02,2.932297440207538841e+01,-1.076488078932077248e-03,0.000000000000000000e+00,1.754117643456988729e+00
4.750000000000000333e-01,1.609342499220048480e-03,8.507029028082646605e-03,2.921642629988778239e+01,7.657310616252560771e-04,0.000000000000000000e+00,1.753065485832099535e+00
4.760000000000000342e-01,-9.836671794949602629e-04,1.054559051453801861e-02,2.930713276788492294e+01,9.491269615469832095e-04,0.000000000000000000e+00,1.752013959314063563e+00
4.770000000000000351e-01,-3.047783701519942486e-03,-5.149249060411584429e-03,2.910742381258636158e+01,-4.634058648178883758e-04,0.000000000000000000e+00,1.750963063524330288e+00
4.780000000000000360e-01,1.134395368236985890e-02,-1.375677282503657423e-02,2.912837303590267268e+01,-1.238749800339823855e-03,0.000000000000000000e+00,1.749912798084575671e+00
4.790000000000000369e-01,1.068227823076816664e-02,-1.050359694076449454e-02,2.910379323116626793e+01,-9.457876015257125034e-04,0.000000000000000000e+00,1.748863162616701938e+00
4.799999999999999822e-01,3.024691918934310515e-03,-1.010846181316321472e-02,2.910335330048619795e+01,-9.099299374202114103e-04,0.000000000000000000e+00,1.747814156742837799e+00
4.809999999999999831e-01,1.264183899189354199e-02,-3.460284027285830122e-02,2.918106342406485609e+01,-3.116027378851479648e-03,0.000000000000000000e+00,1.746765780085338893e+00
4.819999999999999840e-01,1.177021932886040088e-02,9.691462516809488947e-03,2.900865994238915135e+01,8.726975108021720138e-04,0.000000000000000000e+00,1.745718032266788455e+00
4.829999999999999849e-01,-5.674729070612048211e-03,3.279094647185606514e-03,2.906464053123759683e+01,2.950706681340524570e-04,0.000000000000000000e+00,1.744670912909995542e+00
4.839999999999999858e-01,1.002991766222767825e-02,1.974089384500828104e-02,2.902204132128754210e+01,1.777506015587738877e-03,0.000000000000000000e+00,1.743624421637994804e+00
4.849999999999999867e-01,-8.186212426420268889e-03,1.822009473330722142e-04,2.915757810119970372e+01,1.639378276862024731e-05,0.000000000000000000e+00,1.742578558074047379e+00
4.859999999999999876e-01,-9.258674534806218132e-03,-4.374928096230962585e-03,2.905243007887792217e+01,-3.936233651921643324e-04,0.000000000000000000e+00,1.741533321841639115e+00
4.869999999999999885e-01,8.828652696906014868e-03,-1.270106533897254891e-02,2.892793746243527053e+01,-1.143572236513777131e-03,0.000000000000000000e+00,1.740488712564485230e+00
4.879999999999999893e-01,-9.453171423405428569e-03,-8.570162263647771242e-03,2.902143517430003428e+01,-7.710732247615178234e-04,0.000000000000000000e+00,1.739444729866523653e+00
4.889999999999999902e-01,-2.688437071124403360e-03,3.927413994426833563e-05,2.903468719331755565e+01,3.534520784689756088e-06,0.000000000000000000e+00,1.738401373371918135e+00
4.899999999999999911e-01,-2.434113911321866136e-02,-6.236143100156766976e-03,2.896034133112498310e+01,-5.607437341537909771e-04,0.000000000000000000e+00,1.737358642705059131e+00
4.909999999999999920e-01,1.722995327406260909e-03,-4.298176675328566412e-03,2.897890825892356048e+01,-3.868873969325514273e-04,0.000000000000000000e+00,1.736316537490560252e+00
4.919999999999999929e-01,8.694130600710564191e-03,-6.034685348880901301e-03,2.887027929853669406e+01,-5.433450974192625266e-04,0.000000000000000000e+00,1.735275057353263595e+00
4.929999999999999938e-01,-9.317978431460112844e-04,-1.682190844305812491e-02,2.883801411909803392e+01,-1.514012883260991166e-03,0.000000000000000000e+00,1.734234201918233520e+00
4.939999999999999947e-01,4.724443005277946528e-03,-4.122791292190953317e-05,2.894362501006418498e+01,-3.711450611136224548e-06,0.000000000000000000e+00,1.733193970810759543e+00
4.949999999999999956e-01,-1.803559865020968808e-02,-4.106218660458025096e-03,2.889264384579236022e+01,-3.693174370764268377e-04,0.000000000000000000e+00,1.732154363656356777e+00
4.959999999999999964e-01,6.233241738192548580e-04,6.882739349323309559e-03,2.883867260872954219e+01,6.195018153076780904e-04,0.000000000000000000e+00,1.731115380080765043e+00
4.969999999999999973e-01,5.156978458023568287e-03,1.315584871669145785e-03,2.877866060420954142e+01,1.184346284218491699e-04,0.000000000000000000e+00,1.730077019709949537e+00
4.979999999999999982e-01,-5.837388849861988721e-03,-7.183611300089830926e-03,2.879559990574109207e+01,-6.464159930065759571e-04,0.000000000000000000e+00,1.729039282170095726e+00
4.989999999999999991e-01,3.554110773792848454e-03,-1.322475498214342217e-02,2.884632878031653291e+01,-1.190473379871870990e-03,0.000000000000000000e+00,1.728002167087618890e+00
5.000000000000000000e-01,-1.127460735314379271e-02,-4.095094973726287992e-05,2.875417964466251064e+01,-3.684164157731502439e-06,0.000000000000000000e+00,1.726965674089153913e+00
5.010000000000000009e-01,7.568601662291673214e-03,3.555749378680033157e-01,2.878005228952441286e+01,3.201347090139256002e-02,4.000000000000000222e-01,2.010305081506167824e+00
5.020000000000000018e-01,1.173766715100500388e-02,3.873855064518141877e-01,2.883869998782154553e+01,3.488327253164245217e-02,4.000000000000000222e-01,1.963379481741562405e+00
5.030000000000000027e-01,-4.565658696745267600e-03,3.796386364846265904e-01,2.892419247820285833e+01,3.416344985714264010e-02,4.000000000000000222e-01,1.959910303256964248e+00
5.040000000000000036e-01,-4.356275038599361285e-03,3.950094568015772301e-01,2.889890836954247177e+01,3.554695772085542799e-02,4.000000000000000222e-01,1.962283437526836760e+00
5.050000000000000044e-01,3.086784377934519586e-03,4.085092201396037237e-01,2.907228332985604524e+01,3.677272536811758419e-02,4.000000000000000222e-01,1.965440138529757297e+00
5.060000000000000053e-01,-6.657050424411260769e-03,4.056128045610166710e-01,2.900758281773151026e+01,3.649780226890558810e-02,4.000000000000000222e-01,1.968700090812703252e+00
5.070000000000000062e-01,-2.508746627761043735e-03,3.923864443982035821e-01,2.911994340440641693e+01,3.531351653745191249e-02,4.000000000000000222e-01,1.971971912514828507e+00
5.080000000000000071e-01,-7.060254017615194208e-03,3.947892912579462066e-01,2.914093944352607224e+01,3.552331041235518017e-02,4.000000000000000222e-01,1.975243408664811406e+00
5.090000000000000080e-01,4.069860680514836987e-03,3.921132781297869130e-01,2.928292703446840051e+01,3.529819850198110537e-02,4.000000000000000222e-01,1.978513008656749284e+00
5.100000000000000089e-01,8.169397956392713406e-03,4.067888159988560792e-01,2.923205290313475047e+01,3.662528681441835215e-02,4.000000000000000222e-01,1.981780550550075404e+00
5.110000000000000098e-01,9.909996331551679249e-03,4.067278390193067028e-01,2.939842756374383370e+01,3.662233977414380143e-02,4.000000000000000222e-01,1.985046047131173719e+00
5.120000000000000107e-01,1.378412946507450235e-02,3.778347772388265247e-01,2.949942866914491901e+01,3.402602640470493711e-02,4.000000000000000222e-01,1.988309524253441429e+00
5.130000000000000115e-01,9.203373896041686097e-03,4.149259315935097114e-01,2.937901489326338478e+01,3.735945422991539255e-02,4.000000000000000222e-01,1.991571002245893229e+00
5.140000000000000124e-01,3.546141012639170576e-03,3.781983073384161398e-01,2.949932342301729093e+01,3.404485562269873866e-02,4.000000000000000222e-01,1.994830495660607772e+00
5.150000000000000133e-01,1.156368493026688898e-02,4.062261064755925966e-01,2.961383297738672127e+01,3.657957615279163605e-02,4.000000000000000222e-01,1.998088014816076008e+00
5.160000000000000142e-01,-4.365125118012633601e-03,3.967353140350675100e-01,2.960544494688155837e+01,3.570225524866070532e-02,4.000000000000000222e-01,2.001343567099261644e+00
5.170000000000000151e-01,-2.787223242656894275e-03,4.064127311454877600e-01,2.960108247188394515e+01,3.657543063927203020e-02,4.000000000000000222e-01,2.004597157894267401e+00
5.180000000000000160e-01,-4.300282550391096303e-03,3.936781643043184564e-01,2.975220471529571853e+01,3.542723369877481820e-02,4.000000000000000222e-01,2.007848791223158180e+00
5.190000000000000169e-01,-2.303159502614366208e-02,3.891150179092424666e-01,2.981589255137267713e+01,3.499041303590361141e-02,4.000000000000000222e-01,2.011098470183935394e+00
5.200000000000000178e-01,2.824192570202923181e-03,4.151570784854705098e-01,2.971798124492399751e+01,3.737075323377113401e-02,4.000000000000000222e-01,2.014346197248616299e+00
5.210000000000000187e-01,2.776168725378952082e-02,3.973906050044195837e-01,2.989983700795356114e+01,3.580708498445542287e-02,4.000000000000000222e-01,2.017591974465581472e+00
5.220000000000000195e-01,1.033288494913636897e-02,4.016687663266609309e-01,2.995704249263243213e+01,3.616742399848157236e-02,4.000000000000000222e-01,2.020835803596674030e+00
5.230000000000000204e-01,1.160612843538434084e-03,4.079107665411944583e-01,2.992359169688815257e+01,3.671603210323981514e-02,4.000000000000000222e-01,2.024077686209988070e+00
5.240000000000000213e-01,-8.917104615860597244e-03,4.158597911504317013e-01,2.994031717076780197e+01,3.741646927886520951e-02,4.000000000000000222e-01,2.027317623742593611e+00
5.250000000000000222e-01,3.081005218078514390e-03,3.911956177223422926e-01,3.014143996919916901e+01,3.521420077938181709e-02,4.000000000000000222e-01,2.030555617542913360e+00
5.260000000000000231e-01,3.177253776801832277e-04,3.885174609588042949e-01,3.022889414625588955e+01,3.496926509799520855e-02,4.000000000000000222e-01,2.033791668899336713e+00
5.270000000000000240e-01,1.535249421480619752e-03,4.197166439592882603e-01,3.018307672054443813e+01,3.777924349377208973e-02,4.000000000000000222e-01,2.037025779059530528e+00
5.280000000000000249e-01,-7.649293370528011636e-03,3.930721556099281422e-01,3.029309767080834703e+01,3.536797010936060248e-02,4.000000000000000222e-01,2.040257949243474034e+00
5.290000000000000258e-01,1.095167399802985178e-02,4.102111259119185505e-01,3.032164802239668688e+01,3.693751470057817649e-02,4.000000000000000222e-01,2.043488180652242470e+00
5.300000000000000266e-01,1.014166970931966623e-02,4.176412391817104219e-01,3.043544177554600338e+01,3.760534504799212946e-02,4.000000000000000222e-01,2.046716474473942338e+00
5.310000000000000275e-01,5.735435501948871889e-03,3.938698976623147829e-01,3.038803510814208764e+01,3.545868660676342043e-02,4.000000000000000222e-01,2.049942831887708650e+00
5.320000000000000284e-01,1.642571368819180713e-03,4.000741474365714367e-01,3.041801536056449251e+01,3.601135095160476474e-02,4.000000000000000222e-01,2.053167254066400549e+00
5.330000000000000293e-01,1.522483272168837810e-02,3.965119948377888726e-01,3.048366968113819198e+01,3.571006095927081042e-02,4.000000000000000222e-01,2.056389742178418967e+00
5.340000000000000302e-01,3.161231113251689409e-04,3.984153334732708496e-01,3.059522138248685152e+01,3.586013995367722668e-02,4.000000000000000222e-01,2.059610297388935862e+00
5.350000000000000311e-01,2.299616678586870536e-02,3.933678765367753516e-01,3.065831345246542838e+01,3.543788119496476402e-02,4.000000000000000222e-01,2.062828920860717119e+00
5.360000000000000320e-01,3.747879284633803040e-03,3.986280150508181297e-01,3.061266943586197087e+01,3.588419674830279488e-02,4.000000000000000222e-01,2.066045613754682098e+00
5.370000000000000329e-01,-8.181950990837046425e-03,3.848453002216038477e-01,3.073247571931530686e+01,3.462699517788614401e-02,4.000000000000000222e-01,2.069260377230279779e+00
5.380000000000000338e-01,5.910498443636390785e-03,4.130449308691648835e-01,3.078810745368562962e+01,3.718520544299756120e-02,4.000000000000000222e-01,2.072473212445742785e+00
5.390000000000000346e-01,-2.134229547867746643e-02,4.008423244725917711e-01,3.089403331224821869e+01,3.604740069386936502e-02,4.000000000000000222e-01,2.075684120558256129e+00
5.400000000000000355e-01,6.980809417257245394e-04,3.901192998305407778e-01,3.090206763380214028e+01,3.511397471323482455e-02,4.000000000000000222e-01,2.078893102724074904e+00
5.410000000000000364e-01,8.176023384370800090e-03,4.040176066883254258e-01,3.092735935353747934e+01,3.637579021955505976e-02,4.000000000000000222e-01,2.082100160098603325e+00
5.420000000000000373e-01,-1.394787202353413476e-02,3.936887456262747054e-01,3.095385765542938117e+01,3.541454256936444472e-02,4.000000000000000222e-01,2.085305293836441809e+00
5.430000000000000382e-01,1.386323853104788270e-03,3.844502145039565555e-01,3.114867662273099924e+01,3.460466043788072710e-02,4.000000000000000222e-01,2.088508505091431822e+00
5.440000000000000391e-01,3.346250160788104017e-03,4.035211690697753650e-01,3.107132673333247652e+01,3.632409266772658463e-02,4.000000000000000222e-01,2.091709795016670093e+00
5.450000000000000400e-01,2.459085657833428966e-03,3.855186689640710540e-01,3.105207446869990306e+01,3.470231843423521312e-02,4.000000000000000222e-01,2.094909164764532150e+00
5.460000000000000409e-01,-4.977800590590683236e-03,3.907803293504432118e-01,3.122001246461594093e+01,3.516550548399632187e-02,4.000000000000000222e-01,2.098106615486680315e+00
5.470000000000000417e-01,6.653972216232465278e-03,3.995852599367300528e-01,3.128951403690226840e+01,3.597453848684389888e-02,4.000000000000000222e-01,2.101302148334073472e+00
5.480000000000000426e-01,8.979775598658071420e-04,4.051477973965815216e-01,3.141208861757691295e+01,3.646695513689927198e-02,4.000000000000000222e-01,2.104495764456969287e+00
5.490000000000000435e-01,1.149057481636506402e-02,3.825439532412719390e-01,3.148962901658758895e+01,3.444696102849448271e-02,4.000000000000000222e-01,2.107687465004930427e+00
5.500000000000000444e-01,2.382345861630011732e-02,4.131458661643553909e-01,3.147618018506928550e+01,3.722087631830121174e-02,4.000000000000000222e-01,2.110877251126826781e+00
5.510000000000000453e-01,1.705919413265342272e-02,3.990651572324103724e-01,3.153096100021868153e+01,3.594262952049796789e-02,4.000000000000000222e-01,2.114065123970837679e+00
5.520000000000000462e-01,-1.058019246880071394e-03,4.037800857460018267e-01,3.155352393650726484e+01,3.634101173696725751e-02,4.000000000000000222e-01,2.117251084684450113e+00
5.530000000000000471e-01,3.324371917186166869e-03,3.961563273781857353e-01,3.160605552213661440e+01,3.566109460064383063e-02,4.000000000000000222e-01,2.120435134414465406e+00
5.540000000000000480e-01,-4.497127384653598105e-03,3.888722117709531578e-01,3.164376701765294086e+01,3.499446940713406978e-02,4.000000000000000222e-01,2.123617274306996094e+00
5.550000000000000488e-01,1.557123055349325484e-02,4.032399778172483518e-01,3.170786597377129112e+01,3.631648809277529533e-02,4.000000000000000222e-01,2.126797505507467267e+00
5.560000000000000497e-01,4.471075713106167568e-03,4.085681509231491870e-01,3.182254970024295559e+01,3.678006174689975316e-02,4.000000000000000222e-01,2.129975829160617007e+00
5.570000000000000506e-01,-1.862911585835162406e-02,4.167315333943315547e-01,3.185546127806359706e+01,3.748036487333431671e-02,4.000000000000000222e-01,2.133152246410499497e+00
5.580000000000000515e-01,8.819933241322732917e-03,3.968825788153195755e-01,3.187245048789077373e+01,3.573430482336133196e-02,4.000000000000000222e-01,2.136326758400480585e+00
5.590000000000000524e-01,-5.410541308535739106e-03,3.929874373094052187e-01,3.184644375093859736e+01,3.536350763904719946e-02,4.000000000000000222e-01,2.139499366273243552e+00
5.600000000000000533e-01,2.153033815728446279e-02,3.819732004224217770e-01,3.201321873477922964e+01,3.440934185032256537e-02,4.000000000000000222e-01,2.142670071170786894e+00
5.610000000000000542e-01,-6.653211563253901006e-03,4.093953219118119380e-01,3.213736256705040972e+01,3.683816593257767391e-02,4.000000000000000222e-01,2.145838874234422544e+00
5.620000000000000551e-01,6.127639786578239003e-03,3.949953657384552286e-01,3.215489522975630621e+01,3.556056492420848342e-02,4.000000000000000222e-01,2.149005776604782536e+00
5.630000000000000560e-01,6.348866383336964486e-03,4.025150530369950852e-01,3.220561365290905798e+01,3.623786571636831988e-02,4.000000000000000222e-01,2.152170779421810121e+00
5.640000000000000568e-01,-5.806202296902285634e-03,4.121174713748845808e-01,3.215643836251671672e+01,3.708436398014194196e-02,4.000000000000000222e-01,2.155333883824773977e+00
5.650000000000000577e-01,-8.213922083863574308e-03,4.049741907185158696e-01,3.223941264903470483e+01,3.643807379864243828e-02,4.000000000000000222e-01,2.158495090952254891e+00
5.660000000000000586e-01,-1.135804609506537929e-02,4.178586769180412941e-01,3.229400184071035795e+01,3.759265271357133814e-02,4.000000000000000222e-01,2.161654401942152415e+00
5.670000000000000595e-01,1.023620312756483124e-02,3.928915705630111610e-01,3.241388251197113135e+01,3.537696331508015379e-02,4.000000000000000222e-01,2.164811817931683979e+00
5.680000000000000604e-01,9.292507999174103028e-03,3.964440972876418501e-01,3.241374493955085256e+01,3.569549803334279986e-02,4.000000000000000222e-01,2.167967340057385339e+00
5.690000000000000613e-01,1.607580786789339355e-02,3.946750001781026973e-01,3.248367111890713232e+01,3.554582677629603699e-02,4.000000000000000222e-01,2.171120969455113237e+00
5.700000000000000622e-01,7.023261924924170500e-03,4.023590488252656860e-01,3.243807086769756864e+01,3.622479559074864852e-02,4.000000000000000222e-01,2.174272707260043624e+00
5.710000000000000631e-01,2.058314238811697738e-03,4.184312282973249308e-01,3.256094005157129345e+01,3.766432774272407413e-02,4.000000000000000222e-01,2.177422554606671223e+00
5.720000000000000639e-01,9.836453455615436214e-03,3.940686890418569899e-01,3.267926695326824671e+01,3.548238821765801326e-02,4.000000000000000222e-01,2.180570512628810853e+00
5.730000000000000648e-01,-2.967913997553562298e-03,3.968899772191241127e-01,3.279479822044463333e+01,3.571816536880233206e-02,4.000000000000000222e-01,2.183716582459602318e+00
5.740000000000000657e-01,1.572167182347512446e-02,3.991613361089903500e-01,3.276304040389323546e+01,3.594937429099663573e-02,4.000000000000000222e-01,2.186860765231501080e+00
5.750000000000000666e-01,-7.559835321730664671e-03,4.120954777033634664e-01,3.279847965130850440e+01,3.707978899483434232e-02,4.000000000000000222e-01,2.190003062076284923e+00
5.760000000000000675e-01,-1.468695225705951048e-02,4.108760939393614753e-01,3.286684614692766360e+01,3.695955152178413000e-02,4.000000000000000222e-01,2.193143474125059722e+00
5.769999999999999574e-01,-9.531904611434242544e-03,3.898806140925678010e-01,3.290091076327068009e+01,3.507816399984225314e-02,4.000000000000000222e-01,2.196282002508247011e+00
5.779999999999999583e-01,-2.189802043128009652e-03,4.095934350280521219e-01,3.292750401761419710e+01,3.686255955283940927e-02,4.000000000000000222e-01,2.199418648355591976e+00
5.789999999999999591e-01,-1.273238991875202432e-02,4.021682487554797958e-01,3.289534298080919683e+01,3.617907804301233321e-02,4.000000000000000222e-01,2.202553412796165677e+00
5.799999999999999600e-01,1.215053759744458631e-02,4.104477544421545887e-01,3.299450241271898676e+01,3.696058951815142657e-02,4.000000000000000222e-01,2.205686296958361936e+00
5.809999999999999609e-01,1.728717079402389669e-03,4.115824020988603782e-01,3.307073310068066974e+01,3.704735578807002994e-02,4.000000000000000222e-01,2.208817301969897340e+00
5.819999999999999618e-01,8.240470609329980309e-03,3.876375814855926305e-01,3.310181549926734590e+01,3.490110175366394063e-02,4.000000000000000222e-01,2.211946428957813016e+00
5.829999999999999627e-01,1.569182859342964018e-02,3.855104260045075226e-01,3.321466841343847420e+01,3.471990107203373060e-02,4.000000000000000222e-01,2.215073679048475075e+00
5.839999999999999636e-01,4.614596948424501584e-03,3.824832635718214413e-01,3.321641358221373252e+01,3.443204905658740766e-02,4.000000000000000222e-01,2.218199053367576390e+00
5.849999999999999645e-01,2.131560489922882176e-02,3.979055171388918288e-01,3.317995365414815012e+01,3.584426790190947676e-02,4.000000000000000222e-01,2.221322553040133041e+00
5.859999999999999654e-01,2.741290986495171535e-03,3.975030200605697006e-01,3.330906909983862363e+01,3.578148825789165266e-02,4.000000000000000222e-01,2.224444179190488313e+00
5.869999999999999662e-01,-4.527433198915722413e-03,4.007020845693027855e-01,3.327035447993976192e+01,3.605899175192198158e-02,4.000000000000000222e-01,2.227563932942311364e+00
5.879999999999999671e-01,-5.390347920703799853e-03,4.061152495104917715e-01,3.351470667925494240e+01,3.654486108630875668e-02,4.000000000000000222e-01,2.230681815418599445e+00
5.889999999999999680e-01,1.433190741804293150e-02,4.028455685537130626e-01,3.346634032743795473e+01,3.627917353441370563e-02,4.000000000000000222e-01,2.233797827741675235e+00
5.899999999999999689e-01,-3.253003075631121996e-03,4.002291907694776052e-01,3.352317943118643484e+01,3.601826846593588621e-02,4.000000000000000222e-01,2.236911971033189062e+00
5.909999999999999698e-01,-3.416084953700491630e-03,3.917507493965319276e-01,3.359133755044992142e+01,3.525502921860629302e-02,4.000000000000000222e-01,2.240024246414119791e+00
5.919999999999999707e-01,-1.408672594252659966e-04,4.003190990274698713e-01,3.352429067851684863e+01,3.603083489463117239e-02,4.000000000000000222e-01,2.243134655004775713e+00
5.929999999999999716e-01,1.040278523808450643e-02,4.050518746417602345e-01,3.368830475196864427e+01,3.647215061530936081e-02,4.000000000000000222e-01,2.246243197924793655e+00
5.939999999999999725e-01,1.094813838432274512e-02,3.701543054595343718e-01,3.372275068592724523e+01,3.333058834171779422e-02,4.000000000000000222e-01,2.249349876293137207e+00
5.949999999999999734e-01,7.601939048420166579e-03,4.004857844078369422e-01,3.378789204361243037e+01,3.605697616193053595e-02,4.000000000000000222e-01,2.252454691228102046e+00
5.959999999999999742e-01,4.686153104511196765e-03,3.941528663946503586e-01,3.379525558009528652e+01,3.548267564675067903e-02,4.000000000000000222e-01,2.255557643847311056e+00
5.969999999999999751e-01,1.431037351974465165e-04,3.970604838567630690e-01,3.386055018130518590e+01,3.573794732812517194e-02,4.000000000000000222e-01,2.258658735267718320e+00
5.979999999999999760e-01,6.760987314086135125e-03,4.015441730444653801e-01,3.386505735963451968e+01,3.615105319096797304e-02,4.000000000000000222e-01,2.261757966605612680e+00
5.989999999999999769e-01,1.289495823874610122e-03,3.966968091118094342e-01,3.390035066322915469e+01,3.570684788994774733e-02,4.000000000000000222e-01,2.264855338976610621e+00
5.999999999999999778e-01,-4.906237327865135139e-03,4.181629163674123184e-01,3.411312124351670150e+01,3.762971478056442720e-02,4.000000000000000222e-01,2.267950853495658059e+00
6.009999999999999787e-01,-1.532089569447998151e-02,4.091600169405239518e-01,3.416038161316011923e+01,3.680425345221505912e-02,4.000000000000000222e-01,2.271044511277038325e+00
6.019999999999999796e-01,-1.158730814694883260e-02,4.090265179937913054e-01,3.409786218551152359e+01,3.679773075561283691e-02,4.000000000000000222e-01,2.274136313434359291e+00
6.029999999999999805e-01,-1.437438971977000012e-02,4.114748445616202566e-01,3.425522087907263113e+01,3.701387294377966181e-02,4.000000000000000222e-01,2.277226261080570247e+00
6.039999999999999813e-01,-8.772394526525882988e-03,3.818508329598473972e-01,3.429363044033962638e+01,3.435675390882995256e-02,4.000000000000000222e-01,2.280314355327947684e+00
6.049999999999999822e-01,3.089701910725395633e-04,4.122868701175056438e-01,3.422066393850331423e+01,3.710866375058632927e-02,4.000000000000000222e-01,2.283400597288103295e+00
6.059999999999999831e-01,7.595450452787240112e-03,3.855714374132935274e-01,3.440111427232395869e+01,3.471418229989551435e-02,4.000000000000000222e-01,2.286484988071983526e+00
6.069999999999999840e-01,-2.347440229183787950e-03,4.021566348169032801e-01,3.438857553750700902e+01,3.619303523722795790e-02,4.000000000000000222e-01,2.289567528789867357e+00
6.079999999999999849e-01,2.185486383905790517e-02,3.905876982217048043e-01,3.446196290511463900e+01,3.518581810402305471e-02,4.000000000000000222e-01,2.292648220551370297e+00
6.089999999999999858e-01,-2.579225429089834765e-02,4.173296519818470718e-01,3.454568929019784918e+01,3.752342078105527085e-02,4.000000000000000222e-01,2.295727064465441725e+00
6.099999999999999867e-01,2.560154025114623304e-03,4.206253386991473109e-01,3.464333704338223185e+01,3.786258485426790416e-02,4.000000000000000222e-01,2.298804061640367991e+00
6.109999999999999876e-01,1.238403327763182467e-02,4.130365240373770064e-01,3.457085062188896529e+01,3.719405319541342625e-02,4.000000000000000222e-01,2.301879213183767980e+00
6.119999999999999885e-01,-1.515963659340838557e-02,4.017628356202645468e-01,3.471257536713319070e+01,3.613910411430130282e-02,4.000000000000000222e-01,2.304952520202598887e+00
6.129999999999999893e-01,-1.641981599269877468e-02,4.030966454238273378e-01,3.460223163330980611e+01,3.625725739255598185e-02,4.000000000000000222e-01,2.308023983803156653e+00
6.139999999999999902e-01,3.484727768859607454e-03,3.897768012902997903e-01,3.479842784899533825e+01,3.508704864038325599e-02,4.000000000000000222e-01,2.311093605091069758e+00
6.149999999999999911e-01,-7.670807436492214741e-04,4.185803037267259441e-01,3.481607007908917950e+01,3.767349827655831762e-02,4.000000000000000222e-01,2.314161385171307650e+00
6.159999999999999920e-01,-3.759322724027222128e-03,4.118345889578409746e-01,3.488189289409509541e+01,3.706193688220724147e-02,4.000000000000000222e-01,2.317227325148178085e+00
6.169999999999999929e-01,-8.331600833265570896e-03,4.102331861994573114e-01,3.488601624918310762e+01,3.691108527109081272e-02,4.000000000000000222e-01,2.320291426125322243e+00
6.179999999999999938e-01,-7.798622180695795846e-03,4.065699127497606757e-01,3.498508511288390821e+01,3.658225746269064271e-02,4.000000000000000222e-01,2.323353689205726713e+00
6.189999999999999947e-01,1.336106734778302971e-03,3.825216730873878812e-01,3.501017211589979183e+01,3.443100193572622147e-02,4.000000000000000222e-01,2.326414115491709289e+00
6.199999999999999956e-01,-3.013410433890011814e-03,3.965432624138675588e-01,3.509006116980381051e+01,3.568689791831936020e-02,4.000000000000000222e-01,2.329472706084934952e+00
6.209999999999999964e-01,-1.730823823897456246e-02,3.998044649063031142e-01,3.509123918993418556e+01,3.595986035836988559e-02,4.000000000000000222e-01,2.332529462086402550e+00
6.219999999999999973e-01,8.754438408697322316e-03,3.819515269427090076e-01,3.517962053098394648e+01,3.438986077080832815e-02,4.000000000000000222e-01,2.335584384596455010e+00
6.229999999999999982e-01,-1.431170734719235289e-02,4.021975847486634614e-01,3.519499350341940414e+01,3.617943541359051191e-02,4.000000000000000222e-01,2.338637474714774012e+00
6.239999999999999991e-01,2.307733501099795952e-03,4.049782775823855818e-01,3.529771176722682213e+01,3.645374763179285577e-02,4.000000000000000222e-01,2.341688733540379985e+00
6.250000000000000000e-01,1.042449231343748825e-02,4.111994056896279282e-01,3.532273976374702329e+01,3.702572579781774481e-02,4.000000000000000222e-01,2.344738162171639662e+00
6.260000000000000009e-01,4.162592551174645536e-03,3.955855243478054173e-01,3.540698590366816489e+01,3.561090330462131359e-02,4.000000000000000222e-01,2.347785761706258967e+00
6.270000000000000018e-01,-5.202379767901857584e-03,3.836672275781099484e-01,3.547725576634037026e+01,3.452510280603555970e-02,4.000000000000000222e-01,2.350831533241283466e+00
6.280000000000000027e-01,-1.810572041206938779e-02,3.750478108539086475e-01,3.548761252609727990e+01,3.373208292822977433e-02,4.000000000000000222e-01,2.353875477873106359e+00
6.290000000000000036e-01,1.460380008513447944e-02,4.192644127259642084e-01,3.552416973467358474e+01,3.775821935591475859e-02,4.000000000000000222e-01,2.356917596697460926e+00
6.300000000000000044e-01,1.236540241508163156e-02,4.130326057166667231e-01,3.561451213247931236e+01,3.719367270774596307e-02,4.000000000000000222e-01,2.359957890809420089e+00
6.310000000000000053e-01,-1.823997155012568915e-03,3.803557875166093116e-01,3.560256640614890244e+01,3.423173171425153427e-02,4.000000000000000222e-01,2.362996361303407955e+00
6.320000000000000062e-01,-1.330056266977415295e-02,3.995098142680964526e-01,3.572287628163469009e+01,3.593910975440563899e-02,4.000000000000000222e-01,2.366033009273189158e+00
6.330000000000000071e-01,5.686870411680898692e-03,4.118358183428234565e-01,3.591116656810153529e+01,3.707602181606635405e-02,4.000000000000000222e-01,2.369067835811870193e+00
6.340000000000000080e-01,-7.247116826515167566e-03,3.952873749973335737e-01,3.583423757813176991e+01,3.556786287257483747e-02,4.000000000000000222e-01,2.372100842011906074e+00
6.350000000000000089e-01,9.604836503017459559e-03,4.169566501036220396e-01,3.576145684859694995e+01,3.754289908329161429e-02,4.000000000000000222e-01,2.375132028965096342e+00
6.360000000000000098e-01,2.935006257912999537e-03,4.071080955142904467e-01,3.587457258438699625e+01,3.664637854456635063e-02,4.000000000000000222e-01,2.378161397762584617e+00
6.370000000000000107e-01,1.327333029805456178e-02,3.981633138351123313e-01,3.594743250187539019e+01,3.585598841650522450e-02,4.000000000000000222e-01,2.381188949494863483e+00
6.380000000000000115e-01,-2.044803148089372347e-03,3.957817298646117976e-01,3.601525897416245670e+01,3.561974088051685083e-02,4.000000000000000222e-01,2.384214685251767829e+00
6.390000000000000124e-01,-9.899663632056384180e-04,4.040212297856325407e-01,3.603555971959623605e+01,3.636281394496553021e-02,4.000000000000000222e-01,2.387238606122481066e+00
6.400000000000000133e-01,1.207263703570529874e-02,3.807802280819490015e-01,3.604887705277985077e+01,3.428893889702530617e-02,4.000000000000000222e-01,2.390260713195535125e+00
6.410000000000000142e-01,-1.111680525747936812e-02,3.891933505870697196e-01,3.614986886055829274e+01,3.501411410704464988e-02,4.000000000000000222e-01,2.393281007558809570e+00
6.420000000000000151e-01,-9.575709082588311147e-03,3.908974928909337287e-01,3.628970357951868664e+01,3.516959265584022887e-02,4.000000000000000222e-01,2.396299490299529822e+00
6.430000000000000160e-01,8.352898897900685321e-03,4.008187392019530448e-01,3.627291189486263079e+01,3.608803433315542486e-02,4.000000000000000222e-01,2.399316162504271155e+00
6.440000000000000169e-01,-3.161157000975956238e-03,4.060062494511275655e-01,3.631358558111696766e+01,3.653830365077664899e-02,4.000000000000000222e-01,2.402331025258957808e+00
6.450000000000000178e-01,3.376809543421005391e-03,4.197386485466175210e-01,3.629226498115088617e+01,3.778400075944141762e-02,4.000000000000000222e-01,2.405344079648861211e+00
6.460000000000000187e-01,-1.772623887415849392e-02,3.792481740730290762e-01,3.636864676226417714e+01,3.411038373110537869e-02,4.000000000000000222e-01,2.408355326758604864e+00
6.470000000000000195e-01,-1.374692357189875869e-02,3.878594408109421465e-01,3.646070400680869739e+01,3.489044340309525177e-02,4.000000000000000222e-01,2.411364767672160347e+00
6.480000000000000204e-01,-1.773262544062864654e-02,3.849163202454087274e-01,3.642936496850578720e+01,3.462017996815860282e-02,4.000000000000000222e-01,2.414372403472849538e+00
6.490000000000000213e-01,4.350142414165958024e-03,3.962080015682298839e-01,3.660817769633483465e+01,3.566720609215801030e-02,4.000000000000000222e-01,2.417378235243346385e+00
6.500000000000000222e-01,3.965366516280778228e-03,3.946404811622392650e-01,3.651502286407819753e+01,3.552555022803220719e-02,4.000000000000000222e-01,2.420382264065674249e+00
6.510000000000000231e-01,-1.566802858912993632e-02,4.073379726794335021e-01,3.659420508569100150e+01,3.663985126558611666e-02,4.000000000000000222e-01,2.423384491021207232e+00
6.520000000000000240e-01,2.237115743507754259e-02,3.979749756392919613e-01,3.667228946049225868e+01,3.585203387176211925e-02,4.000000000000000222e-01,2.426384917190676394e+00
6.530000000000000249e-01,8.067958761218895283e-03,4.088891138034297379e-01,3.677330274818299927e+01,3.681423842404435431e-02,4.000000000000000222e-01,2.429383543654159094e+00
6.540000000000000258e-01,6.888710672584208092e-03,3.975956454930814066e-01,3.681605640723859807e+01,3.579574936301820054e-02,4.000000000000000222e-01,2.432380371491087878e+00
6.550000000000000266e-01,1.840658117569875935e-02,3.975180610516294566e-01,3.685130738782622473e+01,3.580521107031309908e-02,4.000000000000000222e-01,2.435375401780246918e+00
6.560000000000000275e-01,2.091288714943496593e-02,4.038949007352678477e-01,3.690117740877013119e+01,3.638322143288257038e-02,4.000000000000000222e-01,2.438368635599776013e+00
6.570000000000000284e-01,-1.007260382399130863e-02,3.875165624620757754e-01,3.696697968403137935e+01,3.486471395179364940e-02,4.000000000000000222e-01,2.441360074027165705e+00
6.580000000000000293e-01,4.814756271935610211e-03,4.082176763643463602e-01,3.697604643077675490e+01,3.674901533768034495e-02,4.000000000000000222e-01,2.444349718139264382e+00
6.590000000000000302e-01,-1.472469955437907948e-03,3.685084496880332017e-01,3.704146732046015700e+01,3.316594564053595984e-02,4.000000000000000222e-01,2.447337569012271175e+00
6.600000000000000311e-01,-1.042897915635226588e-02,4.013789748415202974e-01,3.712401364696011541e+01,3.611139596535159479e-02,4.000000000000000222e-01,2.450323627721743946e+00
6.610000000000000320e-01,-7.162134311464733900e-04,3.896886651176309502e-01,3.709135763166615618e+01,3.507323428186538694e-02,4.000000000000000222e-01,2.453307895342591749e+00
6.620000000000000329e-01,1.848863174663482878e-02,3.888816751313568520e-01,3.716636194360005163e+01,3.502742991062116062e-02,4.000000000000000222e-01,2.456290372949082368e+00
6.630000000000000338e-01,-4.511495053358555336e-03,3.974249214840988587e-01,3.724224838536766669e+01,3.576410414348295957e-02,4.000000000000000222e-01,2.459271061614838771e+00
6.640000000000000346e-01,-1.228232684110293696e-02,3.971110073108473637e-01,3.726153053983252761e+01,3.572477032022958882e-02,4.000000000000000222e-01,2.462249962412839555e+00
6.650000000000000355e-01,-1.593643090223157213e-02,3.903653246145233902e-01,3.729450626104512168e+01,3.511279351693558093e-02,4.000000000000000222e-01,2.465227076415419827e+00
6.660000000000000364e-01,-1.335605410475203952e-02,3.998919339866659484e-01,3.737290865242827209e+01,3.597340477478017107e-02,4.000000000000000222e-01,2.468202404694275209e+00
6.670000000000000373e-01,1.096692814156258189e-02,4.051972820892453808e-01,3.748941502462572117e+01,3.648606467774056367e-02,4.000000000000000222e-01,2.471175948320453841e+00
6.680000000000000382e-01,-1.226241532017327204e-02,3.930489596940036634e-01,3.744761885152700387e+01,3.535936983606033368e-02,4.000000000000000222e-01,2.474147708364365261e+00
6.690000000000000391e-01,-1.561750747098464807e-02,3.939357813077579706e-01,3.753735743838945638e+01,3.543440220194028767e-02,4.000000000000000222e-01,2.477117685895775967e+00
6.700000000000000400e-01,-1.021475211303406183e-02,3.979407657406675569e-01,3.762123104677485941e+01,3.580237226102172404e-02,4.000000000000000222e-01,2.480085881983813856e+00
6.710000000000000409e-01,9.421533182069256537e-03,3.873074006570327299e-01,3.762849910921773500e+01,3.487301694538815638e-02,4.000000000000000222e-01,2.483052297696960675e+00
6.720000000000000417e-01,-6.668430617419536868e-03,3.960273336257525978e-01,3.776491458160101899e+01,3.563526739466220394e-02,4.000000000000000222e-01,2.486016934103064013e+00
6.730000000000000426e-01,-4.044003001371629380e-03,3.865296129602326936e-01,3.767905230716685594e+01,3.478428893201808425e-02,4.000000000000000222e-01,2.488979792269326641e+00
6.740000000000000435e-01,1.346806976383742999e-02,4.003626286895693442e-01,3.786615261823938283e+01,3.605432441641628211e-02,4.000000000000000222e-01,2.491940873262312728e+00
6.750000000000000444e-01,-1.859379275686111072e-03,4.110102587994629575e-01,3.782129537783833229e+01,3.699055858702041816e-02,4.000000000000000222e-01,2.494900178147948733e+00
6.760000000000000453e-01,-8.942147291844565124e-03,4.102618059617355040e-01,3.791457277777818291e+01,3.691276059434957929e-02,4.000000000000000222e-01,2.497857707991518517e+00
6.770000000000000462e-01,1.246843358933838811e-02,3.925418348443162064e-01,3.799466650778695254e+01,3.534861977553697271e-02,4.000000000000000222e-01,2.500813463857671337e+00
6.780000000000000471e-01,1.326107870253978756e-02,4.193223636027118562e-01,3.800879890244374337e+01,3.776141583615061359e-02,4.000000000000000222e-01,2.503767446810416075e+00
6.790000000000000480e-01,-1.964892282166277090e-03,4.046820990193677470e-01,3.813397792570768274e+01,3.642087644190566270e-02,4.000000000000000222e-01,2.506719657913125676e+00
6.800000000000000488e-01,-3.255454716902947236e-03,3.959971656297581744e-01,3.807092391718200020e+01,3.563740765692941653e-02,4.000000000000000222e-01,2.509670098228530932e+00
6.810000000000000497e-01,4.330604901436550455e-03,3.851588897180814874e-01,3.810676126335927449e+01,3.467252234589653093e-02,4.000000000000000222e-01,2.512618768818731141e+00
6.820000000000000506e-01,-1.497227446409246220e-03,3.916585510848370477e-01,3.815357266782718426e+01,3.524943156795164179e-02,4.000000000000000222e-01,2.515565670745186555e+00
6.830000000000000515e-01,-2.215008308768521682e-03,4.152134842295700512e-01,3.823891839563695072e+01,3.736831472867262194e-02,4.000000000000000222e-01,2.518510805068719272e+00
6.840000000000000524e-01,-1.939347628396944842e-02,4.005813179202686314e-01,3.825598938524211690e+01,3.602673281733315830e-02,4.000000000000000222e-01,2.521454172849518116e+00
6.850000000000000533e-01,1.152877002081756884e-02,3.884842740043823461e-01,3.834687836201561595e+01,3.498192279139155508e-02,4.000000000000000222e-01,2.524395775147135979e+00
6.860000000000000542e-01,-2.104058239632990504e-02,3.980821546577111292e-01,3.843145996302362732e+01,3.579961246492256027e-02,4.000000000000000222e-01,2.527335613020489369e+00
6.870000000000000551e-01,-1.630194092567304603e-02,4.035184010724596759e-01,3.843627758944398209e+01,3.629536382539726158e-02,4.000000000000000222e-01,2.530273687527861082e+00
6.880000000000000560e-01,8.794695591329693271e-04,3.894146493236880224e-01,3.851134090434067758e+01,3.505080404924709736e-02,4.000000000000000222e-01,2.533209999726899753e+00
6.890000000000000568e-01,1.253153669066622844e-02,4.012743937765897440e-01,3.857657067749521929e+01,3.613508272752918860e-02,4.000000000000000222e-01,2.536144550674617193e+00
6.900000000000000577e-01,-7.236199822723437571e-03,4.014712076925611717e-01,3.856206602796007843e+01,3.612429839399823595e-02,4.000000000000000222e-01,2.539077341427394607e+00
6.910000000000000586e-01,-7.153761390753816257e-03,3.894109192283618515e-01,3.868322994017598404e+01,3.503923138276870269e-02,4.000000000000000222e-01,2.542008373040979041e+00
6.920000000000000595e-01,-2.568084749345484960e-03,3.962701336827916809e-01,3.863977483744140073e+01,3.566295160334129188e-02,4.000000000000000222e-01,2.544937646570483825e+00
6.930000000000000604e-01,7.037624639953439336e-03,3.869172144320157658e-01,3.875412851965694472e+01,3.483457145091553575e-02,4.000000000000000222e-01,2.547865163070389016e+00
6.940000000000000613e-01,1.236381915263839266e-03,4.018204850921830995e-01,3.873567822693771490e+01,3.616795547248113224e-02,4.000000000000000222e-01,2.550790923594547177e+00
6.950000000000000622e-01,-2.269467722113581876e-03,3.961096217512969364e-01,3.889848539363347868e+01,3.564893097303761804e-02,4.000000000000000222e-01,2.553714929196173156e+00
6.960000000000000631e-01,-3.774679802641986263e-03,4.065526673143297631e-01,3.890044571828751430e+01,3.658658224201297854e-02,4.000000000000000222e-01,2.556637180927853414e+00
6.970000000000000639e-01,6.383629782295716093e-03,3.816942793992270655e-01,3.894084614875642814e+01,3.436344832953616701e-02,4.000000000000000222e-01,2.559557679841543365e+00
6.980000000000000648e-01,-1.518538983907686277e-03,3.906805201971682573e-01,3.900796858996449146e+01,3.516137847571725039e-02,4.000000000000000222e-01,2.562476426988567368e+00
6.990000000000000657e-01,-3.854864844096338779e-03,3.995967586956102324e-01,3.900320686436737816e+01,3.596048939784781545e-02,4.000000000000000222e-01,2.565393423419619179e+00
7.000000000000000666e-01,-7.857776151460792169e-03,3.858246523711907350e-01,3.897061270233850649e+01,3.471556304124973069e-02,4.000000000000000222e-01,2.568308670184763276e+00
7.010000000000000675e-01,1.664739605246121426e-02,3.901887900524238506e-01,3.896803935110734329e+01,3.514258395890380166e-02,4.000000000000000222e-01,2.571222168333434421e+00
7.020000000000000684e-01,7.271649507796826978e-03,4.031397831434109791e-01,3.912839370961651042e+01,3.629544559298192308e-02,4.000000000000000222e-01,2.574133918914436325e+00
7.030000000000000693e-01,-1.466639775051782136e-03,3.866201471457291206e-01,3.929482512940064964e+01,3.479601560935831339e-02,4.000000000000000222e-01,2.577043922975945200e+00
7.039999999999999591e-01,-9.620902199310527037e-03,4.043096000330483886e-01,3.925422745752467790e+01,3.637623300751603034e-02,4.000000000000000222e-01,2.579952181565511538e+00
7.049999999999999600e-01,-4.802152250360632035e-03,4.031510752887428328e-01,3.936330776077497262e+01,3.627897743515937773e-02,4.000000000000000222e-01,2.582858695730055221e+00
7.059999999999999609e-01,-5.305460984180589146e-03,4.011315943230998049e-01,3.937980412360870730e+01,3.609652206655962481e-02,4.000000000000000222e-01,2.585763466515867304e+00
7.069999999999999618e-01,-5.135921153331611186e-03,3.903529758210765865e-01,3.944405768740922014e+01,3.512682711771955568e-02,4.000000000000000222e-01,2.588666494968613563e+00
7.079999999999999627e-01,-3.425928942627082252e-04,3.938555104577041721e-01,3.952890692553839358e+01,3.544879236302422854e-02,4.000000000000000222e-01,2.591567782133332720e+00
7.089999999999999636e-01,1.986712005240399981e-03,4.094557028978037527e-01,3.938985700337422458e+01,3.685630679745464933e-02,4.000000000000000222e-01,2.594467329054436444e+00
7.099999999999999645e-01,-1.279386056639900994e-02,3.862310299163307925e-01,3.955952696345251951e+01,3.474527966585784500e-02,4.000000000000000222e-01,2.597365136775709793e+00
7.109999999999999654e-01,2.206539891895644909e-02,3.892720547954120480e-01,3.961747223489791736e+01,3.506759368375127195e-02,4.000000000000000222e-01,2.600261206340311659e+00
7.119999999999999662e-01,1.100372722865814237e-02,3.960539357395829740e-01,3.961965241172728724e+01,3.566280270686637832e-02,4.000000000000000222e-01,2.603155538790777879e+00
7.129999999999999671e-01,4.082424356065423969e-03,3.992786484075827036e-01,3.978137701856535813e+01,3.594324609966401823e-02,4.000000000000000222e-01,2.606048135169017232e+00
7.139999999999999680e-01,1.504326207833350847e-03,4.080866806635274346e-01,3.964740234538720642e+01,3.673236997262069314e-02,4.000000000000000222e-01,2.608938996516313225e+00
7.149999999999999689e-01,1.216010948645663767e-02,4.012273261639736632e-01,3.986251507773117453e+01,3.613030893127085197e-02,4.000000000000000222e-01,2.611828123873328078e+00
7.159999999999999698e-01,1.086759783985274258e-02,3.998854411558833144e-01,3.984016278933448518e+01,3.600761629120471929e-02,4.000000000000000222e-01,2.614715518280096518e+00
7.169999999999999707e-01,-7.329687482213856180e-03,3.950026940893158756e-01,3.994162949400107010e+01,3.554213019419291686e-02,4.000000000000000222e-01,2.617601180776032432e+00
7.179999999999999716e-01,-4.483880832392521214e-03,3.951872581850235377e-01,3.995109968247007970e+01,3.556277694951787138e-02,4.000000000000000222e-01,2.620485112399925764e+00
7.189999999999999725e-01,-1.199329287820881905e-02,4.012568593393968097e-01,3.998627323389876409e+01,3.609815470308967711e-02,4.000000000000000222e-01,2.623367314189942068e+00
7.199999999999999734e-01,-3.920982102079417775e-03,4.151845411291064658e-01,3.998151115785450571e+01,3.736316564569413384e-02,4.000000000000000222e-01,2.626247787183627391e+00
7.209999999999999742e-01,1.622621186932138998e-02,3.841917472073505535e-01,4.010655147720268587e+01,3.460187549279374747e-02,4.000000000000000222e-01,2.629126532417902951e+00
7.219999999999999751e-01,1.333679765150725272e-03,4.123557517604196643e-01,4.015430825141266524e+01,3.711638139966092625e-02,4.000000000000000222e-01,2.632003550929067792e+00
7.229999999999999760e-01,8.864890674168311724e-03,4.137908301982235471e-01,4.020126910616602345e+01,3.725674788944322025e-02,4.000000000000000222e-01,2.634878843752804123e+00
7.239999999999999769e-01,-1.482734639436856204e-02,3.817681276036882787e-01,4.017179601897773722e+01,3.434100908722219347e-02,4.000000000000000222e-01,2.637752411924169760e+00
7.249999999999999778e-01,-1.535371823770990615e-02,3.943115352704650300e-01,4.022997854781035443e+01,3.546857478850825446e-02,4.000000000000000222e-01,2.640624256477600351e+00
7.259999999999999787e-01,3.938355208436120948e-03,4.207816044864779448e-01,4.041300937275757832e+01,3.787873425721008380e-02,4.000000000000000222e-01,2.643494378446915150e+00
7.269999999999999796e-01,6.488324074238990130e-03,4.030470680903148195e-01,4.038674941156459397e+01,3.628596419060758221e-02,4.000000000000000222e-01,2.646362778865312126e+00
7.279999999999999805e-01,2.222939191484030186e-02,3.964600925560402001e-01,4.043486957575984775e+01,3.571536199308007753e-02,4.000000000000000222e-01,2.649229458765367973e+00
7.289999999999999813e-01,-9.884488947512527074e-03,4.025107534912778506e-01,4.046866893952661570e+01,3.621400745733410753e-02,4.000000000000000222e-01,2.652094419179042983e+00
7.299999999999999822e-01,8.654722675287746837e-04,3.940642128751300488e-01,4.042156686136463861e+01,3.546928657318826339e-02,4.000000000000000222e-01,2.654957661137676617e+00
7.309999999999999831e-01,-4.927624081069770061e-03,3.929930759052112643e-01,4.059315364354434053e+01,3.536469675675571467e-02,4.000000000000000222e-01,2.657819185671991047e+00
7.319999999999999840e-01,-1.171293914078209465e-02,3.887322053519100540e-01,4.066304388549119864e+01,3.497179435809316672e-02,4.000000000000000222e-01,2.660678993812091164e+00
7.329999999999999849e-01,-3.844069842062168129e-03,4.118771321786471318e-01,4.061610497285392540e+01,3.706564006010106688e-02,4.000000000000000222e-01,2.663537086587462355e+00
7.339999999999999858e-01,-1.247017607796485888e-03,4.003534857301572214e-01,4.071905280160898855e+01,3.603233911158152530e-02,4.000000000000000222e-01,2.666393465026974940e+00
7.349999999999999867e-01,3.840429232542090260e-05,4.171087934098344774e-01,4.074174174898433165e+01,3.754226473733199981e-02,4.000000000000000222e-01,2.669248130158879295e+00
7.359999999999999876e-01,-6.798915795366716058e-03,4.117090583876391596e-01,4.074266330963818916e+01,3.704614483757103643e-02,4.000000000000000222e-01,2.672101083010811617e+00
7.369999999999999885e-01,-1.194350621179272182e-02,4.144016382326750625e-01,4.086923518587084203e+01,3.728076875339912666e-02,4.000000000000000222e-01,2.674952324609790377e+00
7.379999999999999893e-01,-2.570716315739319038e-03,4.047344899654275463e-01,4.100126820813784434e+01,3.642471078404389828e-02,4.000000000000000222e-01,2.677801855982222534e+00
7.389999999999999902e-01,1.294644619090322239e-02,4.028213618621450665e-01,4.084406302783550302e+01,3.627498881546837445e-02,4.000000000000000222e-01,2.680649678153894655e+00
7.399999999999999911e-01,-5.440681031990091078e-04,4.033357418953421036e-01,4.092051125455108007e+01,3.630176453064727637e-02,4.000000000000000222e-01,2.683495792149981796e+00
7.409999999999999920e-01,-3.346909343372529103e-03,3.960238333010832057e-01,4.107562067392799321e+01,3.563967749031284743e-02,4.000000000000000222e-01,2.686340198995039508e+00
7.419999999999999929e-01,-1.920959321208906556e-02,3.890255147088570453e-01,4.112832522659294909e+01,3.498770557870090059e-02,4.000000000000000222e-01,2.689182899713011388e+00
7.429999999999999938e-01,-1.929473300083147476e-03,3.973871838542260004e-01,4.110058968312747396e+01,3.576439387403376746e-02,4.000000000000000222e-01,2.692023895327229077e+00
7.439999999999999947e-01,-3.125899635241107671e-03,3.950707249517614317e-01,4.127389315754373911e+01,3.555421732018228254e-02,4.000000000000000222e-01,2.694863186860412263e+00
7.449999999999999956e-01,1.693383033966073051e-02,3.950392391729910524e-01,4.132157374625283097e+01,3.557984898206573154e-02,4.000000000000000222e-01,2.697700775334660239e+00
7.459999999999999964e-01,1.501879403314190873e-03,3.810072038887009627e-01,4.120352743776294346e+01,3.429491054729185556e-02,4.000000000000000222e-01,2.700536661771465674e+00
7.469999999999999973e-01,-1.362684369792597659e-03,3.976580247683254021e-01,4.134936161252576170e+01,3.578957886585775600e-02,4.000000000000000222e-01,2.703370847191705284e+00
7.479999999999999982e-01,-4.632596957143244980e-03,3.996324846941667897e-01,4.148065406803298316e+01,3.596258799833366299e-02,4.000000000000000222e-01,2.706203332615648272e+00
7.489999999999999991e-01,3.655794034996079789e-03,3.948658101004776100e-01,4.143693053951430727e+01,3.554539524961047164e-02,4.000000000000000222e-01,2.709034119062946999e+00
7.500000000000000000e-01,9.870423656679463975e-03,3.843880450374875801e-01,4.148732968041622371e+01,3.461077904238667874e-02,4.000000000000000222e-01,2.711863207552643207e+00
7.510000000000000009e-01,-2.118140711476238728e-04,-2.862740912183293629e-01,4.144101516821449138e+01,-2.576610842319206757e-02,-4.000000000000000222e-01,2.146230593099839989e+00
7.520000000000000018e-01,-6.217629397620733772e-03,-3.786687548909414835e-01,4.133703368863663741e+01,-3.407392376228997322e-02,-4.000000000000000222e-01,2.241281686513302951e+00
7.530000000000000027e-01,6.589380602378200856e-03,-4.092140797573775024e-01,4.123543436736942169e+01,-3.684132323844042239e-02,-4.000000000000000222e-01,2.249039114060264577e+00
7.540000000000000036e-01,3.315636048101278880e-03,-4.097146555458217043e-01,4.114059671005303898e+01,-3.688157171195267925e-02,-4.000000000000000222e-01,2.245052715237301655e+00
7.550000000000000044e-01,1.469512167608401365e-02,-3.958704320452725023e-01,4.109739049008556577e+01,-3.565152825207767995e-02,-4.000000000000000222e-01,2.239491127800557813e+00
7.560000000000000053e-01,3.644082095825530547e-03,-4.101901522305036463e-01,4.094625197133060368e+01,-3.692485877836795827e-02,-4.000000000000000222e-01,2.233722133482877847e+00
7.570000000000000062e-01,4.506718860087625088e-03,-3.906105071548842678e-01,4.084956570368588302e+01,-3.516353140290109230e-02,-4.000000000000000222e-01,2.227929379688122324e+00
7.580000000000000071e-01,5.508655580479859598e-05,-4.039142577962186453e-01,4.078950483171561814e+01,-3.635470249679501747e-02,-4.000000000000000222e-01,2.222137263830979315e+00
7.590000000000000080e-01,-1.456373829590218959e-03,-3.841125619582526074e-01,4.068718607298635703e+01,-3.457034579462815033e-02,-4.000000000000000222e-01,2.216348828075235922e+00
7.600000000000000089e-01,-3.673775772383294585e-04,-4.008232232317003318e-01,4.052619852227805097e+01,-3.607588260828115123e-02,-4.000000000000000222e-01,2.210564303446968637e+00
7.610000000000000098e-01,-7.863665671643749883e-03,-4.007132171262724474e-01,4.053070485525340416e+01,-3.605519137858485823e-02,-4.000000000000000222e-01,2.204783592365318956e+00
7.620000000000000107e-01,4.919050373278672193e-03,-3.900101451067145009e-01,4.044857461070648696e+01,-3.511006328135731630e-02,-4.000000000000000222e-01,2.199006590477814882e+00
7.630000000000000115e-01,-2.008969243347566696e-03,-3.828209577833571187e-01,4.027596140002577840e+01,-3.445334080286069356e-02,-4.000000000000000222e-01,2.193233219762975139e+00
7.640000000000000124e-01,6.194058397383820844e-03,-4.007719661402861511e-01,4.019664591764859551e+01,-3.608071518372736597e-02,-4.000000000000000222e-01,2.187463425096604297e+00
7.650000000000000133e-01,-2.617974566756822372e-03,-3.896068359618845012e-01,4.006464603332566554e+01,-3.506320786286953872e-02,-4.000000000000000222e-01,2.181697167966642592e+00
7.660000000000000142e-01,5.742368155523491953e-03,-3.935285173107049839e-01,4.000620472560760277e+01,-3.542796316468353746e-02,-4.000000000000000222e-01,2.175934421451567236e+00
7.670000000000000151e-01,-5.751869995665341573e-03,-3.979537717606755898e-01,3.988366111745755660e+01,-3.580992205493770814e-02,-4.000000000000000222e-01,2.170175166606844730e+00
7.680000000000000160e-01,1.351724187358764248e-02,-4.055596660849801194e-01,3.978498834316333443e+01,-3.652241094256947901e-02,-4.000000000000000222e-01,2.164419389938647242e+00
7.690000000000000169e-01,1.556659414041187267e-02,-4.056275841110328906e-01,3.960863854428711051e+01,-3.653151327929739234e-02,-4.000000000000000222e-01,2.158667081660222031e+00
7.700000000000000178e-01,1.391185523082639520e-02,-3.951321820465431012e-01,3.962646516662247365e+01,-3.558393077254024678e-02,-4.000000000000000222e-01,2.152918234497727124e+00
7.710000000000000187e-01,-8.848063117718815576e-04,-4.137193195879761975e-01,3.951584800379252016e+01,-3.723581998987014752e-02,-4.000000000000000222e-01,2.147172842876707843e+00
7.720000000000000195e-01,-1.155221591389098308e-02,-3.978657207171080179e-01,3.939287909969153390e+01,-3.579370905714936157e-02,-4.000000000000000222e-01,2.141430902369993117e+00
7.730000000000000204e-01,-1.084156399203197417e-02,-4.053110429525835778e-01,3.939391467157636129e+01,-3.646455687526002631e-02,-4.000000000000000222e-01,2.135692409324053909e+00
7.740000000000000213e-01,6.989913053353738470e-03,-4.008024345987528658e-01,3.922723222582177272e+01,-3.608460401092454528e-02,-4.000000000000000222e-01,2.129957360606663741e+00
7.750000000000000222e-01,-1.872344699541797150e-02,-3.916442592932570799e-01,3.915109664114829968e+01,-3.522391098134299015e-02,-4.000000000000000222e-01,2.124225753436726372e+00
7.760000000000000231e-01,-7.878811691305677087e-03,-3.979923788707374621e-01,3.909586249393250057e+01,-3.581035537979771616e-02,-4.000000000000000222e-01,2.118497585269660810e+00
7.770000000000000240e-01,-1.267464323593014280e-02,-3.981500808591617591e-01,3.896441072805352235e+01,-3.581768602454390299e-02,-4.000000000000000222e-01,2.112772853720263022e+00
7.780000000000000249e-01,1.422894261780680535e-03,-4.046647070891775111e-01,3.881310416801709096e+01,-3.642423567106407162e-02,-4.000000000000000222e-01,2.107051556510823875e+00
7.790000000000000258e-01,1.400338261604296489e-02,-4.080727567144107337e-01,3.874581107392905466e+01,-3.674943828316637462e-02,-4.000000000000000222e-01,2.101333691436254814e+00
7.800000000000000266e-01,1.314298511826057780e-02,-4.049379820213879766e-01,3.858567757811676557e+01,-3.646588120373950304e-02,-4.000000000000000222e-01,2.095619256340646608e+00
7.810000000000000275e-01,1.295713143046181050e-02,-4.086406982275516686e-01,3.854520160994046307e+01,-3.679904910538628338e-02,-4.000000000000000222e-01,2.089908249101522841e+00
7.820000000000000284e-01,-2.841967296974332036e-02,-4.020049926040539234e-01,3.852484024828813602e+01,-3.614173837806221312e-02,-4.000000000000000222e-01,2.084200667619263037e+00
7.830000000000000293e-01,6.773285358303947692e-03,-3.906983517832032238e-01,3.838137094822071305e+01,-3.517462031705744646e-02,-4.000000000000000222e-01,2.078496509810003001e+00
7.840000000000000302e-01,2.103872279139868892e-03,-4.132029163417200723e-01,3.822711527366563189e+01,-3.719377834953769418e-02,-4.000000000000000222e-01,2.072795773600859093e+00
7.850000000000000311e-01,-2.150550540540693834e-02,-4.148868148590935667e-01,3.819405206727690683e+01,-3.731016623256720732e-02,-4.000000000000000222e-01,2.067098456926729444e+00
7.860000000000000320e-01,-6.980651088597775210e-04,-4.043803481369033226e-01,3.806791811811986292e+01,-3.639555940846855853e-02,-4.000000000000000222e-01,2.061404557728135689e+00
7.870000000000000329e-01,-3.275810536977337255e-03,-3.842368078432282785e-01,3.795878685424828802e+01,-3.457901677249238664e-02,-4.000000000000000222e-01,2.055714073949790777e+00
7.880000000000000338e-01,2.815880157430566619e-03,-4.045801257059041811e-01,3.799556095403530520e+01,-3.641864684312677569e-02,-4.000000000000000222e-01,2.050027003539615311e+00
7.890000000000000346e-01,3.255518250607835153e-04,-4.040376282116104334e-01,3.775903002297476974e+01,-3.636619911175358044e-02,-4.000000000000000222e-01,2.044343344448099398e+00
7.900000000000000355e-01,-7.537129501468601070e-03,-3.816951481674502600e-01,3.764146092838615232e+01,-3.434443994026103314e-02,-4.000000000000000222e-01,2.038663094627851891e+00
7.910000000000000364e-01,-1.943574547399046226e-03,-3.905844064514480962e-01,3.752153832968102165e+01,-3.515213187264570188e-02,-4.000000000000000222e-01,2.032986252033317509e+00
7.920000000000000373e-01,5.234373249083820040e-03,-4.054534577364589665e-01,3.744663424453273137e+01,-3.650078298746464028e-02,-4.000000000000000222e-01,2.027312814620573889e+00
7.930000000000000382e-01,-1.176815826399228455e-03,-4.164794246280218992e-01,3.736606857878005172e+01,-3.748379979947718404e-02,-4.000000000000000222e-01,2.021642780347200130e+00
7.940000000000000391e-01,5.371749951051030779e-03,-3.921550055243290256e-01,3.734233993888943104e+01,-3.530378874134278144e-02,-4.000000000000000222e-01,2.015976147172187538e+00
7.950000000000000400e-01,-3.474179333929574079e-03,-3.922847031049859767e-01,3.734041000328240045e+01,-3.530299973035976036e-02,-4.000000000000000222e-01,2.010312913055881001e+00
7.960000000000000409e-01,-1.220590693212009713e-02,-4.051608995122920054e-01,3.716480233498584340e+01,-3.644906330484697782e-02,-4.000000000000000222e-01,2.004653075959933251e+00
7.970000000000000417e-01,-1.305501282734762222e-02,-3.875977037654869672e-01,3.708851784538832419e+01,-3.486786181945952801e-02,-4.000000000000000222e-01,1.998996633847282434e+00
7.980000000000000426e-01,7.895709709251978433e-04,-3.927975566200088697e-01,3.689446444916313794e+01,-3.535516914173286035e-02,-4.000000000000000222e-01,1.993343584682132574e+00
7.990000000000000435e-01,1.866380792019235041e-02,-4.061765268842508769e-01,3.677128556743161880e+01,-3.658547092792251154e-02,-4.000000000000000222e-01,1.987693926429939362e+00
8.000000000000000444e-01,2.078309845749245349e-02,-3.889242252996726323e-01,3.668347256712957716e+01,-3.503446799854605803e-02,-4.000000000000000222e-01,1.982047657057400158e+00
8.010000000000000453e-01,-2.305565398102002103e-02,-4.010238376209380728e-01,3.669723261255951030e+01,-3.606125588592967030e-02,-4.000000000000000222e-01,1.976404774532452446e+00
8.020000000000000462e-01,-6.676266124487253116e-03,-4.139685754536228113e-01,3.657291265949519499e+01,-3.724964165955018530e-02,-4.000000000000000222e-01,1.970765276824265611e+00
8.030000000000000471e-01,-4.237383880089725004e-03,-4.180031340388726258e-01,3.648172114409184275e+01,-3.761634055258857023e-02,-4.000000000000000222e-01,1.965129161903241162e+00
8.040000000000000480e-01,5.012705799183668140e-03,-4.043577375448551559e-01,3.627509538651098353e+01,-3.640181925088299686e-02,-4.000000000000000222e-01,1.959496427741004299e+00
8.050000000000000488e-01,-1.198411001865501077e-02,-4.029891757241716443e-01,3.623622077509153883e+01,-3.625401187355850596e-02,-4.000000000000000222e-01,1.953867072310410125e+00
8.060000000000000497e-01,-8.344220979985645867e-03,-3.842764307115756894e-01,3.629940170022991452e+01,-3.457558635531111924e-02,-4.000000000000000222e-01,1.948241093585535877e+00
8.070000000000000506e-01,1.871258331600001790e-03,-4.042655071914688092e-01,3.614679031742492299e+01,-3.638895442614152598e-02,-4.000000000000000222e-01,1.942618489541682036e+00
8.080000000000000515e-01,2.910836076559863463e-03,-4.112476372840597749e-01,3.606337040679324701e+01,-3.701896921633118787e-02,-4.000000000000000222e-01,1.936999258155375880e+00
8.090000000000000524e-01,2.445169220710288662e-03,-3.990195870632607389e-01,3.584714923331493708e+01,-3.591757856796851112e-02,-4.000000000000000222e-01,1.931383397404359270e+00
8.100000000000000533e-01,9.345392168886874212e-03,-4.016457211682769590e-01,3.569894953587549935e+01,-3.616392423642073028e-02,-4.000000000000000222e-01,1.925770905267601973e+00
8.110000000000000542e-01,9.738099157777498158e-04,-3.871918655136828979e-01,3.570590024828672426e+01,-3.485086482221841364e-02,-4.000000000000000222e-01,1.920161779725287232e+00
8.120000000000000551e-01,-7.686474644891598887e-03,-3.998723576847953431e-01,3.562753775162175174e+01,-3.597978742496311944e-02,-4.000000000000000222e-01,1.914556018758824418e+00
8.130000000000000560e-01,-3.596467841282832700e-02,-4.141665114543798820e-01,3.544181508471169195e+01,-3.722387905507849870e-02,-4.000000000000000222e-01,1.908953620350837710e+00
8.140000000000000568e-01,-1.773326913120054985e-02,-4.112542421708788587e-01,3.553920769449422323e+01,-3.698906687440179503e-02,-4.000000000000000222e-01,1.903354582485168534e+00
8.150000000000000577e-01,-1.015080130503542670e-03,-3.934466013221988856e-01,3.529323349128783605e+01,-3.541103824838662262e-02,-4.000000000000000222e-01,1.897758903146879783e+00
8.160000000000000586e-01,3.184589093286554302e-04,-4.004540332797223434e-01,3.518335680977624946e+01,-3.604364041891826298e-02,-4.000000000000000222e-01,1.892166580322245384e+00
8.170000000000000595e-01,2.252208178180176135e-04,-3.951726178114727261e-01,3.510189022611280052e+01,-3.556814404489920534e-02,-4.000000000000000222e-01,1.886577611998761173e+00
8.180000000000000604e-01,1.848214989143731959e-02,-4.157738662893877279e-01,3.504437548016049675e+01,-3.744965918119820547e-02,-4.000000000000000222e-01,1.880991996165136459e+00
8.190000000000000613e-01,-1.084426282970055513e-02,-4.020294085063452760e-01,3.497112059227670500e+01,-3.616931467132743216e-02,-4.000000000000000222e-01,1.875409730811293807e+00
8.200000000000000622e-01,-1.469522494060838784e-02,-3.926525719964685246e-01,3.487090737402942864e+01,-3.532027875250631777e-02,-4.000000000000000222e-01,1.869830813928371249e+00
8.210000000000000631e-01,-5.300563754750996833e-04,-4.179367092603429312e-01,3.483047079699635162e+01,-3.761592865865620583e-02,-4.000000000000000222e-01,1.864255243508721183e+00
8.220000000000000639e-01,-1.118327517542581917e-02,-3.905541316853166633e-01,3.469071904291135411e+01,-3.513644469605242682e-02,-4.000000000000000222e-01,1.858683017545909699e+00
8.230000000000000648e-01,5.080650456432264303e-04,-4.066499742941705464e-01,3.453226258597238285e+01,-3.660159504662343494e-02,-4.000000000000000222e-01,1.853114134034710814e+00
8.240000000000000657e-01,1.422115382480105758e-02,-4.139956894812639177e-01,3.461694972415101290e+01,-3.728315832057454288e-02,-4.000000000000000222e-01,1.847548590971116900e+00
8.250000000000000666e-01,1.625113343756593234e-02,-3.936996930191927757e-01,3.435868307255773857e+01,-3.545823511049573523e-02,-4.000000000000000222e-01,1.841986386352325589e+00
8.260000000000000675e-01,2.118947868757240643e-02,-4.004140414313610008e-01,3.445042570228760326e+01,-3.607006027836692774e-02,-4.000000000000000222e-01,1.836427518176750207e+00
8.270000000000000684e-01,5.384552487065392273e-03,-4.033473256436790888e-01,3.428286904656805234e+01,-3.631139689015901867e-02,-4.000000000000000222e-01,1.830871984444011336e+00
8.280000000000000693e-01,-4.464198499658640802e-03,-3.916929249224574416e-01,3.416199895461807046e+01,-3.524835069240832980e-02,-4.000000000000000222e-01,1.825319783154937259e+00
8.290000000000000702e-01,-1.907918263440290399e-03,-4.031385695348934095e-01,3.404519985981671937e+01,-3.628204324795808455e-02,-4.000000000000000222e-01,1.819770912311569955e+00
8.300000000000000711e-01,1.839390855554500631e-02,-3.972684425692613042e-01,3.399487432276384880e+01,-3.578270937259109968e-02,-4.000000000000000222e-01,1.814225369917156883e+00
8.310000000000000719e-01,1.521825583108000861e-02,-3.779487298481173929e-01,3.381433910226115813e+01,-3.403823545722214905e-02,-4.000000000000000222e-01,1.808683153976151869e+00
8.320000000000000728e-01,3.178255087442733232e-03,-3.961506408966962711e-01,3.383769440102781090e+01,-3.566037479004378896e-02,-4.000000000000000222e-01,1.803144262494217775e+00
8.329999999999999627e-01,-9.875911094763078699e-03,-3.808815273411694236e-01,3.373119478733551801e+01,-3.426803153876884639e-02,-4.000000000000000222e-01,1.797608693478223163e+00
8.339999999999999636e-01,1.242959827740459369e-03,-4.124810665016604427e-01,3.348194876966566369e+01,-3.712752663500180905e-02,-4.000000000000000222e-01,1.792076444936244295e+00
8.349999999999999645e-01,-1.663685778204464921e-02,-4.116801294241403952e-01,3.351863976357146413e+01,-3.702899343632451434e-02,-4.000000000000000222e-01,1.786547514877558251e+00
8.359999999999999654e-01,-9.734127108084012631e-03,-3.907880343293370085e-01,3.340982326852967077e+01,-3.515952213678454757e-02,-4.000000000000000222e-01,1.781021901312652922e+00
8.369999999999999662e-01,5.493802696961072075e-03,-4.092762873672978197e-01,3.322210832147405313e+01,-3.684531307729468907e-02,-4.000000000000000222e-01,1.775499602253216569e+00
8.379999999999999671e-01,-9.875936829058518107e-03,-3.948883488527684671e-01,3.320969563714372441e+01,-3.552822966589905263e-02,-4.000000000000000222e-01,1.769980615712140937e+00
8.389999999999999680e-01,-4.787702021318038931e-03,-4.018991526552962990e-01,3.314803656925655417e+01,-3.616633960406773207e-02,-4.000000000000000222e-01,1.764464939703521473e+00
8.399999999999999689e-01,-5.733035628016695112e-03,-4.022276693945055492e-01,3.305193407079325141e+01,-3.619453650366769026e-02,-4.000000000000000222e-01,1.758952572242656220e+00
8.409999999999999698e-01,-5.515371929307937710e-03,-4.150225454475354181e-01,3.303677065823529091e+01,-3.734621045378828941e-02,-4.000000000000000222e-01,1.753443511346044481e+00
8.419999999999999707e-01,-6.490177128529951191e-03,-4.144774513174563912e-01,3.279294468948006624e+01,-3.729570828878537442e-02,-4.000000000000000222e-01,1.747937755031389706e+00
8.429999999999999716e-01,1.244003872050625584e-02,-4.119390314904634032e-01,3.266044584370865067e+01,-3.709530656095200163e-02,-4.000000000000000222e-01,1.742435301317593721e+00
8.439999999999999725e-01,7.427784915154909094e-03,-4.116868249158517346e-01,3.268160151235812094e+01,-3.706518300465680427e-02,-4.000000000000000222e-01,1.736936148224756948e+00
8.449999999999999734e-01,-3.189031428011717545e-02,-4.022232943193021493e-01,3.262403708043017048e+01,-3.615635002960476685e-02,-4.000000000000000222e-01,1.731440293774182626e+00
8.459999999999999742e-01,7.527287775500717155e-03,-4.148697206187646480e-01,3.250286673126354486e+01,-3.735189526123976200e-02,-4.000000000000000222e-01,1.725947735988371257e+00
8.469999999999999751e-01,3.665853623307437515e-03,-3.946636754480558618e-01,3.239754416412462490e+01,-3.552721356695998783e-02,-4.000000000000000222e-01,1.720458472891021939e+00
8.479999999999999760e-01,-3.897456924524854774e-03,-3.992769554177078573e-01,3.224550240145289592e+01,-3.593164859148189477e-02,-4.000000000000000222e-01,1.714972502507033258e+00
8.489999999999999769e-01,1.351093069931127641e-02,-3.939660269650370195e-01,3.222769411751673374e+01,-3.547834440964975355e-02,-4.000000000000000222e-01,1.709489822862501507e+00
8.499999999999999778e-01,-4.491748794274007944e-03,-4.019600585997691322e-01,3.210648795372751607e+01,-3.617224776618271215e-02,-4.000000000000000222e-01,1.704010431984716689e+00
8.509999999999999787e-01,-4.215227771332697576e-03,-3.973805981651880037e-01,3.196214448978924949e+01,-3.576053840807147388e-02,-4.000000000000000222e-01,1.698534327902169849e+00
8.519999999999999796e-01,2.719338329249811406e-02,-3.925434281867112296e-01,3.205352163492804607e+01,-3.536952628144017508e-02,-4.000000000000000222e-01,1.693061508644543522e+00
8.529999999999999805e-01,-4.419012113437727034e-03,-4.004554519297273685e-01,3.188237824753738536e+01,-3.603695335828889512e-02,-4.000000000000000222e-01,1.687591972242717064e+00
8.539999999999999813e-01,-1.556016408147037691e-02,-4.039081262465689104e-01,3.175549574058874214e+01,-3.633149475625589708e-02,-4.000000000000000222e-01,1.682125716728767095e+00
8.549999999999999822e-01,6.066126324134192387e-03,-4.056937737472978145e-01,3.163939601681684266e+01,-3.652362944827953345e-02,-4.000000000000000222e-01,1.676662740135961949e+00
8.559999999999999831e-01,-1.540581777853374228e-03,-4.245460474953149377e-01,3.157465658665625696e+01,-3.820925372954123156e-02,-4.000000000000000222e-01,1.671203040498764780e+00
8.569999999999999840e-01,3.724591626728980098e-03,-4.014386172518699114e-01,3.149019472236007289e+01,-3.613717148217977793e-02,-4.000000000000000222e-01,1.665746615852832013e+00
8.579999999999999849e-01,-2.003297446007345009e-03,-3.927222140556023144e-01,3.138962916146342863e+01,-3.534444776243617081e-02,-4.000000000000000222e-01,1.660293464235012006e+00
8.589999999999999858e-01,-5.334679729594213327e-03,-3.883565822657779054e-01,3.135645669341289477e+01,-3.494689969438363741e-02,-4.000000000000000222e-01,1.654843583683347275e+00
8.599999999999999867e-01,7.252205245757229954e-03,-4.012341904178025054e-01,3.117500567185561877e+01,-3.612385341132702543e-02,-4.000000000000000222e-01,1.649396972237070935e+00
8.609999999999999876e-01,7.999623761115331761e-04,-4.014903328952303951e-01,3.101323241786449358e+01,-3.613760899396376014e-02,-4.000000000000000222e-01,1.643953627936606487e+00
8.619999999999999885e-01,-1.764925300357417411e-03,-3.986216780259176362e-01,3.101580788138998201e+01,-3.587573255806644767e-02,-4.000000000000000222e-01,1.638513548823570920e+00
8.629999999999999893e-01,-5.833004715018365836e-03,-3.873443491801779603e-01,3.106046956988212671e+01,-3.485511889092977877e-02,-4.000000000000000222e-01,1.633076732940769382e+00
8.639999999999999902e-01,-6.387186564356600073e-03,-3.990101363875805385e-01,3.092569463569654431e+01,-3.590406857299716092e-02,-4.000000000000000222e-01,1.627643178332197849e+00
8.649999999999999911e-01,6.001949734035470774e-03,-3.901833429796001673e-01,3.079325306754119751e+01,-3.512717292320146484e-02,-4.000000000000000222e-01,1.622212883043040899e+00
8.659999999999999920e-01,-7.123963271754949790e-03,-3.983540496646677531e-01,3.072721750027656284e+01,-3.584397774520592383e-02,-4.000000000000000222e-01,1.616785845119672826e+00
8.669999999999999929e-01,-4.126850569129289427e-04,-3.878266514035960122e-01,3.064727534846947776e+01,-3.490606990342036420e-02,-4.000000000000000222e-01,1.611362062609656531e+00
8.679999999999999938e-01,-1.401159204574809261e-02,-4.059728033137534609e-01,3.046714775093103356e+01,-3.651947052602751154e-02,-4.000000000000000222e-01,1.605941533561741075e+00
8.689999999999999947e-01,4.430384249602952774e-03,-3.848427317845814488e-01,3.040840847236650646e+01,-3.464419931716646028e-02,-4.000000000000000222e-01,1.600524256025866787e+00
8.699999999999999956e-01,-3.852423531573050987e-03,-3.787972113144662534e-01,3.029066225135617429e+01,-3.408870100265888603e-02,-4.000000000000000222e-01,1.595110228053158163e+00
8.709999999999999964e-01,-2.266218794868140457e-03,-4.085383587981134546e-01,3.023336566313967566e+01,-3.676749273806972917e-02,-4.000000000000000222e-01,1.589699447695926970e+00
8.719999999999999973e-01,-6.091646805448316590e-03,-4.136925650606051441e-01,3.013694095399702988e+01,-3.722567450513077081e-02,-4.000000000000000222e-01,1.584291913007671360e+00
8.729999999999999982e-01,-5.299554684683392171e-03,-4.015372131164793856e-01,3.000165396375617988e+01,-3.613303089604796153e-02,-4.000000000000000222e-01,1.578887622043075201e+00
8.739999999999999991e-01,-3.449687362377198887e-03,-4.033341472476358880e-01,2.999364320820644991e+01,-3.629741129038169256e-02,-4.000000000000000222e-01,1.573486572858008525e+00
8.750000000000000000e-01,-1.162053767013305518e-02,-3.970077084598969686e-01,2.979239857501546496e+01,-3.571642115613560264e-02,-4.000000000000000222e-01,1.568088763509524863e+00
8.760000000000000009e-01,-7.959797569388943339e-03,-4.148689841875444206e-01,2.985559261578188384e+01,-3.732874928027468675e-02,-4.000000000000000222e-01,1.562694192055863018e+00
8.770000000000000018e-01,-1.547153796019571856e-02,-4.195485410569865792e-01,2.968605062371271686e+01,-3.773848203820745484e-02,-4.000000000000000222e-01,1.557302856556445736e+00
8.780000000000000027e-01,-7.114761300497681037e-04,-4.019630221365962930e-01,2.958553773417850152e+01,-3.617797276531033168e-02,-4.000000000000000222e-01,1.551914755071879926e+00
8.790000000000000036e-01,-6.331513695283407656e-03,-3.904096362590644409e-01,2.938856383783974380e+01,-3.513024914984298058e-02,-4.000000000000000222e-01,1.546529885663955106e+00
8.800000000000000044e-01,-1.849981766990322490e-02,-3.945771089945608323e-01,2.942321359351696586e+01,-3.548800415114231749e-02,-4.000000000000000222e-01,1.541148246395644739e+00
8.810000000000000053e-01,-1.121057308116643961e-02,-3.962018200962067471e-01,2.933345879552696900e+01,-3.564450363653968307e-02,-4.000000000000000222e-01,1.535769835331103339e+00
8.820000000000000062e-01,1.087525365907783884e-02,-4.118587661390922250e-01,2.917783050518139376e+01,-3.708576362188038822e-02,-4.000000000000000222e-01,1.530394650535669587e+00
8.830000000000000071e-01,-5.294316316104661843e-03,-4.139081934877419933e-01,2.912389725185993683e+01,-3.724626306658299080e-02,-4.000000000000000222e-01,1.525022690075861664e+00
8.840000000000000080e-01,6.420609824492606865e-03,-4.020594528743337559e-01,2.911054907039295259e+01,-3.619695228742777354e-02,-4.000000000000000222e-01,1.519653952019381249e+00
8.850000000000000089e-01,1.279633751616283434e-02,-3.980314863644580092e-01,2.886995667240520547e+01,-3.584343490471256916e-02,-4.000000000000000222e-01,1.514288434435108410e+00
8.860000000000000098e-01,-5.097218651263810824e-03,-3.866914960076862640e-01,2.888765192882992139e+01,-3.479739403713879436e-02,-4.000000000000000222e-01,1.508926135393106271e+00
8.870000000000000107e-01,1.450976398565245219e-02,-3.856653997995347916e-01,2.873760427533260042e+01,-3.473222077235553484e-02,-4.000000000000000222e-01,1.503567052964617901e+00
8.880000000000000115e-01,-2.183313918325135213e-03,-3.817138500456326300e-01,2.863443042665386074e+01,-3.435346362991903435e-02,-4.000000000000000222e-01,1.498211185222065644e+00
8.890000000000000124e-01,1.500342620937906296e-02,-4.067209155647592000e-01,2.862472770049923199e+01,-3.662915779849648668e-02,-4.000000000000000222e-01,1.492858530239052017e+00
8.900000000000000133e-01,1.642288478052869420e-03,-3.992503662131774433e-01,2.846757361572672096e+01,-3.593720060410993816e-02,-4.000000000000000222e-01,1.487509086090358812e+00
8.910000000000000142e-01,9.927969039017981584e-03,-3.994975343499969633e-01,2.841360230274014853e+01,-3.597133888670723395e-02,-4.000000000000000222e-01,1.482162850851946434e+00
8.920000000000000151e-01,6.145651609986461754e-03,-3.934451380402645415e-01,2.848891036507250263e+01,-3.542102678662669563e-02,-4.000000000000000222e-01,1.476819822600953014e+00
8.930000000000000160e-01,-1.746734428698160958e-03,-3.826630099108895844e-01,2.822564910526853055e+01,-3.443948617840023041e-02,-4.000000000000000222e-01,1.471479999415697737e+00
8.940000000000000169e-01,9.093862986683517308e-03,-3.813723978014463278e-01,2.820706080433595631e+01,-3.433818257000351148e-02,-4.000000000000000222e-01,1.466143379375676847e+00
8.950000000000000178e-01,7.717238144938430577e-03,-4.097161986543794709e-01,2.810622964465731144e+01,-3.688818864971116912e-02,-4.000000000000000222e-01,1.460809960561563869e+00
8.960000000000000187e-01,7.933578167571748302e-03,-4.013122641902144294e-01,2.800950915500913396e+01,-3.613186477412545783e-02,-4.000000000000000222e-01,1.455479741055209386e+00
8.970000000000000195e-01,8.205361253791190745e-03,-4.096883818899376695e-01,2.796277865207872537e+01,-3.688640255208537611e-02,-4.000000000000000222e-01,1.450152718939641705e+00
8.980000000000000204e-01,1.128738017596957015e-02,-3.903387465100758846e-01,2.779354503956990285e+01,-3.514857439412801682e-02,-4.000000000000000222e-01,1.444828892299067968e+00
8.990000000000000213e-01,-1.259895612685170635e-03,-3.917951945651746981e-01,2.767945555369752597e+01,-3.526206355131772385e-02,-4.000000000000000222e-01,1.439508259218868824e+00
9.000000000000000222e-01,1.206405901206134912e-03,-4.200313744510469904e-01,2.766013363277605563e+01,-3.780707663841656463e-02,-4.000000000000000222e-01,1.434190817785603755e+00
9.010000000000000231e-01,-3.202188599624916036e-03,-4.057327805706446022e-01,2.758238789686534531e+01,-3.651363317208025649e-02,-4.000000000000000222e-01,1.428876566087007971e+00
9.020000000000000240e-01,-2.271307976612493319e-03,-4.115838117913835359e-01,2.746454268323608261e+01,-3.704156883034823849e-02,-4.000000000000000222e-01,1.423565502211992850e+00
9.030000000000000249e-01,9.590170289612655330e-03,-4.020405201860715039e-01,2.738214408950503653e+01,-3.619982518955870698e-02,-4.000000000000000222e-01,1.418257624250644833e+00
9.040000000000000258e-01,-4.118906351985949371e-03,-3.897578625971743760e-01,2.722597799466714008e+01,-3.507469833289368621e-02,-4.000000000000000222e-01,1.412952930294227860e+00
9.050000000000000266e-01,9.976171109445148080e-03,-4.075530887032363658e-01,2.716462595087198650e+01,-3.669674328050462342e-02,-4.000000000000000222e-01,1.407651418435178936e+00
9.060000000000000275e-01,3.403479965729667295e-03,-4.091354869669086014e-01,2.703836752649717567e+01,-3.682956538798969059e-02,-4.000000000000000222e-01,1.402353086767111900e+00
9.070000000000000284e-01,2.834290141026500533e-03,-4.088820480449512629e-01,2.704429142279671083e+01,-3.680591532259160775e-02,-4.000000000000000222e-01,1.397057933384816542e+00
9.080000000000000293e-01,-2.977729906490722469e-03,-3.941984342091134907e-01,2.700428385236322981e+01,-3.547592570451230803e-02,-4.000000000000000222e-01,1.391765956384254821e+00
9.090000000000000302e-01,2.660629417423925405e-02,-3.907667863910219697e-01,2.681308599357524258e+01,-3.520862060229719426e-02,-4.000000000000000222e-01,1.386477153862565981e+00
9.100000000000000311e-01,-2.490759676853749639e-03,-3.961130283505860383e-01,2.676317782161104830e+01,-3.564892268708159950e-02,-4.000000000000000222e-01,1.381191523918063213e+00
9.110000000000000320e-01,2.031782922798587576e-02,-3.929796735105790528e-01,2.667422574825363668e+01,-3.539912780006444076e-02,-4.000000000000000222e-01,1.375909064650234548e+00
9.120000000000000329e-01,-7.076780133823176895e-03,-3.996415221604620038e-01,2.668211287536185239e+01,-3.595989251405448672e-02,-4.000000000000000222e-01,1.370629774159741521e+00
9.130000000000000338e-01,1.578097218087147827e-02,-3.935266201150482979e-01,2.650278344513134599e+01,-3.544198282861322352e-02,-4.000000000000000222e-01,1.365353650548420505e+00
9.140000000000000346e-01,-5.968593456798292236e-03,-4.016042729025108282e-01,2.644640740240193821e+01,-3.613810022996954974e-02,-4.000000000000000222e-01,1.360080691919283380e+00
9.150000000000000355e-01,3.893257670699574015e-04,-3.956926238152295161e-01,2.630875111682746947e+01,-3.561518127147051543e-02,-4.000000000000000222e-01,1.354810896376513529e+00
9.160000000000000364e-01,1.082779617312444598e-02,-4.112954723430055637e-01,2.616803595732256937e+01,-3.703497179818729390e-02,-4.000000000000000222e-01,1.349544262025471841e+00
9.170000000000000373e-01,7.833225989125945296e-03,-4.098504162176296317e-01,2.610223264102118890e+01,-3.690044348873415536e-02,-4.000000000000000222e-01,1.344280786972690933e+00
9.180000000000000382e-01,5.594795802822943170e-03,-3.938917411443197958e-01,2.609299848475276917e+01,-3.546045410547335464e-02,-4.000000000000000222e-01,1.339020469325877372e+00
9.190000000000000391e-01,-1.377486260799005817e-02,-4.016716666311881956e-01,2.588408035552437880e+01,-3.613290135886881860e-02,-4.000000000000000222e-01,1.333763307193914116e+00
9.200000000000000400e-01,-2.633543442744389670e-03,-4.085678417700476239e-01,2.585368323950460478e+01,-3.676960704373744698e-02,-4.000000000000000222e-01,1.328509298686855189e+00
9.210000000000000409e-01,5.285906617266915471e-03,-3.948930050496499145e-01,2.577915980910305649e+01,-3.555015562003112362e-02,-4.000000000000000222e-01,1.323258441915931227e+00
9.220000000000000417e-01,-4.340315254251880372e-04,-4.011690983663833698e-01,2.564748900328603654e+01,-3.610691686606638112e-02,-4.000000000000000222e-01,1.318010734993546595e+00
9.230000000000000426e-01,-1.873505599274235406e-02,-3.898705882255870114e-01,2.563907167770475226e+01,-3.506437334578275250e-02,-4.000000000000000222e-01,1.312766176033278276e+00
9.240000000000000435e-01,3.690081839597038598e-03,-4.030823515793422462e-01,2.555674066357580188e+01,-3.628508911626183997e-02,-4.000000000000000222e-01,1.307524763149877645e+00
9.250000000000000444e-01,5.286675741558342738e-03,-4.079756570720459719e-01,2.531051972827100371e+01,-3.672791960793000271e-02,-4.000000000000000222e-01,1.302286494459273358e+00
9.260000000000000453e-01,5.757654170699725259e-03,-4.126185581722179863e-01,2.531936611388546865e+01,-3.714659383734875142e-02,-4.000000000000000222e-01,1.297051368078563804e+00
9.270000000000000462e-01,1.466393908529592220e-02,-3.910687012512874539e-01,2.524517701174836759e+01,-3.521904739992805233e-02,-4.000000000000000222e-01,1.291819382126025539e+00
9.280000000000000471e-01,-2.680215418184656029e-02,-3.823247745050670221e-01,2.518702800232194150e+01,-3.437463527108598066e-02,-4.000000000000000222e-01,1.286590534721109069e+00
9.290000000000000480e-01,-5.621690133406724403e-03,-3.981259859505001386e-01,2.513127025435616702e+01,-3.582560494286453345e-02,-4.000000000000000222e-01,1.281364823984438406e+00
9.300000000000000488e-01,-2.987092655479956557e-03,-3.816216661265914856e-01,2.483830118392748432e+01,-3.434406542604738488e-02,-4.000000000000000222e-01,1.276142248037814619e+00
9.310000000000000497e-01,-1.417601441237201177e-03,-3.950345488695407026e-01,2.491510721934886519e+01,-3.555338575447992977e-02,-4.000000000000000222e-01,1.270922805004211842e+00
9.320000000000000506e-01,7.472461484614207824e-03,-4.100177281689470488e-01,2.486108942465344640e+01,-3.691497589748506114e-02,-4.000000000000000222e-01,1.265706493007780820e+00
9.330000000000000515e-01,4.625641793986883400e-04,-4.116011019069857890e-01,2.473572139669853698e+01,-3.704716696969256179e-02,-4.000000000000000222e-01,1.260493310173848247e+00
9.340000000000000524e-01,1.510337654981120390e-03,-3.908523533251078153e-01,2.466709479651735037e+01,-3.518109600612943921e-02,-4.000000000000000222e-01,1.255283254628915435e+00
9.350000000000000533e-01,8.091435739883388184e-03,-3.942104895832119760e-01,2.456452824022156278e+01,-3.549268507318580762e-02,-4.000000000000000222e-01,1.250076324500661862e+00
9.360000000000000542e-01,-1.284270682228467499e-02,-4.007241507621416843e-01,2.455779777735115843e+01,-3.604900811220983908e-02,-4.000000000000000222e-01,1.244872517917939847e+00
9.370000000000000551e-01,-1.998010193315016142e-02,-3.887846534563857981e-01,2.443242197419824890e+01,-3.496496723290117709e-02,-4.000000000000000222e-01,1.239671833010782320e+00
9.380000000000000560e-01,-7.914132443286613083e-03,-3.968648279464538908e-01,2.424695838078183030e+01,-3.570885082495932339e-02,-4.000000000000000222e-01,1.234474267910399936e+00
9.390000000000000568e-01,-1.065911763249157568e-02,-3.889165378446454158e-01,2.417313653674844787e+01,-3.498984981388253424e-02,-4.000000000000000222e-01,1.229279820749175300e+00
9.400000000000000577e-01,-4.494227795065699853e-03,-3.922231011542700596e-01,2.417739412636410634e+01,-3.529601881360332205e-02,-4.000000000000000222e-01,1.224088489660675405e+00
9.410000000000000586e-01,-5.318208925339748018e-04,-3.995030981635500078e-01,2.402473184056968236e+01,-3.595682946285262693e-02,-4.000000000000000222e-01,1.218900272779641414e+00
9.420000000000000595e-01,-2.656611054221169892e-04,-3.977971295579486033e-01,2.401710628649481194e+01,-3.580366599032415442e-02,-4.000000000000000222e-01,1.213715168241995102e+00
9.430000000000000604e-01,6.104477886021028761e-03,-4.087015406802189665e-01,2.393121140975178207e+01,-3.679446773610504234e-02,-4.000000000000000222e-01,1.208533174184835746e+00
9.440000000000000613e-01,-1.096595132336302542e-02,-4.237780684174762280e-01,2.384430866470951571e+01,-3.812578759355648994e-02,-4.000000000000000222e-01,1.203354288746445899e+00
9.450000000000000622e-01,-3.878985516846393967e-03,-3.980596207215725824e-01,2.372114375405641340e+01,-3.582212487286347280e-02,-4.000000000000000222e-01,1.198178510066284730e+00
9.460000000000000631e-01,-1.087745932869526623e-02,-4.109038189488465886e-01,2.366661174674688439e+01,-3.696766831970352274e-02,-4.000000000000000222e-01,1.193005836284994681e+00
9.470000000000000639e-01,1.774766529694197896e-03,-3.963884475651727746e-01,2.358479916730640014e+01,-3.567978309844287155e-02,-4.000000000000000222e-01,1.187836265544397474e+00
9.480000000000000648e-01,-9.294402987887433534e-03,-3.887922188246813460e-01,2.342028880862288531e+01,-3.498057107889938205e-02,-4.000000000000000222e-01,1.182669795987499661e+00
9.490000000000000657e-01,-1.650663134336014665e-02,-3.979633168711058100e-01,2.328272994884383351e+01,-3.579540675954539369e-02,-4.000000000000000222e-01,1.177506425758487962e+00
9.500000000000000666e-01,-2.044412188898179356e-02,-4.004148621988743439e-01,2.333585126980294078e+01,-3.601025125655989145e-02,-4.000000000000000222e-01,1.172346153002733926e+00
9.510000000000000675e-01,1.726224555520680399e-03,-4.191098804103798869e-01,2.324620631520096836e+01,-3.772491542454715907e-02,-4.000000000000000222e-01,1.167188975866793710e+00
9.520000000000000684e-01,4.882755718798839802e-03,-3.871462870093789754e-01,2.312021542181805955e+01,-3.485219838830115602e-02,-4.000000000000000222e-01,1.162034892498407634e+00
9.530000000000000693e-01,5.921139179647406069e-03,-4.157200770445431681e-01,2.304425582346895141e+01,-3.742605677886482601e-02,-4.000000000000000222e-01,1.156883901046501295e+00
9.540000000000000702e-01,-4.277916106723934908e-03,-4.061556479102820250e-01,2.292744316708772345e+01,-3.655011938082696615e-02,-4.000000000000000222e-01,1.151735999661188226e+00
9.550000000000000711e-01,-1.135954816500859589e-02,-4.142352142266125803e-01,2.268917434117062371e+01,-3.726666568485374753e-02,-4.000000000000000222e-01,1.146591186493767678e+00
9.560000000000000719e-01,2.927141068105399650e-03,-3.949823862561289700e-01,2.277375516263697008e+01,-3.555485548343387259e-02,-4.000000000000000222e-01,1.141449459696728619e+00
9.570000000000000728e-01,-6.406147138080867977e-03,-3.975870465283133370e-01,2.273519218746501380e+01,-3.577598781506225595e-02,-4.000000000000000222e-01,1.136310817423748398e+00
9.580000000000000737e-01,-1.958798736269191931e-02,-3.981126760550540156e-01,2.257408562657113293e+01,-3.580443456268234126e-02,-4.000000000000000222e-01,1.131175257829695413e+00
9.590000000000000746e-01,-8.070877811866908075e-04,-3.961818128073508749e-01,2.247301099814210801e+01,-3.565750914987714931e-02,-4.000000000000000222e-01,1.126042779070629107e+00
9.599999999999999645e-01,1.168741197545364449e-03,-4.079854104872575604e-01,2.238103342603825752e+01,-3.672276271421771876e-02,-4.000000000000000222e-01,1.120913379303801083e+00
9.609999999999999654e-01,-4.351869420892639714e-03,-4.110833609387343213e-01,2.235370199337934949e+01,-3.699345716713044185e-02,-4.000000000000000222e-01,1.115787056687656431e+00
9.619999999999999662e-01,-1.834820252487993865e-03,-3.946140121778591303e-01,2.223983827186035356e+01,-3.551494575238194062e-02,-4.000000000000000222e-01,1.110663809381835510e+00
9.629999999999999671e-01,1.543654295726103014e-02,-4.132169983191133489e-01,2.222008940485425654e+01,-3.721483585268110794e-02,-4.000000000000000222e-01,1.105543635547173498e+00
9.639999999999999680e-01,-1.214960955910559040e-02,-4.008198624308855207e-01,2.202563269061495177e+01,-3.605861621392460192e-02,-4.000000000000000222e-01,1.100426533345703506e+00
9.649999999999999689e-01,-2.853268520120907665e-03,-3.960871686486137633e-01,2.199636100046465970e+01,-3.564607962266521518e-02,-4.000000000000000222e-01,1.095312500940656575e+00
9.659999999999999698e-01,1.077017699580999285e-02,-4.122168161014741483e-01,2.187836442853562602e+01,-3.711784858969424672e-02,-4.000000000000000222e-01,1.090201536496465007e+00
9.669999999999999707e-01,-8.526508284331041701e-03,-4.114143539005388206e-01,2.185409651867603031e+01,-3.701707381247808237e-02,-4.000000000000000222e-01,1.085093638178761033e+00
9.679999999999999716e-01,7.673085584951050279e-05,-4.049009370249037065e-01,2.169641944435447911e+01,-3.644354101770061471e-02,-4.000000000000000222e-01,1.079988804154380366e+00
9.689999999999999725e-01,-7.453221552112446364e-03,-4.047291604584738467e-01,2.166213432374285119e+01,-3.641713281491003318e-02,-4.000000000000000222e-01,1.074887032591360869e+00
9.699999999999999734e-01,2.683303368330655983e-02,-3.946957602430010148e-01,2.159730268911297912e+01,-3.556294797565479060e-02,-4.000000000000000222e-01,1.069788321658950325e+00
9.709999999999999742e-01,-5.379453246222607593e-03,-3.953986425987232045e-01,2.149686188113562935e+01,-3.558052737263808774e-02,-4.000000000000000222e-01,1.064692669527600000e+00
9.719999999999999751e-01,2.305107043011730712e-03,-4.051781056574846329e-01,2.139832598355872051e+01,-3.647173114974628511e-02,-4.000000000000000222e-01,1.059600074368972411e+00
9.729999999999999760e-01,4.253987296401244241e-04,-4.056130472021769462e-01,2.125175114837832879e+01,-3.650814326508221297e-02,-4.000000000000000222e-01,1.054510534355942664e+00
9.739999999999999769e-01,-1.450243208095436560e-02,-3.963976435811094046e-01,2.125233960992452253e+01,-3.565743371346807855e-02,-4.000000000000000222e-01,1.049424047662594228e+00
9.749999999999999778e-01,1.993008326315235897e-04,-4.029250722864922696e-01,2.111141158434539378e+01,-3.626587860451230272e-02,-4.000000000000000222e-01,1.044340612464230489e+00
9.759999999999999787e-01,-1.700846135892494435e-02,-3.849389332541476305e-01,2.103897109690172940e+01,-3.462321516108155667e-02,-4.000000000000000222e-01,1.039260226937368303e+00
9.769999999999999796e-01,7.721873957479518172e-03,-4.004302803137522737e-01,2.098671919609066805e+01,-3.605215146926091935e-02,-4.000000000000000222e-01,1.034182889259744886e+00
9.779999999999999805e-01,-2.051074330723659869e-02,-3.993432411163022611e-01,2.090640367787410270e+01,-3.591378228238462783e-02,-4.000000000000000222e-01,1.029108597610317588e+00
9.789999999999999813e-01,-1.817200155709911263e-03,-4.085705983241567085e-01,2.071406138113117024e+01,-3.677105321233278823e-02,-4.000000000000000222e-01,1.024037350169267002e+00
9.799999999999999822e-01,-1.988254543616335603e-03,-4.002449985749924610e-01,2.067891633494744852e+01,-3.602150943239779135e-02,-4.000000000000000222e-01,1.018969145118000519e+00
9.809999999999999831e-01,2.501990164872515757e-02,-4.028282923221202516e-01,2.067445202695752116e+01,-3.629308323025335487e-02,-4.000000000000000222e-01,1.013903980639152769e+00
9.819999999999999840e-01,2.803442040927088281e-03,-4.178172513574497371e-01,2.060222712395616895e+01,-3.761018004291771799e-02,-4.000000000000000222e-01,1.008841854916587844e+00
9.829999999999999849e-01,7.520069696221405066e-03,-3.917620552384717958e-01,2.052118138037331008e+01,-3.527143658175550117e-02,-4.000000000000000222e-01,1.003782766135403737e+00
9.839999999999999858e-01,-1.897272339524957302e-02,-4.073439134095643843e-01,2.035740823754795059e+01,-3.663555012815772338e-02,-4.000000000000000222e-01,9.987267124819342312e-01
9.849999999999999867e-01,-2.885083499268394427e-02,-3.998492115930706303e-01,2.020724450097267066e+01,-3.594730639913794323e-02,-4.000000000000000222e-01,9.936736921437505643e-01
9.859999999999999876e-01,-5.309169126586851112e-03,-4.050312740971371284e-01,2.020516423945903384e+01,-3.644743611793393318e-02,-4.000000000000000222e-01,9.886237033096664240e-01
9.869999999999999885e-01,-1.207443458968686899e-02,-4.107996011105492506e-01,2.016019264428656399e+01,-3.695652588355128471e-02,-4.000000000000000222e-01,9.835767441697391700e-01
9.879999999999999893e-01,1.811682304807765015e-02,-3.973995681512996758e-01,2.011081309261037475e+01,-3.579412455837412133e-02,-4.000000000000000222e-01,9.785328129152716103e-01
9.889999999999999902e-01,-7.086752334397486246e-03,-3.966526714373152518e-01,1.996161516797482705e+01,-3.569094040792763350e-02,-4.000000000000000222e-01,9.734919077388211051e-01
9.899999999999999911e-01,1.537961051070643563e-02,-4.038516043956424939e-01,1.976312556219416905e+01,-3.637129425873623922e-02,-4.000000000000000222e-01,9.684540268341942371e-01
9.909999999999999920e-01,-1.142139718361264919e-02,-4.117457528299051095e-01,1.971931944241962142e+01,-3.704260984571652177e-02,-4.000000000000000222e-01,9.634191683964575814e-01
9.919999999999999929e-01,-7.188548038210154992e-04,-4.038091120692225422e-01,1.975192304598318316e+01,-3.634411613033836086e-02,-4.000000000000000222e-01,9.583873306219368171e-01
9.929999999999999938e-01,-1.795512718653669969e-03,-4.060024265827957279e-01,1.968926140688200732e+01,-3.653995127437299761e-02,-4.000000000000000222e-01,9.533585117082212790e-01
9.939999999999999947e-01,1.324694886345747363e-02,-3.881162625479219752e-01,1.964965651769356825e+01,-3.495117979546587261e-02,-4.000000000000000222e-01,9.483327098541703970e-01
9.949999999999999956e-01,-1.427744672670740612e-03,-4.021773950170637324e-01,1.948645944748470527e+01,-3.619623225115464055e-02,-4.000000000000000222e-01,9.433099232599129191e-01
9.959999999999999964e-01,4.911246422368408665e-03,-3.958604825732008892e-01,1.936472375821962899e+01,-3.563671981401001637e-02,-4.000000000000000222e-01,9.382901501268559041e-01
9.969999999999999973e-01,7.317870025855894222e-04,-4.057532905133454104e-01,1.918722472265892875e+01,-3.652121275319690497e-02,-4.000000000000000222e-01,9.332733886576849436e-01
9.979999999999999982e-01,1.043477542447022533e-03,-3.989202520304352961e-01,1.927504116185684779e+01,-3.590662839399416661e-02,-4.000000000000000222e-01,9.282596370563697130e-01
9.989999999999999991e-01,8.454943387391894959e-05,-4.151419568549256645e-01,1.912657107652877286e+01,-3.736530659782821839e-02,-4.000000000000000222e-01,9.232488935281695230e-01
1.000000000000000000e+00,-1.112978133567338497e-02,-3.905446930009123241e-01,1.907893367092248127e+01,-3.513567058427304740e-02,-4.000000000000000222e-01,9.182411562796380933e-01
1.001000000000000112e+00,-8.094647353880823903e-03,-3.656579013363760178e-02,1.900093261101426734e+01,-3.290069674728537865e-03,0.000000000000000000e+00,1.197034813429157962e+00
1.002000000000000002e+00,-1.974875285752121165e-02,-1.015070016551085190e-02,1.894365187779053272e+01,-9.129017185503036013e-04,0.000000000000000000e+00,1.146067172390524913e+00
1.003000000000000114e+00,-1.810294392175412423e-02,-4.712103054651015088e-03,1.887612227819960964e+01,-4.238101490838447121e-04,0.000000000000000000e+00,1.138623725458108416e+00
1.004000000000000004e+00,1.422452062487920832e-02,-2.836261858137816526e-03,1.892593125676663846e+01,-2.554249157248911781e-04,0.000000000000000000e+00,1.137032696720474911e+00
1.005000000000000115e+00,6.732893715268715128e-03,-1.725572967163445338e-03,1.899251951183957132e+01,-1.553532945687168595e-04,0.000000000000000000e+00,1.136228944344627179e+00
1.006000000000000005e+00,6.813350394650093123e-03,-1.370437060909872676e-02,1.899255427790836492e+01,-1.233808131605475733e-03,0.000000000000000000e+00,1.135531346656738716e+00
1.007000000000000117e+00,8.022495824499400324e-03,7.698738751509502307e-03,1.895978727395845809e+01,6.931529363669419307e-04,0.000000000000000000e+00,1.134848307501602260e+00
1.008000000000000007e+00,2.508596570223580596e-02,-1.226984097804550283e-02,1.897949986545016898e+01,-1.105462404847866367e-03,0.000000000000000000e+00,1.134167517642900469e+00
1.009000000000000119e+00,-3.643950081897878745e-04,-5.403113547341831767e-03,1.888779130523043648e+01,-4.863044403568296797e-04,0.000000000000000000e+00,1.133487334141849656e+00
1.010000000000000009e+00,1.441085311001448835e-02,3.531814766775089910e-03,1.892478445138841892e+01,3.180666098620322808e-04,0.000000000000000000e+00,1.132807548089628691e+00
1.011000000000000121e+00,-2.489343233768127450e-03,-1.362246403742929657e-02,1.889327956226803096e+01,-1.225978849408493158e-03,0.000000000000000000e+00,1.132128141368690999e+00
1.012000000000000011e+00,2.629485454373876180e-03,-5.752409012388551984e-03,1.880073355630760901e+01,-5.178044613647948564e-04,0.000000000000000000e+00,1.131449119176344942e+00
1.013000000000000123e+00,-2.973518665098316693e-02,-4.733533803422144623e-03,1.884078115848609514e+01,-4.255398598747895961e-04,0.000000000000000000e+00,1.130770487778677946e+00
1.014000000000000012e+00,-8.146641711787680484e-03,-6.068791767158542017e-03,1.881275414009432367e+01,-5.460488132872084533e-04,0.000000000000000000e+00,1.130092251946912763e+00
1.015000000000000124e+00,1.067457271980635364e-02,1.984629018571011649e-02,1.876313390996539709e+01,1.787042051393189805e-03,0.000000000000000000e+00,1.129414415023612950e+00
1.016000000000000014e+00,-9.714706645011615335e-03,7.714249903260207361e-03,1.878332321267372862e+01,6.940579718873767694e-04,0.000000000000000000e+00,1.128736979270222873e+00
1.017000000000000126e+00,1.668405230965539984e-02,-1.421279724445364927e-02,1.879149449539967520e+01,-1.280085854345872727e-03,0.000000000000000000e+00,1.128059946172968120e+00
1.018000000000000016e+00,8.013144824806618877e-04,-8.295977217801975626e-03,1.875235013854938160e+01,-7.467098770100723346e-04,0.000000000000000000e+00,1.127383316674143154e+00
1.019000000000000128e+00,6.161900109196822260e-03,-8.988157076253455464e-04,1.879544002193359020e+01,-8.091851396352916636e-05,0.000000000000000000e+00,1.126707091339099742e+00
1.020000000000000018e+00,1.991269055207172192e-02,1.230425584544066024e-02,1.874189416942981623e+01,1.108334394035128409e-03,0.000000000000000000e+00,1.126031270474122659e+00
1.021000000000000130e+00,4.074139722630759110e-03,-4.131188576767332726e-03,1.882228042500330289e+01,-3.718913575851956737e-04,0.000000000000000000e+00,1.125355854208489381e+00
1.022000000000000020e+00,8.831798103827033855e-03,3.031520998602640470e-03,1.877632567046633838e+01,2.729506219301446935e-04,0.000000000000000000e+00,1.124680842551057935e+00
1.023000000000000131e+00,2.386237990537806372e-02,-3.531632304859252253e-03,1.857356838058273141e+01,-3.181700798176612674e-04,0.000000000000000000e+00,1.124006235429034550e+00
1.024000000000000021e+00,-3.899924174571904600e-03,1.210646187199356134e-02,1.872002359891037315e+01,1.089482087377519840e-03,0.000000000000000000e+00,1.123332032714397188e+00
1.024999999999999911e+00,-4.151976866392412605e-03,-7.578086488947264991e-03,1.866726424491118763e+01,-6.819586522274573509e-04,0.000000000000000000e+00,1.122658234241844966e+00
1.026000000000000023e+00,-4.901170764359886849e-03,2.162916399868822920e-03,1.869179001999220802e+01,1.946369237831674587e-04,0.000000000000000000e+00,1.121984839820966195e+00
1.026999999999999913e+00,1.211711913999520031e-02,7.649308544955285387e-03,1.854676354382462122e+01,6.888150154974596092e-04,0.000000000000000000e+00,1.121311849244459369e+00
1.028000000000000025e+00,-4.290832177624890990e-03,-1.950831482764551301e-03,1.863734153810690231e+01,-1.755560637711349090e-04,0.000000000000000000e+00,1.120639262293690486e+00
1.028999999999999915e+00,-4.709668487073867538e-03,-2.477400793301800814e-03,1.874106292498690607e+01,-2.229385081397119474e-04,0.000000000000000000e+00,1.119967078742439393e+00
1.030000000000000027e+00,-9.194009225025646936e-03,-5.955211986960332656e-05,1.870737465166935110e+01,-5.358068939728676694e-06,0.000000000000000000e+00,1.119295298359425983e+00
1.030999999999999917e+00,1.537394547792645533e-03,-4.598467223204906994e-03,1.866130931816169536e+01,-4.139140782144042270e-04,0.000000000000000000e+00,1.118623920910011726e+00
1.032000000000000028e+00,5.639516663848045779e-03,3.380617192690501833e-03,1.860455047811358753e+01,3.043436106880893950e-04,0.000000000000000000e+00,1.117952946157346306e+00
1.032999999999999918e+00,-3.093999308146656250e-03,-2.114849242341893757e-03,1.853730603504137164e+01,-1.903251761110454836e-04,0.000000000000000000e+00,1.117282373863136558e+00
1.034000000000000030e+00,1.248662566722644196e-02,7.061843893066047486e-04,1.858132829137213093e+01,6.359235976414819740e-05,0.000000000000000000e+00,1.116612203788167834e+00
1.034999999999999920e+00,1.355379240857996007e-02,-6.458682123295826985e-03,1.865636941400056870e+01,-5.816332497728862044e-04,0.000000000000000000e+00,1.115942435692651946e+00
1.036000000000000032e+00,3.278564766196424320e-03,7.988736410205132202e-04,1.856622205182459240e+01,7.191266286266722002e-05,0.000000000000000000e+00,1.115273069336463418e+00
1.036999999999999922e+00,-3.639070803910600740e-03,-6.626732556290676479e-03,1.863834746726490010e+01,-5.963576862766570806e-04,0.000000000000000000e+00,1.114604104479296254e+00
1.038000000000000034e+00,-1.080789647473821315e-02,-2.455056799120643521e-03,1.851900195638403446e+01,-2.208740180662765020e-04,0.000000000000000000e+00,1.113935540880770070e+00
1.038999999999999924e+00,-8.891759843482208506e-03,3.130809928268958684e-03,1.858135383510570904e+01,2.816910279026423655e-04,0.000000000000000000e+00,1.113267378300502930e+00
1.040000000000000036e+00,5.887973513914845913e-03,2.463129086941569929e-03,1.844708595444793175e+01,2.217479793769524784e-04,0.000000000000000000e+00,1.112599616498157307e+00
1.040999999999999925e+00,-2.869979194952577452e-03,-3.090331849513243152e-03,1.854063421169108494e+01,-2.781159058223366294e-04,0.000000000000000000e+00,1.111932255233474942e+00
1.042000000000000037e+00,4.014401779469230170e-04,-1.023451887390609133e-02,1.852906177737942883e+01,-9.211807327482876779e-04,0.000000000000000000e+00,1.111265294266296166e+00
1.042999999999999927e+00,-7.513607708870439182e-03,1.274929519060646714e-02,1.863015464665451759e+01,1.147166308577753872e-03,0.000000000000000000e+00,1.110598733356574330e+00
1.044000000000000039e+00,-1.930556440740249357e-03,-8.621386883378885646e-03,1.853295874070700577e+01,-7.759149651410479718e-04,0.000000000000000000e+00,1.109932572264389572e+00
1.044999999999999929e+00,-9.768433696287807336e-04,-2.543933999970297063e-03,1.846251040043759062e+01,-2.289598673517175627e-04,0.000000000000000000e+00,1.109266810749948817e+00
1.046000000000000041e+00,3.481900288268824622e-03,-1.354280406590775612e-03,1.849499837884953024e+01,-1.219100187084728982e-04,0.000000000000000000e+00,1.108601448573596437e+00
1.046999999999999931e+00,-2.917733510789255989e-03,7.276956887913433973e-03,1.843017233061780047e+01,6.548919978402601826e-04,0.000000000000000000e+00,1.107936485495814249e+00
1.048000000000000043e+00,-1.103819654193028664e-05,2.034163912017591946e-03,1.838052001001022262e+01,1.830864527925770346e-04,0.000000000000000000e+00,1.107271921277220850e+00
1.048999999999999932e+00,-6.619642043860520485e-03,-9.642152039535750729e-03,1.847544319407039737e+01,-8.676202530242288925e-04,0.000000000000000000e+00,1.106607755678578275e+00
1.050000000000000044e+00,-9.829081928900289949e-03,8.526103649303940629e-03,1.841980655486504759e+01,7.670976774985004479e-04,0.000000000000000000e+00,1.105943988460790228e+00
1.050999999999999934e+00,6.450018692595305830e-03,1.037822662902828513e-02,1.835952570490886515e+01,9.343409593597826711e-04,0.000000000000000000e+00,1.105280619384901408e+00
1.052000000000000046e+00,-8.777381720638442048e-03,-3.635917051751092464e-04,1.846378563092239489e+01,-3.271389551242154470e-05,0.000000000000000000e+00,1.104617648212099290e+00
1.052999999999999936e+00,-1.146944022804242220e-03,6.458094462618004829e-03,1.844799532152905996e+01,5.812392983090732945e-04,0.000000000000000000e+00,1.103955074703715011e+00
1.054000000000000048e+00,3.882132294433631174e-04,1.148972560956949829e-02,1.841204686492177345e+01,1.034157872920928208e-03,0.000000000000000000e+00,1.103292898621220486e+00
1.054999999999999938e+00,-9.556736110576977833e-03,-8.936680352154353218e-03,1.830281805451294730e+01,-8.040462051486431828e-04,0.000000000000000000e+00,1.102631119726232178e+00
1.056000000000000050e+00,-8.992380174774062748e-03,-1.155904405093000596e-02,1.838649128545290168e+01,-1.040007536294882979e-03,0.000000000000000000e+00,1.101969737780508884e+00
1.056999999999999940e+00,4.685896157224855255e-04,-4.995722871021447860e-03,1.832923489948128193e+01,-4.496524012810865223e-04,0.000000000000000000e+00,1.101308752545952396e+00
1.058000000000000052e+00,-2.624883278799561293e-03,-4.232211899135515654e-03,1.829274302203642932e+01,-3.808836779064875559e-04,0.000000000000000000e+00,1.100648163784605726e+00
1.058999999999999941e+00,7.835546122646027539e-03,-2.729896380522537844e-03,1.833748685880766516e+01,-2.457833210806233126e-04,0.000000000000000000e+00,1.099987971258657105e+00
1.060000000000000053e+00,-5.656029743984173665e-03,5.424419732460740266e-03,1.848183410582393549e+01,4.881189845602471912e-04,0.000000000000000000e+00,1.099328174730435093e+00
1.060999999999999943e+00,2.827383332824648637e-03,9.724783890877932921e-03,1.828959358044314243e+01,8.753856411106775755e-04,0.000000000000000000e+00,1.098668773962412359e+00
1.062000000000000055e+00,-8.321290471721103435e-03,7.292084475705436740e-03,1.829606351631445804e+01,6.561118693774918922e-04,0.000000000000000000e+00,1.098009768717203016e+00
1.062999999999999945e+00,-1.217684700025619196e-02,-1.169910774592575198e-02,1.828595089686636399e+01,-1.052475730378294502e-03,0.000000000000000000e+00,1.097351158757564837e+00
1.064000000000000057e+00,-7.088629364024326245e-03,1.927925574361141411e-02,1.830103388763919980e+01,1.734753767824377332e-03,0.000000000000000000e+00,1.096692943846395485e+00
1.064999999999999947e+00,-7.465461607677996089e-03,-1.846456025602529610e-02,1.827293988988455098e+01,-1.661422206086625485e-03,0.000000000000000000e+00,1.096035123746737616e+00
1.066000000000000059e+00,5.799515895573656779e-03,-5.968082152967581731e-04,1.824735390600152485e+01,-5.372862893101180770e-05,0.000000000000000000e+00,1.095377698221775109e+00
1.066999999999999948e+00,4.373029368577874450e-03,-9.458984479557458122e-03,1.820240618535653709e+01,-8.515119725721336137e-04,0.000000000000000000e+00,1.094720667034832395e+00
1.068000000000000060e+00,1.146693526080804458e-02,1.100012744894807333e-02,1.823344483878209132e+01,9.905282804851154536e-04,0.000000000000000000e+00,1.094064029949377570e+00
1.068999999999999950e+00,9.339381311189477730e-03,-3.051317987975948019e-03,1.828419810523183742e+01,-2.747386571325004983e-04,0.000000000000000000e+00,1.093407786729020392e+00
1.070000000000000062e+00,8.141052669149153806e-03,1.006364107110117347e-02,1.821408382288753458e+01,9.060802787708862292e-04,0.000000000000000000e+00,1.092751937137511398e+00
1.070999999999999952e+00,-2.213692530136198572e-03,9.133545538575971873e-03,1.817794010480390554e+01,8.219993693889458787e-04,0.000000000000000000e+00,1.092096480938743674e+00
1.072000000000000064e+00,9.966348665670848178e-03,-1.012273531482186899e-02,1.816741691874071662e+01,-9.114672023798698133e-04,0.000000000000000000e+00,1.091441417896751975e+00
1.072999999999999954e+00,-8.977199323445367004e-04,-2.424591402870411323e-03,1.819649919758923318e+01,-2.182194502912726856e-04,0.000000000000000000e+00,1.090786747775712051e+00
1.074000000000000066e+00,-2.673224985635291786e-03,-1.767804232320427382e-02,1.821390387832541791e+01,-1.590956442356974976e-03,0.000000000000000000e+00,1.090132470339941539e+00
1.074999999999999956e+00,1.288483492808788905e-02,-1.085160020418522372e-02,1.816962501433036437e+01,-9.772091201820302768e-04,0.000000000000000000e+00,1.089478585353899742e+00
1.076000000000000068e+00,-6.997823068809477451e-03,1.132611884520861971e-02,1.810985843029708064e+01,1.019131590373408957e-03,0.000000000000000000e+00,1.088825092582187182e+00
1.076999999999999957e+00,-1.582097267816296934e-02,1.467010445146249543e-04,1.817445949735367350e+01,1.319560655305611834e-05,0.000000000000000000e+00,1.088171991789544046e+00
1.078000000000000069e+00,-5.909683063067583918e-03,-7.297507754844010167e-03,1.811252480945589483e+01,-6.566630502759719006e-04,0.000000000000000000e+00,1.087519282740854187e+00
1.078999999999999959e+00,2.749008687225547570e-03,-5.792248958738488614e-03,1.813314903011788815e+01,-5.213931504275876906e-04,0.000000000000000000e+00,1.086866965201140012e+00
1.080000000000000071e+00,5.102737407078842408e-04,-1.249115947711438440e-02,1.804267523108830318e+01,-1.124299594357539359e-03,0.000000000000000000e+00,1.086215038935566035e+00
1.080999999999999961e+00,-5.085023767074236742e-03,1.487176872425307814e-02,1.812822018412850156e+01,1.338273671867184133e-03,0.000000000000000000e+00,1.085563503709437549e+00
1.082000000000000073e+00,3.476338490704428304e-03,-1.188998830559344876e-02,1.811650206370016747e+01,-1.070316286067359447e-03,0.000000000000000000e+00,1.084912359288201511e+00
1.082999999999999963e+00,-3.821439958788179318e-03,-2.277084831809413415e-02,1.806933787409452208e+01,-2.049195655872151477e-03,0.000000000000000000e+00,1.084261605437444320e+00
1.084000000000000075e+00,-1.930273698194999096e-02,2.986102549925765109e-03,1.808914007508625943e+01,2.685594754591117805e-04,0.000000000000000000e+00,1.083611241922892710e+00
1.084999999999999964e+00,-1.069581665036043079e-02,-2.038658067607906736e-03,1.809507716727251392e+01,-1.834127072137230338e-04,0.000000000000000000e+00,1.082961268510415076e+00
1.086000000000000076e+00,4.494736816502659799e-03,-2.559714204939933773e-03,1.800240453347353053e+01,-2.304304317082903465e-04,0.000000000000000000e+00,1.082311684966020149e+00
1.086999999999999966e+00,-2.582990101397237247e-03,-6.701042688559428161e-03,1.811610229848739095e+01,-6.030704779526091693e-04,0.000000000000000000e+00,1.081662491055856101e+00
1.088000000000000078e+00,1.449937870815719114e-03,-1.309289072856085166e-02,1.798076683391504105e+01,-1.178504188397537511e-03,0.000000000000000000e+00,1.081013686546212549e+00
1.088999999999999968e+00,-6.828359916531301366e-03,-9.381168256379832787e-03,1.805387501176436515e+01,-8.441293733728377421e-04,0.000000000000000000e+00,1.080365271203518329e+00
1.090000000000000080e+00,2.310745555679496240e-03,5.392101557419089891e-03,1.802655489455408144e+01,4.853651266907570323e-04,0.000000000000000000e+00,1.079717244794341946e+00
1.090999999999999970e+00,4.599322457473839498e-03,-1.240865674439829182e-02,1.798236724039744772e+01,-1.117055981358037412e-03,0.000000000000000000e+00,1.079069607085393567e+00
1.092000000000000082e+00,-3.941362559553954724e-03,-5.004028124420941206e-03,1.795725535365459535e+01,-4.503206672913260752e-04,0.000000000000000000e+00,1.078422357843522361e+00
1.092999999999999972e+00,-1.471792115293312289e-02,-1.546540272255691193e-03,1.791166571507755023e+01,-1.391158186808149385e-04,0.000000000000000000e+00,1.077775496835716273e+00
1.094000000000000083e+00,-1.130326809478274198e-03,-4.373136252320593796e-03,1.794238172360105565e+01,-3.935898347750500987e-04,0.000000000000000000e+00,1.077129023829105359e+00
1.094999999999999973e+00,-1.477240797839510060e-02,4.062181177401187268e-03,1.800315743368785704e+01,3.654042773211994247e-04,0.000000000000000000e+00,1.076482938590958227e+00
1.096000000000000085e+00,-1.371465203849601619e-02,-7.887818949415898112e-04,1.802642520443257013e+01,-7.095608004360137516e-05,0.000000000000000000e+00,1.075837240888682711e+00
1.096999999999999975e+00,8.809391092865557008e-03,4.960520090590741019e-04,1.800758705887804467e+01,4.466325102384009033e-05,0.000000000000000000e+00,1.075191930489826753e+00
1.098000000000000087e+00,4.360160312087356361e-04,-1.320614708540833980e-02,1.794836436749358910e+01,-1.188650408046372162e-03,0.000000000000000000e+00,1.074547007162076406e+00
1.098999999999999977e+00,-5.601220596285869276e-03,-5.216238775880825511e-03,1.787004920733336277e+01,-4.693867493346856861e-04,0.000000000000000000e+00,1.073902470673259391e+00
1.100000000000000089e+00,-6.673318493756108180e-03,3.887490211973210642e-03,1.785715327225482696e+01,3.498034463894039410e-04,0.000000000000000000e+00,1.073258320791339759e+00
1.100999999999999979e+00,-1.608425495107384964e-04,2.630384378862516705e-04,1.787891869227480157e+01,2.367483088832751220e-05,0.000000000000000000e+00,1.072614557284423453e+00
1.102000000000000091e+00,-1.830960730808322418e-02,1.708484892301513972e-02,1.789661443530186347e+01,1.536611683002904894e-03,0.000000000000000000e+00,1.071971179920753858e+00
1.102999999999999980e+00,5.507810422538446209e-03,1.402894732213035706e-02,1.778279584348357645e+01,1.262964068749218008e-03,0.000000000000000000e+00,1.071328188468713583e+00
1.104000000000000092e+00,1.075823941107486442e-02,-5.084374055718570394e-03,1.781551149045446181e+01,-4.578195967002366817e-04,0.000000000000000000e+00,1.070685582696826232e+00
1.104999999999999982e+00,7.487769748584064983e-04,-1.556249712704817255e-03,1.796126594500117690e+01,-1.400756733737076268e-04,0.000000000000000000e+00,1.070043362373750861e+00
1.106000000000000094e+00,-1.065373519650127977e-02,2.190658236443254357e-04,1.784820402699366326e+01,1.970880939750449979e-05,0.000000000000000000e+00,1.069401527268287078e+00
1.106999999999999984e+00,1.391633294836116651e-03,5.036812993714819518e-03,1.782960110325361214e+01,4.533675198822189646e-04,0.000000000000000000e+00,1.068760077149374377e+00
1.108000000000000096e+00,-3.113602553402716484e-03,-2.917170673822494075e-03,1.782828775240513508e+01,-2.625296293923645675e-04,0.000000000000000000e+00,1.068119011786087702e+00
1.108999999999999986e+00,-2.907210388358810304e-03,4.887215801577464436e-03,1.773376186458770221e+01,4.398266904418350392e-04,0.000000000000000000e+00,1.067478330947643883e+00
1.110000000000000098e+00,-3.238693857812142453e-03,3.334060474310780991e-03,1.782161332214977634e+01,3.000459651690234571e-04,0.000000000000000000e+00,1.066838034403395641e+00
1.110999999999999988e+00,-1.172457743031578986e-02,3.458613688918934191e-04,1.775374358018069998e+01,3.111496007293982312e-05,0.000000000000000000e+00,1.066198121922836028e+00
1.112000000000000099e+00,6.806276248232647971e-03,-1.236162827126778378e-03,1.776488727581898175e+01,-1.112920367608808835e-04,0.000000000000000000e+00,1.065558593275594657e+00
1.112999999999999989e+00,1.173684350582999275e-02,-2.317230418975915144e-03,1.777256147856814650e+01,-2.086618529130848177e-04,0.000000000000000000e+00,1.064919448231439469e+00
1.114000000000000101e+00,3.468124064106287499e-03,-2.686768661336430900e-03,1.772346001144592620e+01,-2.418582120175796681e-04,0.000000000000000000e+00,1.064280686560277633e+00
1.114999999999999991e+00,-9.564043631648143015e-03,-6.130663975454302139e-03,1.769841087801111357e+01,-5.515846457651895143e-04,0.000000000000000000e+00,1.063642308032153982e+00
1.116000000000000103e+00,-1.157528395828116667e-02,1.510961334202973573e-03,1.772974100296396571e+01,1.359324459563336683e-04,0.000000000000000000e+00,1.063004312417250352e+00
1.116999999999999993e+00,1.103603596237404463e-02,1.458616495472904060e-03,1.768357710660751181e+01,1.313417558913957154e-04,0.000000000000000000e+00,1.062366699485888022e+00
1.118000000000000105e+00,-2.263432697239212230e-03,-8.875733382288085753e-04,1.757487711950791365e+01,-7.987952463705207573e-05,0.000000000000000000e+00,1.061729469008524163e+00
1.118999999999999995e+00,2.150646470240151920e-03,9.125520393323476682e-04,1.778266646036381005e+01,8.214201859509387622e-05,0.000000000000000000e+00,1.061092620755755389e+00
1.120000000000000107e+00,-2.909526598595884184e-03,1.189224855508709891e-02,1.773980713135203757e+01,1.070246957100797879e-03,0.000000000000000000e+00,1.060456154498314874e+00
1.120999999999999996e+00,-1.677326105240694665e-03,4.504759565155253866e-03,1.770786390123184617e+01,4.054273095270415636e-04,0.000000000000000000e+00,1.059820070007073456e+00
1.122000000000000108e+00,-8.893799287230259518e-03,-1.005841159903536619e-02,1.763509378837376218e+01,-9.049939589488501098e-04,0.000000000000000000e+00,1.059184367053040310e+00
1.122999999999999998e+00,4.042253328721294101e-03,3.488696026154212916e-04,1.768794857664585862e+01,3.140535045705193011e-05,0.000000000000000000e+00,1.058549045407359834e+00
1.124000000000000110e+00,1.526603113014865986e-03,1.856721975204283712e-02,1.765887127106885757e+01,1.671259131780386325e-03,0.000000000000000000e+00,1.057914104841315872e+00
1.125000000000000000e+00,-1.461148203112789395e-03,7.003398937356982053e-03,1.759301988770701897e+01,6.303097082600191137e-04,0.000000000000000000e+00,1.057279545126328602e+00
1.126000000000000112e+00,8.027399626254493742e-03,-2.121608108412490878e-03,1.767122190076910471e+01,-1.910181947134515184e-04,0.000000000000000000e+00,1.056645366033955202e+00
1.127000000000000002e+00,1.057275005892982164e-02,-6.157723495779304258e-03,1.759293372475183048e+01,-5.544646393018351667e-04,0.000000000000000000e+00,1.056011567335889634e+00
1.128000000000000114e+00,-3.912030690895711670e-03,5.589023655235173665e-03,1.745662736907254953e+01,5.029659598449993463e-04,0.000000000000000000e+00,1.055378148803963745e+00
1.129000000000000004e+00,1.302338029444506835e-02,-5.970031014365910146e-03,1.754790890507336698e+01,-5.376166543601200009e-04,0.000000000000000000e+00,1.054745110210145942e+00
1.130000000000000115e+00,4.370868503477266798e-03,-1.500580520005947299e-02,1.758151879497494363e+01,-1.350844978317373643e-03,0.000000000000000000e+00,1.054112451326540301e+00
1.131000000000000005e+00,-3.561805201793265176e-03,1.195065337221842909e-04,1.756312850006026949e+01,1.075475117479797116e-05,0.000000000000000000e+00,1.053480171925389008e+00
1.132000000000000117e+00,-1.852576459428540920e-02,1.012023727529792576e-02,1.752195102543977612e+01,9.102065022666938317e-04,0.000000000000000000e+00,1.052848271779070366e+00
1.133000000000000007e+00,5.992971781093969601e-03,3.152562072889599117e-03,1.764250605662814309e+01,2.838167118313440805e-04,0.000000000000000000e+00,1.052216750660098787e+00
1.134000000000000119e+00,-6.174904109953893369e-03,-2.718390100410900817e-02,1.750357553715580039e+01,-2.446105569111824141e-03,0.000000000000000000e+00,1.051585608341125910e+00
1.135000000000000009e+00,3.699805108438722866e-03,-9.187227543766936927e-03,1.747732933977190584e+01,-8.270257881368926669e-04,0.000000000000000000e+00,1.050954844594938820e+00
1.136000000000000121e+00,-3.687224453976711055e-03,2.554443847810234335e-03,1.752588745123010128e+01,2.298809076484039336e-04,0.000000000000000000e+00,1.050324459194460935e+00
1.137000000000000011e+00,5.771670045126862762e-03,-2.384918964655198797e-03,1.742074244935925975e+01,-2.147059648784125589e-04,0.000000000000000000e+00,1.049694451912753790e+00
1.138000000000000123e+00,-1.902498756519597697e-02,-5.051307269954551440e-03,1.752470709864245180e+01,-4.543017050580177739e-04,0.000000000000000000e+00,1.049064822523012808e+00
1.139000000000000012e+00,4.786848916217940832e-04,-2.305941014388235982e-03,1.751165992615105083e+01,-2.075520117607452717e-04,0.000000000000000000e+00,1.048435570798569971e+00
1.140000000000000124e+00,-5.024648533965711539e-03,1.342640495644504758e-02,1.750531334877866740e+01,1.208211874352217198e-03,0.000000000000000000e+00,1.047806696512893820e+00
1.141000000000000014e+00,1.812493056536294833e-03,3.902598401245343553e-03,1.753107473714985787e+01,3.512818674974975560e-04,0.000000000000000000e+00,1.047178199439588564e+00
1.142000000000000126e+00,7.441456240411490133e-03,2.691591909644254835e-02,1.743697728181222217e+01,2.423308084789236282e-03,0.000000000000000000e+00,1.046550079352393192e+00
1.143000000000000016e+00,-1.410041025045648960e-02,-5.783716988567462643e-03,1.743465243991175129e+01,-5.202750806076188346e-04,0.000000000000000000e+00,1.045922336025184363e+00
1.144000000000000128e+00,-7.767057640152581939e-03,-7.141123049142169589e-03,1.742239795578598205e+01,-6.425431960334205932e-04,0.000000000000000000e+00,1.045294969231973070e+00
1.145000000000000018e+00,9.192477526525412793e-03,-1.654679548784377362e-03,1.736085225747760674e+01,-1.489853809754064387e-04,0.000000000000000000e+00,1.044667978746905979e+00
1.146000000000000130e+00,1.825104102141984069e-02,1.542198660147149885e-03,1.739530407479903573e+01,1.389079174681665061e-04,0.000000000000000000e+00,1.044041364344265421e+00
1.147000000000000020e+00,-6.063798214289860614e-03,4.097670942817936007e-03,1.727859712444361051e+01,3.687248628729640682e-04,0.000000000000000000e+00,1.043415125798468734e+00
1.148000000000000131e+00,9.909659160215928547e-03,8.263088650441742760e-05,1.746034429144147992e+01,7.440199736499973301e-06,0.000000000000000000e+00,1.042789262884069368e+00
1.149000000000000021e+00,2.309242603052430454e-03,1.468644109379883128e-02,1.742502023374665754e+01,1.321986583280817130e-03,0.000000000000000000e+00,1.042163775375754886e+00
1.150000000000000133e+00,-1.210394010933561922e-02,-1.433679865492095210e-02,1.736559025706123904e+01,-1.289771569714256777e-03,0.000000000000000000e+00,1.041538663048349189e+00
1.151000000000000023e+00,6.750048761605804276e-03,-3.905149180204832947e-03,1.739221204118839381e+01,-3.515807315738255986e-04,0.000000000000000000e+00,1.040913925676810958e+00
1.152000000000000135e+00,4.843163242492905333e-06,1.989227450304939266e-03,1.730169225160131674e+01,1.790420262399815125e-04,0.000000000000000000e+00,1.040289563036232767e+00
1.153000000000000025e+00,-5.388700761534657990e-03,-1.272920452548500364e-02,1.735448194990227222e+01,-1.145455735214707775e-03,0.000000000000000000e+00,1.039665574901843303e+00
1.153999999999999915e+00,2.210542588327337171e-03,5.248491502578530102e-03,1.729655979743617422e+01,4.724363088347387218e-04,0.000000000000000000e+00,1.039041961049005591e+00
1.155000000000000027e+00,-1.586615732289076847e-02,1.659501779579719213e-02,1.734026550434129987e+01,1.492701917419363925e-03,0.000000000000000000e+00,1.038418721253216770e+00
1.155999999999999917e+00,1.520813143552141380e-02,1.488311239979125088e-02,1.731814330722840012e+01,1.340379367943935352e-03,0.000000000000000000e+00,1.037795855290110092e+00
1.157000000000000028e+00,-1.042852386330013308e-02,-1.008711004223669487e-02,1.731583533096575422e+01,-9.075204590541524228e-04,0.000000000000000000e+00,1.037173362935452259e+00
1.157999999999999918e+00,1.279321074237601066e-02,9.283361961313874380e-03,1.723915978417814543e+01,8.359829562594732781e-04,0.000000000000000000e+00,1.036551243965145641e+00
1.159000000000000030e+00,7.899566785139631921e-04,1.859060817829584142e-02,1.729450749124175957e+01,1.673315161032412970e-03,0.000000000000000000e+00,1.035929498155225392e+00
1.159999999999999920e+00,-9.644805479237447687e-04,-8.320941394376821232e-03,1.725479935822380995e+01,-7.489040902622780098e-04,0.000000000000000000e+00,1.035308125281862113e+00
1.161000000000000032e+00,-2.457543467643233132e-03,-2.151939829496653939e-02,1.724014479331075478e+01,-1.936680513510118627e-03,0.000000000000000000e+00,1.034687125121360740e+00
1.161999999999999922e+00,-7.128381887259486842e-03,8.506349294170798686e-03,1.725109917790164005e+01,7.654028903849058752e-04,0.000000000000000000e+00,1.034066497450159883e+00
1.163000000000000034e+00,1.349979070422994976e-02,-1.246492535820965981e-02,1.723400329115531804e+01,-1.122519933500112053e-03,0.000000000000000000e+00,1.033446242044832264e+00
1.163999999999999924e+00,2.027223834363533431e-03,1.011784945543297773e-02,1.728199320786326254e+01,9.107387292302674461e-04,0.000000000000000000e+00,1.032826358682085388e+00
1.165000000000000036e+00,1.258557573051313078e-02,-1.294840763344725330e-02,1.722033453388734259e+01,-1.166017061817720525e-03,0.000000000000000000e+00,1.032206847138759542e+00
1.165999999999999925e+00,1.330599706923923410e-02,6.748621991449198568e-03,1.720511186529849823e+01,6.077376263714541742e-04,0.000000000000000000e+00,1.031587707191828684e+00
1.167000000000000037e+00,-2.093949563769087474e-02,2.023835188203016930e-02,1.715876027808996795e+01,1.820046619192178293e-03,0.000000000000000000e+00,1.030968938618401998e+00
1.167999999999999927e+00,1.284255729394443747e-02,7.749768272790771503e-03,1.722199353615171447e+01,6.978815401840211255e-04,0.000000000000000000e+00,1.030350541195722114e+00
1.169000000000000039e+00,-2.475609440993556919e-03,1.488431008826158683e-02,1.713497682178676840e+01,1.339541753163204195e-03,0.000000000000000000e+00,1.029732514701164225e+00
1.169999999999999929e+00,7.223165205290816605e-03,-1.187810013227985281e-02,1.711552952741623912e+01,-1.069406000476730160e-03,0.000000000000000000e+00,1.029114858912237862e+00
1.171000000000000041e+00,-8.054887766828461998e-03,-2.484108733954368611e-02,1.712576855023809941e+01,-2.235122981706486045e-03,0.000000000000000000e+00,1.028497573606585780e+00
1.171999999999999931e+00,-9.105604294574645707e-03,1.862677095940824812e-02,1.708145861494062245e+01,1.675908018071876719e-03,0.000000000000000000e+00,1.027880658561983740e+00
1.173000000000000043e+00,3.008087877721104739e-02,-9.204696346476826455e-03,1.716321469127036181e+01,-8.294705838826996885e-04,0.000000000000000000e+00,1.027264113556341840e+00
1.173999999999999932e+00,-1.230220609421588465e-02,-1.228128318083048821e-03,1.704344284121422604e+01,-1.104843896377943272e-04,0.000000000000000000e+00,1.026647938367702073e+00
1.175000000000000044e+00,-4.648885848264888189e-03,-1.422878356662324838e-02,1.709337609017949688e+01,-1.280435319974045213e-03,0.000000000000000000e+00,1.026032132774240324e+00
1.175999999999999934e+00,-2.113664405838071823e-03,-1.511095078618294833e-02,1.703421247949862050e+01,-1.359958359609077629e-03,0.000000000000000000e+00,1.025416696554266371e+00
1.177000000000000046e+00,-1.249220477931022033e-02,3.954578763221737805e-03,1.707732878501500551e+01,3.557575375474407529e-04,0.000000000000000000e+00,1.024801629486220556e+00
1.177999999999999936e+00,-6.013244814004225190e-03,2.266470033267018597e-02,1.700346494750829862e+01,2.039464735906853197e-03,0.000000000000000000e+00,1.024186931348678886e+00
1.179000000000000048e+00,-8.586940163224355410e-03,1.282916379508726619e-02,1.710929075023249979e+01,1.154303326790902251e-03,0.000000000000000000e+00,1.023572601920348379e+00
1.179999999999999938e+00,2.230076975175824747e-03,1.255095232387783317e-02,1.711902430524432717e+01,1.129758942671610280e-03,0.000000000000000000e+00,1.022958640980068390e+00
1.181000000000000050e+00,4.741847982647786480e-03,-5.600528105691155063e-03,1.708181912170433847e+01,-5.041753613817796884e-04,0.000000000000000000e+00,1.022345048306813498e+00
1.181999999999999940e+00,-1.869114426346773356e-02,-1.044921999222275105e-02,1.695071110569453054e+01,-9.397887520500129710e-04,0.000000000000000000e+00,1.021731823679687734e+00
1.183000000000000052e+00,-3.129382068191807233e-03,-1.019458503892457270e-02,1.708859610994620937e+01,-9.174570999285297469e-04,0.000000000000000000e+00,1.021118966877929468e+00
1.183999999999999941e+00,-1.910219468524532865e-02,2.079839837970014899e-02,1.699881741115862255e+01,1.870549187512619361e-03,0.000000000000000000e+00,1.020506477680909185e+00
1.185000000000000053e+00,3.950149880602407855e-03,-1.051788027936319259e-02,1.698908133285257094e+01,-9.468193840018651391e-04,0.000000000000000000e+00,1.019894355868130376e+00
1.185999999999999943e+00,3.053584438218509035e-03,-2.016149045963014277e-05,1.692750572888590810e+01,-1.814872058960573319e-06,0.000000000000000000e+00,1.019282601219226869e+00
1.187000000000000055e+00,2.996303130632032175e-03,-4.542314036563144426e-03,1.695764113995871014e+01,-4.088834603264854478e-04,0.000000000000000000e+00,1.018671213513967055e+00
1.187999999999999945e+00,7.427308966284377686e-03,4.394964877448021695e-03,1.695136845022394212e+01,3.956895497483490154e-04,0.000000000000000000e+00,1.018060192532249442e+00
1.189000000000000057e+00,1.717731799294844840e-03,1.570791360089273531e-02,1.698147347298619891e+01,1.413900122498523313e-03,0.000000000000000000e+00,1.017449538054105096e+00
1.189999999999999947e+00,4.951512750636540266e-04,-4.653658274224968115e-04,1.683397276817261812e+01,-4.188644746622412001e-05,0.000000000000000000e+00,1.016839249859697647e+00
1.191000000000000059e+00,-1.452314415309730045e-02,-7.425287743978535061e-03,1.688415570544096767e+01,-6.679315350012794694e-04,0.000000000000000000e+00,1.016229327729322396e+00
1.191999999999999948e+00,1.195289859717263599e-02,1.892542069585940404e-03,1.693763950306547983e+01,1.704210057153734601e-04,0.000000000000000000e+00,1.015619771443406094e+00
1.193000000000000060e+00,-1.381379733069492723e-02,-1.796220563288842068e-03,1.699774599819841825e+01,-1.615811243805518075e-04,0.000000000000000000e+00,1.015010580782507166e+00
1.193999999999999950e+00,7.997408379500857076e-03,-3.513263801753639583e-04,1.687295237687635918e+01,-3.163150175071104359e-05,0.000000000000000000e+00,1.014401755527315929e+00
1.195000000000000062e+00,8.191813182219608372e-03,-1.564899621350756762e-02,1.690341081717611260e+01,-1.408960779400074328e-03,0.000000000000000000e+00,1.013793295458654375e+00
1.195999999999999952e+00,4.665900714741268510e-03,-8.532515065068078594e-03,1.690591352563107463e+01,-7.681187824709397472e-04,0.000000000000000000e+00,1.013185200357475280e+00
1.197000000000000064e+00,-1.466844497440696581e-02,-4.587349084760090553e-03,1.701187347138553463e+01,-4.126462762164733789e-04,0.000000000000000000e+00,1.012577470004864422e+00
1.197999999999999954e+00,-1.195610352201621936e-02,-1.538110086904486784e-04,1.678815693696209266e+01,-1.383727580542739574e-05,0.000000000000000000e+00,1.011970104182035701e+00
1.199000000000000066e+00,-9.447829913734566779e-03,2.906157120584502377e-03,1.686338566946256279e+01,2.614723445809732450e-04,0.000000000000000000e+00,1.011363102670337799e+00
1.199999999999999956e+00,-7.739453945690336241e-03,-5.084482807874528103e-03,1.683885092962271912e+01,-4.574915473786357730e-04,0.000000000000000000e+00,1.010756465251248182e+00
1.201000000000000068e+00,8.579956353913509304e-03,1.151022471494590228e-02,1.683318634695461924e+01,1.036341635050126069e-03,0.000000000000000000e+00,1.010150191706376877e+00
1.201999999999999957e+00,8.376713531882511166e-03,6.870491751460153056e-03,1.687891449904371299e+01,6.185907831575505542e-04,0.000000000000000000e+00,1.009544281817464917e+00
1.203000000000000069e+00,-9.409485285731771995e-03,-3.465865432461867797e-03,1.679624465570176284e+01,-3.118308165631656368e-04,0.000000000000000000e+00,1.008938735366381234e+00
1.203999999999999959e+00,-6.245754297708806455e-03,-3.852209359682525185e-03,1.686331908282803838e+01,-3.466347275097703779e-04,0.000000000000000000e+00,1.008333552135130207e+00
1.205000000000000071e+00,-2.038522840182649658e-03,-1.602899335975639531e-03,1.677837067786009229e+01,-1.442584864547984537e-04,0.000000000000000000e+00,1.007728731905843889e+00
1.205999999999999961e+00,4.481700986997834077e-03,2.040970429234231776e-02,1.678955925349070810e+01,1.837320164771379192e-03,0.000000000000000000e+00,1.007124274460786451e+00
1.207000000000000073e+00,1.316560919671027480e-02,8.023829932037277336e-04,1.677905005581777687e+01,7.225706309211643412e-05,0.000000000000000000e+00,1.006520179582351515e+00
1.207999999999999963e+00,7.618658515292173021e-03,1.102137638339050797e-02,1.678521686681596847e+01,9.922893298343832616e-04,0.000000000000000000e+00,1.005916447053064156e+00
1.209000000000000075e+00,-7.366336818650453221e-03,1.024810495399993727e-03,1.678157603989329871e+01,9.221176286974412965e-05,0.000000000000000000e+00,1.005313076655578675e+00
1.209999999999999964e+00,-9.387725989157474221e-03,2.852985863752185818e-03,1.670132399571586745e+01,2.566890439750710295e-04,0.000000000000000000e+00,1.004710068172682158e+00
1.211000000000000076e+00,-6.065810509412033862e-03,-3.350753799332188698e-03,1.677025582001684256e+01,-3.015142389843772234e-04,0.000000000000000000e+00,1.004107421387288923e+00
1.211999999999999966e+00,-1.896560165867296199e-02,-7.166730711486951448e-03,1.675160839773935351e+01,-6.445590280710408867e-04,0.000000000000000000e+00,1.003505136082445404e+00
1.213000000000000078e+00,-8.875968750363647658e-03,4.665586224939393713e-03,1.671690297112926515e+01,4.197810273198861923e-04,0.000000000000000000e+00,1.002903212041328374e+00
1.213999999999999968e+00,2.723126552563955071e-04,4.238729711571064332e-03,1.673694289060700058e+01,3.815143699217851594e-04,0.000000000000000000e+00,1.002301649047243615e+00
1.215000000000000080e+00,9.204510455191343768e-03,-2.306912176775776681e-03,1.662340932333146881e+01,-2.077117317242438768e-04,0.000000000000000000e+00,1.001700446883627027e+00
1.215999999999999970e+00,2.718862919206214458e-03,-1.165615013661783911e-02,1.673716757777607711e+01,-1.049234860908809970e-03,0.000000000000000000e+00,1.001099605334045295e+00
1.217000000000000082e+00,-5.627586809162382457e-03,-4.479139209865794051e-03,1.665889212230386107e+01,-4.030579256501298020e-04,0.000000000000000000e+00,1.000499124182194333e+00
1.217999999999999972e+00,-1.967483355637542324e-03,1.126910076769103725e-03,1.659344013766201087e+01,1.014204693561886683e-04,0.000000000000000000e+00,9.998990032118998394e-01
1.219000000000000083e+00,1.623710941123086837e-02,4.127559343628691736e-03,1.653169975030017014e+01,3.717449883055384515e-04,0.000000000000000000e+00,9.992992422071159675e-01
1.219999999999999973e+00,-6.275289072031871654e-03,8.283787501765534425e-03,1.658820147202055040e+01,7.454021237749350066e-04,0.000000000000000000e+00,9.986998409519286524e-01
1.221000000000000085e+00,1.466166824808062992e-02,3.113005974047127096e-03,1.663610844905289099e+01,2.803525177928898248e-04,0.000000000000000000e+00,9.981007992305525045e-01
1.221999999999999975e+00,-7.564619812149472530e-03,5.305128249085333189e-03,1.658761977914344143e+01,4.773481126016863819e-04,0.000000000000000000e+00,9.975021168273303651e-01
1.223000000000000087e+00,-3.593905836234791151e-03,-6.047614843713968250e-04,1.650728924154311272e+01,-5.442422893733983558e-05,0.000000000000000000e+00,9.969037935267369699e-01
1.223999999999999977e+00,1.997882628408284567e-02,-4.057609250340256553e-03,1.664730662825819607e+01,-3.654995317808998920e-04,0.000000000000000000e+00,9.963058291133738420e-01
1.225000000000000089e+00,6.093027985415127093e-03,-1.073600668894378503e-02,1.655810972886770926e+01,-9.665377590836585122e-04,0.000000000000000000e+00,9.957082233719722897e-01
1.225999999999999979e+00,-3.638115569608329735e-06,3.792376314382740407e-03,1.668023383058472930e+01,3.413357832246562032e-04,0.000000000000000000e+00,9.951109760873941834e-01
1.227000000000000091e+00,-8.851909859676144327e-03,-2.331045671175524785e-03,1.660142776588555336e+01,-2.097334909909263077e-04,0.000000000000000000e+00,9.945140870446288472e-01
1.227999999999999980e+00,2.011927894447717441e-02,1.249763791838518628e-02,1.659233370618907344e+01,1.125763007285763900e-03,0.000000000000000000e+00,9.939175560287957234e-01
1.229000000000000092e+00,-1.567399909798448260e-02,-1.453915718883093226e-02,1.654366847177110245e+01,-1.307789760936695122e-03,0.000000000000000000e+00,9.933213828251415967e-01
1.229999999999999982e+00,1.706671052424750881e-02,-3.120392771687000369e-03,1.651248878935962949e+01,-2.810447189879321673e-04,0.000000000000000000e+00,9.927255672190428148e-01
1.231000000000000094e+00,1.171057564511249205e-02,-1.226102955290753888e-02,1.650510250479229768e+01,-1.104079440415891037e-03,0.000000000000000000e+00,9.921301089960053998e-01
1.231999999999999984e+00,-1.044630666708153653e-02,-1.158236887316592932e-02,1.656521001915751867e+01,-1.042045661214854695e-03,0.000000000000000000e+00,9.915350079416624940e-01
1.233000000000000096e+00,1.040596410504031864e-02,7.410588157310779057e-03,1.631320214058397156e+01,6.672728571768399286e-04,0.000000000000000000e+00,9.909402638417769138e-01
1.233999999999999986e+00,-1.092925368797628520e-02,2.124103831508941578e-03,1.650072429267027019e+01,1.910982568502867592e-04,0.000000000000000000e+00,9.903458764822405946e-01
1.235000000000000098e+00,-2.643221978066594147e-03,7.698748171795375718e-03,1.654710738540070736e+01,6.928588271243117224e-04,0.000000000000000000e+00,9.897518456490721483e-01
1.235999999999999988e+00,4.666095174011525661e-04,-5.499941502882129112e-04,1.653749638189686522e+01,-4.950358080492054617e-05,0.000000000000000000e+00,9.891581711284195277e-01
1.237000000000000099e+00,6.336025981374908758e-03,-7.562767612064916732e-03,1.662674073947020759e+01,-6.808650128603481021e-04,0.000000000000000000e+00,9.885648527065586944e-01
1.237999999999999989e+00,1.879369804188077767e-03,1.057122448287944536e-02,1.647127533374105113e+01,9.515427945582733337e-04,0.000000000000000000e+00,9.879718901698940625e-01
1.239000000000000101e+00,1.102630954811262883e-03,7.481106797523888897e-04,1.639181542305741246e+01,6.733725713872021096e-05,0.000000000000000000e+00,9.873792833049577222e-01
1.239999999999999991e+00,-2.012857792112397216e-03,2.791182355587441995e-03,1.643612181543727147e+01,2.512023964717035695e-04,0.000000000000000000e+00,9.867870318984108824e-01
1.241000000000000103e+00,-6.548938315741681469e-05,-2.727658700387877461e-03,1.640215510477488436e+01,-2.455044392813805440e-04,0.000000000000000000e+00,9.861951357370413174e-01
1.241999999999999993e+00,-2.740556980281223277e-03,-3.495036225193619804e-03,1.641558821024247194e+01,-3.145390962099610778e-04,0.000000000000000000e+00,9.856035946077650323e-01
1.243000000000000105e+00,2.082554900406981963e-02,-5.603784418026443864e-03,1.634350151388836281e+01,-5.047922588259856017e-04,0.000000000000000000e+00,9.850124082976265960e-01
1.243999999999999995e+00,-9.001002896371204176e-04,8.417038605263619340e-04,1.641062898416900495e+01,7.575550094127576082e-05,0.000000000000000000e+00,9.844215765937969209e-01
1.245000000000000107e+00,1.411315748339622179e-02,-4.102271125369351401e-03,1.642297001922979760e+01,-3.694361291423368032e-04,0.000000000000000000e+00,9.838310992835761493e-01
1.245999999999999996e+00,1.155458843881770935e-03,-2.675496670764407336e-02,1.646001294997893538e+01,-2.408213009027829893e-03,0.000000000000000000e+00,9.832409761543918769e-01
1.247000000000000108e+00,-5.345764719069241895e-03,8.577212172904427612e-03,1.639833290511907293e+01,7.718340682658206189e-04,0.000000000000000000e+00,9.826512069937984872e-01
1.247999999999999998e+00,9.675410577322378011e-03,1.830085517692718600e-02,1.633342462723691213e+01,1.647819007852151458e-03,0.000000000000000000e+00,9.820617915894772620e-01
1.249000000000000110e+00,2.259023588837340973e-02,1.938289910893010700e-03,1.635307662169262244e+01,1.746146035320619925e-04,0.000000000000000000e+00,9.814727297292381580e-01
1.250000000000000000e+00,1.076702608324792663e-02,8.695584534715463873e-03,1.637279827264317689e+01,7.829892837475685126e-04,0.000000000000000000e+00,9.808840212010176973e-01
1.251000000000000112e+00,-5.680907522332919769e-03,7.016132490773346886e-01,1.639452098904659039e+01,6.313493857052229763e-02,8.000000000000000444e-01,1.548946815515786390e+00
1.252000000000000002e+00,-3.762096242327293578e-03,7.851680282548970657e-01,1.657695720699713604e+01,7.065905939856365059e-02,8.000000000000000444e-01,1.456607893199500570e+00
1.253000000000000114e+00,-5.271376160411429292e-03,8.049420200860800678e-01,1.666482038699870571e+01,7.243420197936792371e-02,8.000000000000000444e-01,1.451160797059706464e+00
1.254000000000000004e+00,1.430828179362052949e-02,8.028887174362401291e-01,1.678724979735891409e+01,7.230590065637301778e-02,8.000000000000000444e-01,1.457390860815291234e+00
1.255000000000000115e+00,7.770895483707276376e-03,8.014947282830894304e-01,1.687630339047059280e+01,7.216154042647422717e-02,8.000000000000000444e-01,1.465186787665421209e+00
1.256000000000000005e+00,1.283001259557738256e-02,8.107427932725057573e-01,1.709324185892475256e+01,7.300891152084319768e-02,8.000000000000000444e-01,1.473188949692137539e+00
1.257000000000000117e+00,-1.252612321769269038e-02,8.054137112462756987e-01,1.728276638116071950e+01,7.245565905020653896e-02,8.000000000000000444e-01,1.481214539730125734e+00
1.258000000000000007e+00,4.809773179319748980e-03,8.049393462111574804e-01,1.728351416601936918e+01,7.246311027382526526e-02,8.000000000000000444e-01,1.489239006867568715e+00
1.259000000000000119e+00,6.913022656754515792e-03,7.990945736664649690e-01,1.750393855553326006e+01,7.194298314662896099e-02,8.000000000000000444e-01,1.497259079777868651e+00
1.260000000000000009e+00,7.657077345496925321e-03,7.909274798170816689e-01,1.754951641241676086e+01,7.120980852067701483e-02,8.000000000000000444e-01,1.505274343783852053e+00
1.261000000000000121e+00,-1.749930444253837295e-03,7.926888181037619052e-01,1.779338853860091163e+01,7.134160189359818605e-02,8.000000000000000444e-01,1.513284763037716196e+00
1.262000000000000011e+00,1.691336104554568660e-03,7.850118581944164342e-01,1.791678636633330512e+01,7.066038313534159232e-02,8.000000000000000444e-01,1.521290348015342353e+00
1.263000000000000123e+00,-7.216060976432754799e-03,8.152107155727251753e-01,1.801376137963623236e+01,7.335255494053995184e-02,8.000000000000000444e-01,1.529291111779938817e+00
1.264000000000000012e+00,8.190638946139120261e-03,8.001837325585721139e-01,1.807622648696361267e+01,7.204471311060760275e-02,8.000000000000000444e-01,1.537287065017670651e+00
1.265000000000000124e+00,1.577581401498589359e-02,7.980420509803228812e-01,1.827333480653689435e+01,7.187363040432068195e-02,8.000000000000000444e-01,1.545278216119541081e+00
1.266000000000000014e+00,4.924144460068466053e-03,7.856695422328277001e-01,1.838779668043095938e+01,7.072870616094038831e-02,8.000000000000000444e-01,1.553264571764492397e+00
1.267000000000000126e+00,-1.063233229293765979e-02,8.023997663815258807e-01,1.852529260005532663e+01,7.218998065163317879e-02,8.000000000000000444e-01,1.561246137417721336e+00
1.268000000000000016e+00,1.944210496076266255e-03,8.033187246175800267e-01,1.869998588825100327e+01,7.230894806055680746e-02,8.000000000000000444e-01,1.569222917698414710e+00
1.269000000000000128e+00,-1.520879229685715567e-02,8.010555803198193825e-01,1.871381328489525941e+01,7.205587880406368051e-02,8.000000000000000444e-01,1.577194916641110556e+00
1.270000000000000018e+00,-1.162992039402401499e-02,7.888631781424793044e-01,1.888186038418484713e+01,7.096929945997380862e-02,8.000000000000000444e-01,1.585162137878536104e+00
1.271000000000000130e+00,-9.386606129841868623e-03,8.093488416657603768e-01,1.910225816118850517e+01,7.281879393010223800e-02,8.000000000000000444e-01,1.593124584768328189e+00
1.272000000000000020e+00,-8.547562644989896430e-03,7.884949946546954136e-01,1.924025851592605107e+01,7.094490653306891048e-02,8.000000000000000444e-01,1.601082260480319430e+00
1.273000000000000131e+00,-1.374638850587804953e-02,8.038013754763916330e-01,1.926302471127181803e+01,7.230708871998321741e-02,8.000000000000000444e-01,1.609035168056392573e+00
1.274000000000000021e+00,1.790621526763649246e-02,8.094496005395113158e-01,1.951898370284137485e+01,7.290721679689263213e-02,8.000000000000000444e-01,1.616983310451392875e+00
1.275000000000000133e+00,-1.580441006438753834e-02,7.957875846385196184e-01,1.960281628018884703e+01,7.158031387586208383e-02,8.000000000000000444e-01,1.624926690561023346e+00
1.276000000000000023e+00,-1.140748582269883807e-02,7.790812930741667364e-01,1.963300234172120895e+01,7.008990428920597315e-02,8.000000000000000444e-01,1.632865311240827788e+00
1.277000000000000135e+00,-1.469358772642005316e-03,8.043561228289684006e-01,1.980140832711328258e+01,7.239246421777534302e-02,8.000000000000000444e-01,1.640799175319094028e+00
1.278000000000000025e+00,-2.015046358434640413e-03,7.987563045224173042e-01,2.001063435646441491e+01,7.188691199774137341e-02,8.000000000000000444e-01,1.648728285605600918e+00
1.279000000000000137e+00,1.486173291059818746e-03,8.112881755569643083e-01,2.008788613984510718e+01,7.302496563226947013e-02,8.000000000000000444e-01,1.656652644897553817e+00
1.280000000000000027e+00,-5.518783817185747217e-03,7.950661175856250651e-01,2.029077183159556697e+01,7.154479397243181105e-02,8.000000000000000444e-01,1.664572255983597815e+00
1.280999999999999917e+00,8.560688614080913181e-03,8.042280399332454310e-01,2.042708268615716349e+01,7.240991221420987889e-02,8.000000000000000444e-01,1.672487121646522468e+00
1.282000000000000028e+00,1.025586005656519729e-02,7.894736953874649243e-01,2.051820702491824377e+01,7.108628933291893937e-02,8.000000000000000444e-01,1.680397244665093215e+00
1.282999999999999918e+00,-3.152052536441977450e-03,8.014200558004591635e-01,2.062568472948366249e+01,7.212337256283249398e-02,8.000000000000000444e-01,1.688302627815275070e+00
1.284000000000000030e+00,2.825861800768052819e-03,8.218226394619813080e-01,2.071754687842492615e+01,7.397713949396395039e-02,8.000000000000000444e-01,1.696203273871056627e+00
1.284999999999999920e+00,-1.325576467563230679e-02,8.113809134589027305e-01,2.090210485816890440e+01,7.299034672660296985e-02,8.000000000000000444e-01,1.704099185604990518e+00
1.286000000000000032e+00,-9.752766743624767184e-03,8.046747219851714261e-01,2.107904467643409063e+01,7.239719530934018987e-02,8.000000000000000444e-01,1.711990365788554902e+00
1.286999999999999922e+00,9.017525337276984312e-03,7.793440827794869685e-01,2.118286837770782682e+01,7.017072565283766217e-02,8.000000000000000444e-01,1.719876817192382834e+00
1.288000000000000034e+00,-1.792459441276808563e-02,7.922085169619198508e-01,2.135268184596327501e+01,7.125234684218952064e-02,8.000000000000000444e-01,1.727758542586415924e+00
1.288999999999999924e+00,1.210233785432865568e-04,7.946771954004687721e-01,2.145543299515821190e+01,7.152589562573288817e-02,8.000000000000000444e-01,1.735635544739988045e+00
1.290000000000000036e+00,-1.067789155396521930e-02,8.015930012976859587e-01,2.161594320506442202e+01,7.211726675021087885e-02,8.000000000000000444e-01,1.743507826421881735e+00
1.290999999999999925e+00,1.714178259333966683e-02,8.045851315914752666e-01,2.171810752163251834e+01,7.246686420153042318e-02,8.000000000000000444e-01,1.751375390400350396e+00
1.292000000000000037e+00,-1.739199418790474821e-02,7.997403826872143684e-01,2.184035544874799584e+01,7.193130345391814118e-02,8.000000000000000444e-01,1.759238239443128737e+00
1.292999999999999927e+00,1.966781740707465760e-03,7.877127794776427328e-01,2.202679776814374790e+01,7.090427748971188382e-02,8.000000000000000444e-01,1.767096376317428552e+00
1.294000000000000039e+00,-1.041989848257297846e-02,8.090943226291303914e-01,2.209776415053443799e+01,7.279289121300504262e-02,8.000000000000000444e-01,1.774949803789931391e+00
1.294999999999999929e+00,-1.876003505348674801e-03,7.990547160269707572e-01,2.217995972083419787e+01,7.191416769464718806e-02,8.000000000000000444e-01,1.782798524626767467e+00
1.296000000000000041e+00,6.945096843053423508e-03,7.937659007244903808e-01,2.235132703849399860e+01,7.146333084910942712e-02,8.000000000000000444e-01,1.790642541593503001e+00
1.296999999999999931e+00,9.446904381051429017e-03,7.963587790366327690e-01,2.247188800418129162e+01,7.170392628294713910e-02,8.000000000000000444e-01,1.798481857455115573e+00
1.298000000000000043e+00,-3.815002425967286680e-03,7.879033300228334147e-01,2.263038339428566204e+01,7.090506569864135633e-02,8.000000000000000444e-01,1.806316474975976583e+00
1.298999999999999932e+00,-1.736307934018988973e-03,8.080809799716893727e-01,2.274678822085748919e+01,7.272692839734619386e-02,8.000000000000000444e-01,1.814146396919827486e+00
1.300000000000000044e+00,1.998000570616149246e-02,8.040342303846954586e-01,2.285486608710786527e+01,7.242544326773980856e-02,8.000000000000000444e-01,1.821971626049757820e+00
1.300999999999999934e+00,3.787186469625595034e-03,8.033858070872674784e-01,2.306562382805142164e+01,7.232030488577231853e-02,8.000000000000000444e-01,1.829792165128185211e+00
1.302000000000000046e+00,-1.195952079172076486e-02,7.780239662746667451e-01,2.323859734483199802e+01,6.999323928292920660e-02,8.000000000000000444e-01,1.837608016916831177e+00
1.302999999999999936e+00,1.352168607163513683e-02,8.015208109937497216e-01,2.326315181019876732e+01,7.218044612291515949e-02,8.000000000000000444e-01,1.845419184176702254e+00
1.304000000000000048e+00,-3.306492564479741447e-03,8.150606862648946960e-01,2.342537832155973021e+01,7.335050169458455505e-02,8.000000000000000444e-01,1.853225669668070674e+00
1.304999999999999938e+00,-1.662764603563631274e-02,7.964978622646732287e-01,2.355553969844459061e+01,7.164184728868661090e-02,8.000000000000000444e-01,1.861027476150450832e+00
1.306000000000000050e+00,-4.416915321173254215e-03,7.894833874267277452e-01,2.366819967446630812e+01,7.104555139397976393e-02,8.000000000000000444e-01,1.868824606382581965e+00
1.306999999999999940e+00,-1.061787961325075767e-02,7.910663191359776913e-01,2.379685319381031761e+01,7.117037867992276334e-02,8.000000000000000444e-01,1.876617063122407947e+00
1.308000000000000052e+00,-8.589490660511476432e-04,8.072491168746505075e-01,2.394348755826377584e+01,7.265460518757300978e-02,8.000000000000000444e-01,1.884404849127060855e+00
1.308999999999999941e+00,-1.123638609337283475e-03,8.050369376297733526e-01,2.408206518474958813e+01,7.245473764538570838e-02,8.000000000000000444e-01,1.892187967152839434e+00
1.310000000000000053e+00,-4.731532288688214925e-03,7.916228727515679520e-01,2.421159723313689227e+01,7.123718887687602308e-02,8.000000000000000444e-01,1.899966419955193331e+00
1.310999999999999943e+00,1.843575731552302968e-03,8.002319566646509674e-01,2.428891763140891058e+01,7.203081023320570542e-02,8.000000000000000444e-01,1.907740210288706217e+00
1.312000000000000055e+00,-2.908759375269019763e-03,7.949314007069628873e-01,2.444520913579058075e+01,7.154012420972961916e-02,8.000000000000000444e-01,1.915509340907080249e+00
1.312999999999999945e+00,1.364183103031453397e-02,7.982385793781039407e-01,2.456508106867578434e+01,7.188521134382656885e-02,8.000000000000000444e-01,1.923273814563116080e+00
1.314000000000000057e+00,6.852925813067862332e-03,7.928767362385266138e-01,2.475241056365370085e+01,7.138301620108136736e-02,8.000000000000000444e-01,1.931033634008700650e+00
1.314999999999999947e+00,2.473013045408830376e-03,7.946753979082651353e-01,2.477097676435021967e+01,7.153244773088106301e-02,8.000000000000000444e-01,1.938788801994789868e+00
1.316000000000000059e+00,-3.647487057505555044e-03,7.947862534526847211e-01,2.493959859569329041e+01,7.152495259767766012e-02,8.000000000000000444e-01,1.946539321271395284e+00
1.316999999999999948e+00,-4.332098433673415259e-03,7.903041958855824278e-01,2.504989653423342233e+01,7.111965666916002238e-02,8.000000000000000444e-01,1.954285194587567442e+00
1.318000000000000060e+00,-1.074910954517838656e-02,8.054753965591788800e-01,2.520321616358494765e+01,7.246634983725014356e-02,8.000000000000000444e-01,1.962026424691383886e+00
1.318999999999999950e+00,-2.907172057194143053e-03,7.936088413798776386e-01,2.537310070086928349e+01,7.142110455422509552e-02,8.000000000000000444e-01,1.969763014329932949e+00
1.320000000000000062e+00,1.237979703633133172e-02,7.910687117069369334e-01,2.548118718405972416e+01,7.123594418438713993e-02,8.000000000000000444e-01,1.977494966249303765e+00
1.320999999999999952e+00,-3.716535573569915932e-03,7.929968682154847626e-01,2.566909867259020217e+01,7.136372432080798078e-02,8.000000000000000444e-01,1.985222283194569837e+00
1.322000000000000064e+00,-2.450002245904474470e-03,7.849025834055890494e-01,2.572025409041076571e+01,7.063887079913988565e-02,8.000000000000000444e-01,1.992944967909778375e+00
1.322999999999999954e+00,-1.263049506713021138e-02,8.037813988977019486e-01,2.588847301217149166e+01,7.230851358158220388e-02,8.000000000000000444e-01,2.000663023137938534e+00
1.324000000000000066e+00,1.478135261749369961e-02,7.869914348447787367e-01,2.597249263829338872e+01,7.087557343023305478e-02,8.000000000000000444e-01,2.008376451621006087e+00
1.324999999999999956e+00,9.472199423058940250e-04,8.117283674467631327e-01,2.619722005590010383e+01,7.306301631410194730e-02,8.000000000000000444e-01,2.016085256099876322e+00
1.326000000000000068e+00,5.219009894680516452e-03,7.967024940784473985e-01,2.630491299939602712e+01,7.172277473602202413e-02,8.000000000000000444e-01,2.023789439314367833e+00
1.326999999999999957e+00,-1.580741892640772847e-02,7.957970491574681837e-01,2.642129051669576612e+01,7.158115659897856808e-02,8.000000000000000444e-01,2.031489004003216081e+00
1.328000000000000069e+00,8.585339589671218963e-03,8.034525789239043148e-01,2.651257890585945987e+01,7.234016353081876294e-02,8.000000000000000444e-01,2.039183952904059183e+00
1.328999999999999959e+00,1.112752659458097690e-02,7.954755142511168442e-01,2.668975703794350451e+01,7.162919962731487122e-02,8.000000000000000444e-01,2.046874288753428139e+00
1.330000000000000071e+00,-6.003317032709700601e-04,8.010500021134108195e-01,2.672037696130713158e+01,7.209741224243224056e-02,8.000000000000000444e-01,2.054560014286739733e+00
1.330999999999999961e+00,-4.390016766596193699e-03,8.092177541272271846e-01,2.691887114992140795e+01,7.282152377614480032e-02,8.000000000000000444e-01,2.062241132238280983e+00
1.332000000000000073e+00,5.860644138541945200e-03,8.169892703335130957e-01,2.701227112993946022e+01,7.355096542733566278e-02,8.000000000000000444e-01,2.069917645341205148e+00
1.332999999999999963e+00,-2.578276854170714200e-03,8.071433874414842835e-01,2.706758950971163458e+01,7.264010432937573203e-02,8.000000000000000444e-01,2.077589556327517073e+00
1.334000000000000075e+00,1.374055563782503563e-02,8.028207698713757390e-01,2.729880394772965602e+01,7.229814427141685595e-02,8.000000000000000444e-01,2.085256867928069635e+00
1.334999999999999964e+00,-7.746882249965210063e-03,8.049520210667738818e-01,2.738576986403045055e+01,7.242794407816413593e-02,8.000000000000000444e-01,2.092919582872548201e+00
1.336000000000000076e+00,-4.774828613952349088e-03,7.917326951129950441e-01,2.750124849934169902e+01,7.124694852470650486e-02,8.000000000000000444e-01,2.100577703889468406e+00
1.336999999999999966e+00,2.244430675810724172e-03,7.953627879689163516e-01,2.768101835220410933e+01,7.159366985782372739e-02,8.000000000000000444e-01,2.108231233706164165e+00
1.338000000000000078e+00,6.689172510417588577e-03,7.899520499154594200e-01,2.781663214122256989e+01,7.111924083269625940e-02,8.000000000000000444e-01,2.115880175048777900e+00
1.338999999999999968e+00,-3.615430416898676377e-03,7.914689532756929990e-01,2.790735793773199447e+01,7.122651097088276984e-02,8.000000000000000444e-01,2.123524530642256991e+00
1.340000000000000080e+00,1.153700491990371094e-03,8.012686650760725282e-01,2.798913491808243137e+01,7.212214123239391039e-02,8.000000000000000444e-01,2.131164303210344002e+00
1.340999999999999970e+00,-6.337664160539397545e-03,7.928508177171644800e-01,2.811699279921292316e+01,7.134311589570749290e-02,8.000000000000000444e-01,2.138799495475564694e+00
1.342000000000000082e+00,1.975592272272632798e-03,7.899565183669591262e-01,2.834769694524618444e+01,7.110626783751275437e-02,8.000000000000000444e-01,2.146430110159229354e+00
1.342999999999999972e+00,1.746998078910331001e-03,8.013286062253470732e-01,2.845215697745888761e+01,7.212924431293854521e-02,8.000000000000000444e-01,2.154056149981417700e+00
1.344000000000000083e+00,3.480728656764066516e-03,8.060458444130197408e-01,2.848497981457364858e+01,7.255887251995522813e-02,8.000000000000000444e-01,2.161677617660976214e+00
1.344999999999999973e+00,3.831714618142602162e-03,7.957690894761685341e-01,2.869591599094812295e+01,7.163477985214769528e-02,8.000000000000000444e-01,2.169294515915507926e+00
1.346000000000000085e+00,7.969621542755140828e-03,8.252270195583487622e-01,2.881758605288220210e+01,7.429883563712438854e-02,8.000000000000000444e-01,2.176906847461370642e+00
1.346999999999999975e+00,-4.778745983860755928e-03,7.935674221720590005e-01,2.894298571036491552e+01,7.141204195086585382e-02,8.000000000000000444e-01,2.184514615013665395e+00
1.348000000000000087e+00,-2.731801315747014319e-03,7.878239632577916929e-01,2.902396984455464946e+01,7.090098871926908686e-02,8.000000000000000444e-01,2.192117821286232449e+00
1.348999999999999977e+00,8.307587467064056280e-05,8.093313796507077829e-01,2.913538767425330889e+01,7.284475313107899308e-02,8.000000000000000444e-01,2.199716468991645080e+00
1.350000000000000089e+00,4.593723712726672896e-03,8.077031276659939474e-01,2.935777840151664719e+01,7.271128752615864388e-02,8.000000000000000444e-01,2.207310560841203362e+00
1.350999999999999979e+00,-1.165603608631071708e-02,8.102169270519643529e-01,2.943482516424385764e+01,7.289029245856065709e-02,8.000000000000000444e-01,2.214900099544928391e+00
1.352000000000000091e+00,2.228853185142182659e-03,7.954415644740860936e-01,2.960132878585336869e+01,7.160071632493683613e-02,8.000000000000000444e-01,2.222485087811556070e+00
1.352999999999999980e+00,-8.813045909365470332e-03,7.961873825032108609e-01,2.977527174056780979e+01,7.163627052744404866e-02,8.000000000000000444e-01,2.230065528348532222e+00
1.354000000000000092e+00,2.268235278205434340e-03,7.955397126372399930e-01,2.984757659895134907e+01,7.160966355460551824e-02,8.000000000000000444e-01,2.237641423862007706e+00
1.354999999999999982e+00,5.867641311554167710e-03,8.058275229115077209e-01,2.994822633419233426e+01,7.254612878976893220e-02,8.000000000000000444e-01,2.245212777056831310e+00
1.356000000000000094e+00,-6.393037320366959375e-03,7.998289025474740743e-01,3.004207559396002836e+01,7.197086599479798896e-02,8.000000000000000444e-01,2.252779590636543539e+00
1.356999999999999984e+00,5.796292654311867472e-03,8.090047433351786887e-01,3.009060508593747940e+01,7.283195665506289607e-02,8.000000000000000444e-01,2.260341867303377494e+00
1.358000000000000096e+00,7.222470005353524847e-03,7.979273915132943928e-01,3.033490786719204380e+01,7.183878795917052196e-02,8.000000000000000444e-01,2.267899609758248225e+00
1.358999999999999986e+00,2.590074102770521802e-02,7.963645515753851045e-01,3.045080426863208700e+01,7.175151430541880371e-02,8.000000000000000444e-01,2.275452820700750500e+00
1.360000000000000098e+00,8.435217967343623668e-03,8.062198048807397432e-01,3.054872961052200964e+01,7.258888047751335670e-02,8.000000000000000444e-01,2.283001502829152596e+00
1.360999999999999988e+00,-1.881054607911970128e-02,8.027220151051928099e-01,3.072004684572996780e+01,7.219539102553473864e-02,8.000000000000000444e-01,2.290545658840393184e+00
1.362000000000000099e+00,-5.431812171769738896e-04,7.964953305424398167e-01,3.087869717717559226e+01,7.168763875646033679e-02,8.000000000000000444e-01,2.298085291430076449e+00
1.362999999999999989e+00,-3.979452439834329190e-03,7.871394505448484624e-01,3.089974605348539072e+01,7.083585760911134677e-02,8.000000000000000444e-01,2.305620403292468090e+00
1.364000000000000101e+00,1.153769630796262595e-02,8.051604518328289162e-01,3.107850969919888939e+01,7.250247352303426651e-02,8.000000000000000444e-01,2.313150997120491326e+00
1.364999999999999991e+00,6.685471795048632086e-03,7.886626316445645157e-01,3.116610116989248880e+01,7.100314425393521034e-02,8.000000000000000444e-01,2.320677075605721118e+00
1.366000000000000103e+00,1.374043966511789795e-03,8.056220433689559313e-01,3.129455251018783102e+01,7.251462618119641768e-02,8.000000000000000444e-01,2.328198641438382843e+00
1.366999999999999993e+00,8.916985504453219316e-03,8.008447132793410361e-01,3.151332901547684884e+01,7.210631414558341112e-02,8.000000000000000444e-01,2.335715697307345629e+00
1.368000000000000105e+00,2.774673887714965842e-03,7.874618829841306678e-01,3.147682025484955304e+01,7.088397882064130517e-02,8.000000000000000444e-01,2.343228245900121909e+00
1.368999999999999995e+00,1.137173251643960881e-03,8.034164915860017020e-01,3.166263980130151623e+01,7.231541926210971472e-02,8.000000000000000444e-01,2.350736289902860765e+00
1.370000000000000107e+00,-8.282193745655235288e-05,7.880555249394323170e-01,3.178387502808941534e+01,7.092932701359945524e-02,8.000000000000000444e-01,2.358239832000346592e+00
1.370999999999999996e+00,-4.835246489651306122e-03,7.781619096447902617e-01,3.194811722174750912e+01,7.002556311342500450e-02,8.000000000000000444e-01,2.365738874875992437e+00
1.372000000000000108e+00,1.323977168763183949e-02,7.947168683788269350e-01,3.212746140680978613e+01,7.156691662142830590e-02,8.000000000000000444e-01,2.373233421211841332e+00
1.372999999999999998e+00,1.920505527702119283e-03,7.832670267099705042e-01,3.230146307842960596e+01,7.050397238146899337e-02,8.000000000000000444e-01,2.380723473688559189e+00
1.374000000000000110e+00,4.474234146451892824e-03,8.121478463781597323e-01,3.237155365445676125e+01,7.311106270648251582e-02,8.000000000000000444e-01,2.388209034985431245e+00
1.375000000000000000e+00,4.013507268547445925e-03,8.106031988977921987e-01,3.246791361113322694e+01,7.297066912986160947e-02,8.000000000000000444e-01,2.395690107780362954e+00
1.376000000000000112e+00,9.154275133780677203e-04,7.763841594567015836e-01,3.254174149083502243e+01,6.988162396662447873e-02,8.000000000000000444e-01,2.403166694749873766e+00
1.377000000000000002e+00,-1.226749341466729787e-02,7.991930254733072836e-01,3.262837116358043232e+01,7.189678367345267440e-02,8.000000000000000444e-01,2.410638798569096686e+00
1.378000000000000114e+00,-6.623244367642939882e-03,7.913653737925011589e-01,3.288498936928880312e+01,7.120863934643552329e-02,8.000000000000000444e-01,2.418106421911770276e+00
1.379000000000000004e+00,2.470480168044099194e-03,8.123360178202975179e-01,3.291779811173791614e+01,7.312215530291511778e-02,8.000000000000000444e-01,2.425569567450241326e+00
1.380000000000000115e+00,1.603260076552670901e-02,8.028577124121796249e-01,3.299919539032338633e+01,7.230808128011313729e-02,8.000000000000000444e-01,2.433028237855459519e+00
1.381000000000000005e+00,-5.234656303763469097e-03,7.987690634477530027e-01,3.310038065666456220e+01,7.187882237565061672e-02,8.000000000000000444e-01,2.440482435796976102e+00
1.382000000000000117e+00,-8.808655395745122740e-03,7.903954846451619609e-01,3.333939631597369413e+01,7.111516199685238848e-02,8.000000000000000444e-01,2.447932163942939887e+00
1.383000000000000007e+00,1.051252157405208228e-02,8.036581165315692665e-01,3.346266199458628421e+01,7.236423288125404252e-02,8.000000000000000444e-01,2.455377424960096810e+00
1.384000000000000119e+00,1.106569664341356361e-02,8.140029359100320328e-01,3.354351188434169018e+01,7.329733465717069851e-02,8.000000000000000444e-01,2.462818221513783268e+00
1.385000000000000009e+00,1.087050644691157225e-02,8.023545280446305883e-01,3.375493474954847528e+01,7.224788490443366518e-02,8.000000000000000444e-01,2.470254556267929669e+00
1.386000000000000121e+00,5.782441644667227730e-03,8.053076026187285796e-01,3.374782263371997004e+01,7.249907553238768565e-02,8.000000000000000444e-01,2.477686431885053775e+00
1.387000000000000011e+00,5.458806432755572771e-03,8.105300418626683046e-01,3.395175021059143461e+01,7.296829152044495559e-02,8.000000000000000444e-01,2.485113851026257148e+00
1.388000000000000123e+00,7.953630961986870099e-03,7.989059789818101498e-01,3.402781059199769942e+01,7.192899013991978230e-02,8.000000000000000444e-01,2.492536816351230033e+00
1.389000000000000012e+00,3.860096780844355681e-03,8.023865421924368801e-01,3.417087410909132217e+01,7.223056181003723042e-02,8.000000000000000444e-01,2.499955330518243368e+00
1.390000000000000124e+00,1.799508955927023313e-02,7.892932424745318087e-01,3.427512422622105959e+01,7.109198333165908656e-02,8.000000000000000444e-01,2.507369396184146559e+00
1.391000000000000014e+00,-3.572521076123048780e-03,8.026880227511199450e-01,3.436416665058803943e+01,7.223627022178495671e-02,8.000000000000000444e-01,2.514779016004369705e+00
1.392000000000000126e+00,1.739654426624053646e-02,7.877336120249950335e-01,3.450508358795558195e+01,7.094981308621384208e-02,8.000000000000000444e-01,2.522184192632916044e+00
1.393000000000000016e+00,4.738991915282875222e-03,7.910669983963402041e-01,3.478707670522182127e+01,7.121407781806761428e-02,8.000000000000000444e-01,2.529584928722362847e+00
1.394000000000000128e+00,1.185462406537091812e-02,7.942931183114462224e-01,3.471844993108084765e+01,7.152480442613415312e-02,8.000000000000000444e-01,2.536981226923862298e+00
1.395000000000000018e+00,-3.708609925650451552e-03,7.870143690319187924e-01,3.485704526492088462e+01,7.082536701875621898e-02,8.000000000000000444e-01,2.544373089887135730e+00
1.396000000000000130e+00,1.657180918180969041e-03,7.912802046038061032e-01,3.504642072549570031e+01,7.122451161854460866e-02,8.000000000000000444e-01,2.551760520260474951e+00
1.397000000000000020e+00,-5.709811342978533995e-03,7.783243078268295978e-01,3.511075574496352658e+01,7.003773194116355572e-02,8.000000000000000444e-01,2.559143520690736917e+00
1.398000000000000131e+00,-5.572693568665828059e-03,8.075881352659650680e-01,3.536722196899410164e+01,7.267144346183956882e-02,8.000000000000000444e-01,2.566522093823343731e+00
1.399000000000000021e+00,-4.747485986566498707e-03,7.858240750733851421e-01,3.529968547467716178e+01,7.071531702446415268e-02,8.000000000000000444e-01,2.573896242302283976e+00
1.400000000000000133e+00,5.116296028371664605e-03,8.101400906653900558e-01,3.551301304996346175e+01,7.293218926528632906e-02,8.000000000000000444e-01,2.581265968770106944e+00
1.401000000000000023e+00,-7.874815378795153517e-03,7.906610067971018285e-01,3.561483051479763162e+01,7.114170436111141860e-02,8.000000000000000444e-01,2.588631275867925297e+00
1.402000000000000135e+00,4.159101261565001546e-03,8.060288069463269478e-01,3.571593984601037874e+01,7.255930295594714696e-02,8.000000000000000444e-01,2.595992166235405740e+00
1.403000000000000025e+00,-1.436144897286309452e-02,7.874149214482768500e-01,3.589863737447049630e+01,7.083128240470576431e-02,8.000000000000000444e-01,2.603348642510781907e+00
1.404000000000000137e+00,-5.822240391141414624e-03,8.058574414603851821e-01,3.604783026591722006e+01,7.251498327069284822e-02,8.000000000000000444e-01,2.610700707330834369e+00
1.405000000000000027e+00,-9.641529050104424760e-04,8.017935787077538068e-01,3.611658231454274670e+01,7.216328898772642053e-02,8.000000000000000444e-01,2.618048363330905293e+00
1.406000000000000139e+00,1.424834799376748819e-02,8.102869654062128113e-01,3.628771365425947693e+01,7.297199162367207226e-02,8.000000000000000444e-01,2.625391613144889114e+00
1.407000000000000028e+00,8.811557787156138258e-03,7.982607482185374304e-01,3.635017942309301020e+01,7.187335725076822446e-02,8.000000000000000444e-01,2.632730459405235202e+00
1.407999999999999918e+00,5.622256083081848214e-04,7.913310850561205978e-01,3.659833868060695039e+01,7.122597899734522953e-02,8.000000000000000444e-01,2.640064904742941643e+00
1.409000000000000030e+00,1.696381228281767899e-03,7.920171776535430697e-01,3.661929959379980204e+01,7.129095937365954871e-02,8.000000000000000444e-01,2.647394951787557904e+00
1.409999999999999920e+00,-8.803049239458537924e-04,7.884395467532691049e-01,3.677788755440319335e+01,7.096163248889804376e-02,8.000000000000000444e-01,2.654720603167185278e+00
1.411000000000000032e+00,4.257827164313549365e-03,7.950417242615712698e-01,3.686876166699956059e+01,7.157051968235929318e-02,8.000000000000000444e-01,2.662041861508468443e+00
1.411999999999999922e+00,-5.420571502482247547e-03,8.017644526002926098e-01,3.697568776173957161e+01,7.214783298434923609e-02,8.000000000000000444e-01,2.669358729436606570e+00
1.413000000000000034e+00,7.158577086646424580e-03,7.930496788098199135e-01,3.714522795325305538e+01,7.139945700569014231e-02,8.000000000000000444e-01,2.676671209575339994e+00
1.413999999999999924e+00,1.795205014602327398e-02,7.988152388828664296e-01,3.733237206002078779e+01,7.194951016322384540e-02,8.000000000000000444e-01,2.683979304546956879e+00
1.415000000000000036e+00,1.318838009340860852e-02,7.992413097560273627e-01,3.732425307990627061e+01,7.197421018299329787e-02,8.000000000000000444e-01,2.691283016972287889e+00
1.415999999999999925e+00,8.099265366897055729e-03,8.131416597275086255e-01,3.758058024433540112e+01,7.321111595609793021e-02,8.000000000000000444e-01,2.698582349470709296e+00
1.417000000000000037e+00,3.853862833841123752e-03,7.993140478042271013e-01,3.750313612691513043e+01,7.195395901812400019e-02,8.000000000000000444e-01,2.705877304660138094e+00
1.417999999999999927e+00,-7.500915048620312130e-03,7.805196602562333164e-01,3.772351580924137693e+01,7.023025961398512984e-02,8.000000000000000444e-01,2.713167885157036441e+00
1.419000000000000039e+00,1.218966412405983208e-03,8.003015854806717622e-01,3.785313676050486009e+01,7.203528208430361179e-02,8.000000000000000444e-01,2.720454093576403221e+00
1.419999999999999929e+00,-1.188291405676845914e-05,8.054553593662879818e-01,3.797097706383687665e+01,7.249561295744896827e-02,8.000000000000000444e-01,2.727735932531780705e+00
1.421000000000000041e+00,9.143151671030023617e-03,7.883391071281301565e-01,3.817500857583837615e+01,7.098097705539566094e-02,8.000000000000000444e-01,2.735013404635247891e+00
1.421999999999999931e+00,-1.515659438734113899e-02,8.093866135229315084e-01,3.823123762051925212e+01,7.280541666634504638e-02,8.000000000000000444e-01,2.742286512497427609e+00
1.423000000000000043e+00,-1.010911288887807354e-02,7.906582460480883201e-01,3.834364686195092276e+01,7.113511026522707781e-02,8.000000000000000444e-01,2.749555258727475859e+00
1.423999999999999932e+00,4.410116408367192008e-03,8.107827375215940213e-01,3.836201493392982087e+01,7.298798632550251853e-02,8.000000000000000444e-01,2.756819645933088481e+00
1.425000000000000044e+00,-5.037952846713937734e-03,8.118747841288840306e-01,3.857851166697646050e+01,7.305874036352903722e-02,8.000000000000000444e-01,2.764079676720497147e+00
1.425999999999999934e+00,4.974270917635278781e-03,8.104703014699621288e-01,3.866708266247718484e+01,7.296150274192872431e-02,8.000000000000000444e-01,2.771335353694469372e+00
1.427000000000000046e+00,3.951176047301797715e-03,8.011482611140574583e-01,3.891522391305211670e+01,7.211935428006036042e-02,8.000000000000000444e-01,2.778586679458309838e+00
1.427999999999999936e+00,6.006510971780149900e-03,7.941251453235581570e-01,3.889844123241748974e+01,7.149299651342293227e-02,8.000000000000000444e-01,2.785833656613858622e+00
1.429000000000000048e+00,1.865010558215310713e-02,7.978311403434760196e-01,3.900971902312999617e+01,7.186287268742003187e-02,8.000000000000000444e-01,2.793076287761487198e+00
1.429999999999999938e+00,-3.681280827277525446e-03,7.826963082700503227e-01,3.921632490378592450e+01,7.043685090157128514e-02,8.000000000000000444e-01,2.800314575500105985e+00
1.431000000000000050e+00,7.047102055418966692e-03,7.929568721425038769e-01,3.931229489398770482e+01,7.139078395787486209e-02,8.000000000000000444e-01,2.807548522427153248e+00
1.431999999999999940e+00,-1.904875983562056077e-02,7.934807285730253179e-01,3.941229687128561920e+01,7.136356717053844723e-02,8.000000000000000444e-01,2.814778131138607531e+00
1.433000000000000052e+00,-9.424382455964028932e-03,7.873827735924572302e-01,3.952897823678196687e+01,7.084235438127835238e-02,8.000000000000000444e-01,2.822003404228973000e+00
1.433999999999999941e+00,3.627136853961444515e-03,8.014239295344771641e-01,3.965506141589888500e+01,7.214323710326475680e-02,8.000000000000000444e-01,2.829224344291290549e+00
1.435000000000000053e+00,-3.222955344553046254e-03,7.964878959389053437e-01,3.982377855919308018e+01,7.167930259607258048e-02,8.000000000000000444e-01,2.836440953917131136e+00
1.435999999999999943e+00,1.186890711015529129e-03,8.235904519081029829e-01,3.997122106873591463e+01,7.413142202645149614e-02,8.000000000000000444e-01,2.843653235696596226e+00
1.437000000000000055e+00,-7.179275682777319645e-03,8.033299884354865306e-01,4.003624614559469563e+01,7.228363479591523588e-02,8.000000000000000444e-01,2.850861192218321793e+00
1.437999999999999945e+00,-2.154857683018648190e-02,7.986537276387336570e-01,4.010381539401279127e+01,7.182164148776185031e-02,8.000000000000000444e-01,2.858064826069471653e+00
1.439000000000000057e+00,-1.618989229408617468e-03,7.885923400571281938e-01,4.025523466569195108e+01,7.097329181190549507e-02,8.000000000000000444e-01,2.865264139835741020e+00
1.439999999999999947e+00,-1.254863544047729942e-02,7.991007410683415024e-01,4.030689513499440579e+01,7.188767460383110874e-02,8.000000000000000444e-01,2.872459136101357391e+00
1.441000000000000059e+00,1.594924191704496022e-02,8.086747601545648534e-01,4.054949640471663486e+01,7.283174213166332400e-02,8.000000000000000444e-01,2.879649817449077442e+00
1.441999999999999948e+00,2.261322113178033250e-02,7.833948316985652749e-01,4.059613980458468774e+01,7.057370651753749891e-02,8.000000000000000444e-01,2.886836186460183917e+00
1.443000000000000060e+00,-4.897462732737027299e-03,8.268254972434486705e-01,4.079858255064535655e+01,7.440453783555922573e-02,8.000000000000000444e-01,2.894018245714494064e+00
1.443999999999999950e+00,1.456036850912390511e-02,8.058657954024539549e-01,4.078922183426018933e+01,7.257473765754562933e-02,8.000000000000000444e-01,2.901195997790350312e+00
1.445000000000000062e+00,-5.900477248894528577e-03,7.985065947807611364e-01,4.097488431060128988e+01,7.185329382328597969e-02,8.000000000000000444e-01,2.908369445264629594e+00
1.445999999999999952e+00,4.193956178791483774e-03,7.990243266101455522e-01,4.112480578362932704e+01,7.192885455092599967e-02,8.000000000000000444e-01,2.915538590712730915e+00
1.447000000000000064e+00,7.359842758705633162e-03,7.920244997234094919e-01,4.119510759642452058e+01,7.130773119650199443e-02,8.000000000000000444e-01,2.922703436708588232e+00
1.447999999999999954e+00,2.195160634100555216e-02,8.121149754641404650e-01,4.131007372132334865e+01,7.315908864260499411e-02,8.000000000000000444e-01,2.929863985824662898e+00
1.449000000000000066e+00,-1.748762782543126365e-02,8.001089783937507249e-01,4.149981865089943511e+01,7.196418131638640525e-02,8.000000000000000444e-01,2.937020240631941448e+00
1.449999999999999956e+00,-1.706768998474547834e-03,8.001786479899642979e-01,4.149447015620881984e+01,7.201580694205875210e-02,8.000000000000000444e-01,2.944172203699940926e+00
1.451000000000000068e+00,-4.903176973179412465e-03,7.967419897382864713e-01,4.170908651947186030e+01,7.169736080509564458e-02,8.000000000000000444e-01,2.951319877596710217e+00
1.451999999999999957e+00,-1.160141968952038347e-02,8.112307059864072301e-01,4.176563118469034208e+01,7.298165514119819841e-02,8.000000000000000444e-01,2.958463264888819388e+00
1.453000000000000069e+00,1.100927106335404700e-02,7.962132086281191734e-01,4.198202616733964732e+01,7.169528765985211383e-02,8.000000000000000444e-01,2.965602368141373901e+00
1.453999999999999959e+00,6.412613685827670863e-03,7.964972816859844373e-01,4.207088811548296547e+01,7.170771560752441098e-02,8.000000000000000444e-01,2.972737189918002176e+00
1.455000000000000071e+00,-1.295484367882152911e-02,8.132214971363873612e-01,4.218150298547965349e+01,7.315680131997129299e-02,8.000000000000000444e-01,2.979867732780865364e+00
1.455999999999999961e+00,2.694360856241218363e-03,8.049559018541545541e-01,4.239226100896036797e+01,7.245848397736730229e-02,8.000000000000000444e-01,2.986993999290648905e+00
1.457000000000000073e+00,4.375630899737441813e-03,7.957106656431124359e-01,4.240018096996622177e+01,7.163107522787426351e-02,8.000000000000000444e-01,2.994115992006568305e+00
1.457999999999999963e+00,3.136813073816524739e-04,8.014108899508530781e-01,4.255335954471420479e+01,7.213252467695538406e-02,8.000000000000000444e-01,3.001233713486366472e+00
1.459000000000000075e+00,7.280858641115083192e-03,7.858806028358249485e-01,4.260208426169926099e+01,7.075435949498938559e-02,8.000000000000000444e-01,3.008347166286317265e+00
1.459999999999999964e+00,-3.358496533367849330e-03,8.095790156418024575e-01,4.278245523489884761e+01,7.285703346493938026e-02,8.000000000000000444e-01,3.015456352961219721e+00
1.461000000000000076e+00,9.663270311605706361e-03,7.955686805352405466e-01,4.288800389590765150e+01,7.163340435368781289e-02,8.000000000000000444e-01,3.022561276064400282e+00
1.461999999999999966e+00,9.282930508097614331e-03,8.030694710759413990e-01,4.302242690175931017e+01,7.230768213849560200e-02,8.000000000000000444e-01,3.029661938147718558e+00
1.463000000000000078e+00,5.325151061272717125e-03,8.004838082142345934e-01,4.303975404005145577e+01,7.206349099852389639e-02,8.000000000000000444e-01,3.036758341761558011e+00
1.463999999999999968e+00,-5.701601489255396331e-03,7.927217735204287186e-01,4.328010220034635580e+01,7.133331532243447626e-02,8.000000000000000444e-01,3.043850489454833941e+00
1.465000000000000080e+00,-9.701674586279558296e-03,7.971878285808235987e-01,4.334441865185669940e+01,7.172374013545723681e-02,8.000000000000000444e-01,3.050938383774987717e+00
1.465999999999999970e+00,7.383788938349451596e-03,7.896569895902109115e-01,4.337458966016667006e+01,7.109464690592569303e-02,8.000000000000000444e-01,3.058022027267993437e+00
1.467000000000000082e+00,-4.294375926842526787e-03,8.002151632648728530e-01,4.360716285012004789e+01,7.201165533878590985e-02,8.000000000000000444e-01,3.065101422478349491e+00
1.467999999999999972e+00,-1.314088606896358750e-02,8.069952169556933175e-01,4.366218866315141867e+01,7.259615048172897434e-02,8.000000000000000444e-01,3.072176571949086998e+00
1.469000000000000083e+00,-1.540154318528057838e-03,7.962422423186659159e-01,4.374031309242994325e+01,7.166200831565655571e-02,8.000000000000000444e-01,3.079247478221763146e+00
1.469999999999999973e+00,6.467307931792187076e-03,7.914259235375458168e-01,4.393373624275262301e+01,7.125130267396273531e-02,8.000000000000000444e-01,3.086314143836468737e+00
1.471000000000000085e+00,-8.042091693885956849e-03,8.267882230893551787e-01,4.405688824584338903e+01,7.439184433485596104e-02,8.000000000000000444e-01,3.093376571331821534e+00
1.471999999999999975e+00,3.354408986162126047e-03,8.057921576426287924e-01,4.415776436519759329e+01,7.253567043836685324e-02,8.000000000000000444e-01,3.100434763244968472e+00
1.473000000000000087e+00,6.816703206347914795e-03,8.118616153213900066e-01,4.425577046948482973e+01,7.309212697846639850e-02,8.000000000000000444e-01,3.107488722111588331e+00
1.473999999999999977e+00,-7.327246317313467101e-03,8.135669575102434381e-01,4.440546718555572170e+01,7.320432487221194273e-02,8.000000000000000444e-01,3.114538450465889952e+00
1.475000000000000089e+00,-5.228234699312858495e-03,8.037182700544417413e-01,4.444091165689610534e+01,7.232420511214962544e-02,8.000000000000000444e-01,3.121583950840612243e+00
1.475999999999999979e+00,-1.279654918960068709e-03,7.983062784483598850e-01,4.467017675714435399e+01,7.184851911081970022e-02,8.000000000000000444e-01,3.128625225767022844e+00
1.477000000000000091e+00,-9.637306086657325410e-03,7.938850284807030810e-01,4.478367625020750609e+01,7.142676765904779068e-02,8.000000000000000444e-01,3.135662277774923901e+00
1.477999999999999980e+00,-8.247105584939094791e-03,7.969284884113500000e-01,4.495425322927168565e+01,7.170457097975622973e-02,8.000000000000000444e-01,3.142695109392648067e+00
1.479000000000000092e+00,-3.548535496713277945e-03,8.169452255277863673e-01,4.503882187578523144e+01,7.351938847191863413e-02,8.000000000000000444e-01,3.149723723147055843e+00
1.479999999999999982e+00,6.229087409565008115e-03,7.950297244171359301e-01,4.510984313378621380e+01,7.157506902877243393e-02,8.000000000000000444e-01,3.156748121563544451e+00
1.481000000000000094e+00,-7.547382149237205975e-03,8.006758218065144206e-01,4.518545505993830602e+01,7.204375415915142966e-02,8.000000000000000444e-01,3.163768307166040294e+00
1.481999999999999984e+00,-6.948861039851111313e-04,8.163623649872464583e-01,4.534061150921242245e+01,7.347530328904282315e-02,8.000000000000000444e-01,3.170784282477002503e+00
1.483000000000000096e+00,-4.308966800060254169e-03,7.955367685147656243e-01,4.544796906965532202e+01,7.159060318777342447e-02,8.000000000000000444e-01,3.177796050017420271e+00
1.483999999999999986e+00,-7.813750731566601951e-03,8.080697279678867861e-01,4.548358632630363729e+01,7.270827490063028198e-02,8.000000000000000444e-01,3.184803612306822185e+00
1.485000000000000098e+00,1.834898837147761657e-03,8.112297457616417518e-01,4.570418432758641814e+01,7.302072249456065256e-02,8.000000000000000444e-01,3.191806971863265563e+00
1.485999999999999988e+00,7.117675497289861590e-03,8.011128193385853580e-01,4.580117210343549772e+01,7.212527598973740572e-02,8.000000000000000444e-01,3.198806131203341341e+00
1.487000000000000099e+00,8.005501043582836929e-03,7.949917318529455823e-01,4.603130901096814398e+01,7.157672152193345072e-02,8.000000000000000444e-01,3.205801092842174072e+00
1.487999999999999989e+00,-7.800035627804512671e-03,8.212171059251569538e-01,4.609234949660989145e+01,7.389128650305876178e-02,8.000000000000000444e-01,3.212791859293425034e+00
1.489000000000000101e+00,1.440646971493017223e-02,7.869883461732166685e-01,4.610130069678043441e+01,7.087423549449267668e-02,8.000000000000000444e-01,3.219778433069286461e+00
1.489999999999999991e+00,1.817540536464019342e-03,8.052149532661116993e-01,4.625036547218280703e+01,7.247926648194963350e-02,8.000000000000000444e-01,3.226760816680487309e+00
1.491000000000000103e+00,1.720686263796405296e-02,7.986838735844056236e-01,4.643864858170847754e+01,7.193554014361992766e-02,8.000000000000000444e-01,3.233739012636292820e+00
1.491999999999999993e+00,1.210786531096312265e-03,7.792518801326479005e-01,4.648934552672715625e+01,7.014057162220281583e-02,8.000000000000000444e-01,3.240713023444502738e+00
1.493000000000000105e+00,-1.097339192985217864e-02,8.082511699444391295e-01,4.661315073982206059e+01,7.271542717620722851e-02,8.000000000000000444e-01,3.247682851611453980e+00
1.493999999999999995e+00,-5.044664104329310735e-03,7.926521036033949974e-01,4.672587655644975513e+01,7.132891654452597208e-02,8.000000000000000444e-01,3.254648499642017079e+00
1.495000000000000107e+00,1.462156126766140339e-02,7.999841240488374527e-01,4.685077411295771554e+01,7.204522139033357753e-02,8.000000000000000444e-01,3.261609970039602402e+00
1.495999999999999996e+00,1.719571462220948616e-02,8.197013513104050020e-01,4.694473549013768832e+01,7.382850110856258030e-02,8.000000000000000444e-01,3.268567265306157044e+00
1.497000000000000108e+00,-2.405447447396340688e-03,8.021429263784840558e-01,4.713244551738041821e+01,7.219057817132122634e-02,8.000000000000000444e-01,3.275520387942163048e+00
1.497999999999999998e+00,-4.917731994989675125e-04,8.178654032993386558e-01,4.723354184510519360e+01,7.361117840765046827e-02,8.000000000000000444e-01,3.282469340446644512e+00
1.499000000000000110e+00,1.122795037479556828e-02,7.902733739723369899e-01,4.722787545142627863e+01,7.116105401422595511e-02,8.000000000000000444e-01,3.289414125317159598e+00
1.500000000000000000e+00,5.159897526984316956e-04,7.963668841827257205e-01,4.747280829861897189e+01,7.167910799113570708e-02,8.000000000000000444e-01,3.296354745049808965e+00
1.501000000000000112e+00,-9.665365465140348528e-03,9.346439994332068901e-02,4.751622823870120982e+01,8.409092325542660493e-03,0.000000000000000000e+00,2.732797404534978547e+00
1.502000000000000002e+00,-1.529032889230694768e-03,8.624864324331859428e-03,4.750513721248602650e+01,7.762403706229332578e-04,0.000000000000000000e+00,2.831689057045740032e+00
1.503000000000000114e+00,1.288606182377503850e-02,4.502648828076645168e-03,4.745345267029684067e+01,4.054728917688469551e-04,0.000000000000000000e+00,2.843514298528269535e+00
1.504000000000000004e+00,-1.541811148915728236e-02,4.488277903191338278e-03,4.749029026327620073e+01,4.037224298008105236e-04,0.000000000000000000e+00,2.843617682760551713e+00
1.505000000000000115e+00,7.486410036595144216e-03,1.345022996806500767e-02,4.739309473245045723e+01,1.210960300723972491e-03,0.000000000000000000e+00,2.842147400126632473e+00
1.506000000000000005e+00,-3.596150691045760326e-03,-3.600789753992859540e-03,4.734110926785792373e+01,-3.240454186172990469e-04,0.000000000000000000e+00,2.840468687448472807e+00
1.507000000000000117e+00,-6.167106444980299459e-04,2.499423631206977928e-03,4.726996313941852890e+01,2.249570658949274484e-04,0.000000000000000000e+00,2.838764570531634224e+00
1.508000000000000007e+00,-5.382762455076335259e-03,-2.548603017289175279e-02,4.726476017320449330e+01,-2.293397540364049050e-03,0.000000000000000000e+00,2.837059143664445671e+00
1.509000000000000119e+00,9.767501613236106908e-04,1.164881180736531893e-02,4.726894753099499979e+01,1.048501400554811402e-03,0.000000000000000000e+00,2.835355267177185112e+00
1.510000000000000009e+00,-5.001152048051910569e-03,3.140941115926967637e-03,4.721297626212948728e+01,2.826464660176433155e-04,0.000000000000000000e+00,2.833653059139794372e+00
1.511000000000000121e+00,6.777212850694450987e-04,-5.894112179244268696e-03,4.718088008370772712e+01,-5.305185822489378710e-04,0.000000000000000000e+00,2.831952350996247869e+00
1.512000000000000011e+00,-1.314189781675299297e-02,4.308041057130942639e-03,4.721445598214793193e+01,3.875452761787629547e-04,0.000000000000000000e+00,2.830252993425823149e+00
1.513000000000000123e+00,4.976808046397502260e-03,-3.143589638023090542e-03,4.715496578864880206e+01,-2.829974729459117100e-04,0.000000000000000000e+00,2.828554879772816832e+00
1.514000000000000012e+00,-6.989519014252720125e-03,6.181393170844854193e-03,4.708110253421906322e+01,5.562059896588626099e-04,0.000000000000000000e+00,2.826857936680968297e+00
1.515000000000000124e+00,-5.987991930483894595e-03,6.573608451042376941e-03,4.709844332143075718e+01,5.915214382590967823e-04,0.000000000000000000e+00,2.825162114114130318e+00
1.516000000000000014e+00,-3.079794268638956847e-03,2.391813854416815002e-02,4.710464684400466950e+01,2.152506391749969914e-03,0.000000000000000000e+00,2.823467377998174488e+00
1.517000000000000126e+00,-1.755538758073157913e-03,-4.790988682928119802e-03,4.707847458642640959e+01,-4.311865173062465195e-04,0.000000000000000000e+00,2.821773705109045238e+00
1.518000000000000016e+00,-1.206859533172002959e-02,-4.569876189542512387e-03,4.705943431278095090e+01,-4.111172128788754578e-04,0.000000000000000000e+00,2.820081079574356497e+00
1.519000000000000128e+00,1.458798529739483698e-03,-4.844202705421821360e-03,4.703337055595631711e+01,-4.360316842817846912e-04,0.000000000000000000e+00,2.818389490493054428e+00
1.520000000000000018e+00,1.804156515785867304e-02,2.858371406490875163e-02,4.695110581706246222e+01,2.574552246170479317e-03,0.000000000000000000e+00,2.816698930321098082e+00
1.521000000000000130e+00,6.990102078807984218e-03,5.609146608992286905e-03,4.682296885256978669e+01,5.049965226729080615e-04,0.000000000000000000e+00,2.815009393779046132e+00
1.522000000000000020e+00,-8.429260923468635813e-03,1.359615734404150556e-03,4.688302072951288579e+01,1.223321231234916610e-04,0.000000000000000000e+00,2.813320877113988594e+00
1.523000000000000131e+00,8.157596520276436764e-04,-6.240103581882967473e-03,4.683623923388005750e+01,-5.616637488244635972e-04,0.000000000000000000e+00,2.811633377601487016e+00
1.524000000000000021e+00,1.387113972877062305e-02,-1.693639893296802019e-03,4.683472688551589869e+01,-1.525217878468217972e-04,0.000000000000000000e+00,2.809946893209739560e+00
1.525000000000000133e+00,-9.941242938485718699e-04,-9.611445898114219857e-03,4.676191417162171859e+01,-8.650514754431040849e-04,0.000000000000000000e+00,2.808261422373320659e+00
1.526000000000000023e+00,1.467841611629164961e-03,-1.091968428660189915e-02,4.677404040044059030e+01,-9.828924054476784362e-04,0.000000000000000000e+00,2.806576963840779371e+00
1.527000000000000135e+00,-5.260707864355486374e-03,6.176458363806100601e-04,4.672094943579068627e+01,5.558003085944219189e-05,0.000000000000000000e+00,2.804893516572044554e+00
1.528000000000000025e+00,-1.241347922829611969e-02,-3.425405098805753799e-03,4.671718552265647162e+01,-3.081535573590158490e-04,0.000000000000000000e+00,2.803211079669379213e+00
1.529000000000000137e+00,-1.523288081979021907e-02,8.149463485780297084e-03,4.674746392934981998e+01,7.330529900833383274e-04,0.000000000000000000e+00,2.801529652330905229e+00
1.530000000000000027e+00,-4.834410987934850169e-03,2.070755536001395256e-03,4.667046726171830784e+01,1.863440313867722672e-04,0.000000000000000000e+00,2.799849233819354133e+00
1.531000000000000139e+00,-8.578032517094052664e-03,1.574215534621049590e-03,4.658543643002190748e+01,1.416400089619395406e-04,0.000000000000000000e+00,2.798169823441023052e+00
1.532000000000000028e+00,2.762756921236231289e-03,7.106142494101386729e-03,4.669472683306766214e+01,6.396645036320783902e-04,0.000000000000000000e+00,2.796491420531635796e+00
1.533000000000000140e+00,-1.360250165272848272e-03,9.910925087930209237e-03,4.666827947120976461e+01,8.919922331151609440e-04,0.000000000000000000e+00,2.794814024446822476e+00
1.534000000000000030e+00,-9.257671704996519799e-03,-1.555515791973642592e-02,4.659570004116002906e+01,-1.399537024821351965e-03,0.000000000000000000e+00,2.793137634555721949e+00
1.535000000000000142e+00,1.523342267026479152e-02,-1.531851950224246599e-03,4.652217713503636531e+01,-1.379593706549227142e-04,0.000000000000000000e+00,2.791462250236677711e+00
1.536000000000000032e+00,-1.182743513351911836e-02,-8.515068446315518166e-03,4.652251794293475484e+01,-7.660437112593215109e-04,0.000000000000000000e+00,2.789787870874336217e+00
1.536999999999999922e+00,6.260495180308945978e-04,-3.604690113855517700e-03,4.650503713059701028e+01,-3.244510940631703533e-04,0.000000000000000000e+00,2.788114495857707098e+00
1.538000000000000034e+00,7.812870012302934250e-03,2.325486914125398080e-03,4.649064094746110243e+01,2.093725548916581082e-04,0.000000000000000000e+00,2.786442124578851320e+00
1.538999999999999924e+00,-7.605231773834081289e-04,2.930911389728888330e-02,4.640087646814646405e+01,2.637909932812969576e-03,0.000000000000000000e+00,2.784770756431997896e+00
1.540000000000000036e+00,1.201697939105857496e-02,1.843767986830285172e-02,4.631366481949095970e+01,1.660293860202381299e-03,0.000000000000000000e+00,2.783100390812954128e+00
1.540999999999999925e+00,4.976072687058276378e-03,-6.231176987637730008e-03,4.630615898912697759e+01,-5.609533979590862517e-04,0.000000000000000000e+00,2.781431027118706378e+00
1.542000000000000037e+00,5.937031980156799206e-03,-9.637693323027243103e-03,4.629591608184552598e+01,-8.676537559106477920e-04,0.000000000000000000e+00,2.779762664747149170e+00
1.542999999999999927e+00,5.372056343780880552e-03,1.288343896308755815e-02,4.628150635668168178e+01,1.159832735954078025e-03,0.000000000000000000e+00,2.778095303096911106e+00
1.544000000000000039e+00,-3.519137078860776723e-03,-1.459424933572524459e-02,4.632213769352354404e+01,-1.313382478904702227e-03,0.000000000000000000e+00,2.776428941567228748e+00
1.544999999999999929e+00,9.892192806387671219e-03,-1.459532534676026257e-03,4.629302676924764626e+01,-1.314182441042972490e-04,0.000000000000000000e+00,2.774763579557863125e+00
1.546000000000000041e+00,1.825875485774259427e-02,1.034679222533958429e-02,4.621907820820208457e+01,9.319498452335919433e-04,0.000000000000000000e+00,2.773099216469048667e+00
1.546999999999999931e+00,3.330547433057910820e-03,-1.047565683889032859e-02,4.623234860648695133e+01,-9.429951152559940594e-04,0.000000000000000000e+00,2.771435851701460784e+00
1.548000000000000043e+00,-1.286461975260279507e-02,-5.019692400267203140e-03,4.615516370598798090e+01,-4.515694234565258928e-04,0.000000000000000000e+00,2.769773484656176343e+00
1.548999999999999932e+00,2.768730903653079944e-03,8.611189900597395592e-05,4.608884666812858200e+01,7.751426081248250188e-06,0.000000000000000000e+00,2.768112114734673668e+00
1.550000000000000044e+00,-4.250125208949516323e-04,-1.515319378362343233e-02,4.617835728279970908e+01,-1.363852069790889247e-03,0.000000000000000000e+00,2.766451741338806336e+00
1.550999999999999934e+00,1.261097506858329352e-02,-1.446127436586392735e-02,4.606875242924491687e+01,-1.302253544046494882e-03,0.000000000000000000e+00,2.764792363870804959e+00
1.552000000000000046e+00,-1.432317071747540686e-02,1.038723785356802758e-02,4.613516719334042904e+01,9.343771401682999427e-04,0.000000000000000000e+00,2.763133981733270961e+00
1.552999999999999936e+00,-2.518474198951011628e-03,2.167991036664175183e-02,4.614806192960359255e+01,1.951121367571508492e-03,0.000000000000000000e+00,2.761476594329169920e+00
1.554000000000000048e+00,-2.972099971549939205e-03,6.646257778352472785e-03,4.596720278379002167e+01,5.981307374162913269e-04,0.000000000000000000e+00,2.759820201061825795e+00
1.554999999999999938e+00,9.821479066046029036e-03,3.891808399236512412e-03,4.597672975537039264e+01,3.504225984874698423e-04,0.000000000000000000e+00,2.758164801334931582e+00
1.556000000000000050e+00,-1.373686216388084885e-02,2.029169610338622462e-03,4.601865788515058142e+01,1.825368895015721323e-04,0.000000000000000000e+00,2.756510394552531995e+00
1.556999999999999940e+00,-7.564389935637221701e-03,2.525549149078265988e-03,4.590082901324972653e+01,2.272454263224893791e-04,0.000000000000000000e+00,2.754856980119038123e+00
1.558000000000000052e+00,6.801519961612536788e-03,-6.338145371981218287e-03,4.595213008185724135e+01,-5.706246445806740369e-04,0.000000000000000000e+00,2.753204557439213218e+00
1.558999999999999941e+00,7.307281004984027620e-03,1.086050779900017259e-03,4.575110718771936291e+01,9.777936755467627025e-05,0.000000000000000000e+00,2.751553125918181131e+00
1.560000000000000053e+00,1.655861883927779721e-02,-3.450650982928492923e-03,4.589412912540873890e+01,-3.107838195437830661e-04,0.000000000000000000e+00,2.749902684961423649e+00
1.560999999999999943e+00,-1.427069469414135768e-02,-1.059710703856385321e-02,4.575340623534263074e+01,-9.532577820349357215e-04,0.000000000000000000e+00,2.748253233974776943e+00
1.562000000000000055e+00,-2.308789085501496184e-04,-1.714549709901460814e-02,4.578698574796227660e+01,-1.543179821852492086e-03,0.000000000000000000e+00,2.746604772364437785e+00
1.562999999999999945e+00,2.308622230061194679e-03,-6.989074585884998136e-03,4.573291067213643402e+01,-6.291151507938983877e-04,0.000000000000000000e+00,2.744957299536953776e+00
1.564000000000000057e+00,-3.869499729566675070e-03,-7.498511159861494940e-03,4.578331135877643021e+01,-6.748052071897611172e-04,0.000000000000000000e+00,2.743310814899234007e+00
1.564999999999999947e+00,4.935111255181512911e-03,-5.636646707147968151e-04,4.570829358325276104e+01,-5.074307730033118037e-05,0.000000000000000000e+00,2.741665317858537954e+00
1.566000000000000059e+00,-6.968295296609941687e-03,-5.302885851125851892e-04,4.570813211653032937e+01,-4.771577038331627576e-05,0.000000000000000000e+00,2.740020807822484361e+00
1.566999999999999948e+00,-1.693395587751292180e-03,-2.977839761779348723e-03,4.563468370723143863e+01,-2.680047116905572534e-04,0.000000000000000000e+00,2.738377284199048578e+00
1.568000000000000060e+00,1.861296864430836417e-02,-2.264299699750661494e-03,4.560314664137317919e+01,-2.039514777383994717e-04,0.000000000000000000e+00,2.736734746396556339e+00
1.568999999999999950e+00,-8.506611022130478733e-03,6.449197460983767914e-03,4.559201902766748304e+01,5.802680577866711677e-04,0.000000000000000000e+00,2.735093193823691760e+00
1.570000000000000062e+00,3.123603626119245830e-03,-3.895916969863646561e-03,4.559935751178044683e+01,-3.506988048710572630e-04,0.000000000000000000e+00,2.733452625889494669e+00
1.570999999999999952e+00,1.456226527730201947e-02,5.551205615203888728e-03,4.546699101881073091e+01,4.999310356449685388e-04,0.000000000000000000e+00,2.731813042003354841e+00
1.572000000000000064e+00,1.718736221317879870e-02,-7.951299581183745441e-03,4.549997051541998871e+01,-7.161539180787397391e-04,0.000000000000000000e+00,2.730174441575020428e+00
1.572999999999999954e+00,-5.294406993258659981e-03,-1.223587040510369824e-02,4.546430467551567745e+01,-1.101066500924387194e-03,0.000000000000000000e+00,2.728536824014590856e+00
1.574000000000000066e+00,-2.806509901263049001e-03,-4.043460510011532595e-03,4.539466243018074465e+01,-3.638941013521303789e-04,0.000000000000000000e+00,2.726900188732521269e+00
1.574999999999999956e+00,-4.677670087089631605e-03,5.117119475254153574e-03,4.541132206488531153e+01,4.604844084990965735e-04,0.000000000000000000e+00,2.725264535139621191e+00
1.576000000000000068e+00,5.015124551401716965e-03,1.414896130553555328e-02,4.532461328374287746e+01,1.273743356235944530e-03,0.000000000000000000e+00,2.723629862647051869e+00
1.576999999999999957e+00,6.869556739410653985e-03,2.302941596901830670e-03,4.532415410074848694e+01,2.073349095647979276e-04,0.000000000000000000e+00,2.721996170666328485e+00
1.578000000000000069e+00,8.183499005407180241e-03,1.238429175053122611e-02,4.528380499231383283e+01,1.115022032794585642e-03,0.000000000000000000e+00,2.720363458609316165e+00
1.578999999999999959e+00,6.678690238091884246e-04,-6.361265936979363517e-03,4.520358460544295554e+01,-5.725660382155627059e-04,0.000000000000000000e+00,2.718731725888238859e+00
1.580000000000000071e+00,-1.179877311139211453e-02,1.014688432266543788e-02,4.531411026496640204e+01,9.128483075492061123e-04,0.000000000000000000e+00,2.717100971915667795e+00
1.580999999999999961e+00,-3.841504651787830665e-03,-2.101163250735379854e-04,4.527834949094572181e+01,-1.890878678349521626e-05,0.000000000000000000e+00,2.715471196104530804e+00
1.582000000000000073e+00,6.743072242752908181e-03,8.571482888019791441e-03,4.519729400216768056e+01,7.716907207729211716e-04,0.000000000000000000e+00,2.713842397868102108e+00
1.582999999999999963e+00,-1.594063780905437266e-02,-8.224187062324812836e-03,4.508465993589123855e+01,-7.397535473577334687e-04,0.000000000000000000e+00,2.712214576620012529e+00
1.584000000000000075e+00,1.049839696108029359e-02,6.546271656693262476e-03,4.517410122049754051e+01,5.894492322024850236e-04,0.000000000000000000e+00,2.710587731774244613e+00
1.584999999999999964e+00,-4.056478556498031331e-03,7.079444115228730044e-03,4.514472899970228781e+01,6.370878160353880739e-04,0.000000000000000000e+00,2.708961862745129956e+00
1.586000000000000076e+00,2.020956345519862862e-02,9.927996052920132816e-04,4.511966955465715046e+01,8.942978669472549040e-05,0.000000000000000000e+00,2.707336968947353206e+00
1.586999999999999966e+00,1.326542606779040900e-02,4.873046870706498890e-03,4.511577601958457961e+01,4.388346464581263217e-04,0.000000000000000000e+00,2.705713049795949399e+00
1.588000000000000078e+00,-2.004398282921686716e-02,1.186106220911694112e-02,4.507488253411403889e+01,1.066710297432528487e-03,0.000000000000000000e+00,2.704090104706304398e+00
1.588999999999999968e+00,-6.701376733484181586e-03,-4.796007059369679013e-03,4.515302862714391097e+01,-4.315529628783496214e-04,0.000000000000000000e+00,2.702468133094154901e+00
1.590000000000000080e+00,9.388906080823227265e-03,-2.180001480987348462e-03,4.503840619808877221e+01,-1.962862819117988612e-04,0.000000000000000000e+00,2.700847134375587988e+00
1.590999999999999970e+00,8.918402395499012633e-03,-9.587362254232893732e-03,4.494079717944858032e+01,-8.632252697011325374e-04,0.000000000000000000e+00,2.699227107967042905e+00
1.592000000000000082e+00,1.715662267974956551e-02,-6.569066040189253108e-03,4.491949015014844804e+01,-5.916588310199896988e-04,0.000000000000000000e+00,2.697608053285304397e+00
1.592999999999999972e+00,4.324307991847990348e-03,-1.528581068546844106e-02,4.496269737644753661e+01,-1.376048933429598314e-03,0.000000000000000000e+00,2.695989969747511594e+00
1.594000000000000083e+00,1.375453279716346705e-02,-9.624413541480707560e-03,4.486720232597392766e+01,-8.667284813744179604e-04,0.000000000000000000e+00,2.694372856771150904e+00
1.594999999999999973e+00,-5.202837380478583622e-03,1.445248831097816454e-02,4.485202053244008624e+01,1.300537548579704279e-03,0.000000000000000000e+00,2.692756713774059119e+00
1.596000000000000085e+00,-4.397951823181022249e-03,-7.165564856146951211e-03,4.484342308001028243e+01,-6.448291372774449205e-04,0.000000000000000000e+00,2.691141540174420754e+00
1.596999999999999975e+00,-5.157039202176610070e-03,1.154219253316643001e-03,4.489355668977167113e+01,1.038650362630270008e-04,0.000000000000000000e+00,2.689527335390769824e+00
1.598000000000000087e+00,1.223761400463880579e-02,1.037095186511076362e-03,4.492456692236717686e+01,9.339016284145636876e-05,0.000000000000000000e+00,2.687914098841992061e+00
1.598999999999999977e+00,-9.796879233719605826e-03,-1.399024990602931035e-02,4.476436551631132943e+01,-1.258711182739893995e-03,0.000000000000000000e+00,2.686301829947316921e+00
1.600000000000000089e+00,7.732390426498169690e-03,-5.081637101944299316e-03,4.476849432612047508e+01,-4.575179160683709575e-04,0.000000000000000000e+00,2.684690528126326026e+00
1.600999999999999979e+00,-4.580886555155870218e-03,1.431309744407976113e-02,4.478142559985023752e+01,1.288026145414446384e-03,0.000000000000000000e+00,2.683080192798946051e+00
1.602000000000000091e+00,-2.363919224232978455e-03,1.241642386702748388e-02,4.465096862723944326e+01,1.117444627431410636e-03,0.000000000000000000e+00,2.681470823385454949e+00
1.602999999999999980e+00,-1.958647572878275886e-02,1.335190569046359674e-02,4.474131744615352346e+01,1.200809447168754230e-03,0.000000000000000000e+00,2.679862419306476173e+00
1.604000000000000092e+00,-9.945638151041782948e-03,1.326482377208739426e-02,4.467425368828742194e+01,1.193437069816730188e-03,0.000000000000000000e+00,2.678254979982981343e+00
1.604999999999999982e+00,6.079438308006204252e-03,5.674628110836064422e-04,4.462231996215380292e+01,5.108733184328610657e-05,0.000000000000000000e+00,2.676648504836288467e+00
1.606000000000000094e+00,2.162596711351059617e-02,1.133549953439150909e-02,4.468640491110020463e+01,1.021141183302550805e-03,0.000000000000000000e+00,2.675042993288065052e+00
1.606999999999999984e+00,5.124581571569116270e-03,-1.499717958200163723e-02,4.464224866040766670e+01,-1.350109090924194550e-03,0.000000000000000000e+00,2.673438444760322330e+00
1.608000000000000096e+00,2.949199376276339084e-03,-9.597367946067972971e-03,4.457112446175897702e+01,-8.639203736259292495e-04,0.000000000000000000e+00,2.671834858675420588e+00
1.608999999999999986e+00,5.633248147558575373e-04,1.935178753467626384e-02,4.448436947620298554e+01,1.741812117583741489e-03,0.000000000000000000e+00,2.670232234456065168e+00
1.610000000000000098e+00,2.388945145195414330e-02,1.203468583673613507e-02,4.446936327692904456e+01,1.084224164857925873e-03,0.000000000000000000e+00,2.668630571525309580e+00
1.610999999999999988e+00,-1.994251551593880997e-02,-1.185617631632849764e-02,4.451359284326200338e+01,-1.066275211922987180e-03,0.000000000000000000e+00,2.667029869306550616e+00
1.612000000000000099e+00,6.842168144611853776e-03,-1.131328412814239584e-02,4.444068782029898301e+01,-1.018539150753059071e-03,0.000000000000000000e+00,2.665430127223534562e+00
1.612999999999999989e+00,-1.168890910167312515e-03,3.262005934300361149e-03,4.446665097121035615e+01,2.935857303622939883e-04,0.000000000000000000e+00,2.663831344700348769e+00
1.614000000000000101e+00,2.364483852174615285e-03,-9.675320981848265943e-04,4.441670070770465628e+01,-8.709171024963614652e-05,0.000000000000000000e+00,2.662233521161429195e+00
1.614999999999999991e+00,9.947794691581225701e-03,5.475863009753270975e-04,4.439265548754404733e+01,4.930550576058646329e-05,0.000000000000000000e+00,2.660636656031557745e+00
1.616000000000000103e+00,-1.228434845318444185e-02,-5.699915690383889656e-03,4.428974846647022190e+01,-5.127739062822416405e-04,0.000000000000000000e+00,2.659040748735859605e+00
1.616999999999999993e+00,-1.331989546620305533e-02,-7.460731336783774439e-03,4.424126784752297681e+01,-6.711520613341476682e-04,0.000000000000000000e+00,2.657445798699804129e+00
1.618000000000000105e+00,-1.655554010438549817e-03,-8.081425465465308378e-03,4.430788102762048908e+01,-7.273270378492308541e-04,0.000000000000000000e+00,2.655851805349207062e+00
1.618999999999999995e+00,1.164681929416056493e-02,-1.801848644859322876e-02,4.429323704388451688e+01,-1.622521971199400014e-03,0.000000000000000000e+00,2.654258768110227429e+00
1.620000000000000107e+00,6.247160108454848267e-03,-2.090869154845366538e-03,4.427210050133797381e+01,-1.882372537869957661e-04,0.000000000000000000e+00,2.652666686409370200e+00
1.620999999999999996e+00,5.751553773437590410e-03,-7.999281516351701427e-03,4.412383488058674885e+01,-7.201469329608410283e-04,0.000000000000000000e+00,2.651075559673481852e+00
1.622000000000000108e+00,1.918194160394841655e-02,-7.250979121035431955e-03,4.416170380376568971e+01,-6.531297350048456294e-04,0.000000000000000000e+00,2.649485387329753916e+00
1.622999999999999998e+00,-1.272788359187084981e-02,-5.123746899272272540e-06,4.414050919093337910e+01,-4.609326391890367132e-07,0.000000000000000000e+00,2.647896168805722983e+00
1.624000000000000110e+00,-8.033656953517421401e-03,-7.548790157762462483e-03,4.409987876257192596e+01,-6.792169938449433642e-04,0.000000000000000000e+00,2.646307903529264038e+00
1.625000000000000000e+00,-9.934296872196725012e-03,1.165284986731043382e-03,4.406697977540454758e+01,1.048408145992964430e-04,0.000000000000000000e+00,2.644720590928600235e+00
1.626000000000000112e+00,2.694207061240601678e-02,7.436330339206065690e-03,4.409804271270356679e+01,6.700324787183244060e-04,0.000000000000000000e+00,2.643134230432296228e+00
1.627000000000000002e+00,-3.592077762438250499e-03,-2.546004475496800069e-03,4.404597714456571111e+01,-2.291222972057654840e-04,0.000000000000000000e+00,2.641548821469259511e+00
1.628000000000000114e+00,2.834040454571036538e-03,5.294376221355250045e-03,4.400627738843134296e+01,4.765784212813710787e-04,0.000000000000000000e+00,2.639964363468741304e+00
1.629000000000000004e+00,-9.654786060740503176e-03,1.307313597100292699e-02,4.390309279706174550e+01,1.176204564146616279e-03,0.000000000000000000e+00,2.638380855860330776e+00
1.630000000000000115e+00,7.427778008417302777e-03,4.777778498815893858e-03,4.389401271776452518e+01,4.301552142255778057e-04,0.000000000000000000e+00,2.636798298073963487e+00
1.631000000000000005e+00,-3.499949643374742399e-03,1.049142721634026970e-02,4.389316182441022107e+01,9.441573129815479526e-04,0.000000000000000000e+00,2.635216689539913837e+00
1.632000000000000117e+00,-7.693705759201700974e-03,6.356647074750050759e-03,4.392250553878042751e+01,5.719593766994173498e-04,0.000000000000000000e+00,2.633636029688802616e+00
1.633000000000000007e+00,-1.252319852822381813e-02,-7.870038557861518472e-03,4.385124005348960452e+01,-7.079950205596143411e-04,0.000000000000000000e+00,2.632056317951589897e+00
1.634000000000000119e+00,-1.277414618624850978e-02,2.497432665846164614e-03,4.376875971813537092e+01,2.246688070311756900e-04,0.000000000000000000e+00,2.630477553759574594e+00
1.635000000000000009e+00,-9.182849852260810408e-03,-5.174156150910432655e-03,4.384268303873172812e+01,-4.655333474924447205e-04,0.000000000000000000e+00,2.628899736544399346e+00
1.636000000000000121e+00,2.667237458247882168e-03,-1.841659525597109720e-03,4.367227405054079270e+01,-1.657776686699796926e-04,0.000000000000000000e+00,2.627322865738044744e+00
1.637000000000000011e+00,1.954907844126294991e-03,-1.147771804099364558e-02,4.378016815965894182e+01,-1.033141698985020913e-03,0.000000000000000000e+00,2.625746940772836435e+00
1.638000000000000123e+00,-1.538124612349056099e-02,-1.171669500644486120e-02,4.366273541838501870e+01,-1.053923050926288373e-03,0.000000000000000000e+00,2.624171961081440685e+00
1.639000000000000012e+00,2.220898218718560854e-03,-4.750521108930695798e-03,4.378304229774580847e+01,-4.276123118643393234e-04,0.000000000000000000e+00,2.622597926096859045e+00
1.640000000000000124e+00,1.473475378454530520e-02,-6.674366971376259963e-03,4.368241599872975911e+01,-6.010849498507316990e-04,0.000000000000000000e+00,2.621024835252436791e+00
1.641000000000000014e+00,-3.645819179369038949e-03,3.806310158020645429e-03,4.364034524151711025e+01,3.425401113398494055e-04,0.000000000000000000e+00,2.619452687981858041e+00
1.642000000000000126e+00,-8.344007260627887834e-03,2.008268790638284562e-03,4.356356085183205806e+01,1.806956295999495176e-04,0.000000000000000000e+00,2.617881483719145752e+00
1.643000000000000016e+00,1.480860367517164086e-02,-1.355688919397953635e-02,4.363642245388638941e+01,-1.220919691625933605e-03,0.000000000000000000e+00,2.616311221898663497e+00
1.644000000000000128e+00,-3.508883919850398943e-03,-2.427851561463205757e-02,4.359612094400139881e+01,-2.184901007139888884e-03,0.000000000000000000e+00,2.614741901955115910e+00
1.645000000000000018e+00,-8.163109000207439958e-03,-3.293570286820226428e-04,4.348823734764555127e+01,-2.963438248110757472e-05,0.000000000000000000e+00,2.613173523323544245e+00
1.646000000000000130e+00,-3.076622168715016994e-03,1.090011423190809757e-02,4.359030258054641394e+01,9.809529484215442040e-04,0.000000000000000000e+00,2.611606085439328151e+00
1.647000000000000020e+00,-4.800155749164093134e-03,1.973401539933499274e-02,4.355622574737326147e+01,1.775835413364292795e-03,0.000000000000000000e+00,2.610039587738188338e+00
1.648000000000000131e+00,-1.561221013485395229e-02,-1.226414749909819461e-02,4.364083028647844031e+01,-1.103156523727994234e-03,0.000000000000000000e+00,2.608474029656181692e+00
1.649000000000000021e+00,1.071950267433893073e-02,7.813186718189396585e-03,4.354107157473494283e+01,7.035329079744946212e-04,0.000000000000000000e+00,2.606909410629705715e+00
1.650000000000000133e+00,-6.871777390503471493e-04,-1.833200539374233232e-02,4.342847890085150908e+01,-1.649941408810405487e-03,0.000000000000000000e+00,2.605345730095493195e+00
1.651000000000000023e+00,9.512369000734588508e-04,6.863673599522362133e-03,4.349563842731780028e+01,6.177938294137817407e-04,0.000000000000000000e+00,2.603782987490617096e+00
1.652000000000000135e+00,-1.697840908719684683e-02,2.052687651843554742e-02,4.334224573183775675e+01,1.846285875162285116e-03,0.000000000000000000e+00,2.602221182252487441e+00
1.653000000000000025e+00,1.015058204187694289e-02,-1.067848170925289955e-02,4.332389467737509392e+01,-9.615145593076837279e-04,0.000000000000000000e+00,2.600660313818851765e+00
1.654000000000000137e+00,1.404814130087360478e-03,-2.588069897415510093e-03,4.325260798552506003e+01,-2.329543402414014112e-04,0.000000000000000000e+00,2.599100381627792000e+00
1.655000000000000027e+00,1.871545688061983974e-03,-1.101667710396335778e-02,4.327977865110884892e+01,-9.916388079849406539e-04,0.000000000000000000e+00,2.597541385117730695e+00
1.656000000000000139e+00,3.895744118847904204e-03,4.021545124827306111e-03,4.331066357530976774e+01,3.620186302100914444e-04,0.000000000000000000e+00,2.595983323727427905e+00
1.657000000000000028e+00,3.519682402424832279e-03,-9.817628192738691445e-03,4.311354898080441700e+01,-8.837675235486149809e-04,0.000000000000000000e+00,2.594426196895978531e+00
1.658000000000000140e+00,3.409173899445336830e-04,2.814258223014330131e-03,4.326361709372702791e+01,2.533029859201398623e-04,0.000000000000000000e+00,2.592870004062810985e+00
1.659000000000000030e+00,-9.782238194173465892e-03,-9.400949012425646040e-03,4.325522192604434935e+01,-8.458095206872847304e-04,0.000000000000000000e+00,2.591314744667695180e+00
1.660000000000000142e+00,-5.493517525787059569e-03,1.491829069644963913e-03,4.313396260118100400e+01,1.342438178646912365e-04,0.000000000000000000e+00,2.589760418150735433e+00
1.661000000000000032e+00,6.477106709461107753e-03,-8.726304967245548244e-03,4.316365312379684127e+01,-7.856210177628480690e-04,0.000000000000000000e+00,2.588207023952370012e+00
1.662000000000000144e+00,1.741434283944980066e-02,7.503314138093747018e-03,4.312555019695002301e+01,6.758110932293276982e-04,0.000000000000000000e+00,2.586654561513375139e+00
1.663000000000000034e+00,5.871898018105382172e-03,-8.617328392475550811e-03,4.314995650200607002e+01,-7.757912255271133279e-04,0.000000000000000000e+00,2.585103030274861435e+00
1.664000000000000146e+00,2.492324469468345030e-03,-5.295661143044680386e-03,4.313741851961928830e+01,-4.766875844386091058e-04,0.000000000000000000e+00,2.583552429678274365e+00
1.665000000000000036e+00,-9.998294979796188212e-03,1.952348330467224696e-02,4.303672117917436424e+01,1.756525387983942817e-03,0.000000000000000000e+00,2.582002759165394234e+00
1.665999999999999925e+00,-2.859403363956423971e-03,1.240999255865316356e-02,4.302978730577471111e+01,1.116843739346983118e-03,0.000000000000000000e+00,2.580454018178337083e+00
1.667000000000000037e+00,-1.037728645731854360e-02,-1.030379165924972910e-02,4.293660600633482005e+01,-9.270168389944411034e-04,0.000000000000000000e+00,2.578906206159552461e+00
1.667999999999999927e+00,1.965795980447998872e-02,5.700891062634081546e-03,4.296814033026692670e+01,5.135157734422682177e-04,0.000000000000000000e+00,2.577359322551826537e+00
1.669000000000000039e+00,1.249681794586221181e-02,-1.093550792598359115e-03,4.286632788855014553e+01,-9.847499427865835436e-05,0.000000000000000000e+00,2.575813366798276327e+00
1.669999999999999929e+00,2.004283820372702429e-03,-5.125734172434371315e-03,4.297197031111277710e+01,-4.613826657141462790e-04,0.000000000000000000e+00,2.574268338342358131e+00
1.671000000000000041e+00,3.355302472709270276e-03,-4.944149655857209801e-03,4.285361398956128909e+01,-4.450616941605649258e-04,0.000000000000000000e+00,2.572724236627855099e+00
1.671999999999999931e+00,3.189126264696953185e-03,-8.385938765687624532e-04,4.294037504724231979e+01,-7.548791247770602871e-05,0.000000000000000000e+00,2.571181061098889220e+00
1.673000000000000043e+00,-1.359998193043470728e-02,-6.869932858902487796e-03,4.279426256825052377e+01,-6.179981323497458828e-04,0.000000000000000000e+00,2.569638811199916439e+00
1.673999999999999932e+00,-6.884533500887060099e-03,4.782546665123792347e-03,4.283880513432161763e+01,4.303386269306976215e-04,0.000000000000000000e+00,2.568097486375723104e+00
1.675000000000000044e+00,2.718851368399902158e-03,-1.044663144714174860e-02,4.267057374499928812e+01,-9.403593604994072222e-04,0.000000000000000000e+00,2.566557086071427740e+00
1.675999999999999934e+00,2.056155482751714433e-02,4.427599139775538310e-03,4.268227732234778671e+01,3.988365853820126806e-04,0.000000000000000000e+00,2.565017609732483272e+00
1.677000000000000046e+00,1.247622185107447913e-03,-3.404063004240410247e-03,4.273770690320983334e+01,-3.064006414758955348e-04,0.000000000000000000e+00,2.563479056804677025e+00
1.677999999999999936e+00,1.293661985756848487e-02,-1.171736643164429312e-03,4.273646994161516233e+01,-1.055175345435132531e-04,0.000000000000000000e+00,2.561941426734127170e+00
1.679000000000000048e+00,-9.956135116188260907e-04,-7.119411480673124536e-03,4.282579824136443136e+01,-6.407628056046643737e-04,0.000000000000000000e+00,2.560404718967281834e+00
1.679999999999999938e+00,-3.709160486673305796e-03,7.727844592067302509e-03,4.262787221293985596e+01,6.954478075695962351e-04,0.000000000000000000e+00,2.558868932950925323e+00
1.681000000000000050e+00,1.138347665128319232e-02,1.187364620252301731e-02,4.260111136111497387e+01,1.069182448505359272e-03,0.000000000000000000e+00,2.557334068132171456e+00
1.681999999999999940e+00,-1.130968556704442865e-02,1.523578955157033933e-02,4.252762058574560911e+01,1.370690338659828842e-03,0.000000000000000000e+00,2.555800123958466230e+00
1.683000000000000052e+00,-1.469902137012285342e-03,4.998078474689457429e-03,4.250598928344664529e+01,4.498296202647804071e-04,0.000000000000000000e+00,2.554267099877586045e+00
1.683999999999999941e+00,1.029813810233272571e-02,-5.988116795778701540e-03,4.254664934535415455e+01,-5.391867056968198662e-04,0.000000000000000000e+00,2.552734995337639479e+00
1.685000000000000053e+00,-8.024399494690420340e-03,-9.609430240111464100e-03,4.250655776829241717e+01,-8.646273900929334066e-04,0.000000000000000000e+00,2.551203809787064625e+00
1.685999999999999943e+00,-2.298066988245310582e-02,-2.557598843257471131e-03,4.247358076097931701e+01,-2.299875816590971002e-04,0.000000000000000000e+00,2.549673542674633975e+00
1.687000000000000055e+00,3.392208546418283739e-03,2.272403904418479614e-02,4.255653633560625337e+01,2.045572022204151120e-03,0.000000000000000000e+00,2.548144193449449091e+00
1.687999999999999945e+00,2.698284566787345802e-03,1.869954577561195978e-03,4.241049046942282530e+01,1.683248668651574791e-04,0.000000000000000000e+00,2.546615761560939717e+00
1.689000000000000057e+00,4.226629304492078337e-04,2.804317602195916578e-03,4.244019446923081773e+01,2.524090837554225078e-04,0.000000000000000000e+00,2.545088246458866443e+00
1.689999999999999947e+00,1.514560888013246481e-02,-5.268012477352158537e-03,4.234175270483356002e+01,-4.744382382109067157e-04,0.000000000000000000e+00,2.543561647593323372e+00
1.691000000000000059e+00,6.948602366698681740e-03,7.030355885523639943e-03,4.244583503672627245e+01,6.329482262287693724e-04,0.000000000000000000e+00,2.542035964414731453e+00
1.691999999999999948e+00,-9.599340867461008883e-03,-5.295914127024286579e-03,4.244357418954228933e+01,-4.764803311447622647e-04,0.000000000000000000e+00,2.540511196373842040e+00
1.693000000000000060e+00,7.911361503340791357e-03,-5.455652584872259202e-03,4.233799408536906128e+01,-4.911953715722097843e-04,0.000000000000000000e+00,2.538987342921735113e+00
1.693999999999999950e+00,4.134834999931212909e-03,1.568830939316175413e-03,4.230473382311351571e+01,1.412271722882112938e-04,0.000000000000000000e+00,2.537464403509821498e+00
1.695000000000000062e+00,-1.793656066325078832e-02,-1.925901812478148997e-02,4.222961651713659137e+01,-1.732182315730764529e-03,0.000000000000000000e+00,2.535942377589838870e+00
1.695999999999999952e+00,-1.974783941462249573e-02,3.749808640547351579e-03,4.220522419737316966e+01,3.372384979623183109e-04,0.000000000000000000e+00,2.534421264613856639e+00
1.697000000000000064e+00,-1.324943873563472728e-02,4.363363195147456665e-04,4.221178947237114443e+01,3.925202918554709594e-05,0.000000000000000000e+00,2.532901064034269289e+00
1.697999999999999954e+00,-1.621920383909246019e-02,6.354120967756873113e-05,4.215813380897962759e+01,5.715374905468046131e-06,0.000000000000000000e+00,2.531381775303803927e+00
1.699000000000000066e+00,1.105361822144065691e-02,-2.070630087365816704e-02,4.217347231457066670e+01,-1.864509163796758580e-03,0.000000000000000000e+00,2.529863397875512732e+00
1.699999999999999956e+00,9.745371182042982319e-03,-7.005393031531316136e-03,4.213071946516532762e+01,-6.307711799160068116e-04,0.000000000000000000e+00,2.528345931202776509e+00
1.701000000000000068e+00,8.341143212486008471e-03,-1.362027377169175435e-02,4.211098522052538584e+01,-1.226311618929328473e-03,0.000000000000000000e+00,2.526829374739304690e+00
1.701999999999999957e+00,4.729796056147845575e-03,-1.127580456209250270e-03,4.206392347249329333e+01,-1.015079292306337937e-04,0.000000000000000000e+00,2.525313727939134445e+00
1.703000000000000069e+00,-4.326280163990920725e-03,5.038477274298675326e-03,4.207063713014630935e+01,4.534138360528890870e-04,0.000000000000000000e+00,2.523798990256629793e+00
1.703999999999999959e+00,5.597382721649710180e-03,3.945360208765775686e-03,4.208935058403675100e+01,3.551845962725530136e-04,0.000000000000000000e+00,2.522285161146482491e+00
1.705000000000000071e+00,9.431575387326406393e-03,7.641631318062834174e-03,4.207673302313907726e+01,6.880499694970128744e-04,0.000000000000000000e+00,2.520772240063712033e+00
1.705999999999999961e+00,2.730740252427997939e-03,1.081778086042904825e-03,4.206111145077123581e+01,9.737690440789347640e-05,0.000000000000000000e+00,2.519260226463660768e+00
1.707000000000000073e+00,-5.369400583110049696e-03,4.380669840663560695e-03,4.191780303842661226e+01,3.942011654332388875e-04,0.000000000000000000e+00,2.517749119802005442e+00
1.707999999999999963e+00,7.656859086431396129e-03,-1.537215709934355509e-02,4.196183907773861677e+01,-1.384005970199678410e-03,0.000000000000000000e+00,2.516238919534742990e+00
1.709000000000000075e+00,-1.142249037751869555e-02,-1.274615443025698368e-02,4.188556141338938232e+01,-1.146704736452787768e-03,0.000000000000000000e+00,2.514729625118197198e+00
1.709999999999999964e+00,1.664784939557900981e-02,1.753239819863205290e-02,4.182003251102341324e+01,1.579065833115708955e-03,0.000000000000000000e+00,2.513221236009021364e+00
1.711000000000000076e+00,1.253619915642978019e-02,-4.064958377553319797e-03,4.189785073585309760e+01,-3.660528477615103090e-04,0.000000000000000000e+00,2.511713751664190308e+00
1.711999999999999966e+00,6.745420671306824600e-03,1.703648364802116564e-03,4.182768126094700989e+01,1.533794997831189528e-04,0.000000000000000000e+00,2.510207171541008364e+00
1.713000000000000078e+00,3.816813867898515272e-03,-1.538709929381015112e-02,4.173537806711405551e+01,-1.385139017914037950e-03,0.000000000000000000e+00,2.508701495097102718e+00
1.713999999999999968e+00,-2.968636218993230859e-03,-3.613401393472900555e-03,4.167974867895044611e+01,-3.251885212614747571e-04,0.000000000000000000e+00,2.507196721790428739e+00
1.715000000000000080e+00,-1.874804218573127143e-03,-1.158996123180182358e-02,4.177724736652081816e+01,-1.043085584474844193e-03,0.000000000000000000e+00,2.505692851079264205e+00
1.715999999999999970e+00,-7.432994050052808312e-04,1.160592039055912588e-03,4.172679193107396145e+01,1.044569065803226441e-04,0.000000000000000000e+00,2.504189882422212854e+00
1.717000000000000082e+00,3.138575537997245930e-03,2.100495004654911839e-03,4.171376211941886680e+01,1.890803971374919990e-04,0.000000000000000000e+00,2.502687815278203942e+00
1.717999999999999972e+00,-1.211794598732036758e-02,-2.833103155060287103e-03,4.166633160289560323e+01,-2.548723705981136749e-04,0.000000000000000000e+00,2.501186649106489135e+00
1.719000000000000083e+00,1.650868766669939466e-02,-1.122043858877148220e-02,4.173927850210712620e+01,-1.010569841596538777e-03,0.000000000000000000e+00,2.499686383366647835e+00
1.719999999999999973e+00,-9.703777897291735940e-03,6.907941414525447729e-03,4.174345394017667843e+01,6.215139462952623886e-04,0.000000000000000000e+00,2.498187017518579633e+00
1.721000000000000085e+00,-6.223009402222649117e-03,9.569716094269509546e-03,4.162868481062437809e+01,8.611159552517658970e-04,0.000000000000000000e+00,2.496688551022511415e+00
1.721999999999999975e+00,-5.693893879293758682e-03,9.980486391459326978e-03,4.154664750046418931e+01,8.980974481381574868e-04,0.000000000000000000e+00,2.495190983338990698e+00
1.723000000000000087e+00,-7.715540104251504029e-03,-1.158162269777531991e-02,4.156612881373305868e+01,-1.042092135579995469e-03,0.000000000000000000e+00,2.493694313928890072e+00
1.723999999999999977e+00,-2.124074211618432947e-02,-6.313442559632352451e-03,4.151336387980365572e+01,-5.677646869687758176e-04,0.000000000000000000e+00,2.492198542253409865e+00
1.725000000000000089e+00,8.729740840619068867e-03,-1.635087357295136531e-02,4.146219435600971792e+01,-1.472186054867449453e-03,0.000000000000000000e+00,2.490703667774065710e+00
1.725999999999999979e+00,2.323478464938813839e-02,2.283742571220586520e-02,4.150188726449248122e+01,2.057406635345012183e-03,0.000000000000000000e+00,2.489209689952701865e+00
1.727000000000000091e+00,5.356763824444119373e-03,1.501232494815831105e-02,4.154081482493959498e+01,1.351485061019485181e-03,0.000000000000000000e+00,2.487716608251480555e+00
1.727999999999999980e+00,6.357377221237782428e-03,-4.285064745636605298e-03,4.154490993507181429e+01,-3.857785004488603901e-04,0.000000000000000000e+00,2.486224422132892187e+00
1.729000000000000092e+00,-2.499614405619025176e-03,1.453951044485564566e-02,4.139431517695960849e+01,1.308509600728194854e-03,0.000000000000000000e+00,2.484733131059746025e+00
1.729999999999999982e+00,-4.619271088540007346e-04,-2.223300613144648177e-02,4.138084714144989107e+01,-2.001062428791028792e-03,0.000000000000000000e+00,2.483242734495174187e+00
1.731000000000000094e+00,6.647426803179896405e-03,-1.227529756749829760e-02,4.139861999507228063e+01,-1.105140989242806709e-03,0.000000000000000000e+00,2.481753231902632084e+00
1.731999999999999984e+00,2.292863589020655360e-02,3.191203472888774241e-03,4.130595628240139661e+01,2.874896293628048031e-04,0.000000000000000000e+00,2.480264622745895320e+00
1.733000000000000096e+00,1.309133849394880124e-02,6.418463700202284294e-03,4.132833398208324382e+01,5.780007384146366826e-04,0.000000000000000000e+00,2.478776906489064125e+00
1.733999999999999986e+00,3.049722279835959463e-03,-2.915705889460525405e-03,4.120934126650294616e+01,-2.624623584245320065e-04,0.000000000000000000e+00,2.477290082596554477e+00
1.735000000000000098e+00,-5.608247074820550161e-03,-5.110207335601657866e-03,4.125036654104619771e+01,-4.598453099923948306e-04,0.000000000000000000e+00,2.475804150533108317e+00
1.735999999999999988e+00,1.101447297620686966e-03,-1.643318697452664148e-03,4.124870160046579315e+01,-1.479147022747217676e-04,0.000000000000000000e+00,2.474319109763789104e+00
1.737000000000000099e+00,7.614411864970163819e-03,-1.548158864085422137e-02,4.119120542976227739e+01,-1.393856092013991870e-03,0.000000000000000000e+00,2.472834959753977380e+00
1.737999999999999989e+00,-1.293668951211406071e-03,-4.118516000812416124e-03,4.118542966516296389e+01,-3.706711547582943844e-04,0.000000000000000000e+00,2.471351699969376092e+00
1.739000000000000101e+00,1.990412424310478243e-03,-8.789906201093412863e-03,4.114559584811232185e+01,-7.912053128472484442e-04,0.000000000000000000e+00,2.469869329876010156e+00
1.739999999999999991e+00,-6.067961292869703503e-03,-5.256739548281237108e-03,4.112149342710235800e+01,-4.730224251843604018e-04,0.000000000000000000e+00,2.468387848940222451e+00
1.741000000000000103e+00,7.082632235455232732e-03,6.643912611762984970e-03,4.107654341872699888e+01,5.981596464481608606e-04,0.000000000000000000e+00,2.466907256628677381e+00
1.741999999999999993e+00,-1.664136278193140486e-02,-9.348513332331914727e-03,4.111168965650531248e+01,-8.408615131044952376e-04,0.000000000000000000e+00,2.465427552408358647e+00
1.743000000000000105e+00,-1.580696086865919850e-02,-1.019848503372978825e-02,4.109672982316600098e+01,-9.173436473514414834e-04,0.000000000000000000e+00,2.463948735746570584e+00
1.743999999999999995e+00,-1.284244697564809745e-02,9.180893761769327172e-03,4.102188728471846701e+01,8.259100842808450105e-04,0.000000000000000000e+00,2.462470806110936827e+00
1.745000000000000107e+00,-1.101110502641182345e-03,-1.668381446035405906e-03,4.103843297887294739e+01,-1.501573940317171862e-04,0.000000000000000000e+00,2.460993762969398979e+00
1.745999999999999996e+00,3.992620601989297496e-03,-1.616706056513783629e-02,4.103404808158539652e+01,-1.455360953015742004e-03,0.000000000000000000e+00,2.459517605790218386e+00
1.747000000000000108e+00,1.165132617686051239e-02,-6.533384502007921930e-03,4.096753058884605281e+01,-5.883158852917452471e-04,0.000000000000000000e+00,2.458042334041977472e+00
1.747999999999999998e+00,-3.097828996086414151e-04,8.649881046988733974e-03,4.091245658923678974e+01,7.785297668140215947e-04,0.000000000000000000e+00,2.456567947193574852e+00
1.749000000000000110e+00,1.604169497774337455e-02,-6.183441445438502514e-03,4.088408365202720063e+01,-5.569018543259724330e-04,0.000000000000000000e+00,2.455094444714227997e+00
1.750000000000000000e+00,2.205191118008847494e-03,2.348186073409194372e-02,4.089453224934359810e+01,2.113689473480871023e-03,0.000000000000000000e+00,2.453621826073474121e+00
1.751000000000000112e+00,1.296471386416906540e-02,3.456889119094387897e-01,4.090881494379518557e+01,3.113010316220077983e-02,4.000000000000000222e-01,2.736661776110028033e+00
1.752000000000000002e+00,3.875227806237280682e-03,3.951533032604629403e-01,4.097782195088745993e+01,3.557158654585276802e-02,4.000000000000000222e-01,2.689316486935679151e+00
1.753000000000000114e+00,-4.533683832676313474e-03,3.960271007668456633e-01,4.099937518061833686e+01,3.563828327074263641e-02,4.000000000000000222e-01,2.685414227791852237e+00
1.754000000000000004e+00,-3.091186442210262439e-03,3.982793720073349308e-01,4.104966953083481229e+01,3.584302777320114153e-02,4.000000000000000222e-01,2.687354623865428671e+00
1.755000000000000115e+00,5.847869464733769160e-03,3.981901077929980715e-01,4.114078815091356489e+01,3.584778036521005240e-02,4.000000000000000222e-01,2.690078432374421791e+00
1.756000000000000005e+00,-2.181350471576793109e-03,3.966107499991391450e-01,4.104366873731685672e+01,3.569415687026828571e-02,4.000000000000000222e-01,2.692905170585451202e+00
1.757000000000000117e+00,-2.236716803387555838e-02,4.072861784868773705e-01,4.125868385074705458e+01,3.662539146230134324e-02,4.000000000000000222e-01,2.695743578876665048e+00
1.758000000000000007e+00,2.748586375343301923e-03,3.975522645100229013e-01,4.125981429567838177e+01,3.578593144664205666e-02,4.000000000000000222e-01,2.698581601807806596e+00
1.759000000000000119e+00,-8.655978851650101072e-03,3.916553259873875037e-01,4.126755621555474818e+01,3.523906989489440644e-02,4.000000000000000222e-01,2.701417772671486972e+00
1.760000000000000009e+00,1.232678677938842983e-02,3.876124709385779243e-01,4.141928959926845266e+01,3.490453047716943202e-02,4.000000000000000222e-01,2.704252000570260162e+00
1.761000000000000121e+00,9.058877902153763921e-04,4.081045330332553345e-01,4.135377465345106884e+01,3.673309960224363513e-02,4.000000000000000222e-01,2.707084345947383675e+00
1.762000000000000011e+00,-1.261368939561096211e-05,4.060404759570428457e-01,4.144189133646171541e+01,3.654597612298824544e-02,4.000000000000000222e-01,2.709914866512469267e+00
1.763000000000000123e+00,9.699187234684460840e-03,4.188424706000827280e-01,4.138939520379246062e+01,3.771284086713186379e-02,4.000000000000000222e-01,2.712743603882470822e+00
1.764000000000000012e+00,-3.277416607808675362e-03,4.015566529426659037e-01,4.153823330947173531e+01,3.613769702337614464e-02,4.000000000000000222e-01,2.715570586833031541e+00
1.765000000000000124e+00,-5.802079047681379595e-03,3.973720592744406921e-01,4.158545097140058999e+01,3.575750491247445956e-02,4.000000000000000222e-01,2.718395835178170739e+00
1.766000000000000014e+00,-1.378259614250617552e-03,3.880141323057805236e-01,4.152925546189987926e+01,3.492159818658965853e-02,4.000000000000000222e-01,2.721219362631802863e+00
1.767000000000000126e+00,-1.133031574852150572e-02,3.878985863959537594e-01,4.156427566129364237e+01,3.489733203469472245e-02,4.000000000000000222e-01,2.724041178779197825e+00
1.768000000000000016e+00,-5.613263786601351609e-04,4.010377100485908453e-01,4.166824638067593156e+01,3.609490798422523156e-02,4.000000000000000222e-01,2.726861290416212391e+00
1.769000000000000128e+00,1.223189582994496996e-02,4.089222501808987276e-01,4.168426696270366705e+01,3.682333822356827907e-02,4.000000000000000222e-01,2.729679702455609203e+00
1.770000000000000018e+00,-1.027375300508301566e-02,4.131417132311974161e-01,4.180798644523678576e+01,3.716990025477506787e-02,4.000000000000000222e-01,2.732496418539523297e+00
1.771000000000000130e+00,-3.754707343942671575e-03,3.689675282795615852e-01,4.180247662946059251e+01,3.320423813481404585e-02,4.000000000000000222e-01,2.735311441452971337e+00
1.772000000000000020e+00,1.058943567562529303e-02,4.172996433745707612e-01,4.190629647004865177e+01,3.757525819677145357e-02,4.000000000000000222e-01,2.738124773402889733e+00
1.773000000000000131e+00,-6.932154415575789760e-04,4.097067424965907811e-01,4.195049978375613620e+01,3.687495953122237047e-02,4.000000000000000222e-01,2.740936416206346760e+00
1.774000000000000021e+00,8.467765328414235404e-03,3.813397084247845958e-01,4.202045193081396235e+01,3.433438163256046644e-02,4.000000000000000222e-01,2.743746371417450369e+00
1.775000000000000133e+00,-3.948506331357015675e-03,3.911364250472748605e-01,4.198538073131577164e+01,3.519899595369866546e-02,4.000000000000000222e-01,2.746554640412903758e+00
1.776000000000000023e+00,1.187982998948105759e-02,4.120323549743820646e-01,4.208914168490782259e+01,3.710288124065314747e-02,4.000000000000000222e-01,2.749361224449669461e+00
1.777000000000000135e+00,-1.543562915272798800e-03,3.765277091359566786e-01,4.212044802463745441e+01,3.388758686521092106e-02,4.000000000000000222e-01,2.752166124703833816e+00
1.778000000000000025e+00,-1.652577683020848426e-02,4.016252353642155160e-01,4.208658139570755452e+01,3.612475588383255720e-02,4.000000000000000222e-01,2.754969342296794022e+00
1.779000000000000137e+00,-1.113260598039655935e-02,4.019477876492289492e-01,4.226092179290994721e+01,3.616155517984928625e-02,4.000000000000000222e-01,2.757770878312901797e+00
1.780000000000000027e+00,-8.125942399532954177e-03,4.209535717023529799e-01,4.221040069825983920e+01,3.787597219464987341e-02,4.000000000000000222e-01,2.760570733811357425e+00
1.781000000000000139e+00,-2.552962485180313573e-02,3.937634690606154897e-01,4.232965439893948201e+01,3.540488267377161352e-02,4.000000000000000222e-01,2.763368909834212683e+00
1.782000000000000028e+00,-9.297217918200823732e-05,3.931955033676780009e-01,4.242189085436526597e+01,3.538974127878327658e-02,4.000000000000000222e-01,2.766165407411779409e+00
1.783000000000000140e+00,-1.444492905556840623e-02,3.957438448980829526e-01,4.232829777717784481e+01,3.559870384815619349e-02,4.000000000000000222e-01,2.768960227566254595e+00
1.784000000000000030e+00,-6.879136699009733881e-03,3.964987817950118565e-01,4.247586872562115445e+01,3.567738906607935412e-02,4.000000000000000222e-01,2.771753371314177539e+00
1.785000000000000142e+00,-3.176253242516728463e-03,3.879928149347379174e-01,4.249367819904828281e+01,3.491717372153724935e-02,4.000000000000000222e-01,2.774544839668076524e+00
1.786000000000000032e+00,6.792621233119917022e-03,3.893648026940649820e-01,4.255522211920299469e+01,3.505458777364745676e-02,4.000000000000000222e-01,2.777334633637581263e+00
1.787000000000000144e+00,-7.521209736052843729e-03,3.968224630453240920e-01,4.253664591364566405e+01,3.570559902594810237e-02,4.000000000000000222e-01,2.780122754230175630e+00
1.788000000000000034e+00,1.755005613778839318e-02,3.950530481687720141e-01,4.272345793587579266e+01,3.558196718055904595e-02,4.000000000000000222e-01,2.782909202451698150e+00
1.789000000000000146e+00,-1.568039282889305969e-02,3.932593522982389955e-01,4.269765484550964629e+01,3.537346878717886195e-02,4.000000000000000222e-01,2.785693979306682166e+00
1.790000000000000036e+00,3.307219757177536947e-03,4.275521665715453778e-01,4.272236553969194262e+01,3.848725053560500542e-02,4.000000000000000222e-01,2.788477085798590327e+00
1.791000000000000147e+00,1.814621032115889057e-02,4.083065987830456489e-01,4.271753540964335372e+01,3.677657339047187002e-02,4.000000000000000222e-01,2.791258522929962904e+00
1.792000000000000037e+00,-2.483869713323390467e-03,4.144273408751649179e-01,4.275524998304855018e+01,3.729716328358529537e-02,4.000000000000000222e-01,2.794038291702527488e+00
1.792999999999999927e+00,2.268551287849471850e-03,3.993754218635742204e-01,4.285084120283627129e+01,3.594935551045926742e-02,4.000000000000000222e-01,2.796816393117265154e+00
1.794000000000000039e+00,4.880185672968123493e-03,3.831916488155270306e-01,4.286094884573889630e+01,3.449618514712853024e-02,4.000000000000000222e-01,2.799592828174461090e+00
1.794999999999999929e+00,-6.681315804417093870e-03,3.853308297302348584e-01,4.289189019808635805e+01,3.467275847849751041e-02,4.000000000000000222e-01,2.802367597873732574e+00
1.796000000000000041e+00,-4.671585364801884681e-03,4.068503132896366670e-01,4.297873791689952583e+01,3.661205728591983982e-02,4.000000000000000222e-01,2.805140703214054287e+00
1.796999999999999931e+00,-1.753993399370661413e-02,3.974072425113022167e-01,4.309989795609644858e+01,3.574391474891050469e-02,4.000000000000000222e-01,2.807912145193773412e+00
1.798000000000000043e+00,-1.500948289616931518e-02,4.158252006630839270e-01,4.307224697350888221e+01,3.740425693032724264e-02,4.000000000000000222e-01,2.810681924810618959e+00
1.798999999999999932e+00,7.476023627357548766e-03,4.053366491459596821e-01,4.318011218907565762e+01,3.649353121138998457e-02,4.000000000000000222e-01,2.813450043061706651e+00
1.800000000000000044e+00,-7.603872640733062328e-03,3.919194555185381845e-01,4.320053165255062311e+01,3.526431604183788426e-02,4.000000000000000222e-01,2.816216500943543810e+00
1.800999999999999934e+00,-2.384844877709080616e-02,4.058685206197727435e-01,4.313749045266717985e+01,3.649574835298667608e-02,4.000000000000000222e-01,2.818981299452039124e+00
1.802000000000000046e+00,7.153274432026044544e-03,4.082273599156753252e-01,4.328004858926851739e+01,3.675331627395750367e-02,4.000000000000000222e-01,2.821744439582491548e+00
1.802999999999999936e+00,-1.516578639897989654e-02,4.150959732964910609e-01,4.337157026488803524e+01,3.733842850136192409e-02,4.000000000000000222e-01,2.824505922329611618e+00
1.804000000000000048e+00,-4.330982014941753278e-03,3.905771040466802235e-01,4.338895325072019915e+01,3.514812514614640282e-02,4.000000000000000222e-01,2.827265748687501024e+00
1.804999999999999938e+00,-1.352107611700472138e-03,4.053640353294503118e-01,4.334620414815523759e+01,3.648314212836586967e-02,4.000000000000000222e-01,2.830023919649669928e+00
1.806000000000000050e+00,4.514925496614499018e-03,4.005051480610866133e-01,4.341485927765884867e+01,3.605427837874620317e-02,4.000000000000000222e-01,2.832780436209031638e+00
1.806999999999999940e+00,-1.858205814586815895e-03,3.971804805930560511e-01,4.350696873519094510e+01,3.574589249432211235e-02,4.000000000000000222e-01,2.835535299357900385e+00
1.808000000000000052e+00,-7.337658360011716126e-03,4.030053702718260356e-01,4.358170150377502949e+01,3.626219515861672793e-02,4.000000000000000222e-01,2.838288510087998873e+00
1.808999999999999941e+00,-1.814922517657783368e-02,3.997210953098161434e-01,4.351438209062823148e+01,3.595115427218964488e-02,4.000000000000000222e-01,2.841040069390451173e+00
1.810000000000000053e+00,-6.944620111148887276e-03,4.058557153009924034e-01,4.368566352030908462e+01,3.651924059259487043e-02,4.000000000000000222e-01,2.843789978255790718e+00
1.810999999999999943e+00,5.808918958790070929e-04,3.973818868679900862e-01,4.369115251024545188e+01,3.576750054114742616e-02,4.000000000000000222e-01,2.846538237673952310e+00
1.812000000000000055e+00,-8.234446546488874419e-03,3.934308945524805368e-01,4.384344038766914053e+01,3.539942186985361311e-02,4.000000000000000222e-01,2.849284848634280110e+00
1.812999999999999945e+00,3.348000804103626413e-03,4.113848446023638528e-01,4.379777633405129222e+01,3.703196611912219771e-02,4.000000000000000222e-01,2.852029812125525421e+00
1.814000000000000057e+00,-9.191890035759058344e-03,4.170063738602949877e-01,4.377560740605269274e+01,3.751922002750375518e-02,4.000000000000000222e-01,2.854773129135845355e+00
1.814999999999999947e+00,9.090090670051825545e-05,3.893164752399115858e-01,4.388312831384472901e+01,3.504086471662381380e-02,4.000000000000000222e-01,2.857514800652804166e+00
1.816000000000000059e+00,-6.875917976735259132e-03,4.022527609615600408e-01,4.380921883923784321e+01,3.619514298332226349e-02,4.000000000000000222e-01,2.860254827663373245e+00
1.816999999999999948e+00,8.143624441336516293e-03,3.911803346298709516e-01,4.393682448787348704e+01,3.521993883868342751e-02,4.000000000000000222e-01,2.862993211153933792e+00
1.818000000000000060e+00,-4.867258016395855334e-03,4.111258068809832134e-01,4.408281139002851745e+01,3.699651575460895930e-02,4.000000000000000222e-01,2.865729952110275924e+00
1.818999999999999950e+00,-1.664502548677029153e-02,3.893978784194545573e-01,4.409160017103443607e+01,3.502478198542859078e-02,4.000000000000000222e-01,2.868465051517595565e+00
1.820000000000000062e+00,5.051139085984468306e-03,4.156518800537623015e-01,4.403672355744400591e+01,3.741861823716097213e-02,4.000000000000000222e-01,2.871198510360500222e+00
1.820999999999999952e+00,-6.885537882296770967e-03,3.863060398323979738e-01,4.414116636392770943e+01,3.476022624164368940e-02,4.000000000000000222e-01,2.873930329623008983e+00
1.822000000000000064e+00,2.568874594697636367e-04,3.866524082987285449e-01,4.411299200816836930e+01,3.480131293052519947e-02,4.000000000000000222e-01,2.876660510288545858e+00
1.822999999999999954e+00,5.737968858705613968e-03,3.997572384612427809e-01,4.419398696155430173e+01,3.598870630719009506e-02,4.000000000000000222e-01,2.879389053339947768e+00
1.824000000000000066e+00,-2.199285652381737215e-03,3.882580120724641315e-01,4.432213588840949825e+01,3.494240251541771980e-02,4.000000000000000222e-01,2.882115959759464108e+00
1.824999999999999956e+00,-2.287687096619092121e-03,4.008102660562151143e-01,4.435762319601787596e+01,3.607195163359641632e-02,4.000000000000000222e-01,2.884841230528751410e+00
1.826000000000000068e+00,5.319777864014875630e-03,4.042594391481261762e-01,4.438739184537184457e+01,3.639341596829508141e-02,4.000000000000000222e-01,2.887564866628880011e+00
1.826999999999999957e+00,-5.598151370840349743e-03,4.065899002558223119e-01,4.435961714662622057e+01,3.658726971211558737e-02,4.000000000000000222e-01,2.890286869040332274e+00
1.828000000000000069e+00,2.731984760264367430e-04,3.920982442798163214e-01,4.459316865776155936e+01,3.529149770836002842e-02,4.000000000000000222e-01,2.893007238743000809e+00
1.828999999999999959e+00,6.131117901035538879e-03,4.002598402198121463e-01,4.449850257223605610e+01,3.603451899581748552e-02,4.000000000000000222e-01,2.895725976716192474e+00
1.830000000000000071e+00,-9.680470833089188827e-04,3.995586742555720106e-01,4.457671898186141135e+01,3.596120543018912347e-02,4.000000000000000222e-01,2.898443083938624376e+00
1.830999999999999961e+00,1.158727201072286619e-02,4.134013774581382639e-01,4.457679661706878704e+01,3.722572517119959734e-02,4.000000000000000222e-01,2.901158561388427870e+00
1.832000000000000073e+00,6.613324591931428638e-03,3.866133761397368973e-01,4.470079605348884400e+01,3.480662731460174020e-02,4.000000000000000222e-01,2.903872410043149888e+00
1.832999999999999963e+00,-1.368580518535533752e-02,4.035814482702094752e-01,4.475570718605138865e+01,3.630482737709138374e-02,4.000000000000000222e-01,2.906584630879748943e+00
1.834000000000000075e+00,-1.237408746169233083e-02,4.083523884718064934e-01,4.482824197842648317e+01,3.673592917022674292e-02,4.000000000000000222e-01,2.909295224874597352e+00
1.834999999999999964e+00,1.542919585732641791e-02,3.860720554791106651e-01,4.480309823472527597e+01,3.477011841265269937e-02,4.000000000000000222e-01,2.912004193003482122e+00
1.836000000000000076e+00,9.247093556524284622e-03,3.987880428440119807e-01,4.482942083472248385e+01,3.590647989341010093e-02,4.000000000000000222e-01,2.914711536241606726e+00
1.836999999999999966e+00,1.989897127179243285e-03,4.053241983870500276e-01,4.492378172620309584e+01,3.648442261588817626e-02,4.000000000000000222e-01,2.917417255563588441e+00
1.838000000000000078e+00,-2.975016944283774469e-03,3.853818160318436825e-01,4.491569181659606613e+01,3.468247706593087509e-02,4.000000000000000222e-01,2.920121351943459675e+00
1.838999999999999968e+00,-5.621333936876534744e-03,4.026067800034967559e-01,4.500566268612463006e+01,3.622881239057183789e-02,4.000000000000000222e-01,2.922823826354671084e+00
1.840000000000000080e+00,2.012157959945461844e-02,3.909862235198093838e-01,4.502224153720182187e+01,3.521928464031199441e-02,4.000000000000000222e-01,2.925524679770086678e+00
1.840999999999999970e+00,4.818455392193827028e-03,3.837845991771099419e-01,4.506368031070363855e+01,3.454947940735189627e-02,4.000000000000000222e-01,2.928223913161987824e+00
1.842000000000000082e+00,-5.622523619505272532e-03,4.045167747861495022e-01,4.511599976642519749e+01,3.640068268710630606e-02,4.000000000000000222e-01,2.930921527502075019e+00
1.842999999999999972e+00,7.365122335857413050e-03,3.900586861699246732e-01,4.514365738079094825e+01,3.511786038549130629e-02,4.000000000000000222e-01,2.933617523761461232e+00
1.844000000000000083e+00,-2.314783955652007646e-02,3.859753642011802266e-01,4.525225952442518462e+01,3.470792459878659780e-02,4.000000000000000222e-01,2.936311902910682559e+00
1.844999999999999973e+00,-6.905816154269223649e-03,4.057176309956689875e-01,4.519298984766757599e+01,3.650687220212239792e-02,4.000000000000000222e-01,2.939004665919690229e+00
1.846000000000000085e+00,4.667260432804295339e-03,3.906266136540961775e-01,4.542829613914803843e+01,3.516520660929867148e-02,4.000000000000000222e-01,2.941695813757855049e+00
1.846999999999999975e+00,-1.227558744351042730e-02,4.144379458986167664e-01,4.539970639747183867e+01,3.728354072500096594e-02,4.000000000000000222e-01,2.944385347393963848e+00
1.848000000000000087e+00,1.642388666245336165e-02,4.151961407354471945e-01,4.539841298269399772e+01,3.739455242807313007e-02,4.000000000000000222e-01,2.947073267796226581e+00
1.848999999999999977e+00,1.470997015100317974e-02,3.886304472552835620e-01,4.545370938858897603e+01,3.499952624436680065e-02,4.000000000000000222e-01,2.949759575932268785e+00
1.850000000000000089e+00,9.808592168692642412e-04,3.917720064473012020e-01,4.540151499343222952e+01,3.526312997511624192e-02,4.000000000000000222e-01,2.952444272769137346e+00
1.850999999999999979e+00,3.194027815042373760e-03,3.832549981507558656e-01,4.550725574669268525e+01,3.449956674402891721e-02,4.000000000000000222e-01,2.955127359273299614e+00
1.852000000000000091e+00,1.478442168790299396e-03,3.978632778264324377e-01,4.554499928249830276e+01,3.581211226910386430e-02,4.000000000000000222e-01,2.957808836410641185e+00
1.852999999999999980e+00,1.128825183086929439e-02,4.043621335102646763e-01,4.560951813433986501e+01,3.641133029485319611e-02,4.000000000000000222e-01,2.960488705146471666e+00
1.854000000000000092e+00,-9.108594022985977564e-05,4.018788987463686735e-01,4.565810970410077374e+01,3.617129697791054282e-02,4.000000000000000222e-01,2.963166966445521577e+00
1.854999999999999982e+00,1.160997107622987329e-02,4.047727128455391732e-01,4.566286448365329420e+01,3.644876923678758152e-02,4.000000000000000222e-01,2.965843621271938346e+00
1.856000000000000094e+00,-2.240237635023580726e-02,4.177764796025356109e-01,4.568863644635108301e+01,3.756868363724594206e-02,4.000000000000000222e-01,2.968518670589296082e+00
1.856999999999999984e+00,-9.150368167944825451e-03,4.033199514445492406e-01,4.580505362249969892e+01,3.628787479887749662e-02,4.000000000000000222e-01,2.971192115360589359e+00
1.858000000000000096e+00,2.889789949256323532e-03,3.943720676872671804e-01,4.577990477507809430e+01,3.549986394760004660e-02,4.000000000000000222e-01,2.973863956548234988e+00
1.858999999999999986e+00,-1.814779627111161916e-03,4.022541689393248077e-01,4.582532947902852527e+01,3.620258271300764996e-02,4.000000000000000222e-01,2.976534195114073800e+00
1.860000000000000098e+00,-2.160064247989912020e-02,4.100287627428248483e-01,4.592177272400635246e+01,3.687314856601070501e-02,4.000000000000000222e-01,2.979202832019368419e+00
1.860999999999999988e+00,-1.729515802875725150e-02,4.090977626285497992e-01,4.590719371793143466e+01,3.679575240711165096e-02,4.000000000000000222e-01,2.981869868224804154e+00
1.862000000000000099e+00,8.847067006483870857e-03,3.891184987706389209e-01,4.598134375777151206e+01,3.503528459548704843e-02,4.000000000000000222e-01,2.984535304690492552e+00
1.862999999999999989e+00,8.626816825418373233e-03,3.950619856947107933e-01,4.606460355209827640e+01,3.557010916547552470e-02,4.000000000000000222e-01,2.987199142375968730e+00
1.864000000000000101e+00,-5.184460965740919202e-04,4.033600098843306836e-01,4.616630444168541914e+01,3.630398586680779610e-02,4.000000000000000222e-01,2.989861382240190046e+00
1.864999999999999991e+00,1.413895291467942572e-02,4.120870007754950382e-01,4.611835849472240767e+01,3.711114610045703616e-02,4.000000000000000222e-01,2.992522025241543648e+00
1.866000000000000103e+00,1.638978197495770048e-02,4.063154928127545307e-01,4.613826655256433185e+01,3.659466897812863745e-02,4.000000000000000222e-01,2.995181072337837147e+00
1.866999999999999993e+00,-1.209036092136364648e-03,4.027111073936496810e-01,4.626610181069197125e+01,3.624458309860429522e-02,4.000000000000000222e-01,2.997838524486305722e+00
1.868000000000000105e+00,3.817126632773169478e-03,3.913371732212794218e-01,4.623067474433018731e+01,3.522797794462439319e-02,4.000000000000000222e-01,3.000494382643610791e+00
1.868999999999999995e+00,-1.742269454348807775e-03,4.068305959161551688e-01,4.634220084908404402e+01,3.661456377806208973e-02,4.000000000000000222e-01,3.003148647765840451e+00
1.870000000000000107e+00,9.178253221505320095e-03,3.961875809954084060e-01,4.629825734710653506e+01,3.567223891752280274e-02,4.000000000000000222e-01,3.005801320808507260e+00
1.870999999999999996e+00,6.483929431812958041e-03,3.971876540124761878e-01,4.641235047033117667e+01,3.575844015346785199e-02,4.000000000000000222e-01,3.008452402726552233e+00
1.872000000000000108e+00,5.735338595979156198e-03,4.047999633156237342e-01,4.648943251093921702e+01,3.644268086322300509e-02,4.000000000000000222e-01,3.011101894474344398e+00
1.872999999999999998e+00,4.459474609579097866e-03,4.001270060120039052e-01,4.651943091328851665e+01,3.602015757201105367e-02,4.000000000000000222e-01,3.013749797005678577e+00
1.874000000000000110e+00,-5.839298324814290626e-03,3.977234015859535399e-01,4.653147180268422289e+01,3.578906725897577912e-02,4.000000000000000222e-01,3.016396111273777603e+00
1.875000000000000000e+00,-2.021988469382342279e-02,3.953539251815225697e-01,4.645540271794724418e+01,3.555542772672520835e-02,4.000000000000000222e-01,3.019040838231296764e+00
1.876000000000000112e+00,6.961965225560013022e-03,4.078121324234916800e-01,4.662083501342903702e+01,3.671565247570374169e-02,4.000000000000000222e-01,3.021683978830314032e+00
1.877000000000000002e+00,5.249386920594899773e-03,4.008598251732242157e-01,4.668864963965145876e+01,3.608726469884215166e-02,4.000000000000000222e-01,3.024325534022341166e+00
1.878000000000000114e+00,3.164082124667739592e-03,4.071617060832382062e-01,4.672161699452998818e+01,3.665153941046776775e-02,4.000000000000000222e-01,3.026965504758315717e+00
1.879000000000000004e+00,2.930107597302121329e-03,4.040874684629868763e-01,4.685068010904441849e+01,3.637446565868406728e-02,4.000000000000000222e-01,3.029603891988609021e+00
1.880000000000000115e+00,-1.213994297161479375e-03,3.924921055611406695e-01,4.679907925212709330e+01,3.532485113832137952e-02,4.000000000000000222e-01,3.032240696663017765e+00
1.881000000000000005e+00,1.420760709242247476e-02,3.948545452760219843e-01,4.678559932680854416e+01,3.555934746326062934e-02,4.000000000000000222e-01,3.034875919730774196e+00
1.882000000000000117e+00,-3.274463725393804946e-03,3.983695166881907057e-01,4.697771412208368957e+01,3.585087804851377208e-02,4.000000000000000222e-01,3.037509562140535913e+00
1.883000000000000007e+00,-1.164958182938742766e-02,3.806119051352996330e-01,4.693561900405728693e+01,3.424134858428805328e-02,4.000000000000000222e-01,3.040141624840395629e+00
1.884000000000000119e+00,-1.303860420930100412e-02,3.934448083041665600e-01,4.694492910759951343e+01,3.539388408325201685e-02,4.000000000000000222e-01,3.042772108777876738e+00
1.885000000000000009e+00,-1.393169049519183203e-02,4.072282539266656731e-01,4.703132737460270363e+01,3.663252204474843482e-02,4.000000000000000222e-01,3.045401014899930647e+00
1.886000000000000121e+00,-1.245533463179626654e-02,4.094533133684381543e-01,4.710357973507484530e+01,3.683485035386500905e-02,4.000000000000000222e-01,3.048028344152946545e+00
1.887000000000000011e+00,-1.843355635443437099e-02,3.984609125890505310e-01,4.717568911803783749e+01,3.583740571783170653e-02,4.000000000000000222e-01,3.050654097482741189e+00
1.888000000000000123e+00,2.241609318919433706e-03,4.086563316077621022e-01,4.716012337180748659e+01,3.678472722000873663e-02,4.000000000000000222e-01,3.053278275834570898e+00
1.889000000000000012e+00,1.454713589465322227e-02,3.770274346944014199e-01,4.716583645764196575e+01,3.395435428162837943e-02,4.000000000000000222e-01,3.055900880153115118e+00
1.890000000000000124e+00,-3.173404714916617554e-03,4.152217217343289746e-01,4.722485312067541940e+01,3.736762661863342327e-02,4.000000000000000222e-01,3.058521911382493741e+00
1.891000000000000014e+00,-2.641670553772964918e-04,4.173485345481053321e-01,4.728622641992469511e+01,3.756338925851614163e-02,4.000000000000000222e-01,3.061141370466259115e+00
1.892000000000000126e+00,-1.557847726691051135e-02,3.968938213979289475e-01,4.723644203477899595e+01,3.570053264177273228e-02,4.000000000000000222e-01,3.063759258347399150e+00
1.893000000000000016e+00,9.375382888012855770e-03,3.990136808587705919e-01,4.742902090419870831e+01,3.592697999349210580e-02,4.000000000000000222e-01,3.066375575968333766e+00
1.894000000000000128e+00,-3.258331815543659242e-03,3.961285667698924984e-01,4.730625649440619895e+01,3.564922889006115481e-02,4.000000000000000222e-01,3.068990324270918002e+00
1.895000000000000018e+00,6.016785573304589754e-03,4.096341762781370854e-01,4.747174703231784321e+01,3.687830175749361172e-02,4.000000000000000222e-01,3.071603504196443790e+00
1.896000000000000130e+00,-6.392875854674465869e-03,3.979314651274541981e-01,4.753545603567991407e+01,3.580699852829213881e-02,4.000000000000000222e-01,3.074215116685635074e+00
1.897000000000000020e+00,5.117844503342713729e-03,3.992416069190051209e-01,4.745080539661193342e+01,3.594139652261076762e-02,4.000000000000000222e-01,3.076825162678654468e+00
1.898000000000000131e+00,-1.554815694136996336e-02,4.058501710465825529e-01,4.757086658946082025e+01,3.650619899261267620e-02,4.000000000000000222e-01,3.079433643115100150e+00
1.899000000000000021e+00,4.035532516886637970e-04,4.121831501213979454e-01,4.763934939094902887e+01,3.709946827528967650e-02,4.000000000000000222e-01,3.082040558934009855e+00
1.900000000000000133e+00,3.131589273007387040e-04,3.999264770487465648e-01,4.765503084713431292e+01,3.599614908532753482e-02,4.000000000000000222e-01,3.084645911073851554e+00
1.901000000000000023e+00,-1.615325072673046841e-02,4.058459509053806702e-01,4.765724192112305957e+01,3.650493726034099995e-02,4.000000000000000222e-01,3.087249700472534109e+00
1.902000000000000135e+00,-3.522411757915862047e-03,3.724577671011087832e-01,4.773206651828844116e+01,3.351864355945427532e-02,4.000000000000000222e-01,3.089851928067404607e+00
1.903000000000000025e+00,1.754986784977760790e-03,4.034035657241056283e-01,4.783252808875462847e+01,3.631120042277126425e-02,4.000000000000000222e-01,3.092452594795248810e+00
1.904000000000000137e+00,-1.783151527309218823e-03,3.904451171003396892e-01,4.786886412336671981e+01,3.513982099327268155e-02,4.000000000000000222e-01,3.095051701592288040e+00
1.905000000000000027e+00,-2.420485699773388538e-03,3.996401585228750442e-01,4.794583576181112505e+01,3.596645415513430311e-02,4.000000000000000222e-01,3.097649249394180071e+00
1.906000000000000139e+00,-1.243572305252991540e-02,3.889501066022397757e-01,4.790232344206508941e+01,3.499038772723549878e-02,4.000000000000000222e-01,3.100245239136027564e+00
1.907000000000000028e+00,-2.004287349601196078e-03,4.059500143918240433e-01,4.799614086372717026e+01,3.653492977331050662e-02,4.000000000000000222e-01,3.102839671752369188e+00
1.908000000000000140e+00,-1.045635953239100122e-02,3.965537292303893402e-01,4.797648196839625001e+01,3.567723767473129914e-02,4.000000000000000222e-01,3.105432548177183616e+00
1.909000000000000030e+00,2.646532755996576589e-03,3.841898047982882369e-01,4.801413831997244586e+01,3.458295991104523570e-02,4.000000000000000222e-01,3.108023869343886858e+00
1.910000000000000142e+00,9.165722172670795476e-03,3.934646181435947354e-01,4.807779877578860095e+01,3.542704900512515243e-02,4.000000000000000222e-01,3.110613636185339370e+00
1.911000000000000032e+00,-7.465322616820963160e-03,3.911446058747599652e-01,4.812379617432285528e+01,3.519479091765270740e-02,4.000000000000000222e-01,3.113201849633838059e+00
1.912000000000000144e+00,8.177116741685114265e-03,3.983262342591182836e-01,4.821216993420045327e+01,3.586336815162916025e-02,4.000000000000000222e-01,3.115788510621125607e+00
1.913000000000000034e+00,2.596263718963918478e-03,3.976143451471040868e-01,4.819684709539428269e+01,3.579130211818108004e-02,4.000000000000000222e-01,3.118373620078382036e+00
1.914000000000000146e+00,-1.335370883453465725e-02,3.991464438026898209e-01,4.831740869349108891e+01,3.590634546902513047e-02,4.000000000000000222e-01,3.120957178936230481e+00
1.915000000000000036e+00,5.992247776496751471e-03,4.018262101173735723e-01,4.834789157390806480e+01,3.617533541032238315e-02,4.000000000000000222e-01,3.123539188124733634e+00
1.916000000000000147e+00,7.042404524655990899e-03,4.046181019956257563e-01,4.835874394308802238e+01,3.642820827446210941e-02,4.000000000000000222e-01,3.126119648573398191e+00
1.917000000000000037e+00,5.902967412213766876e-03,4.122970123433209455e-01,4.850024646773022141e+01,3.711786141119113869e-02,4.000000000000000222e-01,3.128698561211175733e+00
1.918000000000000149e+00,3.881035011837511133e-03,3.935846575412780268e-01,4.848522435611170067e+01,3.543038572023288202e-02,4.000000000000000222e-01,3.131275926966456513e+00
1.919000000000000039e+00,-4.718858029777276385e-03,3.853159178239977667e-01,4.857149478652621610e+01,3.467413290730100850e-02,4.000000000000000222e-01,3.133851746767076119e+00
1.919999999999999929e+00,1.319600765319749874e-02,4.032344633009874446e-01,4.857219063799114878e+01,3.631255102880703162e-02,4.000000000000000222e-01,3.136426021540314579e+00
1.921000000000000041e+00,-7.753901455802872551e-03,4.072949632752910221e-01,4.861585680590440006e+01,3.664756132661433491e-02,4.000000000000000222e-01,3.138998752212893262e+00
1.921999999999999931e+00,1.624503527931927746e-02,3.941993748756715821e-01,4.856892661738868355e+01,3.550322990590462635e-02,4.000000000000000222e-01,3.141569939710979309e+00
1.923000000000000043e+00,-2.891629459312792041e-02,4.146091055392489011e-01,4.869359608047874133e+01,3.727415520441847152e-02,4.000000000000000222e-01,3.144139584960184752e+00
1.923999999999999932e+00,8.763463652237027390e-03,3.960203468282252892e-01,4.865793123488582239e+01,3.565659130270781157e-02,4.000000000000000222e-01,3.146707688885566512e+00
1.925000000000000044e+00,4.394389037863211979e-03,3.961802280679942445e-01,4.880511532911916106e+01,3.566476885059366442e-02,4.000000000000000222e-01,3.149274252411625952e+00
1.925999999999999934e+00,-1.478719289167715160e-02,4.147029469487494846e-01,4.875464836718638395e+01,3.730363923906408752e-02,4.000000000000000222e-01,3.151839276462309325e+00
1.927000000000000046e+00,2.021527028413808852e-02,3.987961775165816403e-01,4.884667508658605328e+01,3.592292444129295548e-02,4.000000000000000222e-01,3.154402761961010881e+00
1.927999999999999936e+00,1.650919944425026506e-04,4.092519469586835545e-01,4.889832543977370705e+01,3.683528820855054564e-02,4.000000000000000222e-01,3.156964709830569760e+00
1.929000000000000048e+00,7.039950867785332855e-03,3.980360371437745015e-01,4.878118652712925041e+01,3.583561430103127110e-02,4.000000000000000222e-01,3.159525120993270431e+00
1.929999999999999938e+00,2.942315952014105170e-03,3.898429321030706940e-01,4.892047532316123437e+01,3.509224205418297327e-02,4.000000000000000222e-01,3.162083996370846695e+00
1.931000000000000050e+00,-3.320191733601899828e-03,4.083559755740201469e-01,4.907706654697329185e+01,3.674953264789750096e-02,4.000000000000000222e-01,3.164641336884479461e+00
1.931999999999999940e+00,-1.801961427514605155e-02,4.012759173133109702e-01,4.902792445809602384e+01,3.609118271713297049e-02,4.000000000000000222e-01,3.167197143454793640e+00
1.933000000000000052e+00,3.667348097596787385e-03,4.298018574870671182e-01,4.904352177228131637e+01,3.869031847355824255e-02,4.000000000000000222e-01,3.169751417001865690e+00
1.933999999999999941e+00,-7.471256946526297349e-03,4.106845041042025413e-01,4.901975669642765610e+01,3.695296218769219404e-02,4.000000000000000222e-01,3.172304158445219180e+00
1.935000000000000053e+00,-1.075444932465186368e-02,4.206408113266170701e-01,4.916012754193015155e+01,3.784385944100789045e-02,4.000000000000000222e-01,3.174855368703826564e+00
1.935999999999999943e+00,-1.012410342663279915e-02,3.930340066848571068e-01,4.915336154073344233e+01,3.536104354797412613e-02,4.000000000000000222e-01,3.177405048696109624e+00
1.937000000000000055e+00,1.361280056970609435e-02,3.996342375171134664e-01,4.922121783164642750e+01,3.598893751877319663e-02,4.000000000000000222e-01,3.179953199339935477e+00
1.937999999999999945e+00,-1.629172821989033695e-02,3.897676666554897862e-01,4.926223329566071385e+01,3.505853760526337487e-02,4.000000000000000222e-01,3.182499821552625452e+00
1.939000000000000057e+00,-4.073338070144145832e-03,4.105172907700287421e-01,4.936632184591464778e+01,3.694292715072867994e-02,4.000000000000000222e-01,3.185044916250947988e+00
1.939999999999999947e+00,-1.225469672625961043e-02,4.067063759337363749e-01,4.942662691767474570e+01,3.658802609393820016e-02,4.000000000000000222e-01,3.187588484351124407e+00
1.941000000000000059e+00,-5.432962684276005164e-03,4.071001484228168321e-01,4.943785525942127634e+01,3.663342630484597851e-02,4.000000000000000222e-01,3.190130526768822694e+00
1.941999999999999948e+00,5.704069282731844860e-03,3.789448131712425671e-01,4.938277187392714040e+01,3.411499237331203083e-02,4.000000000000000222e-01,3.192671044419166382e+00
1.943000000000000060e+00,9.586243630528165638e-03,4.038187881485763020e-01,4.957659261304981158e+01,3.635993516899363454e-02,4.000000000000000222e-01,3.195210038216725668e+00
1.943999999999999950e+00,-2.933675707042874507e-03,4.130189714733663586e-01,4.947095893571169256e+01,3.716974711077970783e-02,4.000000000000000222e-01,3.197747509075524519e+00
1.945000000000000062e+00,1.484380076070383487e-03,4.026539909241181325e-01,4.959320117803464001e+01,3.624333822508377101e-02,4.000000000000000222e-01,3.200283457909039786e+00
1.945999999999999952e+00,-2.355990505570445398e-03,4.048896939922180249e-01,4.965238367948371234e+01,3.643899091077440477e-02,4.000000000000000222e-01,3.202817885630196315e+00
1.947000000000000064e+00,-2.989397996814034935e-03,4.006446332546625966e-01,4.968304794422213888e+01,3.605603521054603910e-02,4.000000000000000222e-01,3.205350793151374944e+00
1.947999999999999954e+00,8.515945814550627060e-03,3.874651935363381261e-01,4.966769872831018517e+01,3.488596414776914956e-02,4.000000000000000222e-01,3.207882181384409837e+00
1.949000000000000066e+00,2.085283099663155608e-03,3.930959913129134509e-01,4.984320388539839541e+01,3.538386043928716529e-02,4.000000000000000222e-01,3.210412051240586706e+00
1.949999999999999956e+00,-2.043474633934115256e-03,4.052465904663662966e-01,4.981765799593566868e+01,3.647156556586407528e-02,4.000000000000000222e-01,3.212940403630644148e+00
1.951000000000000068e+00,-4.936397328491870778e-04,4.099306940023543233e-01,4.989225219708792736e+01,3.689540978423608980e-02,4.000000000000000222e-01,3.215467239464776306e+00
1.951999999999999957e+00,3.737231184730222151e-03,4.056832809117310035e-01,4.983581965970020633e+01,3.651929100456958316e-02,4.000000000000000222e-01,3.217992559652629758e+00
1.953000000000000069e+00,2.096953466617590411e-02,3.930303522047385867e-01,4.994129076308820459e+01,3.540461295675133985e-02,4.000000000000000222e-01,3.220516365103305745e+00
1.953999999999999959e+00,1.015334064786905383e-02,4.026320261267403722e-01,4.997911431893070500e+01,3.625389903824698112e-02,4.000000000000000222e-01,3.223038656725361495e+00
1.955000000000000071e+00,-1.141943480479713779e-02,3.872238970532940749e-01,5.002612544271840278e+01,3.483650958580024326e-02,4.000000000000000222e-01,3.225559435426808452e+00
1.955999999999999961e+00,-4.462043231457956706e-03,3.964747292753710850e-01,5.005308641023821536e+01,3.567866716826508661e-02,4.000000000000000222e-01,3.228078702115115828e+00
1.957000000000000073e+00,5.456067935283009235e-03,4.212953683521871717e-01,5.007662944379242731e+01,3.792728006038343508e-02,4.000000000000000222e-01,3.230596457697204826e+00
1.957999999999999963e+00,4.128001956187987362e-03,4.021090745361690644e-01,5.016839384365263754e+01,3.619810818425137772e-02,4.000000000000000222e-01,3.233112703079452643e+00
1.959000000000000075e+00,-1.485551291518423349e-02,4.096118222450570445e-01,5.019189105534906759e+01,3.684557843133061394e-02,4.000000000000000222e-01,3.235627439167696018e+00
1.959999999999999964e+00,1.357636814909459963e-02,3.992436556580711282e-01,5.022647225765840773e+01,3.595371154173751527e-02,4.000000000000000222e-01,3.238140666867229456e+00
1.961000000000000076e+00,-1.192757375660179238e-05,4.011741587313434887e-01,5.025935931448707805e+01,3.610798059741361643e-02,4.000000000000000222e-01,3.240652387082798125e+00
1.961999999999999966e+00,-4.375233673573955366e-03,3.906199599371202869e-01,5.040518386547473995e+01,3.515191966614140962e-02,4.000000000000000222e-01,3.243162600718610289e+00
1.963000000000000078e+00,3.905594468918301837e-03,4.004541369375484439e-01,5.033350003258038896e+01,3.604880974833640783e-02,4.000000000000000222e-01,3.245671308678329314e+00
1.963999999999999968e+00,4.767898172855975641e-03,3.878660151637061126e-01,5.042535712048508145e+01,3.491683068833120740e-02,4.000000000000000222e-01,3.248178511865078999e+00
1.965000000000000080e+00,-1.127930398219375305e-03,4.117510411905401790e-01,5.042533616821216214e+01,3.705831019668609505e-02,4.000000000000000222e-01,3.250684211181438243e+00
1.965999999999999970e+00,1.283813689061072232e-02,3.853426876107278742e-01,5.050147644123689616e+01,3.470084413416800462e-02,4.000000000000000222e-01,3.253188407529448600e+00
1.967000000000000082e+00,-7.370192034388089834e-03,4.083585150685277165e-01,5.045020681150678854e+01,3.674382037554056735e-02,4.000000000000000222e-01,3.255691101810604948e+00
1.967999999999999972e+00,7.301197590862141922e-03,3.981078731995164599e-01,5.056458550411941388e+01,3.584245537340975674e-02,4.000000000000000222e-01,3.258192294925867483e+00
1.969000000000000083e+00,3.978912929551686739e-03,4.116371044094067622e-01,5.058681395116943236e+01,3.705560689092605997e-02,4.000000000000000222e-01,3.260691987775652390e+00
1.969999999999999973e+00,-5.579932467920752613e-03,4.037765453788993431e-01,5.056608373559642899e+01,3.633413447796601803e-02,4.000000000000000222e-01,3.263190181259836287e+00
1.971000000000000085e+00,6.235831775755130979e-03,3.904232882551790240e-01,5.071958083949005669e+01,3.514910256675519984e-02,4.000000000000000222e-01,3.265686876277756667e+00
1.971999999999999975e+00,2.244268688246727188e-03,4.164269429782875842e-01,5.077185771112296919e+01,3.748419379651928007e-02,4.000000000000000222e-01,3.268182073728211900e+00
1.973000000000000087e+00,-2.336313411666195508e-03,4.130919566756580119e-01,5.081766565250571688e+01,3.717720184050186949e-02,4.000000000000000222e-01,3.270675774509462563e+00
1.973999999999999977e+00,1.093131138955307120e-02,3.886071669842308118e-01,5.079770287103688275e+01,3.499215495742917514e-02,4.000000000000000222e-01,3.273167979519227444e+00
1.975000000000000089e+00,-7.392916689846922018e-03,3.917961597660823969e-01,5.086677855106116652e+01,3.525351897144871072e-02,4.000000000000000222e-01,3.275658689654689759e+00
1.975999999999999979e+00,4.929792101796657190e-06,3.930451976475557996e-01,5.098612181568557844e+01,3.537635116749610759e-02,4.000000000000000222e-01,3.278147905812493157e+00
1.977000000000000091e+00,7.762076165238262007e-03,4.056823777485676907e-01,5.093385230509084494e+01,3.652507492360240055e-02,4.000000000000000222e-01,3.280635628888742161e+00
1.977999999999999980e+00,8.953169532412810425e-03,4.025079647476784706e-01,5.097759258454222220e+01,3.624099300214433245e-02,4.000000000000000222e-01,3.283121859779006169e+00
1.979000000000000092e+00,5.368896005606748310e-03,4.072765015009181533e-01,5.104770369908943195e+01,3.666509856663875688e-02,4.000000000000000222e-01,3.285606599378314563e+00
1.979999999999999982e+00,1.302751047908849540e-02,4.126170244477014859e-01,5.116411186071010775e+01,3.715723088004206642e-02,4.000000000000000222e-01,3.288089848581167374e+00
1.981000000000000094e+00,1.083361361730060968e-03,3.866552796753343624e-01,5.117967512727446433e+01,3.480271926872667565e-02,4.000000000000000222e-01,3.290571608281517957e+00
1.981999999999999984e+00,1.352863872710270698e-02,4.125041662669688969e-01,5.111568825744029709e+01,3.714781025983344975e-02,4.000000000000000222e-01,3.293051879372790314e+00
1.983000000000000096e+00,9.207291070382813553e-04,3.895944940638421117e-01,5.126750653297538207e+01,3.506704942690644367e-02,4.000000000000000222e-01,3.295530662747868877e+00
1.983999999999999986e+00,1.600005716241323459e-03,4.012444807997564422e-01,5.110538237562131059e+01,3.611663328746641394e-02,4.000000000000000222e-01,3.298007959299107394e+00
1.985000000000000098e+00,-1.140835045748196880e-03,4.098352472151078341e-01,5.134865438924863668e+01,3.688586640736317424e-02,4.000000000000000222e-01,3.300483769918320043e+00
1.985999999999999988e+00,-1.530182914323561724e-02,4.005090217654523332e-01,5.132206152088972573e+01,3.602611731379423698e-02,4.000000000000000222e-01,3.302958095496787205e+00
1.987000000000000099e+00,4.796853841856110225e-03,4.134044226646346742e-01,5.134754985462592458e+01,3.721591566542796492e-02,4.000000000000000222e-01,3.305430936925253693e+00
1.987999999999999989e+00,-3.183737163626210523e-03,3.890319793067245624e-01,5.137745563122850712e+01,3.501068221895475840e-02,4.000000000000000222e-01,3.307902295093933631e+00
1.989000000000000101e+00,-4.468430843063293453e-03,3.968811804122316378e-01,5.146575532984956425e+01,3.571523450356497986e-02,4.000000000000000222e-01,3.310372170892504684e+00
1.989999999999999991e+00,-5.604826009435639154e-03,4.080832685340243238e-01,5.148225224940349420e+01,3.672164169179337190e-02,4.000000000000000222e-01,3.312840565210109389e+00
1.991000000000000103e+00,1.105807188947219083e-03,4.127171418352641452e-01,5.148394266194250690e+01,3.714857250434133035e-02,4.000000000000000222e-01,3.315307478935361374e+00
1.991999999999999993e+00,2.285653625246201505e-03,4.083356636851673827e-01,5.156708932646525056e+01,3.675592727121648751e-02,4.000000000000000222e-01,3.317772912956336029e+00
1.993000000000000105e+00,-5.611163988931041832e-03,3.994224996814342843e-01,5.159368306716923769e+01,3.594228760888849850e-02,4.000000000000000222e-01,3.320236868160581167e+00
1.993999999999999995e+00,-1.099743846267940868e-02,3.914813967653414384e-01,5.158761700009110740e+01,3.522012800558847745e-02,4.000000000000000222e-01,3.322699345435107698e+00
1.995000000000000107e+00,-1.089276737054289089e-02,4.085887370882937408e-01,5.162816163258435154e+01,3.675936553351335373e-02,4.000000000000000222e-01,3.325160345666399397e+00
1.995999999999999996e+00,3.518731822232499303e-03,4.041224782729909704e-01,5.177444999759229205e+01,3.637847158953924631e-02,4.000000000000000222e-01,3.327619869740404024e+00
1.997000000000000108e+00,-7.015353645267134860e-04,3.977163409703403651e-01,5.172852228284080667e+01,3.579577191963453225e-02,4.000000000000000222e-01,3.330077918542540871e+00
1.997999999999999998e+00,-1.664747041374118122e-02,4.055261846128743741e-01,5.176108261500507268e+01,3.647545506990482883e-02,4.000000000000000222e-01,3.332534492957697658e+00
1.999000000000000110e+00,6.400437218446778168e-03,3.983984527074406201e-01,5.191530405892754629e+01,3.586732776450739235e-02,4.000000000000000222e-01,3.334989593870227420e+00
2.000000000000000000e+00,1.379668920031405961e-02,3.987068925287539090e-01,5.190842565049358370e+01,3.590568911777216460e-02,4.000000000000000222e-01,3.337443222163960499e+00
2.000999999999999890e+00,-4.408832045951985822e-03,-2.823212142786726275e-01,5.186911349659067128e+01,-2.540607330040377601e-02,-4.000000000000000222e-01,2.771330711946984771e+00
2.002000000000000224e+00,-7.808033260493197573e-04,-3.805331024123362882e-01,5.168417128030094432e+01,-3.424911587741631680e-02,-4.000000000000000222e-01,2.866111531610709751e+00
2.003000000000000114e+00,2.267863013023891511e-02,-4.041200221070931908e-01,5.168133129606081155e+01,-3.640606379785235602e-02,-4.000000000000000222e-01,2.873509503930696596e+00
2.004000000000000004e+00,-8.211594587449260255e-03,-3.990970195474699556e-01,5.148958186791976033e+01,-3.590927109839563147e-02,-4.000000000000000222e-01,2.869146238539290739e+00
2.004999999999999893e+00,-5.233450746540007498e-03,-4.089125091643375787e-01,5.151798856331833321e+01,-3.679680695317844724e-02,-4.000000000000000222e-01,2.863206444107849080e+00
2.006000000000000227e+00,-8.967486624741682205e-03,-3.998996581501649827e-01,5.137004256312201989e+01,-3.598040372082714211e-02,-4.000000000000000222e-01,2.857060315060404587e+00
2.007000000000000117e+00,-1.086208331384875669e-03,-4.007608672263675009e-01,5.121422125125899782e+01,-3.606923547792524609e-02,-4.000000000000000222e-01,2.850891554662229765e+00
2.008000000000000007e+00,8.678479503401038964e-03,-3.983047093213564205e-01,5.115435456481424836e+01,-3.586214747635671496e-02,-4.000000000000000222e-01,2.844724326370982936e+00
2.008999999999999897e+00,-6.505808675320502070e-04,-3.842728784645620954e-01,5.104570923517461978e+01,-3.458588664531041246e-02,-4.000000000000000222e-01,2.838561467110018999e+00
2.010000000000000231e+00,3.421293791029255717e-03,-4.002971387282077687e-01,5.087184817283536375e+01,-3.603398041705066501e-02,-4.000000000000000222e-01,2.832403060074640155e+00
2.011000000000000121e+00,5.137157138561477231e-03,-4.041978254534635551e-01,5.074560418803832107e+01,-3.638760405062589631e-02,-4.000000000000000222e-01,2.826248905541190126e+00
2.012000000000000011e+00,-1.710334167130922803e-02,-3.973969151182677462e-01,5.073849996043966115e+01,-3.574360910629927751e-02,-4.000000000000000222e-01,2.820098829417412745e+00
2.012999999999999901e+00,-2.592096015419896593e-03,-3.898400339275599480e-01,5.062349577478182994e+01,-3.508423107634088545e-02,-4.000000000000000222e-01,2.813952706289903460e+00
2.014000000000000234e+00,-9.747690183663176508e-03,-4.120191244951026954e-01,5.049090094919660032e+01,-3.706968077672591344e-02,-4.000000000000000222e-01,2.807810448907126055e+00
2.015000000000000124e+00,-4.562574617649737575e-03,-4.003908836098128421e-01,5.037905658128669018e+01,-3.603093638222130968e-02,-4.000000000000000222e-01,2.801671997005744430e+00
2.016000000000000014e+00,1.179728161543388762e-02,-4.080335032151872210e-01,5.030843527179206376e+01,-3.674266978546693319e-02,-4.000000000000000222e-01,2.795537308944362920e+00
2.016999999999999904e+00,1.951072809097011487e-02,-4.028140608421148516e-01,5.022664206688585864e+01,-3.628382953354573198e-02,-4.000000000000000222e-01,2.789406355813103922e+00
2.018000000000000238e+00,8.229855206688192065e-03,-3.932978232512408523e-01,5.009528328578917922e+01,-3.541070884495550047e-02,-4.000000000000000222e-01,2.783279117362636779e+00
2.019000000000000128e+00,-6.068559506399917938e-03,-3.957838242400038564e-01,4.995662709316461303e+01,-3.561420880766586611e-02,-4.000000000000000222e-01,2.777155579215166981e+00
2.020000000000000018e+00,-8.922250565955570228e-03,-3.941797523895070321e-01,4.992880760930381712e+01,-3.546582737595065093e-02,-4.000000000000000222e-01,2.771035730964080290e+00
2.020999999999999908e+00,-5.743206665077795620e-03,-3.945173921290610064e-01,4.975812921877258077e+01,-3.550071126282011713e-02,-4.000000000000000222e-01,2.764919564883996372e+00
2.022000000000000242e+00,7.856560910794683009e-03,-4.093373915323080259e-01,4.973477222713766821e+01,-3.685428817164684151e-02,-4.000000000000000222e-01,2.758807075057588154e+00
2.023000000000000131e+00,-7.546808535042832423e-03,-3.953665816442789582e-01,4.954573143317576012e+01,-3.557456424589654914e-02,-4.000000000000000222e-01,2.752698256785692354e+00
2.024000000000000021e+00,6.413611842395729396e-04,-3.759622358223257410e-01,4.942568682819344872e+01,-3.383964485855433385e-02,-4.000000000000000222e-01,2.746593106189422429e+00
2.024999999999999911e+00,4.998594601318497900e-03,-3.789522902093508949e-01,4.934017442287348842e+01,-3.411470518528331164e-02,-4.000000000000000222e-01,2.740491619942078572e+00
2.026000000000000245e+00,9.960234997601255177e-03,-3.912552361802501544e-01,4.931861494611714392e+01,-3.522923572224704453e-02,-4.000000000000000222e-01,2.734393795088666756e+00
2.027000000000000135e+00,2.653816664327772728e-03,-4.098097390884659075e-01,4.926072387746660297e+01,-3.688915666298424323e-02,-4.000000000000000222e-01,2.728299628924465203e+00
2.028000000000000025e+00,4.610990948283761877e-04,-3.889305340864196436e-01,4.904938266686077952e+01,-3.500664484782151087e-02,-4.000000000000000222e-01,2.722209118913375026e+00
2.028999999999999915e+00,-2.238572437284127442e-02,-4.001230285177124202e-01,4.898973546733087403e+01,-3.598121533209499429e-02,-4.000000000000000222e-01,2.716122262633017481e+00
2.030000000000000249e+00,-1.127101523514165149e-02,-3.859137172594526155e-01,4.891221719313197269e+01,-3.471884530501346405e-02,-4.000000000000000222e-01,2.710039057737846147e+00
2.031000000000000139e+00,2.286071096105899911e-02,-4.058411140458967337e-01,4.876180392605612468e+01,-3.656137768939040494e-02,-4.000000000000000222e-01,2.703959501934355192e+00
2.032000000000000028e+00,1.729565079488430343e-02,-3.781736784237785809e-01,4.865026572024411422e+01,-3.406131644473042730e-02,-4.000000000000000222e-01,2.697883592964426036e+00
2.032999999999999918e+00,-4.748772916505192114e-03,-3.965335027147789959e-01,4.865906862721591608e+01,-3.568354776123602856e-02,-4.000000000000000222e-01,2.691811328594138519e+00
2.034000000000000252e+00,1.122278034272565853e-02,-4.117216058075808260e-01,4.838755296219802204e+01,-3.707392701317287209e-02,-4.000000000000000222e-01,2.685742706606254249e+00
2.035000000000000142e+00,4.546041215388829833e-03,-3.902056318423861025e-01,4.844054991197662474e+01,-3.512713884203653297e-02,-4.000000000000000222e-01,2.679677724795169080e+00
2.036000000000000032e+00,4.494800862747722406e-03,-4.061100163624939419e-01,4.816683619664881633e+01,-3.655881053049844787e-02,-4.000000000000000222e-01,2.673616380963522943e+00
2.036999999999999922e+00,9.888015674274589287e-03,-3.993004045490135545e-01,4.822809615146182693e+01,-3.595353172651077900e-02,-4.000000000000000222e-01,2.667558672919922103e+00
2.038000000000000256e+00,-4.561587234257657303e-03,-3.903154112420959554e-01,4.824839667355973205e+01,-3.512425202831705173e-02,-4.000000000000000222e-01,2.661504598477410610e+00
2.039000000000000146e+00,-7.576702874929673245e-03,-3.983723730961104548e-01,4.793905751995322362e+01,-3.584497862288373027e-02,-4.000000000000000222e-01,2.655454155452440457e+00
2.040000000000000036e+00,-6.298297330160534772e-03,-3.930131918103909050e-01,4.789261606133785421e+01,-3.536457190775930959e-02,-4.000000000000000222e-01,2.649407341664179683e+00
2.040999999999999925e+00,-2.127197242551042214e-02,-4.043000404485231347e-01,4.772592915028778293e+01,-3.635845220571258529e-02,-4.000000000000000222e-01,2.643364154934058075e+00
2.042000000000000259e+00,-9.446826333539107973e-03,-4.048520393705136722e-01,4.757693905362128106e+01,-3.642529009676458152e-02,-4.000000000000000222e-01,2.637324593085440316e+00
2.043000000000000149e+00,1.739114201644419502e-02,-4.004726862904016693e-01,4.761063990659035028e+01,-3.606987905929326388e-02,-4.000000000000000222e-01,2.631288653943433697e+00
2.044000000000000039e+00,-8.752114847196857880e-03,-3.766874885301247367e-01,4.744506030515406536e+01,-3.389221314985979561e-02,-4.000000000000000222e-01,2.625256335334733571e+00
2.044999999999999929e+00,-2.189510595286252997e-02,-3.984104438379627577e-01,4.736497111166676888e+01,-3.582791264411178817e-02,-4.000000000000000222e-01,2.619227635087531425e+00
2.046000000000000263e+00,1.362922882896315351e-02,-4.051326642851239557e-01,4.722548521341505534e+01,-3.648412054656514220e-02,-4.000000000000000222e-01,2.613202551031455378e+00
2.047000000000000153e+00,9.591605239099736981e-04,-4.018875476983238548e-01,4.728838437544346363e+01,-3.617359159025129028e-02,-4.000000000000000222e-01,2.607181080997522216e+00
2.048000000000000043e+00,4.020183267177336226e-04,-3.928953601691024811e-01,4.705717567992347483e+01,-3.536342534358320050e-02,-4.000000000000000222e-01,2.601163222818112075e+00
2.048999999999999932e+00,7.717001040325155133e-06,-3.941817298185155694e-01,4.699458086476509067e+01,-3.547864961204459655e-02,-4.000000000000000222e-01,2.595148974326944469e+00
2.049999999999999822e+00,2.589337636569247550e-03,-3.908160890625562156e-01,4.680217504824324948e+01,-3.517934657268336623e-02,-4.000000000000000222e-01,2.589138333359067623e+00
2.051000000000000156e+00,-1.317614991854127934e-02,-4.022779107337837723e-01,4.672688410756180843e+01,-3.618830199652284946e-02,-4.000000000000000222e-01,2.583131297750846045e+00
2.052000000000000046e+00,-1.051332903433004062e-02,-4.101034611894389670e-01,4.665561336886575106e+01,-3.689619917129650928e-02,-4.000000000000000222e-01,2.577127865339958745e+00
2.052999999999999936e+00,3.362538443651546909e-03,-3.957233158570062637e-01,4.655751622925378541e+01,-3.562217013798939930e-02,-4.000000000000000222e-01,2.571128033965391690e+00
2.053999999999999826e+00,-5.601201835709113987e-03,-3.936861219497198583e-01,4.649629801402113571e+01,-3.542611009929139132e-02,-4.000000000000000222e-01,2.565131801467430250e+00
2.055000000000000160e+00,-1.141273903873724592e-02,-3.892300595420137288e-01,4.638758348176570934e+01,-3.501700289828225954e-02,-4.000000000000000222e-01,2.559139165687667195e+00
2.056000000000000050e+00,-1.304076306668564347e-02,-4.055675836726106431e-01,4.622756425659404300e+01,-3.648443315055058950e-02,-4.000000000000000222e-01,2.553150124468993365e+00
2.056999999999999940e+00,-1.794459249857307745e-02,-4.016726147784837053e-01,4.609169914254987788e+01,-3.612697035419737412e-02,-4.000000000000000222e-01,2.547164675655595012e+00
2.057999999999999829e+00,1.308980500401186672e-02,-3.867196694832250037e-01,4.607673776163741053e+01,-3.482519358034644186e-02,-4.000000000000000222e-01,2.541182817092953794e+00
2.059000000000000163e+00,1.044258399187806066e-02,-4.114072074943084245e-01,4.598773498270433180e+01,-3.704446368130536599e-02,-4.000000000000000222e-01,2.535204546627848998e+00
2.060000000000000053e+00,1.396689171412062412e-02,-3.909731282496207716e-01,4.589889503116113900e+01,-3.520946129700094906e-02,-4.000000000000000222e-01,2.529229862108355764e+00
2.060999999999999943e+00,2.140015476671675021e-02,-3.972099062889506427e-01,4.569975216833240239e+01,-3.578172627258123517e-02,-4.000000000000000222e-01,2.523258761383840199e+00
2.061999999999999833e+00,1.157816920827420444e-02,-3.962052251075964260e-01,4.564004211938927824e+01,-3.567724315829400028e-02,-4.000000000000000222e-01,2.517291242304960708e+00
2.063000000000000167e+00,5.467204212159694141e-03,-4.027331693795933032e-01,4.563981929057980125e+01,-3.625622695936320250e-02,-4.000000000000000222e-01,2.511327302723669330e+00
2.064000000000000057e+00,-6.696713775303515803e-03,-4.039810732137859017e-01,4.548723224232042384e+01,-3.635091845920732090e-02,-4.000000000000000222e-01,2.505366940493206851e+00
2.064999999999999947e+00,6.718372258600955986e-03,-4.235323014406541797e-01,4.536667600558831737e+01,-3.813058127059816560e-02,-4.000000000000000222e-01,2.499410153468105911e+00
2.065999999999999837e+00,1.097870189639276600e-02,-4.098850074964758838e-01,4.533947916831822056e+01,-3.690818911956610104e-02,-4.000000000000000222e-01,2.493456939504187897e+00
2.067000000000000171e+00,3.283861345971271495e-02,-4.064343029380116934e-01,4.517816348538258353e+01,-3.662938412447910852e-02,-4.000000000000000222e-01,2.487507296458564721e+00
2.068000000000000060e+00,-1.231027594109582873e-02,-3.960574567322124317e-01,4.499127225324352963e+01,-3.562995138565584752e-02,-4.000000000000000222e-01,2.481561222189633487e+00
2.068999999999999950e+00,5.320144473803359135e-03,-3.989666440451699603e-01,4.501359116952463779e+01,-3.591693313879083110e-02,-4.000000000000000222e-01,2.475618714557079603e+00
2.069999999999999840e+00,-2.045839823653875390e-04,-4.070866879902454993e-01,4.486717299116633484e+01,-3.663986050012991991e-02,-4.000000000000000222e-01,2.469679771421875447e+00
2.071000000000000174e+00,-8.460695528165517246e-03,-3.823237046245683279e-01,4.481781835200384023e+01,-3.439972826748811940e-02,-4.000000000000000222e-01,2.463744390646276816e+00
2.072000000000000064e+00,-9.155409822771335207e-03,-4.007990786917440817e-01,4.467124726345145547e+01,-3.606105725111775906e-02,-4.000000000000000222e-01,2.457812570093825588e+00
2.072999999999999954e+00,9.061381113861217626e-03,-4.006091526152593674e-01,4.458163371059760038e+01,-3.607018356534970327e-02,-4.000000000000000222e-01,2.451884307629350612e+00
2.073999999999999844e+00,1.413540831225618740e-03,-4.049312358659891697e-01,4.454134804467874886e+01,-3.644821256183710528e-02,-4.000000000000000222e-01,2.445959601118961491e+00
2.075000000000000178e+00,-1.024427161701914682e-02,-4.093164527355211968e-01,4.449753461636122864e+01,-3.682578917089580905e-02,-4.000000000000000222e-01,2.440038448430048579e+00
2.076000000000000068e+00,3.039950840838729403e-03,-4.037410888679006105e-01,4.433651368714088647e+01,-3.634344514677323446e-02,-4.000000000000000222e-01,2.434120847431287427e+00
2.076999999999999957e+00,-5.169426371336418614e-03,-3.804001791153566181e-01,4.411930932466407995e+01,-3.423115560418191206e-02,-4.000000000000000222e-01,2.428206795992633449e+00
2.077999999999999847e+00,1.897359743033663615e-02,-3.932648635006297244e-01,4.407957139568044624e+01,-3.542291843761220110e-02,-4.000000000000000222e-01,2.422296291985322814e+00
2.079000000000000181e+00,1.459998000010582738e-04,-4.117595077185082220e-01,4.396013711213886666e+01,-3.706095644819844270e-02,-4.000000000000000222e-01,2.416389333281871110e+00
2.080000000000000071e+00,-1.244479403687325479e-02,-3.881366175690864062e-01,4.390521333776259638e+01,-3.491719269461449060e-02,-4.000000000000000222e-01,2.410485917756072460e+00
2.080999999999999961e+00,3.170261683950781600e-03,-3.850924297955050646e-01,4.395837995424996336e+01,-3.466493443986137096e-02,-4.000000000000000222e-01,2.404586043283001295e+00
2.081999999999999851e+00,1.293103449871812680e-02,-4.163102404909855281e-01,4.371331198283240127e+01,-3.748967026945975584e-02,-4.000000000000000222e-01,2.398689707739005250e+00
2.083000000000000185e+00,7.450145924274831615e-04,-4.013881749161609114e-01,4.361942596469197042e+01,-3.612833466532790194e-02,-4.000000000000000222e-01,2.392796909001714933e+00
2.084000000000000075e+00,-2.133954434236500896e-03,-4.161639897358019313e-01,4.355920775056426919e+01,-3.745397933442344562e-02,-4.000000000000000222e-01,2.386907644950030161e+00
2.084999999999999964e+00,1.532861066448734698e-03,-3.846589105362237526e-01,4.345683795922395376e+01,-3.462364780442304946e-02,-4.000000000000000222e-01,2.381021913464129280e+00
2.085999999999999854e+00,1.640165192912202557e-02,-3.811755210467148158e-01,4.336151160287327855e+01,-3.433046208106551450e-02,-4.000000000000000222e-01,2.375139712425468286e+00
2.087000000000000188e+00,-3.681173861147469563e-03,-4.006679155430257766e-01,4.321980704738541590e+01,-3.605713486884926794e-02,-4.000000000000000222e-01,2.369261039716773265e+00
2.088000000000000078e+00,5.581459502135939152e-03,-4.029512263937384264e-01,4.318254240209787298e+01,-3.627602301399682899e-02,-4.000000000000000222e-01,2.363385893222043954e+00
2.088999999999999968e+00,3.768744248484413688e-03,-3.911483794941513215e-01,4.308705933041331804e+01,-3.521091484760005552e-02,-4.000000000000000222e-01,2.357514270826550629e+00
2.089999999999999858e+00,-8.707721289630366429e-03,-4.063675889723510348e-01,4.289118344203163247e+01,-3.656272579286674873e-02,-4.000000000000000222e-01,2.351646170416839432e+00
2.091000000000000192e+00,-1.717848920706812992e-03,-3.966150637886148855e-01,4.283902955152284875e+01,-3.569520544535765422e-02,-4.000000000000000222e-01,2.345781589880724383e+00
2.092000000000000082e+00,-3.772885738250557602e-03,-4.042222943061634099e-01,4.269067444030189051e+01,-3.637686937698068890e-02,-4.000000000000000222e-01,2.339920527107290926e+00
2.092999999999999972e+00,1.547007286338589541e-03,-4.026819308370623851e-01,4.253537051489384169e+01,-3.624594371680238403e-02,-4.000000000000000222e-01,2.334062979986892827e+00
2.093999999999999861e+00,-2.047329255673944765e-03,-4.004280715749123920e-01,4.252786441664786565e+01,-3.603790078331483432e-02,-4.000000000000000222e-01,2.328208946411153502e+00
2.095000000000000195e+00,-9.165252108596821240e-03,-3.985664462512505390e-01,4.239471877566267466e+01,-3.586016673452349646e-02,-4.000000000000000222e-01,2.322358424272961575e+00
2.096000000000000085e+00,-4.351367539472314450e-04,-4.017520335525808783e-01,4.233411510600911498e+01,-3.615938190519688011e-02,-4.000000000000000222e-01,2.316511411466479764e+00
2.096999999999999975e+00,-1.024157076480775638e-03,-4.160484615639947759e-01,4.232526472810739904e+01,-3.744524059644328134e-02,-4.000000000000000222e-01,2.310667905887131557e+00
2.097999999999999865e+00,-1.801429526540390680e-02,-3.969318459275831823e-01,4.212907456713818277e+01,-3.570047990120198828e-02,-4.000000000000000222e-01,2.304827905431606094e+00
2.099000000000000199e+00,-2.433440013466671014e-04,-4.151761302517723573e-01,4.201003047220618924e+01,-3.736789340585162239e-02,-4.000000000000000222e-01,2.298991407997861725e+00
2.100000000000000089e+00,9.153426427934006904e-03,-3.972915372934184286e-01,4.192719345030234024e+01,-3.577160234415395490e-02,-4.000000000000000222e-01,2.293158411485116677e+00
2.100999999999999979e+00,3.004721122731578934e-03,-3.884636697018001850e-01,4.186397168090201859e+01,-3.496817295248281360e-02,-4.000000000000000222e-01,2.287328913793855723e+00
2.101999999999999869e+00,-3.722968131142686231e-03,-4.007663122647517340e-01,4.177018747466584614e+01,-3.606592967576047193e-02,-4.000000000000000222e-01,2.281502912825825735e+00
2.103000000000000203e+00,8.210745894051379567e-04,-3.966684805506905387e-01,4.164308025326030105e+01,-3.570363058243322674e-02,-4.000000000000000222e-01,2.275680406484035689e+00
2.104000000000000092e+00,-1.948377449080519568e-03,-4.072713146550910879e-01,4.150731628860014411e+01,-3.665392673082890074e-02,-4.000000000000000222e-01,2.269861392672756661e+00
2.104999999999999982e+00,-2.685526566023977400e-03,-4.062808698747544800e-01,4.144620466305339335e+01,-3.656371209790535565e-02,-4.000000000000000222e-01,2.264045869297519609e+00
2.105999999999999872e+00,-2.073261747242206507e-02,-4.119215840185533328e-01,4.133798005860455760e+01,-3.704465096309843275e-02,-4.000000000000000222e-01,2.258233834265115814e+00
2.107000000000000206e+00,-2.081365053388232371e-04,-3.785897206046988095e-01,4.112167555155620846e+01,-3.407498449901533166e-02,-4.000000000000000222e-01,2.252425285483595552e+00
2.108000000000000096e+00,8.155616583872827771e-03,-3.957611632418079894e-01,4.115522232180041584e+01,-3.563239099485834838e-02,-4.000000000000000222e-01,2.246620220862269868e+00
2.108999999999999986e+00,1.165082580240560210e-02,-4.008501801120495367e-01,4.107532366764094434e+01,-3.609561381276099601e-02,-4.000000000000000222e-01,2.240818638311707023e+00
2.109999999999999876e+00,9.776092078598620783e-03,-4.145870039137924956e-01,4.094442406205457274e+01,-3.732979048595784499e-02,-4.000000000000000222e-01,2.235020535743728942e+00
2.111000000000000210e+00,-1.232955316833670226e-02,-4.170600058072962413e-01,4.085733208878401967e+01,-3.751934483550108113e-02,-4.000000000000000222e-01,2.229225911071419652e+00
2.112000000000000099e+00,-2.208799798521976152e-02,-3.868238150581977952e-01,4.080947457149739677e+01,-3.478569220422195185e-02,-4.000000000000000222e-01,2.223434762209114179e+00
2.112999999999999989e+00,-2.356870901055566070e-02,-4.067938858944679104e-01,4.070985864529091458e+01,-3.657936608348916208e-02,-4.000000000000000222e-01,2.217647087072406542e+00
2.113999999999999879e+00,-1.150721444121037204e-02,-3.949039058146667225e-01,4.056652253667031260e+01,-3.552731530385029590e-02,-4.000000000000000222e-01,2.211862883578140870e+00
2.115000000000000213e+00,-8.702245301928172513e-03,-4.061555578031480485e-01,4.059610650277923583e+01,-3.654365638095361662e-02,-4.000000000000000222e-01,2.206082149644419843e+00
2.116000000000000103e+00,-4.389117909495291250e-03,-4.014348977468705226e-01,4.046595704061149235e+01,-3.612513671458388032e-02,-4.000000000000000222e-01,2.200304883190594918e+00
2.116999999999999993e+00,8.104450992037826040e-03,-3.932292191735565767e-01,4.026270772804531362e+01,-3.540435491645017169e-02,-4.000000000000000222e-01,2.194531082137272548e+00
2.117999999999999883e+00,-7.504432665147272447e-03,-3.899381255319841477e-01,4.015257018730327587e+01,-3.508617827102070152e-02,-4.000000000000000222e-01,2.188760744406310188e+00
2.119000000000000217e+00,-2.911081154079667253e-03,-4.093678169783818710e-01,4.022138534988245340e+01,-3.684119376091129355e-02,-4.000000000000000222e-01,2.182993867920815401e+00
2.120000000000000107e+00,1.569333456970100835e-02,-4.085429356487474406e-01,3.994575104270774801e+01,-3.679426081524382608e-02,-4.000000000000000222e-01,2.177230450605146750e+00
2.120999999999999996e+00,5.011737440502617505e-03,-3.996494086279299696e-01,3.996720167783166033e+01,-3.597795620978019859e-02,-4.000000000000000222e-01,2.171470490384909802e+00
2.121999999999999886e+00,6.054305460103111920e-04,-3.961734411478546325e-01,3.993797780831133082e+01,-3.565876582662275140e-02,-4.000000000000000222e-01,2.165713985186964674e+00
2.123000000000000220e+00,2.662981116662927177e-03,-3.930146487288555535e-01,3.968814396020625423e+01,-3.537735409153106025e-02,-4.000000000000000222e-01,2.159960932939413603e+00
2.124000000000000110e+00,1.499291535209940594e-02,-4.032311005916753288e-01,3.964525818405292057e+01,-3.631485093464575237e-02,-4.000000000000000222e-01,2.154211331571608490e+00
2.125000000000000000e+00,-5.319125482047318797e-03,-3.890881122529323277e-01,3.958375423069261956e+01,-3.501274935127692695e-02,-4.000000000000000222e-01,2.148465179014152238e+00
2.125999999999999890e+00,7.145965440743819695e-03,-3.965223754244437404e-01,3.950888109251300762e+01,-3.569948870357213949e-02,-4.000000000000000222e-01,2.142722473198883648e+00
2.127000000000000224e+00,9.462087363236617102e-03,-3.862173845911202053e-01,3.927797515338474454e+01,-3.477492855896712615e-02,-4.000000000000000222e-01,2.136983212058895187e+00
2.128000000000000114e+00,-1.173646551413030752e-02,-4.059670483892226511e-01,3.912045716962315112e+01,-3.652227060263684572e-02,-4.000000000000000222e-01,2.131247393528521439e+00
2.129000000000000004e+00,1.235113284779461827e-02,-3.941991832889777392e-01,3.919716400382034749e+01,-3.549769886526325802e-02,-4.000000000000000222e-01,2.125515015543340436e+00
2.129999999999999893e+00,1.030571947146256655e-02,-4.007731928132355903e-01,3.904777046430410081e+01,-3.608674484654783576e-02,-4.000000000000000222e-01,2.119786076040176326e+00
2.131000000000000227e+00,1.153908434627290078e-02,-4.148867828618884035e-01,3.895904578875456536e+01,-3.735941027232063394e-02,-4.000000000000000222e-01,2.114060572957091377e+00
2.132000000000000117e+00,9.375902715199746842e-03,-4.051619846537364289e-01,3.885989066193092611e+01,-3.648057075968698382e-02,-4.000000000000000222e-01,2.108338504233393529e+00
2.133000000000000007e+00,4.032902894043056269e-03,-4.033999986134421678e-01,3.875823526082573522e+01,-3.631418016621254519e-02,-4.000000000000000222e-01,2.102619867809627063e+00
2.133999999999999897e+00,-6.015343176830147132e-03,-4.178106130136440832e-01,3.868825529017610165e+01,-3.759634707914211865e-02,-4.000000000000000222e-01,2.096904661627583266e+00
2.135000000000000231e+00,1.744193394790528873e-02,-3.894961313504292089e-01,3.863113520218425379e+01,-3.508131089045058576e-02,-4.000000000000000222e-01,2.091192883630290655e+00
2.136000000000000121e+00,5.143346022221708877e-03,-3.972197799517960815e-01,3.852069183213336601e+01,-3.575941960368871075e-02,-4.000000000000000222e-01,2.085484531762011429e+00
2.137000000000000011e+00,-5.699639324756603171e-04,-3.914573629981705216e-01,3.838196422472374536e+01,-3.523262843424597446e-02,-4.000000000000000222e-01,2.079779603968255230e+00
2.137999999999999901e+00,-4.113937488485706548e-03,-4.077943524524418328e-01,3.825506017505067291e+01,-3.669782730155797534e-02,-4.000000000000000222e-01,2.074078098195764053e+00
2.139000000000000234e+00,-2.427331975793732555e-02,-3.901311506181586175e-01,3.821571273645906075e+01,-3.508004665485590229e-02,-4.000000000000000222e-01,2.068380012392517564e+00
2.140000000000000124e+00,-9.093820586114518753e-03,-4.096003364155438864e-01,3.817098417045081504e+01,-3.685302259017228521e-02,-4.000000000000000222e-01,2.062685344507733554e+00
2.141000000000000014e+00,3.518508225685094363e-03,-3.852076537386278643e-01,3.795555131991868336e+01,-3.467578844526757881e-02,-4.000000000000000222e-01,2.056994092491863935e+00
2.141999999999999904e+00,-1.070959644296933487e-02,-4.024815256032668875e-01,3.789634467656375705e+01,-3.621018491170004128e-02,-4.000000000000000222e-01,2.051306254296598297e+00
2.143000000000000238e+00,1.270556842108905293e-02,-4.000932807194764185e-01,3.790994529969960780e+01,-3.602897265879371341e-02,-4.000000000000000222e-01,2.045621827874856802e+00
2.144000000000000128e+00,-1.205662484447386079e-02,-3.953477870635676572e-01,3.773410762031998900e+01,-3.556646860448445940e-02,-4.000000000000000222e-01,2.039940811180795066e+00
2.145000000000000018e+00,-1.239654254086650087e-02,-4.013214501622919816e-01,3.762861789256272260e+01,-3.610338414831969212e-02,-4.000000000000000222e-01,2.034263202169802387e+00
2.145999999999999908e+00,-3.079881731067298845e-04,-4.152670534850742556e-01,3.758849375310879282e+01,-3.737598051535892529e-02,-4.000000000000000222e-01,2.028588998798500409e+00
2.147000000000000242e+00,-1.591891113334198155e-03,-4.024030145269251735e-01,3.737537116763397194e+01,-3.621630088723265528e-02,-4.000000000000000222e-01,2.022918199024742680e+00
2.148000000000000131e+00,-1.250873976541158790e-02,-3.991887926831005351e-01,3.739967516691362448e+01,-3.591136670717864909e-02,-4.000000000000000222e-01,2.017250800807612432e+00
2.149000000000000021e+00,5.056210643662541237e-04,-4.193042946338831900e-01,3.720375027049220051e+01,-3.774057658118212810e-02,-4.000000000000000222e-01,2.011586802107423910e+00
2.149999999999999911e+00,-3.294578969580800459e-03,-4.083187979463200334e-01,3.718953355607055045e+01,-3.674622445634018880e-02,-4.000000000000000222e-01,2.005926200885723265e+00
2.151000000000000245e+00,-1.177450863179914202e-02,-3.929417385992915457e-01,3.706341258279563533e+01,-3.535041271392848350e-02,-4.000000000000000222e-01,2.000268995105282333e+00
2.152000000000000135e+00,1.689022848638478680e-02,-3.965263009921847770e-01,3.700591649174317155e+01,-3.571372150871087586e-02,-4.000000000000000222e-01,1.994615182730104186e+00
2.153000000000000025e+00,-1.470386414236229955e-02,-3.961352375574662688e-01,3.689234192914470611e+01,-3.563354269171980365e-02,-4.000000000000000222e-01,1.988964761725417141e+00
2.153999999999999915e+00,-1.371040250797783168e-03,-4.084169803589030034e-01,3.683014536405818262e+01,-3.675788225938094594e-02,-4.000000000000000222e-01,1.983317730057680528e+00
2.155000000000000249e+00,9.383088339616138529e-03,-3.907620339622421834e-01,3.663731829391374362e+01,-3.518401690344008514e-02,-4.000000000000000222e-01,1.977674085694576034e+00
2.156000000000000139e+00,-6.247591565117713297e-03,-4.061903018922767283e-01,3.648537958469373876e+01,-3.655036399643152301e-02,-4.000000000000000222e-01,1.972033826605012363e+00
2.157000000000000028e+00,-3.292600554750882511e-03,-4.039214029178883059e-01,3.654819152424261830e+01,-3.635048834657494954e-02,-4.000000000000000222e-01,1.966396950759124795e+00
2.157999999999999918e+00,-1.690918242068196672e-02,-3.970795370847524097e-01,3.640385108311600248e+01,-3.571533968322276875e-02,-4.000000000000000222e-01,1.960763456128272297e+00
2.159000000000000252e+00,-2.122184491595476181e-03,-3.956310082101628378e-01,3.631768554044204222e+01,-3.560606619538057849e-02,-4.000000000000000222e-01,1.955133340685037524e+00
2.160000000000000142e+00,-1.857238170688556289e-02,-3.881569778000538706e-01,3.618036749999674129e+01,-3.491048062263909374e-02,-4.000000000000000222e-01,1.949506602403226374e+00
2.161000000000000032e+00,-1.870982148504073388e-03,-3.720500465298893777e-01,3.602476880450210217e+01,-3.348415854704867717e-02,-4.000000000000000222e-01,1.943883239257865325e+00
2.161999999999999922e+00,6.542261594517220780e-03,-4.100160157617918633e-01,3.599183643549780243e+01,-3.691345170722017816e-02,-4.000000000000000222e-01,1.938263249225208984e+00
2.163000000000000256e+00,2.198089288226976433e-03,-4.172990669636010286e-01,3.602982142816699707e+01,-3.756262781497642783e-02,-4.000000000000000222e-01,1.932646630282726763e+00
2.164000000000000146e+00,7.667438739366571818e-03,-4.120404493001347257e-01,3.584965777685489741e+01,-3.709737539242771720e-02,-4.000000000000000222e-01,1.927033380409113095e+00
2.165000000000000036e+00,6.444196382962121342e-03,-3.894387183707676003e-01,3.581976083614571849e+01,-3.506075500292629710e-02,-4.000000000000000222e-01,1.921423497584279882e+00
2.165999999999999925e+00,1.809245935706916587e-03,-4.095898070438689920e-01,3.567952941704315606e+01,-3.686811680031059496e-02,-4.000000000000000222e-01,1.915816979789358054e+00
2.167000000000000259e+00,-1.452382005976883160e-04,-4.078901868440933387e-01,3.546465338660944155e+01,-3.671226641268359597e-02,-4.000000000000000222e-01,1.910213825006700672e+00
2.168000000000000149e+00,5.685703141516558305e-03,-3.929472644226170153e-01,3.541571844373849842e+01,-3.537555506554716095e-02,-4.000000000000000222e-01,1.904614031219874937e+00
2.169000000000000039e+00,-9.874162064275522101e-04,-4.056616236233643313e-01,3.554235212570276303e+01,-3.651045677380133220e-02,-4.000000000000000222e-01,1.899017596413668629e+00
2.169999999999999929e+00,1.195429249905811996e-03,-4.193606041335432577e-01,3.526857419491931722e+01,-3.774668398300912858e-02,-4.000000000000000222e-01,1.893424518574085225e+00
2.171000000000000263e+00,1.176719796651442412e-02,-4.040695381264877706e-01,3.514970755306818262e+01,-3.638567832270130087e-02,-4.000000000000000222e-01,1.887834795688344780e+00
2.172000000000000153e+00,3.004717560557048760e-03,-3.951875250798991268e-01,3.508313826316895501e+01,-3.557343144675845226e-02,-4.000000000000000222e-01,1.882248425744881271e+00
2.173000000000000043e+00,-1.012907409124400547e-02,-3.799254178542803562e-01,3.498076415704867514e+01,-3.418166456599740222e-02,-4.000000000000000222e-01,1.876665406733347474e+00
2.173999999999999932e+00,1.620981683212142964e-03,-3.973455590485191480e-01,3.493284946247587186e+01,-3.576571527880655771e-02,-4.000000000000000222e-01,1.871085736644605646e+00
2.175000000000000266e+00,-1.603404770823090020e-02,-3.908285612309094770e-01,3.492325091860193709e+01,-3.515432393323906363e-02,-4.000000000000000222e-01,1.865509413470736400e+00
2.176000000000000156e+00,8.401619378569467477e-05,-4.014716738616893044e-01,3.466547874709074506e+01,-3.613489703278310872e-02,-4.000000000000000222e-01,1.859936435205032268e+00
2.177000000000000046e+00,4.865763023299921400e-03,-4.002903131348917176e-01,3.463299501680634052e+01,-3.603544297093861509e-02,-4.000000000000000222e-01,1.854366799841995928e+00
2.177999999999999936e+00,8.320707078554561830e-04,-3.948013571356988605e-01,3.451442229079911073e+01,-3.553558874865028749e-02,-4.000000000000000222e-01,1.848800505377345749e+00
2.178999999999999826e+00,1.655444781525312534e-02,-4.030029293433657900e-01,3.439213849917977939e+01,-3.629656243211536182e-02,-4.000000000000000222e-01,1.843237549808008913e+00
2.180000000000000160e+00,-2.989770056569854284e-02,-4.102301802885207072e-01,3.438032360238107543e+01,-3.687903522073458784e-02,-4.000000000000000222e-01,1.837677931132121856e+00
2.181000000000000050e+00,-8.818195510296849074e-03,-3.854481116825370646e-01,3.429327296725061558e+01,-3.468035305855614314e-02,-4.000000000000000222e-01,1.832121647349037152e+00
2.181999999999999940e+00,-6.504041025848728876e-03,-3.961255752717867673e-01,3.409269664838161162e+01,-3.564434127258191143e-02,-4.000000000000000222e-01,1.826568696459313079e+00
2.182999999999999829e+00,-1.367414274579446982e-02,-4.005054809726378284e-01,3.408800313408149663e+01,-3.602814050052779993e-02,-4.000000000000000222e-01,1.821019076464714503e+00
2.184000000000000163e+00,-1.455444069510581327e-02,-4.211472510816240966e-01,3.398831797610247207e+01,-3.788367374046935909e-02,-4.000000000000000222e-01,1.815472785368218656e+00
2.185000000000000053e+00,-2.288239454729254756e-03,-3.974110817462084833e-01,3.396217066369581516e+01,-3.576603250314223936e-02,-4.000000000000000222e-01,1.809929821174008913e+00
2.185999999999999943e+00,-1.009146159694687683e-02,-3.973803064487930192e-01,3.370512873410008581e+01,-3.575212423217474095e-02,-4.000000000000000222e-01,1.804390181887476352e+00
2.186999999999999833e+00,-4.585149186096248823e-03,-3.889331651369136167e-01,3.368677984693487559e+01,-3.499983160415916922e-02,-4.000000000000000222e-01,1.798853865515217310e+00
2.188000000000000167e+00,5.707216344159577555e-04,-4.030247179785135803e-01,3.361743371477759723e+01,-3.627538507386517813e-02,-4.000000000000000222e-01,1.793320870065036932e+00
2.189000000000000057e+00,-1.224852537106522338e-02,-4.009853422635161202e-01,3.352707090644079102e+01,-3.607336065877424919e-02,-4.000000000000000222e-01,1.787791193545942736e+00
2.189999999999999947e+00,1.112783584821377611e-02,-4.067280201234620973e-01,3.341779916567369924e+01,-3.662413535668291448e-02,-4.000000000000000222e-01,1.782264833968148832e+00
2.190999999999999837e+00,-1.804909109661380004e-02,-3.951008241766613138e-01,3.330453538420215409e+01,-3.553574643907472103e-02,-4.000000000000000222e-01,1.776741789343075029e+00
2.192000000000000171e+00,-3.675382952645594396e-03,-4.108542696580557152e-01,3.329709376232606388e+01,-3.697383958657279174e-02,-4.000000000000000222e-01,1.771222057683340401e+00
2.193000000000000060e+00,1.402122275251413940e-02,-4.091267096091179556e-01,3.321842444834621944e+01,-3.684437938180072647e-02,-4.000000000000000222e-01,1.765705637002771056e+00
2.193999999999999950e+00,-9.566339477377340875e-03,-4.038851988839214924e-01,3.298490733567368949e+01,-3.633812827257620198e-02,-4.000000000000000222e-01,1.760192525316395473e+00
2.194999999999999840e+00,7.665773466915206877e-03,-3.916262270903453913e-01,3.293741642013447546e+01,-3.525941256326595857e-02,-4.000000000000000222e-01,1.754682720640441396e+00
2.196000000000000174e+00,1.425908638178550623e-03,-3.950670117437607987e-01,3.299728394411564381e+01,-3.556034272469616592e-02,-4.000000000000000222e-01,1.749176220992339825e+00
2.197000000000000064e+00,-1.590068156213098050e-02,-4.016524469178122669e-01,3.284523270683995122e+01,-3.612810533959949499e-02,-4.000000000000000222e-01,1.743673024390724358e+00
2.197999999999999954e+00,-6.482492683841095150e-03,-3.905917519554825690e-01,3.265651101058936234e+01,-3.514642464476217670e-02,-4.000000000000000222e-01,1.738173128855427407e+00
2.198999999999999844e+00,1.929106967208724793e-02,-3.988246718125894041e-01,3.265722562539642837e+01,-3.592416713352820229e-02,-4.000000000000000222e-01,1.732676532407480430e+00
2.200000000000000178e+00,1.073480574941305596e-02,-3.946391388341400353e-01,3.245351076414009128e+01,-3.553502565001853686e-02,-4.000000000000000222e-01,1.727183233069115031e+00
2.201000000000000068e+00,-5.520722106633384023e-03,-3.933275656846533241e-01,3.249546335930481433e+01,-3.539395888068464641e-02,-4.000000000000000222e-01,1.721693228863759195e+00
2.201999999999999957e+00,9.057457123751083694e-03,-4.165406120074869323e-01,3.241032978471771031e+01,-3.750461987039478695e-02,-4.000000000000000222e-01,1.716206517816043498e+00
2.202999999999999847e+00,1.026438508071198831e-02,-4.114800694184168606e-01,3.220673256103383153e+01,-3.705076101737094646e-02,-4.000000000000000222e-01,1.710723097951792449e+00
2.204000000000000181e+00,-2.564830569157472168e-03,-4.004228476273201665e-01,3.212914784547800195e+01,-3.603668628242502614e-02,-4.000000000000000222e-01,1.705242967298030710e+00
2.205000000000000071e+00,-7.987423367159603507e-03,-3.998615012113976297e-01,3.206797006157939478e+01,-3.597837831312991619e-02,-4.000000000000000222e-01,1.699766123882975766e+00
2.205999999999999961e+00,-7.580689059823140195e-03,-3.988191511007702084e-01,3.196044551690039981e+01,-3.588517336066726626e-02,-4.000000000000000222e-01,1.694292565736043477e+00
2.206999999999999851e+00,-2.462974349175161420e-02,-3.922419086635526297e-01,3.179626452505162959e+01,-3.526934087012913166e-02,-4.000000000000000222e-01,1.688822290887846522e+00
2.208000000000000185e+00,1.292368762921878352e-03,-4.090015139963754653e-01,3.180719929338472696e+01,-3.681440381162820463e-02,-4.000000000000000222e-01,1.683355297370189518e+00
2.209000000000000075e+00,1.176961730959573578e-02,-3.960011739177352608e-01,3.178194341038708970e+01,-3.565914121361568601e-02,-4.000000000000000222e-01,1.677891583216072569e+00
2.209999999999999964e+00,5.456880767086089851e-03,-3.994588094801996281e-01,3.161791722123945192e+01,-3.596143648663976261e-02,-4.000000000000000222e-01,1.672431146459691043e+00
2.210999999999999854e+00,5.582357204977883222e-03,-4.044075403877145369e-01,3.161257567888497633e+01,-3.640713021004764183e-02,-4.000000000000000222e-01,1.666973985136431580e+00
2.212000000000000188e+00,3.524265444285925165e-04,-4.003801566411694934e-01,3.137381903534769734e+01,-3.603703986157998779e-02,-4.000000000000000222e-01,1.661520097282875863e+00
2.213000000000000078e+00,-4.723831210105552264e-03,-4.064490808324941473e-01,3.135207031863926730e+01,-3.657587449460075746e-02,-4.000000000000000222e-01,1.656069480936797289e+00
2.213999999999999968e+00,5.299505521401652250e-03,-3.917059115106705236e-01,3.121903873642422056e+01,-3.526325736195393828e-02,-4.000000000000000222e-01,1.650622134137160746e+00
2.214999999999999858e+00,1.214603936499460309e-02,-3.955912056595549120e-01,3.117451161544861549e+01,-3.562275926118365493e-02,-4.000000000000000222e-01,1.645178054924122391e+00
2.216000000000000192e+00,3.639957686804803222e-03,-3.927639633462227109e-01,3.106116510542579334e+01,-3.535616692420646967e-02,-4.000000000000000222e-01,1.639737241339030982e+00
2.217000000000000082e+00,1.569227461353177094e-03,-3.932916255033976904e-01,3.104136813690520214e+01,-3.540074105987208591e-02,-4.000000000000000222e-01,1.634299691424423662e+00
2.217999999999999972e+00,-1.486108076256148188e-03,-4.068343099546639086e-01,3.088150764087139777e+01,-3.661527239192415017e-02,-4.000000000000000222e-01,1.628865403224029285e+00
2.218999999999999861e+00,-6.830816213236913341e-03,-4.085658552682767675e-01,3.074036228457395836e+01,-3.676326829939625951e-02,-4.000000000000000222e-01,1.623434374782763756e+00
2.220000000000000195e+00,-1.201610690367877279e-02,-3.963651940449290367e-01,3.070653083249655424e+01,-3.565805475169146060e-02,-4.000000000000000222e-01,1.618006604146734695e+00
2.221000000000000085e+00,-6.314043128047642020e-03,-4.125282510607802822e-01,3.066316203690695730e+01,-3.712057542218272221e-02,-4.000000000000000222e-01,1.612582089363238103e+00
2.221999999999999975e+00,2.122389484627678485e-02,-4.032920468898418820e-01,3.049480411551935433e+01,-3.632936635482278409e-02,-4.000000000000000222e-01,1.607160828480756365e+00
2.222999999999999865e+00,1.744937482137274231e-04,-3.954666294081488620e-01,3.045460568531925105e+01,-3.559453496856423288e-02,-4.000000000000000222e-01,1.601742819548960473e+00
2.224000000000000199e+00,9.317588976911253193e-03,-4.085440033041480845e-01,3.028830777698048493e+01,-3.678500035247161265e-02,-4.000000000000000222e-01,1.596328060618708022e+00
2.225000000000000089e+00,-1.155282384713121266e-02,-4.014674146538919630e-01,3.018792625217608361e+01,-3.611773203616217010e-02,-4.000000000000000222e-01,1.590916549742045882e+00
2.225999999999999979e+00,-9.425550217155112022e-04,-3.830820013116845724e-01,3.016819670148026944e+01,-3.447830181015901219e-02,-4.000000000000000222e-01,1.585508284972203974e+00
2.226999999999999869e+00,-1.350801305464261783e-02,-4.176449836561053619e-01,3.008732783680656553e+01,-3.757020236701617832e-02,-4.000000000000000222e-01,1.580103264363599935e+00
2.228000000000000203e+00,1.082507852330026610e-02,-3.905404838341378637e-01,2.995780788094364055e+01,-3.516609155552759269e-02,-4.000000000000000222e-01,1.574701485971836012e+00
2.229000000000000092e+00,-1.936402852296425364e-02,-4.047313992608848610e-01,2.983134141651455096e+01,-3.640001787765689834e-02,-4.000000000000000222e-01,1.569302947853699726e+00
2.229999999999999982e+00,-1.336955175090577368e-02,-3.984652469432956035e-01,2.974245563832226580e+01,-3.584504380553364677e-02,-4.000000000000000222e-01,1.563907648067165201e+00
2.230999999999999872e+00,4.635567264510372966e-03,-4.045259528976939967e-01,2.960498727532048946e+01,-3.641641461584385620e-02,-4.000000000000000222e-01,1.558515584671386733e+00
2.232000000000000206e+00,3.116185939354618878e-02,-3.905739445198985749e-01,2.966720492969695755e+01,-3.519763666634341537e-02,-4.000000000000000222e-01,1.553126755726705666e+00
2.233000000000000096e+00,1.675215785108526449e-03,-3.952484454767334898e-01,2.952528989144187221e+01,-3.557702770062395881e-02,-4.000000000000000222e-01,1.547741159294645952e+00
2.233999999999999986e+00,1.157667136773040013e-02,-4.027520773633093687e-01,2.937372768163733383e+01,-3.626676789568509390e-02,-4.000000000000000222e-01,1.542358793437913489e+00
2.234999999999999876e+00,2.611486090303949317e-03,-4.005228961600595383e-01,2.933504957423487269e+01,-3.605313758098316335e-02,-4.000000000000000222e-01,1.536979656220398116e+00
2.236000000000000210e+00,4.859275221294877961e-03,-4.282749065817436640e-01,2.917977726692167195e+01,-3.855469760407590624e-02,-4.000000000000000222e-01,1.531603745707171171e+00
2.237000000000000099e+00,-2.924827386801118114e-03,-3.878090327707109375e-01,2.913715333654886308e+01,-3.490098460823683885e-02,-4.000000000000000222e-01,1.526231059964486603e+00
2.237999999999999989e+00,-2.304401685144868289e-02,-3.952641955933319795e-01,2.902075680752111353e+01,-3.554334827180165302e-02,-4.000000000000000222e-01,1.520861597059778081e+00
2.238999999999999879e+00,7.732722048997547372e-03,-4.002835003924921642e-01,2.898582196200214511e+01,-3.603895195292807635e-02,-4.000000000000000222e-01,1.515495355061662330e+00
2.240000000000000213e+00,3.350741984686922241e-03,-4.016183477917947831e-01,2.891813304881756252e+01,-3.615281134012895969e-02,-4.000000000000000222e-01,1.510132332039935799e+00
2.241000000000000103e+00,7.015558172269081676e-03,-3.791151206684723607e-01,2.875910092223364956e+01,-3.413211053776479126e-02,-4.000000000000000222e-01,1.504772526065576210e+00
2.241999999999999993e+00,-1.302845345148110311e-02,-4.040275697599692295e-01,2.861903343223525908e+01,-3.634591298420167954e-02,-4.000000000000000222e-01,1.499415935210740125e+00
2.242999999999999883e+00,2.149495573843195149e-03,-3.879220185643468821e-01,2.869741737746074506e+01,-3.491822364693870917e-02,-4.000000000000000222e-01,1.494062557548764714e+00
2.244000000000000217e+00,6.670483944875778802e-03,-4.014957009965436363e-01,2.860216402430924632e+01,-3.614655872340662157e-02,-4.000000000000000222e-01,1.488712391154166870e+00
2.245000000000000107e+00,1.241521651447665200e-02,-4.084477312322799536e-01,2.839770021147869627e+01,-3.678087688614994216e-02,-4.000000000000000222e-01,1.483365434102641878e+00
2.245999999999999996e+00,-4.915616346883786708e-03,-4.046591805993773328e-01,2.831100471428901599e+01,-3.641452470414351106e-02,-4.000000000000000222e-01,1.478021684471062525e+00
2.246999999999999886e+00,-6.753013202007713926e-04,-4.050633849536655617e-01,2.828457349330339099e+01,-3.645706808722887909e-02,-4.000000000000000222e-01,1.472681140337483319e+00
2.248000000000000220e+00,-2.073993320970687199e-02,-3.966091170549549405e-01,2.814454902064331066e+01,-3.566757020479170009e-02,-4.000000000000000222e-01,1.467343799781134495e+00
2.249000000000000110e+00,-1.127607925872361160e-02,-4.019082038549531277e-01,2.809959710697104640e+01,-3.615778686014598647e-02,-4.000000000000000222e-01,1.462009660882423567e+00
2.250000000000000000e+00,-1.186949012873374232e-02,-4.037798581153841382e-01,2.803789797328847300e+01,-3.632531007772160647e-02,-4.000000000000000222e-01,1.456678721722938885e+00
2.250999999999999890e+00,-2.612114576059467071e-03,-4.714949272633063571e-02,2.792860276622506888e+01,-4.243285020112036454e-03,0.000000000000000000e+00,1.735041719693957374e+00
2.252000000000000224e+00,5.188221812788056282e-03,-8.290675251223629527e-03,2.796001948891441202e+01,-7.463633004499509388e-04,0.000000000000000000e+00,1.683738831325038321e+00
2.253000000000000114e+00,-1.713763262384519412e-02,-2.210235869585287522e-04,2.779425887199165501e+01,-1.987979668652276657e-05,0.000000000000000000e+00,1.675971430186079525e+00
2.254000000000000004e+00,-1.966659286151000927e-02,-1.966891364941023707e-03,2.789534672477704547e+01,-1.768926645741246808e-04,0.000000000000000000e+00,1.674058896856788214e+00
2.254999999999999893e+00,1.143493538318146943e-02,1.212528378708327415e-02,2.788626286817511613e+01,1.091843819462110692e-03,0.000000000000000000e+00,1.672933937934645732e+00
2.256000000000000227e+00,1.058190398748572658e-03,-1.070230449159537394e-03,2.780342566564943141e+01,-9.633100701699379392e-05,0.000000000000000000e+00,1.671915096000528456e+00
2.257000000000000117e+00,1.344668638935827762e-02,-1.059208512788109395e-02,2.788337914596734990e+01,-9.538606262152126650e-04,0.000000000000000000e+00,1.670910794394404597e+00
2.258000000000000007e+00,-2.617402323633025770e-03,4.142848610937380682e-05,2.786652595609148619e+01,3.728414183208727605e-06,0.000000000000000000e+00,1.669908782913500422e+00
2.258999999999999897e+00,8.311647849278689174e-03,5.660261376248084319e-04,2.780553585238180858e+01,5.096253012269998735e-05,0.000000000000000000e+00,1.668907466379528026e+00
2.260000000000000231e+00,-1.577800756105349200e-02,2.841929412993233778e-04,2.779616435457809942e+01,2.556290369575368317e-05,0.000000000000000000e+00,1.667906669436188150e+00
2.261000000000000121e+00,4.079546093471002506e-03,-6.089335398400395546e-03,2.778973242949308187e+01,-5.481646878522339035e-04,0.000000000000000000e+00,1.666906396809671342e+00
2.262000000000000011e+00,5.095925203006086181e-03,-7.540527545511451109e-03,2.781059070951014078e+01,-6.788291820557410764e-04,0.000000000000000000e+00,1.665906669115800209e+00
2.262999999999999901e+00,1.002133155466890246e-02,5.094207025351362404e-03,2.771283532287143103e+01,4.586915162850855416e-04,0.000000000000000000e+00,1.664907502989156241e+00
2.264000000000000234e+00,1.265730887357564881e-03,-4.025954490302715086e-03,2.778150006369943625e+01,-3.623775260055245545e-04,0.000000000000000000e+00,1.663908910153345966e+00
2.265000000000000124e+00,3.947077579690894469e-03,8.518554270542473203e-03,2.772183478494857312e+01,7.668400004561791179e-04,0.000000000000000000e+00,1.662910898597198983e+00
2.266000000000000014e+00,1.004466549426310737e-03,2.256026977233679780e-03,2.766711242319684416e+01,2.030636343758670398e-04,0.000000000000000000e+00,1.661913473673326314e+00
2.266999999999999904e+00,4.650084557000831384e-03,-3.367522682302478043e-04,2.775407310872073197e+01,-3.031527949855622372e-05,0.000000000000000000e+00,1.660916638911222210e+00
2.268000000000000238e+00,-1.553398705008201749e-02,-4.478200806915350399e-03,2.761436284002533625e+01,-4.028141268827039787e-04,0.000000000000000000e+00,1.659920396590700786e+00
2.269000000000000128e+00,-4.671085087679416846e-03,-4.934620292720274040e-03,2.763929135071563792e+01,-4.440616082813920963e-04,0.000000000000000000e+00,1.658924748139499306e+00
2.270000000000000018e+00,-4.811239009632987257e-03,-5.944088076888715162e-03,2.770745168428673821e+01,-5.348996250122710263e-04,0.000000000000000000e+00,1.657929694406517163e+00
2.270999999999999908e+00,-4.139691256606220244e-04,-5.668694811221864152e-03,2.761738487719349777e+01,-5.102069351991984913e-04,0.000000000000000000e+00,1.656935235848484345e+00
2.272000000000000242e+00,3.372990138266680413e-03,-1.796757029790530241e-04,2.763694641403309760e+01,-1.617403087998665569e-05,0.000000000000000000e+00,1.655941372656974053e+00
2.273000000000000131e+00,-1.451847239903603613e-02,-1.469785187837500430e-02,2.763614247283052094e+01,-1.322125274641432376e-03,0.000000000000000000e+00,1.654948104844554679e+00
2.274000000000000021e+00,-2.004155679579674738e-03,-4.630936904639887733e-03,2.758539984096047704e+01,-4.167778038837598089e-04,0.000000000000000000e+00,1.653955432303103157e+00
2.274999999999999911e+00,1.196164444493941041e-02,6.484031125115673373e-03,2.754372829614278118e+01,5.838789576757308407e-04,0.000000000000000000e+00,1.652963354843209665e+00
2.276000000000000245e+00,4.188417017820109806e-03,-6.481568820935665852e-04,2.748917104242043763e+01,-5.834762502342155730e-05,0.000000000000000000e+00,1.651971872220773463e+00
2.277000000000000135e+00,1.621903879838320573e-05,4.007187406033625721e-03,2.750646093284294480e+01,3.606703086264997915e-04,0.000000000000000000e+00,1.650980984154931885e+00
2.278000000000000025e+00,1.031348352363815500e-03,1.005254492439072549e-02,2.753636933834411238e+01,9.048245067947590812e-04,0.000000000000000000e+00,1.649990690340150223e+00
2.278999999999999915e+00,3.323227103571466286e-03,-1.985388836245540953e-02,2.750260525512533150e+01,-1.787201944812249251e-03,0.000000000000000000e+00,1.649000990454355220e+00
2.280000000000000249e+00,-1.433494879382579863e-02,7.286289364424942960e-03,2.745723625479718777e+01,6.554330528175942357e-04,0.000000000000000000e+00,1.648011884164415797e+00
2.281000000000000139e+00,6.208551629589590184e-03,-2.450537839755968566e-04,2.745858090188652767e+01,-2.206172498151059985e-05,0.000000000000000000e+00,1.647023371129833880e+00
2.282000000000000028e+00,-8.233969234993017070e-03,-1.411747075964726525e-02,2.744567606139553817e+01,-1.270236576737543248e-03,0.000000000000000000e+00,1.646035451005221750e+00
2.282999999999999918e+00,-4.048300758289353520e-03,1.179607231968489781e-02,2.737818486285187092e+01,1.061543291077902528e-03,0.000000000000000000e+00,1.645048123441974264e+00
2.284000000000000252e+00,9.291670824417402538e-03,-2.190381471433491128e-03,2.741500163774296439e+01,-1.972201261902882660e-04,0.000000000000000000e+00,1.644061388089393505e+00
2.285000000000000142e+00,-2.951893550121005745e-03,2.620310810761302539e-03,2.741933538076791166e+01,2.358153646504152824e-04,0.000000000000000000e+00,1.643075244595440410e+00
2.286000000000000032e+00,4.742938112014897503e-04,4.640180423150949002e-03,2.736746829623208654e+01,4.176510183804892453e-04,0.000000000000000000e+00,1.642089692607245466e+00
2.286999999999999922e+00,-4.058699647553768233e-03,-2.072229422927805709e-03,2.735573686119588999e+01,-1.864824382881379006e-04,0.000000000000000000e+00,1.641104731771450442e+00
2.288000000000000256e+00,1.459043742401978233e-02,-8.680320377924719347e-03,2.734129540260279612e+01,-7.817340472310163732e-04,0.000000000000000000e+00,1.640120361734437093e+00
2.289000000000000146e+00,1.155484775625678293e-03,1.225266138355471856e-03,2.734039263250399898e+01,1.102861345037491427e-04,0.000000000000000000e+00,1.639136582142483034e+00
2.290000000000000036e+00,-4.745031491210016487e-03,-5.375284890860976923e-04,2.738147572875920943e+01,-4.837151526071377687e-05,0.000000000000000000e+00,1.638153392641863437e+00
2.290999999999999925e+00,1.261225521162088895e-03,-8.026929793004851377e-03,2.730525670876367172e+01,-7.225065369766407080e-04,0.000000000000000000e+00,1.637170792878923198e+00
2.292000000000000259e+00,-8.277803885885653273e-03,4.648279854573202086e-03,2.725374142609858197e+01,4.182338931645525229e-04,0.000000000000000000e+00,1.636188782500124450e+00
2.293000000000000149e+00,-4.033322618461900391e-03,9.084271068387224368e-03,2.722284282096848074e+01,8.175053959574203350e-04,0.000000000000000000e+00,1.635207361152073657e+00
2.294000000000000039e+00,-5.948020999873708178e-03,3.383481926072173622e-03,2.729004096433230586e+01,3.044606784228615580e-04,0.000000000000000000e+00,1.634226528481547591e+00
2.294999999999999929e+00,7.794049521857413128e-03,2.278618886328473338e-03,2.714472063940754509e+01,2.051526915606763498e-04,0.000000000000000000e+00,1.633246284135504878e+00
2.296000000000000263e+00,6.840498466204605714e-03,-2.042606391382947948e-03,2.721239050784966551e+01,-1.838965959874727684e-04,0.000000000000000000e+00,1.632266627761095323e+00
2.297000000000000153e+00,1.201961438574102210e-02,9.437333807491047125e-03,2.735259727267334995e+01,8.498221650523316885e-04,0.000000000000000000e+00,1.631287559005669685e+00
2.298000000000000043e+00,1.437921472180261027e-02,9.761144183793063478e-03,2.716236441696257842e+01,8.790636899028691229e-04,0.000000000000000000e+00,1.630309077516779448e+00
2.298999999999999932e+00,1.432184119855285610e-03,-3.594716073520567209e-03,2.720974268919337646e+01,-3.235637595291147514e-04,0.000000000000000000e+00,1.629331182942180378e+00
2.300000000000000266e+00,-1.118814271951755999e-02,5.622728109079390066e-03,2.705877393897267069e+01,5.058521234866215303e-04,0.000000000000000000e+00,1.628353874929838740e+00
2.301000000000000156e+00,-4.796637438244009629e-04,-1.344508685658277365e-02,2.719334181564203590e+01,-1.210112521735702334e-03,0.000000000000000000e+00,1.627377153127925968e+00
2.302000000000000046e+00,-1.424311050721848403e-02,-8.709640488502397651e-03,2.713149924426763349e+01,-7.834724788051936365e-04,0.000000000000000000e+00,1.626401017184824660e+00
2.302999999999999936e+00,8.545147449549568910e-03,-2.229004526968114252e-03,2.711496270161118716e+01,-2.006917367142264821e-04,0.000000000000000000e+00,1.625425466749126580e+00
2.304000000000000270e+00,-1.126604162148600076e-02,1.664716539872745579e-02,2.704280101921235158e+01,1.497667611107393690e-03,0.000000000000000000e+00,1.624450501469633990e+00
2.305000000000000160e+00,1.072042029175852840e-02,-2.149872990773468717e-02,2.707047328852902979e+01,-1.935838098967486605e-03,0.000000000000000000e+00,1.623476120995357208e+00
2.306000000000000050e+00,-7.789964025876138821e-03,1.730762692769951486e-03,2.712414876657510732e+01,1.557302356451850341e-04,0.000000000000000000e+00,1.622502324975519716e+00
2.306999999999999940e+00,-1.522836296639486220e-02,1.780155892548481236e-02,2.701417609685402610e+01,1.601269626592724971e-03,0.000000000000000000e+00,1.621529113059552829e+00
2.307999999999999829e+00,1.864080201347632915e-02,2.706193150854855484e-03,2.699688797611685231e+01,2.437542631243939072e-04,0.000000000000000000e+00,1.620556484897099914e+00
2.309000000000000163e+00,9.530025126353854157e-04,-1.522554977789169345e-02,2.702586994130759734e+01,-1.370439783974520707e-03,0.000000000000000000e+00,1.619584440138011505e+00
2.310000000000000053e+00,-1.449048871189266921e-04,1.199361931969357246e-02,2.692710431491872569e+01,1.079488959959882827e-03,0.000000000000000000e+00,1.618612978432350857e+00
2.310999999999999943e+00,-6.317600765715226073e-03,1.778911834756854646e-02,2.694638221642461318e+01,1.600719984231779858e-03,0.000000000000000000e+00,1.617642099430389724e+00
2.311999999999999833e+00,2.846295678377888574e-03,1.073720803848269602e-02,2.690456859097545461e+01,9.665206899772903724e-04,0.000000000000000000e+00,1.616671802782609912e+00
2.313000000000000167e+00,1.667917453520272042e-02,-2.023297943075175534e-03,2.700202448432710156e+01,-1.822297558777863943e-04,0.000000000000000000e+00,1.615702088139703729e+00
2.314000000000000057e+00,-2.598788366545576323e-03,1.051427143380240150e-03,2.693984326586860689e+01,9.462471730540143104e-05,0.000000000000000000e+00,1.614732955152570870e+00
2.314999999999999947e+00,5.108809021085584413e-03,4.145599595109351367e-03,2.699339591977508945e+01,3.732040513091245651e-04,0.000000000000000000e+00,1.613764403472322639e+00
2.315999999999999837e+00,5.770361065356590692e-03,6.259434058656933829e-03,2.688922307182278360e+01,5.635150623067542667e-04,0.000000000000000000e+00,1.612796432750277953e+00
2.317000000000000171e+00,-1.397426052182540457e-02,-8.158416832842575002e-04,2.690284009140493637e+01,-7.338952382573810075e-05,0.000000000000000000e+00,1.611829042637966225e+00
2.318000000000000060e+00,-4.738985508849504445e-03,9.258824240876154660e-03,2.679411476061801167e+01,8.331901940903979793e-04,0.000000000000000000e+00,1.610862232787124482e+00
2.318999999999999950e+00,5.902354972289238985e-03,1.370150171241081224e-02,2.687220341563942227e+01,1.233505007393236822e-03,0.000000000000000000e+00,1.609896002849700691e+00
2.319999999999999840e+00,1.943082899963289711e-03,-9.605697829546530273e-03,2.681110431772013669e+01,-8.646354839017846277e-04,0.000000000000000000e+00,1.608930352477847769e+00
2.321000000000000174e+00,-6.168814380036317414e-03,3.665047029106477481e-03,2.684649902604911276e+01,3.297942457562110701e-04,0.000000000000000000e+00,1.607965281323932238e+00
2.322000000000000064e+00,1.036115616565923096e-02,-8.378348544057922717e-03,2.677806714970643753e+01,-7.544117226995228093e-04,0.000000000000000000e+00,1.607000789040525346e+00
2.322999999999999954e+00,1.805690709955656142e-02,-2.787686012485042237e-03,2.678939056923256246e+01,-2.510887024706310406e-04,0.000000000000000000e+00,1.606036875280408394e+00
2.323999999999999844e+00,-8.320291246555173255e-04,5.404107114093369309e-03,2.681465727409403144e+01,4.863847880474560367e-04,0.000000000000000000e+00,1.605073539696570073e+00
2.325000000000000178e+00,-2.592519877333965619e-03,-1.674234698801881430e-02,2.666095558731187865e+01,-1.506752281525815338e-03,0.000000000000000000e+00,1.604110781942209574e+00
2.326000000000000068e+00,-1.428733066358741678e-02,1.097534691870045119e-02,2.670867635857473132e+01,9.872815167784336401e-04,0.000000000000000000e+00,1.603148601670730367e+00
2.326999999999999957e+00,-2.561422207237057640e-03,2.379375366900134126e-02,2.673986761614942509e+01,2.141356713733164226e-03,0.000000000000000000e+00,1.602186998535747087e+00
2.327999999999999847e+00,7.444327566630116674e-03,8.267747671750079810e-03,2.670474557107708691e+01,7.443662614455219106e-04,0.000000000000000000e+00,1.601225972191079761e+00
2.329000000000000181e+00,-2.040624164301948693e-02,1.238435953477454296e-03,2.672674382409768867e+01,1.113756294669046359e-04,0.000000000000000000e+00,1.600265522290758469e+00
2.330000000000000071e+00,-1.610305191830383939e-02,6.712198989611373699e-03,2.664908270270198187e+01,6.037485249257133367e-04,0.000000000000000000e+00,1.599305648489017573e+00
2.330999999999999961e+00,-1.025165999774483444e-02,4.590440794400354844e-03,2.659138631729663160e+01,4.129972149896572785e-04,0.000000000000000000e+00,1.598346350440301711e+00
2.331999999999999851e+00,-9.104826201801211050e-03,-2.750464115054596266e-03,2.668815984958170873e+01,-2.474677450577909832e-04,0.000000000000000000e+00,1.597387627799262022e+00
2.333000000000000185e+00,-1.104209991548701399e-02,-1.412156140562513019e-02,2.660327353122709937e+01,-1.270462191951161543e-03,0.000000000000000000e+00,1.596429480220756369e+00
2.334000000000000075e+00,1.646884013585074233e-02,6.892181498655920203e-03,2.667156944990513523e+01,6.207439790366858041e-04,0.000000000000000000e+00,1.595471907359850006e+00
2.334999999999999964e+00,1.064836468905674917e-03,2.186829368442753940e-02,2.661124904575763495e+01,1.968356733593242241e-03,0.000000000000000000e+00,1.594514908871814907e+00
2.335999999999999854e+00,-2.895790008517363547e-03,1.200339295430496826e-02,2.654055240398123061e+01,1.080250027431225741e-03,0.000000000000000000e+00,1.593558484412128884e+00
2.337000000000000188e+00,4.526970789165483646e-05,5.624546480475015042e-03,2.652792330595410064e+01,5.062426738304891911e-04,0.000000000000000000e+00,1.592602633636477361e+00
2.338000000000000078e+00,-2.070712137968406738e-02,-2.830706526368800477e-02,2.661849267032320654e+01,-2.545694280345082473e-03,0.000000000000000000e+00,1.591647356200753594e+00
2.338999999999999968e+00,-8.392151994825389205e-03,-1.071021287155807938e-02,2.656225634904294353e+01,-9.636583246288150896e-04,0.000000000000000000e+00,1.590692651761055565e+00
2.339999999999999858e+00,-1.667056818335272902e-03,2.470906246561261135e-03,2.649353592431635107e+01,2.223810766692430139e-04,0.000000000000000000e+00,1.589738519973687314e+00
2.341000000000000192e+00,-7.301076232031166943e-03,-2.117650015126713522e-04,2.653115917051042061e+01,-1.905452282687742434e-05,0.000000000000000000e+00,1.588784960495160492e+00
2.342000000000000082e+00,1.256560480244030623e-02,-6.044062791015820772e-03,2.651655126810531371e+01,-5.442734676158778344e-04,0.000000000000000000e+00,1.587831972982190809e+00
2.342999999999999972e+00,-6.435678211446857217e-04,-1.474083489277176057e-02,2.642428051437210357e+01,-1.326726438237475032e-03,0.000000000000000000e+00,1.586879557091701143e+00
2.343999999999999861e+00,-4.102811472296136706e-03,-2.040679684841789632e-02,2.644470234685901389e+01,-1.836429157500927330e-03,0.000000000000000000e+00,1.585927712480820428e+00
2.345000000000000195e+00,6.128989441649838714e-03,1.379370937105331603e-02,2.647325025508075669e+01,1.241817415079372010e-03,0.000000000000000000e+00,1.584976438806883214e+00
2.346000000000000085e+00,-3.274294267025426586e-03,-1.228393642445932106e-03,2.637981348095489054e+01,-1.105480944799419358e-04,0.000000000000000000e+00,1.584025735727428108e+00
2.346999999999999975e+00,3.027401897155093582e-03,2.033337472064490961e-02,2.641418337803744265e+01,1.830342610962967277e-03,0.000000000000000000e+00,1.583075602900201106e+00
2.347999999999999865e+00,1.787152253013053619e-03,3.742721227121030819e-03,2.632376843572338032e+01,3.368906142628649196e-04,0.000000000000000000e+00,1.582126039983152710e+00
2.349000000000000199e+00,-5.355783712992417955e-03,2.328716552507367320e-03,2.637187677422609866e+01,2.095531759598392193e-04,0.000000000000000000e+00,1.581177046634437477e+00
2.350000000000000089e+00,-2.235844359796189049e-02,1.083316313310512050e-02,2.636042763160664038e+01,9.741773714818243671e-04,0.000000000000000000e+00,1.580228622512417358e+00
2.350999999999999979e+00,-3.024622595157059734e-03,-2.464268090157691136e-03,2.635629931338023724e+01,-2.217716268458539797e-04,0.000000000000000000e+00,1.579280767275656583e+00
2.351999999999999869e+00,-1.125691660105707093e-02,-5.463087847640969719e-03,2.624881370593543650e+01,-4.914886415237898140e-04,0.000000000000000000e+00,1.578333480582926551e+00
2.353000000000000203e+00,-1.520690711021824206e-03,7.378787956104729609e-03,2.634449876821079783e+01,6.640933456428648471e-04,0.000000000000000000e+00,1.577386762093201833e+00
2.354000000000000092e+00,-9.802424739753260938e-03,1.822534719981547691e-03,2.624793794193330143e+01,1.639745065646214120e-04,0.000000000000000000e+00,1.576440611465661057e+00
2.354999999999999982e+00,2.131427536632950724e-03,3.595006395938236607e-03,2.619820130330747787e+01,3.235989215011289034e-04,0.000000000000000000e+00,1.575495028359689798e+00
2.355999999999999872e+00,-4.222494521647613373e-03,-1.473948744579037934e-02,2.621325144255046524e+01,-1.326415674203646963e-03,0.000000000000000000e+00,1.574550012434875690e+00
2.357000000000000206e+00,1.521593669253346222e-03,5.605284738109742038e-03,2.625736778596121468e+01,5.045387277758716987e-04,0.000000000000000000e+00,1.573605563351011316e+00
2.358000000000000096e+00,-3.534207901450847709e-03,6.800939846755374787e-03,2.618383524351586544e+01,6.120376359270477372e-04,0.000000000000000000e+00,1.572661680768093539e+00
2.358999999999999986e+00,5.095225557100581913e-03,1.281665521280555761e-02,2.621597332530863511e+01,1.153807777957316155e-03,0.000000000000000000e+00,1.571718364346321950e+00
2.359999999999999876e+00,4.720496805196803571e-03,7.795361528816857708e-04,2.614240194047200916e+01,7.017598685931240626e-05,0.000000000000000000e+00,1.570775613746101751e+00
2.361000000000000210e+00,-5.947322971297233293e-03,-1.072868364461484515e-02,2.616561122296344877e+01,-9.654144645704625539e-04,0.000000000000000000e+00,1.569833428628040872e+00
2.362000000000000099e+00,-1.489039313695946290e-02,1.457064284652271301e-02,2.617460974529897655e+01,1.310662893136671373e-03,0.000000000000000000e+00,1.568891808652951081e+00
2.362999999999999989e+00,5.116010578106887710e-03,2.975703293946549291e-04,2.621498771728860788e+01,2.678852162239084823e-05,0.000000000000000000e+00,1.567950753481847093e+00
2.363999999999999879e+00,3.340007366464233722e-05,-1.431257210909529093e-02,2.614444826583953230e+01,-1.288216101814087773e-03,0.000000000000000000e+00,1.567010262775946794e+00
2.365000000000000213e+00,2.746055519842643608e-03,6.321489074088713044e-03,2.610861985539021646e+01,5.690329850788360165e-04,0.000000000000000000e+00,1.566070336196672130e+00
2.366000000000000103e+00,-4.926267305015065955e-03,4.339730829329547206e-05,2.608032373343709764e+01,3.905241148172022310e-06,0.000000000000000000e+00,1.565130973405648440e+00
2.366999999999999993e+00,8.892035802087651028e-03,-4.697038577727313558e-05,2.613206485329703810e+01,-4.229107047867206444e-06,0.000000000000000000e+00,1.564192174064702456e+00
2.367999999999999883e+00,-9.379991285586607164e-03,1.594647995183502698e-02,2.599854048542864504e+01,1.434738254275914416e-03,0.000000000000000000e+00,1.563253937835865859e+00
2.369000000000000217e+00,-2.573264493452191021e-03,-8.352313079027780945e-03,2.603832482315722530e+01,-7.516793475269044952e-04,0.000000000000000000e+00,1.562316264381370612e+00
2.370000000000000107e+00,1.173650373812667840e-02,1.531307360596191082e-02,2.610239861293521457e+01,1.378910894204091100e-03,0.000000000000000000e+00,1.561379153363652295e+00
2.370999999999999996e+00,-1.677811149399868751e-02,7.666702601803646912e-03,2.598199659535342576e+01,6.895855752194066579e-04,0.000000000000000000e+00,1.560442604445350101e+00
2.371999999999999886e+00,8.179020025711310204e-03,-1.490952717782210134e-02,2.599136970085231013e+01,-1.342381838701266336e-03,0.000000000000000000e+00,1.559506617289304842e+00
2.373000000000000220e+00,4.448997820037896961e-04,-6.137591942979035535e-03,2.599887309526189583e+01,-5.524286309098705612e-04,0.000000000000000000e+00,1.558571191558557612e+00
2.374000000000000110e+00,-3.667053706240367382e-03,6.597189835376831776e-03,2.587612762138591549e+01,5.936983933373853745e-04,0.000000000000000000e+00,1.557636326916355340e+00
2.375000000000000000e+00,-1.159912898917230852e-02,-5.049884217546506127e-03,2.593299314602898775e+01,-4.543084223231121923e-04,0.000000000000000000e+00,1.556702023026144133e+00
2.375999999999999890e+00,-1.277177595997539862e-02,8.648938681189669020e-03,2.595487214102339735e+01,7.780577815242671440e-04,0.000000000000000000e+00,1.555768279551573485e+00
2.377000000000000224e+00,7.865121573455572182e-04,-3.767309292184079818e-04,2.591632242493789562e+01,-3.390902991383164879e-05,0.000000000000000000e+00,1.554835096156493401e+00
2.378000000000000114e+00,-9.385151682582330498e-03,-9.650516407548020981e-03,2.594618423257738016e+01,-8.682770274444898042e-04,0.000000000000000000e+00,1.553902472504956167e+00
2.379000000000000004e+00,-9.033879915218834614e-03,1.211586977099586050e-02,2.578085704191184035e+01,1.090105283615587679e-03,0.000000000000000000e+00,1.552970408261215685e+00
2.379999999999999893e+00,-1.057130969875640612e-03,4.175834121168317363e-03,2.585295397365878856e+01,3.758333992838588022e-04,0.000000000000000000e+00,1.552038903089727251e+00
2.381000000000000227e+00,4.185313097924059020e-04,4.805527556652874378e-03,2.599944417496518767e+01,4.325325371786665780e-04,0.000000000000000000e+00,1.551107956655146225e+00
2.382000000000000117e+00,5.677917335496118940e-03,-2.394620420698245853e-03,2.586288753373932892e+01,-2.155785468101918678e-04,0.000000000000000000e+00,1.550177568622332913e+00
2.383000000000000007e+00,1.019172252529191094e-02,6.632060265266399510e-03,2.575148498832902888e+01,5.971666331207832251e-04,0.000000000000000000e+00,1.549247738656342577e+00
2.383999999999999897e+00,-5.793000557761613344e-03,-1.259974298182466852e-05,2.575830673244946922e+01,-1.133787653985792243e-06,0.000000000000000000e+00,1.548318466422436313e+00
2.385000000000000231e+00,2.119206376889559360e-02,-9.148696505795176140e-03,2.580415718320578833e+01,-8.241321090278394806e-04,0.000000000000000000e+00,1.547389751586073725e+00
2.386000000000000121e+00,-1.789306750369176746e-02,-9.095837254301009783e-03,2.578976071802095760e+01,-8.180934097897502987e-04,0.000000000000000000e+00,1.546461593812916480e+00
2.387000000000000011e+00,-1.097678052895471879e-02,6.680954928162586735e-04,2.572640269300561044e+01,6.010612095385626185e-05,0.000000000000000000e+00,1.545533992768826304e+00
2.387999999999999901e+00,-4.457769611196929320e-03,-3.365540947791833496e-03,2.580004326360880640e+01,-3.028642860061384967e-04,0.000000000000000000e+00,1.544606948119863432e+00
2.389000000000000234e+00,-5.611421986438475291e-03,-4.062489324540706666e-03,2.570116989670723839e+01,-3.655656812606712354e-04,0.000000000000000000e+00,1.543680459532291716e+00
2.390000000000000124e+00,-6.054176840162050696e-03,-1.953856150077688467e-02,2.576668723279234285e+01,-1.758158787683719582e-03,0.000000000000000000e+00,1.542754526672573512e+00
2.391000000000000014e+00,-2.201924343715503339e-04,2.625429175498810233e-03,2.563427740031733038e+01,2.363017550261842193e-04,0.000000000000000000e+00,1.541829149207369687e+00
2.391999999999999904e+00,-1.135208521300004429e-02,-5.613877873208877357e-03,2.566539098962189058e+01,-5.050526006763871858e-04,0.000000000000000000e+00,1.540904326803544055e+00
2.393000000000000238e+00,1.180631528026672082e-05,9.126482007819302494e-03,2.564886928694293289e+01,8.214366260445102189e-04,0.000000000000000000e+00,1.539980059128157830e+00
2.394000000000000128e+00,-1.629839008984529380e-02,-7.246121849586965348e-03,2.557946765637685260e+01,-6.517687060856600448e-04,0.000000000000000000e+00,1.539056345848474061e+00
2.395000000000000018e+00,-1.271741480164991812e-03,-1.466543423090017548e-02,2.573813960056642003e+01,-1.319907024221158654e-03,0.000000000000000000e+00,1.538133186631953198e+00
2.395999999999999908e+00,1.855216428611368776e-02,-2.164514449758133709e-03,2.563456254330425921e+01,-1.949630829274949864e-04,0.000000000000000000e+00,1.537210581146257304e+00
2.397000000000000242e+00,8.566175416746136390e-03,-6.785494406486071786e-03,2.560058272298640958e+01,-6.109425902373257639e-04,0.000000000000000000e+00,1.536288529059245400e+00
2.398000000000000131e+00,-1.162549153758286186e-03,2.375130178506310898e-03,2.560777532351188768e+01,2.137655536810693468e-04,0.000000000000000000e+00,1.535367030038977676e+00
2.399000000000000021e+00,8.042062173305882661e-03,-7.170698281458007164e-04,2.547338542506243542e+01,-6.456115228864672069e-05,0.000000000000000000e+00,1.534446083753712831e+00
2.399999999999999911e+00,-1.594189280246036469e-02,2.390173118398996113e-03,2.552090250743556155e+01,2.149925507675391105e-04,0.000000000000000000e+00,1.533525689871908293e+00
2.401000000000000245e+00,-7.184059035141261013e-03,3.418159333292046347e-03,2.547509304136609387e+01,3.075659284449932911e-04,0.000000000000000000e+00,1.532605848062220666e+00
2.402000000000000135e+00,-1.975853033320242036e-02,7.352681323448967063e-03,2.558585323147933721e+01,6.612620494525633811e-04,0.000000000000000000e+00,1.531686557993505060e+00
2.403000000000000025e+00,4.306366857692295498e-03,-5.825494405370117319e-03,2.546888798189672087e+01,-5.244183504144414067e-04,0.000000000000000000e+00,1.530767819334816426e+00
2.403999999999999915e+00,-3.275495908129635956e-03,-2.270175463794618306e-03,2.555735899491260099e+01,-2.043022293088659052e-04,0.000000000000000000e+00,1.529849631755405115e+00
2.405000000000000249e+00,-1.277044904163333145e-03,-8.099483089816830392e-03,2.551162045617813590e+01,-7.289632336575992437e-04,0.000000000000000000e+00,1.528931994924722648e+00
2.406000000000000139e+00,4.061731757396058913e-03,-2.123911750251043611e-03,2.534238375058314219e+01,-1.911953469173518485e-04,0.000000000000000000e+00,1.528014908512418613e+00
2.407000000000000028e+00,1.001606620736656891e-02,-4.733166764736741619e-05,2.538368084230019406e+01,-4.261827156417691686e-06,0.000000000000000000e+00,1.527098372188339326e+00
2.407999999999999918e+00,7.420905172719644569e-04,-1.202429724385456131e-02,2.547760596736054950e+01,-1.082288446433363627e-03,0.000000000000000000e+00,1.526182385622531390e+00
2.409000000000000252e+00,8.577173779468510355e-04,-6.833935593618355175e-03,2.537379959952616204e+01,-6.151148392966889443e-04,0.000000000000000000e+00,1.525266948485236362e+00
2.410000000000000142e+00,-1.455110103100194265e-02,-5.484164576128301889e-03,2.544266812799141775e+01,-4.933199224616386346e-04,0.000000000000000000e+00,1.524352060446895862e+00
2.411000000000000032e+00,1.426045813794032079e-02,-7.285905591156198284e-03,2.536457966417537335e+01,-6.561469223652384702e-04,0.000000000000000000e+00,1.523437721178149129e+00
2.411999999999999922e+00,-1.805826366320952264e-03,-1.236433431344419881e-02,2.537281896350564381e+01,-1.112781495367565513e-03,0.000000000000000000e+00,1.522523930349831023e+00
2.413000000000000256e+00,3.204350596076224744e-02,-1.713274960204493741e-02,2.530520449806816785e+01,-1.544018734856779027e-03,0.000000000000000000e+00,1.521610687632976244e+00
2.414000000000000146e+00,-7.423144431219512798e-03,1.031081254492595498e-03,2.532820784072052689e+01,9.277579117697448566e-05,0.000000000000000000e+00,1.520697992698815115e+00
2.415000000000000036e+00,-4.637048994709526938e-03,7.568988377675590906e-03,2.532510562044912206e+01,6.811267167769005258e-04,0.000000000000000000e+00,1.519785845218776021e+00
2.415999999999999925e+00,8.074308105896906354e-03,9.030551989124077292e-03,2.530417047732576208e+01,8.130639017325151999e-04,0.000000000000000000e+00,1.518874244864484746e+00
2.417000000000000259e+00,-1.758369498616641109e-04,-2.506886699528986222e-03,2.537937611202202959e+01,-2.256327388035667429e-04,0.000000000000000000e+00,1.517963191307760695e+00
2.418000000000000149e+00,-9.792975819051386380e-03,6.674738901678302708e-03,2.540447639988425266e+01,6.005303595852130036e-04,0.000000000000000000e+00,1.517052684220625558e+00
2.419000000000000039e+00,1.702127962131706751e-02,-2.747073170423354298e-03,2.526290421624452165e+01,-2.474204578820330563e-04,0.000000000000000000e+00,1.516142723275294202e+00
2.419999999999999929e+00,4.580732902791775051e-03,8.469220371239585474e-03,2.525836504722390430e+01,7.624182415909824123e-04,0.000000000000000000e+00,1.515233308144179780e+00
2.421000000000000263e+00,9.220370567145896520e-03,-6.002034034273366105e-03,2.519649044443108110e+01,-5.404166159900339892e-04,0.000000000000000000e+00,1.514324438499890624e+00
2.422000000000000153e+00,2.343493591855456276e-02,7.029548461216127836e-03,2.517053201523393113e+01,6.332918276382393198e-04,0.000000000000000000e+00,1.513416114015232239e+00
2.423000000000000043e+00,-5.654770297146367343e-03,1.064630768237623953e-02,2.521399998764868755e+01,9.580130986923135082e-04,0.000000000000000000e+00,1.512508334363205753e+00
2.423999999999999932e+00,-6.517465400131781939e-03,1.089116805674756640e-02,2.531418113271776704e+01,9.800132262696172568e-04,0.000000000000000000e+00,1.511601099217008803e+00
2.425000000000000266e+00,-1.336036359477035633e-02,-3.809745359265664325e-03,2.511217611597057342e+01,-3.427163107483086123e-04,0.000000000000000000e+00,1.510694408250034204e+00
2.426000000000000156e+00,9.990660331281923066e-04,3.585004379159078842e-03,2.523079097788475877e+01,3.226840232556748406e-04,0.000000000000000000e+00,1.509788261135873055e+00
2.427000000000000046e+00,-5.308421967266755423e-04,8.644626978653643240e-03,2.508689104645615586e+01,7.780500116557767867e-04,0.000000000000000000e+00,1.508882657548309636e+00
2.427999999999999936e+00,-1.951995465593415330e-02,1.387894320335921437e-02,2.517844904384749682e+01,1.248212111567996224e-03,0.000000000000000000e+00,1.507977597161325845e+00
2.429000000000000270e+00,-8.580264430984339136e-03,-1.819858592392337854e-02,2.514333810539740810e+01,-1.637417232257777199e-03,0.000000000000000000e+00,1.507073079649097425e+00
2.430000000000000160e+00,6.291214370364210488e-03,1.413950652235728203e-02,2.506397584095309128e+01,1.272957014030373559e-03,0.000000000000000000e+00,1.506169104685996629e+00
2.431000000000000050e+00,1.532688094263870947e-03,1.108258695969957519e-02,2.509223456281277720e+01,9.975580299722091281e-04,0.000000000000000000e+00,1.505265671946590889e+00
2.431999999999999940e+00,5.618172737598221486e-03,7.705473387107295014e-03,2.506392668069335983e+01,6.936927376979627052e-04,0.000000000000000000e+00,1.504362781105642366e+00
2.432999999999999829e+00,-1.349934651290588504e-02,5.853466092349359808e-03,2.511375598935134335e+01,5.265620092410434275e-04,0.000000000000000000e+00,1.503460431838109512e+00
2.434000000000000163e+00,1.152845994390443163e-02,1.080509438355986042e-02,2.505325155761262224e+01,9.729685294795403436e-04,0.000000000000000000e+00,1.502558623819144401e+00
2.435000000000000053e+00,1.435467599727821911e-02,1.287716822643225449e-02,2.499648305209464993e+01,1.159683713705537489e-03,0.000000000000000000e+00,1.501657356724094061e+00
2.435999999999999943e+00,-1.695378158183399181e-02,-8.640644550661753451e-03,2.504765567786087388e+01,-7.771818407159827771e-04,0.000000000000000000e+00,1.500756630228501143e+00
2.436999999999999833e+00,1.512273945330234841e-02,6.047048183401626531e-03,2.500551193108562131e+01,5.445978501187177887e-04,0.000000000000000000e+00,1.499856444008102141e+00
2.438000000000000167e+00,-1.323637757919287478e-02,3.536008450650605147e-03,2.497515190434685550e+01,3.180931155294024291e-04,0.000000000000000000e+00,1.498956797738829172e+00
2.439000000000000057e+00,1.865580020071900755e-02,-5.229734234634948395e-03,2.505543912491386038e+01,-4.710568337567950744e-04,0.000000000000000000e+00,1.498057691096806865e+00
2.439999999999999947e+00,9.495216938938831966e-03,-6.313474862279485136e-03,2.495639437089920420e+01,-5.684646425368420622e-04,0.000000000000000000e+00,1.497159123758356136e+00
2.440999999999999837e+00,-4.132095135170025905e-03,-1.310684676998196893e-02,2.498566860241898624e+01,-1.179497576961333364e-03,0.000000000000000000e+00,1.496261095399989527e+00
2.442000000000000171e+00,9.226143574314549928e-03,-1.038496002869970965e-02,2.489016253100867004e+01,-9.350507205433190080e-04,0.000000000000000000e+00,1.495363605698417420e+00
2.443000000000000060e+00,1.715787561450454399e-02,1.234923868503564649e-02,2.484673375409042961e+01,1.112264124729751011e-03,0.000000000000000000e+00,1.494466654330539379e+00
2.443999999999999950e+00,1.239216490309068448e-02,4.894393249290634497e-03,2.483928186932308435e+01,4.407416083766986558e-04,0.000000000000000000e+00,1.493570240973452368e+00
2.444999999999999840e+00,-1.111681860887373668e-02,-5.575273769938263700e-03,2.479505006813295864e+01,-5.015842936681749699e-04,0.000000000000000000e+00,1.492674365304446304e+00
2.446000000000000174e+00,-3.694663881014575470e-03,-1.652239547617343624e-02,2.486229509827941442e+01,-1.486892007423622989e-03,0.000000000000000000e+00,1.491779027001003621e+00
2.447000000000000064e+00,1.305491636550135462e-02,-2.504427289310660106e-03,2.481962590422103077e+01,-2.255304052604925808e-04,0.000000000000000000e+00,1.490884225740800373e+00
2.447999999999999954e+00,-3.736205759423321792e-03,6.535837410465432547e-04,2.487600060960569692e+01,5.881755044072682853e-05,0.000000000000000000e+00,1.489989961201708235e+00
2.448999999999999844e+00,-2.012199809293364200e-03,1.976666521471835344e-02,2.479909466173942434e+01,1.778971478754698063e-03,0.000000000000000000e+00,1.489096233061788732e+00
2.450000000000000178e+00,-1.428437781140422594e-02,-1.312122281538064157e-02,2.473500229930157346e+01,-1.180312785247083053e-03,0.000000000000000000e+00,1.488203040999299009e+00
2.451000000000000068e+00,3.832225939063551180e-03,5.240609106627486594e-03,2.477662050989993503e+01,4.717573128547087767e-04,0.000000000000000000e+00,1.487310384692687837e+00
2.451999999999999957e+00,3.772874811510539168e-03,-1.869357623063667637e-02,2.477257387538513811e+01,-1.682783475150635179e-03,0.000000000000000000e+00,1.486418263820596497e+00
2.452999999999999847e+00,-1.189925040079197437e-02,2.342876645367170975e-03,2.476294380357382963e+01,2.107723250090482868e-04,0.000000000000000000e+00,1.485526678061860784e+00
2.454000000000000181e+00,2.276528495761818201e-03,-8.428059318150826762e-03,2.480769919620993491e+01,-7.586430725484794111e-04,0.000000000000000000e+00,1.484635627095508559e+00
2.455000000000000071e+00,5.335834446110837744e-03,-9.132218824353409425e-03,2.475606621804173813e+01,-8.221276218544868201e-04,0.000000000000000000e+00,1.483745110600758421e+00
2.455999999999999961e+00,8.296889827224712341e-03,7.935745982308417892e-03,2.467448013914767913e+01,7.144996117025360135e-04,0.000000000000000000e+00,1.482855128257024147e+00
2.456999999999999851e+00,3.238635706407057106e-03,1.401396451894863955e-02,2.467162055311254321e+01,1.261501003820304691e-03,0.000000000000000000e+00,1.481965679743908693e+00
2.458000000000000185e+00,1.549004114420519766e-02,-6.765629711312367081e-03,2.468077433405299814e+01,-6.093223110820676896e-04,0.000000000000000000e+00,1.481076764741210194e+00
2.459000000000000075e+00,-3.401204530900953094e-03,3.046591088704685927e-03,2.466285871239180594e+01,2.741736213909906975e-04,0.000000000000000000e+00,1.480188382928917523e+00
2.459999999999999964e+00,-1.047046203061539719e-02,-9.304498505852685716e-03,2.458913941019649485e+01,-8.371088033101113917e-04,0.000000000000000000e+00,1.479300533987212063e+00
2.460999999999999854e+00,-2.814729427427943164e-04,4.704299331709998339e-03,2.471108937999584754e+01,4.234094295484066889e-04,0.000000000000000000e+00,1.478413217596465046e+00
2.462000000000000188e+00,-1.366164845510282194e-02,4.500747263296452604e-03,2.460598379533248092e+01,4.048724508503505652e-04,0.000000000000000000e+00,1.477526433437242437e+00
2.463000000000000078e+00,-3.980954130712684690e-03,1.268847523380136136e-02,2.456448760848772750e+01,1.141854814214586684e-03,0.000000000000000000e+00,1.476640181190299161e+00
2.463999999999999968e+00,8.667084473976365347e-03,-8.872779513910133975e-03,2.458587642100982862e+01,-7.988777821334930914e-04,0.000000000000000000e+00,1.475754460536583546e+00
2.464999999999999858e+00,-6.557066323180740265e-04,-1.088252158020775254e-02,2.457199288739171550e+01,-9.794643387130120508e-04,0.000000000000000000e+00,1.474869271157233763e+00
2.466000000000000192e+00,8.526309244646269533e-03,2.186200599524897297e-03,2.450505549876254463e+01,1.968376735275240087e-04,0.000000000000000000e+00,1.473984612733580057e+00
2.467000000000000082e+00,-2.806719496682011546e-03,3.703509717377477528e-03,2.454608193141752182e+01,3.332999854561726730e-04,0.000000000000000000e+00,1.473100484947144295e+00
2.467999999999999972e+00,-5.655696449521952635e-03,-5.293190900267764551e-03,2.445519781772077295e+01,-4.763103021390985422e-04,0.000000000000000000e+00,1.472216887479639302e+00
2.468999999999999861e+00,-8.981259362507121660e-03,-8.553553822338308757e-03,2.450679679438091796e+01,-7.695934324455696446e-04,0.000000000000000000e+00,1.471333820012967308e+00
2.470000000000000195e+00,1.627295852824431474e-03,2.374797920405779476e-03,2.453403887084279233e+01,2.137594487569418960e-04,0.000000000000000000e+00,1.470451282229222834e+00
2.471000000000000085e+00,-5.608637930712324568e-03,-6.313848877240881875e-03,2.448546589560094233e+01,-5.681557632060549789e-04,0.000000000000000000e+00,1.469569273810690024e+00
2.471999999999999975e+00,-4.011168731033899065e-04,-1.679615255148295475e-02,2.452718020337078642e+01,-1.511726807923559346e-03,0.000000000000000000e+00,1.468687794439845096e+00
2.472999999999999865e+00,-1.776287484272468312e-02,3.283793855006029213e-03,2.435545682541570045e+01,2.953509397124715703e-04,0.000000000000000000e+00,1.467806843799352778e+00
2.474000000000000199e+00,-2.309002071582370776e-03,5.767853487187261756e-03,2.442096512157204202e+01,5.190923801954808615e-04,0.000000000000000000e+00,1.466926421572070094e+00
2.475000000000000089e+00,-1.602337478925147055e-03,-1.510481640277828476e-02,2.445023277407506157e+01,-1.359434019773821545e-03,0.000000000000000000e+00,1.466046527441043468e+00
2.475999999999999979e+00,-1.942449767976149599e-02,2.189364681747071041e-05,2.437464334356837625e+01,1.969027390255375515e-06,0.000000000000000000e+00,1.465167161089508729e+00
2.476999999999999869e+00,-5.591541045345393458e-03,7.625539496973407494e-03,2.449562659943493159e+01,6.861895578841712860e-04,0.000000000000000000e+00,1.464288322200892667e+00
2.478000000000000203e+00,1.740871537407060864e-03,-2.412654689663351788e-03,2.451443128053770693e+01,-2.171679828405073470e-04,0.000000000000000000e+00,1.463410010458811916e+00
2.479000000000000092e+00,4.638088199583595590e-03,1.502147653696715365e-02,2.433453874409963547e+01,1.352270154288324772e-03,0.000000000000000000e+00,1.462532225547071629e+00
2.479999999999999982e+00,-1.159763584925022073e-02,-8.792350818673752913e-03,2.439063162728356460e+01,-7.909962080330059427e-04,0.000000000000000000e+00,1.461654967149669027e+00
2.480999999999999872e+00,-4.255853130624561061e-03,1.518923001968435285e-02,2.445470562587885155e+01,1.366886469024376511e-03,0.000000000000000000e+00,1.460778234950788734e+00
2.482000000000000206e+00,-1.393558287449538774e-02,-1.143605389121733762e-03,2.434179246815304509e+01,-1.028738618012978889e-04,0.000000000000000000e+00,1.459902028634804561e+00
2.483000000000000096e+00,-9.444918479719245294e-03,1.044486067219914209e-02,2.435092448928198294e+01,9.397435902171787786e-04,0.000000000000000000e+00,1.459026347886281938e+00
2.483999999999999986e+00,1.288268746747999079e-02,8.870163604510004907e-03,2.429283941871508645e+01,7.987765736140257011e-04,0.000000000000000000e+00,1.458151192389973705e+00
2.484999999999999876e+00,2.259585124204226830e-02,-1.169778736085697567e-02,2.426532067052428943e+01,-1.053818083708287466e-03,0.000000000000000000e+00,1.457276561830821660e+00
2.486000000000000210e+00,6.883647214991832179e-03,8.686443478921834988e-04,2.423126560899566684e+01,7.820450106401673337e-05,0.000000000000000000e+00,1.456402455893958114e+00
2.487000000000000099e+00,4.548747735477080834e-03,-6.680261270616162997e-03,2.426553356125573302e+01,-6.013713574261617600e-04,0.000000000000000000e+00,1.455528874264703454e+00
2.487999999999999989e+00,1.254885853343627386e-03,1.581527682270048030e-02,2.428814211838746928e+01,1.423537802398079730e-03,0.000000000000000000e+00,1.454655816628565912e+00
2.488999999999999879e+00,2.895940547135045229e-03,-1.808916583710144452e-02,2.415537376378798129e+01,-1.628317866225169504e-03,0.000000000000000000e+00,1.453783282671243349e+00
2.490000000000000213e+00,-8.857013507198089469e-03,-9.724075654798302812e-03,2.412851302502978612e+01,-8.749137536875888511e-04,0.000000000000000000e+00,1.452911272078621474e+00
2.491000000000000103e+00,1.285787662481364772e-02,-7.751626040366141595e-04,2.424471166570913638e+01,-6.980492622892675190e-05,0.000000000000000000e+00,1.452039784536774514e+00
2.491999999999999993e+00,-3.187412769790159972e-02,-1.474159253194693917e-02,2.418925075410140835e+01,-1.325140865449132323e-03,0.000000000000000000e+00,1.451168819731967208e+00
2.492999999999999883e+00,-5.759208802655822051e-03,-1.178700742903988734e-03,2.414313732756069797e+01,-1.060655090094234863e-04,0.000000000000000000e+00,1.450298377350649481e+00
2.494000000000000217e+00,-1.084887983802058139e-03,3.998499209860771966e-03,2.406914616956344588e+01,3.598725049105389560e-04,0.000000000000000000e+00,1.449428457079460664e+00
2.495000000000000107e+00,-6.019812333501984962e-03,6.485216576745971538e-03,2.411011474090640760e+01,5.835668176189936574e-04,0.000000000000000000e+00,1.448559058605227490e+00
2.495999999999999996e+00,1.421343878158645366e-02,3.541027378712043473e-03,2.417317368119748622e+01,3.188937641274425792e-04,0.000000000000000000e+00,1.447690181614963878e+00
2.496999999999999886e+00,-8.629258840860533006e-03,-1.159790727650203586e-02,2.410582222185022516e+01,-1.043519324302891096e-03,0.000000000000000000e+00,1.446821825795874039e+00
2.498000000000000220e+00,-1.418282806422408761e-02,3.741163644523815435e-03,2.407369839704713854e+01,3.365357977599736433e-04,0.000000000000000000e+00,1.445953990835348701e+00
2.499000000000000110e+00,1.424629784895386543e-04,-6.364409777519109551e-03,2.417432002582208028e+01,-5.728369979753436016e-04,0.000000000000000000e+00,1.445086676420963556e+00
2.500000000000000000e+00,-8.224423821285704829e-04,1.596734357419248712e-02,2.404621440845259883e+01,1.437106228199645222e-03,0.000000000000000000e+00,1.444219882240485475e+00
