stream,sample,input_0,input_1,input_2,python_alpha,python_beta,c_alpha,c_beta,error_alpha,error_beta,python_a,python_b,python_c,c_a,c_b,c_c,error_a,error_b,error_c,python_d,python_q,c_d,c_q,error_d,error_q,error_input,dt,tracking,tracking_applied,tracking_requested,tracking_gain,python_output,python_integral,c_output,c_integral,error_output,error_integral,id_ref,iq_ref,id,iq,omega_m,python_saturated,c_saturated,python_vd_requested,python_vq_requested,python_vd,python_vq,python_requested_magnitude,python_magnitude,python_d_integral,python_q_integral,c_vd_requested,c_vq_requested,c_vd,c_vq,c_requested_magnitude,c_magnitude,c_d_integral,c_q_integral,error_vd_requested,error_vq_requested,error_vd,error_vq,error_requested_magnitude,error_magnitude,error_d_integral,error_q_integral,omega_ref,omega_measured,python_iq_ref,c_iq_ref,error_iq_ref,input_vd,input_vq,voltage_limit
clarke,0,0.0,0.0,0.0,0.0,0.0,0.0,0.0,0.0,0.0,,,,,,,,,,,,,,,,,,,,,,,,,,,,,,,,,,,,,,,,,,,,,,,,,,,,,,,,,,,,,,,,,,
clarke,1,1.0,-0.5,-0.5,1.0,0.0,1.0,0.0,0.0,0.0,,,,,,,,,,,,,,,,,,,,,,,,,,,,,,,,,,,,,,,,,,,,,,,,,,,,,,,,,,,,,,,,,,
clarke,2,-3.0,2.0,1.0,-3.0,0.5773502691896257,-3.0,0.5773502588272095,0.0,1.0362416258402618e-08,,,,,,,,,,,,,,,,,,,,,,,,,,,,,,,,,,,,,,,,,,,,,,,,,,,,,,,,,,,,,,,,,,
clarke,3,20.0,-7.0,-13.0,20.0,3.4641016151377544,20.0,3.464101552963257,0.0,6.217449755041571e-08,,,,,,,,,,,,,,,,,,,,,,,,,,,,,,,,,,,,,,,,,,,,,,,,,,,,,,,,,,,,,,,,,,
clarke,4,0.0010000000474974513,-0.0020000000949949026,0.004000000189989805,0.0,-0.003464101779673752,0.0,-0.003464101580902934,0.0,1.9877081794753004e-10,,,,,,,,,,,,,,,,,,,,,,,,,,,,,,,,,,,,,,,,,,,,,,,,,,,,,,,,,,,,,,,,,,
clarke,5,2.0,2.0,2.0,0.0,0.0,0.0,0.0,0.0,0.0,,,,,,,,,,,,,,,,,,,,,,,,,,,,,,,,,,,,,,,,,,,,,,,,,,,,,,,,,,,,,,,,,,
inverse_clarke,0,0.0,0.0,,,,,,,,0.0,0.0,-0.0,0.0,0.0,-0.0,0.0,0.0,0.0,,,,,,,,,,,,,,,,,,,,,,,,,,,,,,,,,,,,,,,,,,,,,,,,,,,,,,,,,
inverse_clarke,1,1.0,0.0,,,,,,,,1.0,-0.5,-0.5,1.0,-0.5,-0.5,0.0,0.0,0.0,,,,,,,,,,,,,,,,,,,,,,,,,,,,,,,,,,,,,,,,,,,,,,,,,,,,,,,,,
inverse_clarke,2,0.0,-2.0,,,,,,,,0.0,-1.7320508075688772,1.7320508075688772,0.0,-1.7320507764816284,1.7320507764816284,0.0,3.1087248775207854e-08,3.1087248775207854e-08,,,,,,,,,,,,,,,,,,,,,,,,,,,,,,,,,,,,,,,,,,,,,,,,,,,,,,,,,
inverse_clarke,3,-3.0,2.0,,,,,,,,-3.0,3.232050807568877,-0.2320508075688772,-3.0,3.232050895690918,-0.23205077648162842,0.0,8.81220407755734e-08,3.1087248775207854e-08,,,,,,,,,,,,,,,,,,,,,,,,,,,,,,,,,,,,,,,,,,,,,,,,,,,,,,,,,
inverse_clarke,4,20.0,-10.0,,,,,,,,20.0,-18.660254037844386,-1.3397459621556145,20.0,-18.660253524780273,-1.3397464752197266,0.0,5.130641120842938e-07,5.130641120842938e-07,,,,,,,,,,,,,,,,,,,,,,,,,,,,,,,,,,,,,,,,,,,,,,,,,,,,,,,,,
inverse_clarke,5,0.0020000000949949026,-0.003000000026077032,,,,,,,,0.0020000000949949026,-0.0035980762814341394,0.0015980761864392368,0.0020000000949949026,-0.0035980762913823128,0.0015980760799720883,0.0,9.948173361473689e-12,1.0646714846546113e-10,,,,,,,,,,,,,,,,,,,,,,,,,,,,,,,,,,,,,,,,,,,,,,,,,,,,,,,,,
park,0,0.0,0.0,0.0,,,,,,,,,,,,,,,,0.0,0.0,0.0,0.0,0.0,0.0,,,,,,,,,,,,,,,,,,,,,,,,,,,,,,,,,,,,,,,,,,,,,,,,,,,
park,1,0.0,0.0,0.5235987901687622,,,,,,,,,,,,,,,,0.0,0.0,0.0,0.0,0.0,0.0,,,,,,,,,,,,,,,,,,,,,,,,,,,,,,,,,,,,,,,,,,,,,,,,,,,
park,2,0.0,0.0,-0.7853981852531433,,,,,,,,,,,,,,,,0.0,0.0,0.0,0.0,0.0,0.0,,,,,,,,,,,,,,,,,,,,,,,,,,,,,,,,,,,,,,,,,,,,,,,,,,,
park,3,0.0,0.0,1.5707963705062866,,,,,,,,,,,,,,,,0.0,-0.0,0.0,-0.0,0.0,0.0,,,,,,,,,,,,,,,,,,,,,,,,,,,,,,,,,,,,,,,,,,,,,,,,,,,
park,4,0.0,0.0,-1.5707963705062866,,,,,,,,,,,,,,,,-0.0,0.0,-0.0,0.0,0.0,0.0,,,,,,,,,,,,,,,,,,,,,,,,,,,,,,,,,,,,,,,,,,,,,,,,,,,
park,5,0.0,0.0,3.1415927410125732,,,,,,,,,,,,,,,,-0.0,0.0,-0.0,0.0,0.0,0.0,,,,,,,,,,,,,,,,,,,,,,,,,,,,,,,,,,,,,,,,,,,,,,,,,,,
park,6,0.0,0.0,-3.1415927410125732,,,,,,,,,,,,,,,,0.0,-0.0,0.0,-0.0,0.0,0.0,,,,,,,,,,,,,,,,,,,,,,,,,,,,,,,,,,,,,,,,,,,,,,,,,,,
park,7,0.0,0.0,5.340707302093506,,,,,,,,,,,,,,,,0.0,0.0,0.0,0.0,0.0,0.0,,,,,,,,,,,,,,,,,,,,,,,,,,,,,,,,,,,,,,,,,,,,,,,,,,,
park,8,1.0,0.0,0.0,,,,,,,,,,,,,,,,1.0,0.0,1.0,0.0,0.0,0.0,,,,,,,,,,,,,,,,,,,,,,,,,,,,,,,,,,,,,,,,,,,,,,,,,,,
park,9,1.0,0.0,0.5235987901687622,,,,,,,,,,,,,,,,0.8660253964992068,-0.5000000126183913,0.8660253882408142,-0.5,8.258392636406597e-09,1.2618391331820078e-08,,,,,,,,,,,,,,,,,,,,,,,,,,,,,,,,,,,,,,,,,,,,,,,,,,,
park,10,1.0,0.0,-0.7853981852531433,,,,,,,,,,,,,,,,0.7071067657322372,0.7071067966408575,0.7071067690849304,0.7071067690849304,3.3526932341487736e-09,2.7555927095690436e-08,,,,,,,,,,,,,,,,,,,,,,,,,,,,,,,,,,,,,,,,,,,,,,,,,,,
park,11,1.0,0.0,1.5707963705062866,,,,,,,,,,,,,,,,-4.371139000186241e-08,-0.999999999999999,-4.371138828673793e-08,-1.0,1.7151244835361023e-15,9.992007221626409e-16,,,,,,,,,,,,,,,,,,,,,,,,,,,,,,,,,,,,,,,,,,,,,,,,,,,
park,12,1.0,0.0,-1.5707963705062866,,,,,,,,,,,,,,,,-4.371139000186241e-08,0.999999999999999,-4.371138828673793e-08,1.0,1.7151244835361023e-15,9.992007221626409e-16,,,,,,,,,,,,,,,,,,,,,,,,,,,,,,,,,,,,,,,,,,,,,,,,,,,
park,13,1.0,0.0,3.1415927410125732,,,,,,,,,,,,,,,,-0.9999999999999962,8.742278000372475e-08,-1.0,8.742277657347586e-08,3.774758283725532e-15,3.4302488876628657e-15,,,,,,,,,,,,,,,,,,,,,,,,,,,,,,,,,,,,,,,,,,,,,,,,,,,
park,14,1.0,0.0,-3.1415927410125732,,,,,,,,,,,,,,,,-0.9999999999999962,-8.742278000372475e-08,-1.0,-8.742277657347586e-08,3.774758283725532e-15,3.4302488876628657e-15,,,,,,,,,,,,,,,,,,,,,,,,,,,,,,,,,,,,,,,,,,,,,,,,,,,
park,15,1.0,0.0,5.340707302093506,,,,,,,,,,,,,,,,0.5877850832005119,0.8090171172274214,0.5877850651741028,0.8090171217918396,1.802640914316811e-08,4.56441817675568e-09,,,,,,,,,,,,,,,,,,,,,,,,,,,,,,,,,,,,,,,,,,,,,,,,,,,
park,16,0.0,-2.0,0.0,,,,,,,,,,,,,,,,0.0,-2.0,0.0,-2.0,0.0,0.0,,,,,,,,,,,,,,,,,,,,,,,,,,,,,,,,,,,,,,,,,,,,,,,,,,,
park,17,0.0,-2.0,0.5235987901687622,,,,,,,,,,,,,,,,-1.0000000252367827,-1.7320507929984137,-1.0,-1.7320507764816284,2.5236782663640156e-08,1.6516785272813195e-08,,,,,,,,,,,,,,,,,,,,,,,,,,,,,,,,,,,,,,,,,,,,,,,,,,,
park,18,0.0,-2.0,-0.7853981852531433,,,,,,,,,,,,,,,,1.414213593281715,-1.4142135314644744,1.4142135381698608,-1.4142135381698608,5.511185419138087e-08,6.705386468297547e-09,,,,,,,,,,,,,,,,,,,,,,,,,,,,,,,,,,,,,,,,,,,,,,,,,,,
park,19,0.0,-2.0,1.5707963705062866,,,,,,,,,,,,,,,,-1.999999999999998,8.742278000372482e-08,-2.0,8.742277657347586e-08,1.9984014443252818e-15,3.4302489670722045e-15,,,,,,,,,,,,,,,,,,,,,,,,,,,,,,,,,,,,,,,,,,,,,,,,,,,
park,20,0.0,-2.0,-1.5707963705062866,,,,,,,,,,,,,,,,1.999999999999998,8.742278000372482e-08,2.0,8.742277657347586e-08,1.9984014443252818e-15,3.4302489670722045e-15,,,,,,,,,,,,,,,,,,,,,,,,,,,,,,,,,,,,,,,,,,,,,,,,,,,
park,21,0.0,-2.0,3.1415927410125732,,,,,,,,,,,,,,,,1.748455600074495e-07,1.9999999999999925,1.7484555314695172e-07,2.0,6.8604977753257315e-15,7.549516567451064e-15,,,,,,,,,,,,,,,,,,,,,,,,,,,,,,,,,,,,,,,,,,,,,,,,,,,
park,22,0.0,-2.0,-3.1415927410125732,,,,,,,,,,,,,,,,-1.748455600074495e-07,1.9999999999999925,-1.7484555314695172e-07,2.0,6.8604977753257315e-15,7.549516567451064e-15,,,,,,,,,,,,,,,,,,,,,,,,,,,,,,,,,,,,,,,,,,,,,,,,,,,
park,23,0.0,-2.0,5.340707302093506,,,,,,,,,,,,,,,,1.6180342344548428,-1.1755701664010239,1.6180342435836792,-1.1755701303482056,9.12883635351136e-09,3.605281828633622e-08,,,,,,,,,,,,,,,,,,,,,,,,,,,,,,,,,,,,,,,,,,,,,,,,,,,
park,24,-3.0,2.0,0.0,,,,,,,,,,,,,,,,-3.0,2.0,-3.0,2.0,0.0,0.0,,,,,,,,,,,,,,,,,,,,,,,,,,,,,,,,,,,,,,,,,,,,,,,,,,,
park,25,-3.0,2.0,0.5235987901687622,,,,,,,,,,,,,,,,-1.5980761642608379,3.232050830853588,-1.5980761051177979,3.232050895690918,5.914304002097026e-08,6.483733017148552e-08,,,,,,,,,,,,,,,,,,,,,,,,,,,,,,,,,,,,,,,,,,,,,,,,,,,
park,26,-3.0,2.0,-0.7853981852531433,,,,,,,,,,,,,,,,-3.5355338904784266,-0.707106858458098,-3.535533905029297,-0.7071067094802856,1.4550870286456075e-08,1.4897781230871487e-07,,,,,,,,,,,,,,,,,,,,,,,,,,,,,,,,,,,,,,,,,,,,,,,,,,,
park,27,-3.0,2.0,1.5707963705062866,,,,,,,,,,,,,,,,2.000000131134168,2.9999999125772168,2.000000238418579,3.0,1.0728441113272424e-07,8.7422783234814e-08,,,,,,,,,,,,,,,,,,,,,,,,,,,,,,,,,,,,,,,,,,,,,,,,,,,
park,28,-3.0,2.0,-1.5707963705062866,,,,,,,,,,,,,,,,-1.999999868865828,-3.000000087422777,-1.9999998807907104,-3.0,1.1924882414859894e-08,8.742277701756507e-08,,,,,,,,,,,,,,,,,,,,,,,,,,,,,,,,,,,,,,,,,,,,,,,,,,,
park,29,-3.0,2.0,3.1415927410125732,,,,,,,,,,,,,,,,2.9999998251544286,-2.0000002622683324,2.999999761581421,-2.000000238418579,6.357300774695318e-08,2.3849753283400332e-08,,,,,,,,,,,,,,,,,,,,,,,,,,,,,,,,,,,,,,,,,,,,,,,,,,,
park,30,-3.0,2.0,-3.1415927410125732,,,,,,,,,,,,,,,,3.0000001748455483,-1.9999997377316525,3.000000238418579,-1.999999761581421,6.357303083959209e-08,2.3849768382433467e-08,,,,,,,,,,,,,,,,,,,,,,,,,,,,,,,,,,,,,,,,,,,,,,,,,,,
park,31,-3.0,2.0,5.340707302093506,,,,,,,,,,,,,,,,-3.3813894840563785,-1.2514811852812404,-3.381389617919922,-1.2514811754226685,1.338635433612012e-07,9.858571958787365e-09,,,,,,,,,,,,,,,,,,,,,,,,,,,,,,,,,,,,,,,,,,,,,,,,,,,
park,32,20.0,-10.0,0.0,,,,,,,,,,,,,,,,20.0,-10.0,20.0,-10.0,0.0,0.0,,,,,,,,,,,,,,,,,,,,,,,,,,,,,,,,,,,,,,,,,,,,,,,,,,,
park,33,20.0,-10.0,0.5235987901687622,,,,,,,,,,,,,,,,12.320507803800226,-18.660254217359896,12.320507049560547,-18.660253524780273,7.542396787130201e-07,6.925796220969005e-07,,,,,,,,,,,,,,,,,,,,,,,,,,,,,,,,,,,,,,,,,,,,,,,,,,,
park,34,20.0,-10.0,-0.7853981852531433,,,,,,,,,,,,,,,,21.213203281053318,7.071068275494779,21.21320343017578,7.071067810058594,1.491224637106825e-07,4.654361855926936e-07,,,,,,,,,,,,,,,,,,,,,,,,,,,,,,,,,,,,,,,,,,,,,,,,,,,
park,35,20.0,-10.0,1.5707963705062866,,,,,,,,,,,,,,,,-10.000000874227789,-19.999999562886078,-10.000000953674316,-20.0,7.944652757885251e-08,4.3711392194722976e-07,,,,,,,,,,,,,,,,,,,,,,,,,,,,,,,,,,,,,,,,,,,,,,,,,,,
park,36,20.0,-10.0,-1.5707963705062866,,,,,,,,,,,,,,,,9.99999912577219,20.00000043711388,9.999999046325684,20.0,7.944650626257044e-08,4.371138793146656e-07,,,,,,,,,,,,,,,,,,,,,,,,,,,,,,,,,,,,,,,,,,,,,,,,,,,
park,37,20.0,-10.0,3.1415927410125732,,,,,,,,,,,,,,,,-19.999999125772124,10.000001748455563,-20.0,10.000001907348633,8.742278758688826e-07,1.5889306936855974e-07,,,,,,,,,,,,,,,,,,,,,,,,,,,,,,,,,,,,,,,,,,,,,,,,,,,
park,38,20.0,-10.0,-3.1415927410125732,,,,,,,,,,,,,,,,-20.000000874227727,9.999998251544362,-20.0,9.999998092651367,8.742277266549081e-07,1.5889299476157248e-07,,,,,,,,,,,,,,,,,,,,,,,,,,,,,,,,,,,,,,,,,,,,,,,,,,,
park,39,20.0,-10.0,5.340707302093506,,,,,,,,,,,,,,,,19.845872836284453,10.302491512543309,19.845870971679688,10.302491188049316,1.8646047657000508e-06,3.2449399256506695e-07,,,,,,,,,,,,,,,,,,,,,,,,,,,,,,,,,,,,,,,,,,,,,,,,,,,
park,40,0.0020000000949949026,-0.003000000026077032,0.0,,,,,,,,,,,,,,,,0.0020000000949949026,-0.003000000026077032,0.0020000000949949026,-0.003000000026077032,0.0,0.0,,,,,,,,,,,,,,,,,,,,,,,,,,,,,,,,,,,,,,,,,,,,,,,,,,,
park,41,0.0020000000949949026,-0.003000000026077032,0.5235987901687622,,,,,,,,,,,,,,,,0.00023205082437272148,-0.0035980762848152274,0.00023205089382827282,-0.0035980762913823128,6.945555133634762e-11,6.567085417130691e-12,,,,,,,,,,,,,,,,,,,,,,,,,,,,,,,,,,,,,,,,,,,,,,,,,,,
park,42,0.0020000000949949026,-0.003000000026077032,-0.7853981852531433,,,,,,,,,,,,,,,,0.003535534006997832,-0.0007071066551827012,0.0035355337895452976,-0.0007071066647768021,2.1745253427768452e-10,9.594100904355973e-12,,,,,,,,,,,,,,,,,,,,,,,,,,,,,,,,,,,,,,,,,,,,,,,,,,,
park,43,0.0020000000949949026,-0.003000000026077032,1.5707963705062866,,,,,,,,,,,,,,,,-0.0030000001134998133,-0.001999999963860729,-0.003000000026077032,-0.001999999862164259,8.74227812537598e-11,1.016964702553469e-10,,,,,,,,,,,,,,,,,,,,,,,,,,,,,,,,,,,,,,,,,,,,,,,,,,,
park,44,0.0020000000949949026,-0.003000000026077032,-1.5707963705062866,,,,,,,,,,,,,,,,0.0029999999386542448,0.0020000002261290717,0.003000000026077032,0.0020000003278255463,8.742278732529196e-11,1.0169647459215558e-10,,,,,,,,,,,,,,,,,,,,,,,,,,,,,,,,,,,,,,,,,,,,,,,,,,,
park,45,0.0020000000949949026,-0.003000000026077032,3.1415927410125732,,,,,,,,,,,,,,,,-0.0019999998327265528,0.003000000200922589,-0.001999999862164259,0.0030000002589076757,2.9437706178941925e-11,5.7985086784201334e-11,,,,,,,,,,,,,,,,,,,,,,,,,,,,,,,,,,,,,,,,,,,,,,,,,,,
park,46,0.0020000000949949026,-0.003000000026077032,-3.1415927410125732,,,,,,,,,,,,,,,,-0.0020000003572632377,0.0029999998512314527,-0.0020000003278255463,0.0029999997932463884,2.943769143379238e-11,5.7985064232796146e-11,,,,,,,,,,,,,,,,,,,,,,,,,,,,,,,,,,,,,,,,,,,,,,,,,,,
park,47,0.0020000000949949026,-0.003000000026077032,5.340707302093506,,,,,,,,,,,,,,,,0.00360262159501664,-0.0001453209536218811,0.0036026216112077236,-0.00014532089699059725,1.619108363007382e-11,5.66312838637395e-11,,,,,,,,,,,,,,,,,,,,,,,,,,,,,,,,,,,,,,,,,,,,,,,,,,,
inverse_park,0,0.0,0.0,0.0,0.0,0.0,0.0,0.0,0.0,0.0,,,,,,,,,,,,,,,,,,,,,,,,,,,,,,,,,,,,,,,,,,,,,,,,,,,,,,,,,,,,,,,,,,
inverse_park,1,0.0,0.0,0.5235987901687622,0.0,0.0,0.0,0.0,0.0,0.0,,,,,,,,,,,,,,,,,,,,,,,,,,,,,,,,,,,,,,,,,,,,,,,,,,,,,,,,,,,,,,,,,,
inverse_park,2,0.0,0.0,-0.7853981852531433,0.0,0.0,0.0,0.0,0.0,0.0,,,,,,,,,,,,,,,,,,,,,,,,,,,,,,,,,,,,,,,,,,,,,,,,,,,,,,,,,,,,,,,,,,
inverse_park,3,0.0,0.0,1.5707963705062866,-0.0,0.0,-0.0,0.0,0.0,0.0,,,,,,,,,,,,,,,,,,,,,,,,,,,,,,,,,,,,,,,,,,,,,,,,,,,,,,,,,,,,,,,,,,
inverse_park,4,0.0,0.0,-1.5707963705062866,0.0,-0.0,0.0,-0.0,0.0,0.0,,,,,,,,,,,,,,,,,,,,,,,,,,,,,,,,,,,,,,,,,,,,,,,,,,,,,,,,,,,,,,,,,,
inverse_park,5,0.0,0.0,3.1415927410125732,0.0,-0.0,0.0,-0.0,0.0,0.0,,,,,,,,,,,,,,,,,,,,,,,,,,,,,,,,,,,,,,,,,,,,,,,,,,,,,,,,,,,,,,,,,,
inverse_park,6,0.0,0.0,-3.1415927410125732,-0.0,0.0,-0.0,0.0,0.0,0.0,,,,,,,,,,,,,,,,,,,,,,,,,,,,,,,,,,,,,,,,,,,,,,,,,,,,,,,,,,,,,,,,,,
inverse_park,7,0.0,0.0,5.340707302093506,0.0,0.0,0.0,0.0,0.0,0.0,,,,,,,,,,,,,,,,,,,,,,,,,,,,,,,,,,,,,,,,,,,,,,,,,,,,,,,,,,,,,,,,,,
inverse_park,8,1.0,0.0,0.0,1.0,0.0,1.0,0.0,0.0,0.0,,,,,,,,,,,,,,,,,,,,,,,,,,,,,,,,,,,,,,,,,,,,,,,,,,,,,,,,,,,,,,,,,,
inverse_park,9,1.0,0.0,0.5235987901687622,0.8660253964992068,0.5000000126183913,0.8660253882408142,0.5,8.258392636406597e-09,1.2618391331820078e-08,,,,,,,,,,,,,,,,,,,,,,,,,,,,,,,,,,,,,,,,,,,,,,,,,,,,,,,,,,,,,,,,,,
inverse_park,10,1.0,0.0,-0.7853981852531433,0.7071067657322372,-0.7071067966408575,0.7071067690849304,-0.7071067690849304,3.3526932341487736e-09,2.7555927095690436e-08,,,,,,,,,,,,,,,,,,,,,,,,,,,,,,,,,,,,,,,,,,,,,,,,,,,,,,,,,,,,,,,,,,
inverse_park,11,1.0,0.0,1.5707963705062866,-4.371139000186241e-08,0.999999999999999,-4.371138828673793e-08,1.0,1.7151244835361023e-15,9.992007221626409e-16,,,,,,,,,,,,,,,,,,,,,,,,,,,,,,,,,,,,,,,,,,,,,,,,,,,,,,,,,,,,,,,,,,
inverse_park,12,1.0,0.0,-1.5707963705062866,-4.371139000186241e-08,-0.999999999999999,-4.371138828673793e-08,-1.0,1.7151244835361023e-15,9.992007221626409e-16,,,,,,,,,,,,,,,,,,,,,,,,,,,,,,,,,,,,,,,,,,,,,,,,,,,,,,,,,,,,,,,,,,
inverse_park,13,1.0,0.0,3.1415927410125732,-0.9999999999999962,-8.742278000372475e-08,-1.0,-8.742277657347586e-08,3.774758283725532e-15,3.4302488876628657e-15,,,,,,,,,,,,,,,,,,,,,,,,,,,,,,,,,,,,,,,,,,,,,,,,,,,,,,,,,,,,,,,,,,
inverse_park,14,1.0,0.0,-3.1415927410125732,-0.9999999999999962,8.742278000372475e-08,-1.0,8.742277657347586e-08,3.774758283725532e-15,3.4302488876628657e-15,,,,,,,,,,,,,,,,,,,,,,,,,,,,,,,,,,,,,,,,,,,,,,,,,,,,,,,,,,,,,,,,,,
inverse_park,15,1.0,0.0,5.340707302093506,0.5877850832005119,-0.8090171172274214,0.5877850651741028,-0.8090171217918396,1.802640914316811e-08,4.56441817675568e-09,,,,,,,,,,,,,,,,,,,,,,,,,,,,,,,,,,,,,,,,,,,,,,,,,,,,,,,,,,,,,,,,,,
inverse_park,16,0.0,-2.0,0.0,0.0,-2.0,0.0,-2.0,0.0,0.0,,,,,,,,,,,,,,,,,,,,,,,,,,,,,,,,,,,,,,,,,,,,,,,,,,,,,,,,,,,,,,,,,,
inverse_park,17,0.0,-2.0,0.5235987901687622,1.0000000252367827,-1.7320507929984137,1.0,-1.7320507764816284,2.5236782663640156e-08,1.6516785272813195e-08,,,,,,,,,,,,,,,,,,,,,,,,,,,,,,,,,,,,,,,,,,,,,,,,,,,,,,,,,,,,,,,,,,
inverse_park,18,0.0,-2.0,-0.7853981852531433,-1.414213593281715,-1.4142135314644744,-1.4142135381698608,-1.4142135381698608,5.511185419138087e-08,6.705386468297547e-09,,,,,,,,,,,,,,,,,,,,,,,,,,,,,,,,,,,,,,,,,,,,,,,,,,,,,,,,,,,,,,,,,,
inverse_park,19,0.0,-2.0,1.5707963705062866,1.999999999999998,8.742278000372482e-08,2.0,8.742277657347586e-08,1.9984014443252818e-15,3.4302489670722045e-15,,,,,,,,,,,,,,,,,,,,,,,,,,,,,,,,,,,,,,,,,,,,,,,,,,,,,,,,,,,,,,,,,,
inverse_park,20,0.0,-2.0,-1.5707963705062866,-1.999999999999998,8.742278000372482e-08,-2.0,8.742277657347586e-08,1.9984014443252818e-15,3.4302489670722045e-15,,,,,,,,,,,,,,,,,,,,,,,,,,,,,,,,,,,,,,,,,,,,,,,,,,,,,,,,,,,,,,,,,,
inverse_park,21,0.0,-2.0,3.1415927410125732,-1.748455600074495e-07,1.9999999999999925,-1.7484555314695172e-07,2.0,6.8604977753257315e-15,7.549516567451064e-15,,,,,,,,,,,,,,,,,,,,,,,,,,,,,,,,,,,,,,,,,,,,,,,,,,,,,,,,,,,,,,,,,,
inverse_park,22,0.0,-2.0,-3.1415927410125732,1.748455600074495e-07,1.9999999999999925,1.7484555314695172e-07,2.0,6.8604977753257315e-15,7.549516567451064e-15,,,,,,,,,,,,,,,,,,,,,,,,,,,,,,,,,,,,,,,,,,,,,,,,,,,,,,,,,,,,,,,,,,
inverse_park,23,0.0,-2.0,5.340707302093506,-1.6180342344548428,-1.1755701664010239,-1.6180342435836792,-1.1755701303482056,9.12883635351136e-09,3.605281828633622e-08,,,,,,,,,,,,,,,,,,,,,,,,,,,,,,,,,,,,,,,,,,,,,,,,,,,,,,,,,,,,,,,,,,
inverse_park,24,-3.0,2.0,0.0,-3.0,2.0,-3.0,2.0,0.0,0.0,,,,,,,,,,,,,,,,,,,,,,,,,,,,,,,,,,,,,,,,,,,,,,,,,,,,,,,,,,,,,,,,,,
inverse_park,25,-3.0,2.0,0.5235987901687622,-3.5980762147344034,0.23205075514323958,-3.598076105117798,0.23205077648162842,1.0961660557029518e-07,2.1338388833669342e-08,,,,,,,,,,,,,,,,,,,,,,,,,,,,,,,,,,,,,,,,,,,,,,,,,,,,,,,,,,,,,,,,,,
inverse_park,26,-3.0,2.0,-0.7853981852531433,-0.7071067039149965,3.5355339213870467,-0.7071067094802856,3.535533905029297,5.565289118436567e-09,1.635774982133853e-08,,,,,,,,,,,,,,,,,,,,,,,,,,,,,,,,,,,,,,,,,,,,,,,,,,,,,,,,,,,,,,,,,,
inverse_park,27,-3.0,2.0,1.5707963705062866,-1.999999868865828,-3.000000087422777,-1.9999998807907104,-3.0,1.1924882414859894e-08,8.742277701756507e-08,,,,,,,,,,,,,,,,,,,,,,,,,,,,,,,,,,,,,,,,,,,,,,,,,,,,,,,,,,,,,,,,,,
inverse_park,28,-3.0,2.0,-1.5707963705062866,2.000000131134168,2.9999999125772168,2.000000238418579,3.0,1.0728441113272424e-07,8.7422783234814e-08,,,,,,,,,,,,,,,,,,,,,,,,,,,,,,,,,,,,,,,,,,,,,,,,,,,,,,,,,,,,,,,,,,
inverse_park,29,-3.0,2.0,3.1415927410125732,3.0000001748455483,-1.9999997377316525,3.000000238418579,-1.999999761581421,6.357303083959209e-08,2.3849768382433467e-08,,,,,,,,,,,,,,,,,,,,,,,,,,,,,,,,,,,,,,,,,,,,,,,,,,,,,,,,,,,,,,,,,,
inverse_park,30,-3.0,2.0,-3.1415927410125732,2.9999998251544286,-2.0000002622683324,2.999999761581421,-2.000000238418579,6.357300774695318e-08,2.3849753283400332e-08,,,,,,,,,,,,,,,,,,,,,,,,,,,,,,,,,,,,,,,,,,,,,,,,,,,,,,,,,,,,,,,,,,
inverse_park,31,-3.0,2.0,5.340707302093506,-0.14532101514669282,3.6026215180832883,-0.14532101154327393,3.602621555328369,3.6034188966027614e-09,3.724508079727684e-08,,,,,,,,,,,,,,,,,,,,,,,,,,,,,,,,,,,,,,,,,,,,,,,,,,,,,,,,,,,,,,,,,,
inverse_park,32,20.0,-10.0,0.0,20.0,-10.0,20.0,-10.0,0.0,0.0,,,,,,,,,,,,,,,,,,,,,,,,,,,,,,,,,,,,,,,,,,,,,,,,,,,,,,,,,,,,,,,,,,
inverse_park,33,20.0,-10.0,0.5235987901687622,22.320508056168052,1.3397462873757569,22.320507049560547,1.3397464752197266,1.0066075049053325e-06,1.878439697122758e-07,,,,,,,,,,,,,,,,,,,,,,,,,,,,,,,,,,,,,,,,,,,,,,,,,,,,,,,,,,,,,,,,,,
inverse_park,34,20.0,-10.0,-0.7853981852531433,7.071067348236168,-21.21320359013952,7.071067810058594,-21.21320343017578,4.618224256347503e-07,1.599637400317988e-07,,,,,,,,,,,,,,,,,,,,,,,,,,,,,,,,,,,,,,,,,,,,,,,,,,,,,,,,,,,,,,,,,,
inverse_park,35,20.0,-10.0,1.5707963705062866,9.99999912577219,20.00000043711388,9.999999046325684,20.0,7.944650626257044e-08,4.371138793146656e-07,,,,,,,,,,,,,,,,,,,,,,,,,,,,,,,,,,,,,,,,,,,,,,,,,,,,,,,,,,,,,,,,,,
inverse_park,36,20.0,-10.0,-1.5707963705062866,-10.000000874227789,-19.999999562886078,-10.000000953674316,-20.0,7.944652757885251e-08,4.3711392194722976e-07,,,,,,,,,,,,,,,,,,,,,,,,,,,,,,,,,,,,,,,,,,,,,,,,,,,,,,,,,,,,,,,,,,
inverse_park,37,20.0,-10.0,3.1415927410125732,-20.000000874227727,9.999998251544362,-20.0,9.999998092651367,8.742277266549081e-07,1.5889299476157248e-07,,,,,,,,,,,,,,,,,,,,,,,,,,,,,,,,,,,,,,,,,,,,,,,,,,,,,,,,,,,,,,,,,,
inverse_park,38,20.0,-10.0,-3.1415927410125732,-19.999999125772124,10.000001748455563,-20.0,10.000001907348633,8.742278758688826e-07,1.5889306936855974e-07,,,,,,,,,,,,,,,,,,,,,,,,,,,,,,,,,,,,,,,,,,,,,,,,,,,,,,,,,,,,,,,,,,
inverse_park,39,20.0,-10.0,5.340707302093506,3.6655304917360247,-22.058193176553548,3.665530204772949,-22.05819320678711,2.8696307552422695e-07,3.0233561432169154e-08,,,,,,,,,,,,,,,,,,,,,,,,,,,,,,,,,,,,,,,,,,,,,,,,,,,,,,,,,,,,,,,,,,
inverse_park,40,0.0020000000949949026,-0.003000000026077032,0.0,0.0020000000949949026,-0.003000000026077032,0.0020000000949949026,-0.003000000026077032,0.0,0.0,,,,,,,,,,,,,,,,,,,,,,,,,,,,,,,,,,,,,,,,,,,,,,,,,,,,,,,,,,,,,,,,,,
inverse_park,41,0.0020000000949949026,-0.003000000026077032,0.5235987901687622,0.003232050926160102,-0.0015980761393467574,0.003232050919905305,-0.0015980760799720883,6.254797027538395e-12,5.937466902687649e-11,,,,,,,,,,,,,,,,,,,,,,,,,,,,,,,,,,,,,,,,,,,,,,,,,,,,,,,,,,,,,,,,,,
inverse_park,42,0.0020000000949949026,-0.003000000026077032,-0.7853981852531433,-0.0007071068097258063,-0.0035355339760892134,-0.0007071066647768021,-0.0035355337895452976,1.4494900418826617e-10,1.8654391573114104e-10,,,,,,,,,,,,,,,,,,,,,,,,,,,,,,,,,,,,,,,,,,,,,,,,,,,,,,,,,,,,,,,,,,
inverse_park,43,0.0020000000949949026,-0.003000000026077032,1.5707963705062866,0.0029999999386542448,0.0020000002261290717,0.003000000026077032,0.0020000003278255463,8.742278732529196e-11,1.0169647459215558e-10,,,,,,,,,,,,,,,,,,,,,,,,,,,,,,,,,,,,,,,,,,,,,,,,,,,,,,,,,,,,,,,,,,
inverse_park,44,0.0020000000949949026,-0.003000000026077032,-1.5707963705062866,-0.0030000001134998133,-0.001999999963860729,-0.003000000026077032,-0.001999999862164259,8.74227812537598e-11,1.016964702553469e-10,,,,,,,,,,,,,,,,,,,,,,,,,,,,,,,,,,,,,,,,,,,,,,,,,,,,,,,,,,,,,,,,,,
inverse_park,45,0.0020000000949949026,-0.003000000026077032,3.1415927410125732,-0.0020000003572632377,0.0029999998512314527,-0.0020000003278255463,0.0029999997932463884,2.943769143379238e-11,5.7985064232796146e-11,,,,,,,,,,,,,,,,,,,,,,,,,,,,,,,,,,,,,,,,,,,,,,,,,,,,,,,,,,,,,,,,,,
inverse_park,46,0.0020000000949949026,-0.003000000026077032,-3.1415927410125732,-0.0019999998327265528,0.003000000200922589,-0.001999999862164259,0.0030000002589076757,2.9437706178941925e-11,5.7985086784201334e-11,,,,,,,,,,,,,,,,,,,,,,,,,,,,,,,,,,,,,,,,,,,,,,,,,,,,,,,,,,,,,,,,,,
inverse_park,47,0.0020000000949949026,-0.003000000026077032,5.340707302093506,-0.0012514811505414188,-0.0033813895762365713,-0.0012514811241999269,-0.003381389658898115,2.6341491921738625e-11,8.26615438424827e-11,,,,,,,,,,,,,,,,,,,,,,,,,,,,,,,,,,,,,,,,,,,,,,,,,,,,,,,,,,,,,,,,,,
pi_free,0,,,,,,,,,,,,,,,,,,,,,,,,,0.0,0.0020000000949949026,True,0.0,0.8999999761581421,7.0,0.0,-0.01260000026468186,0.0,-0.012600000016391277,0.0,2.482905825385018e-10,,,,,,,,,,,,,,,,,,,,,,,,,,,,,,,,,,,,,,,
pi_free,1,,,,,,,,,,,,,,,,,,,,,,,,,0.0,0.0020000000949949026,False,0.16829419136047363,-0.8999999761581421,7.0,-0.01260000026468186,-0.01260000026468186,-0.012600000016391277,-0.012600000016391277,2.482905825385018e-10,2.482905825385018e-10,,,,,,,,,,,,,,,,,,,,,,,,,,,,,,,,,,,,,,,
pi_free,2,,,,,,,,,,,,,,,,,,,,,,,,,0.0,0.0020000000949949026,False,0.18185947835445404,-0.8999999761581421,7.0,-0.01260000026468186,-0.01260000026468186,-0.012600000016391277,-0.012600000016391277,2.482905825385018e-10,2.482905825385018e-10,,,,,,,,,,,,,,,,,,,,,,,,,,,,,,,,,,,,,,,
pi_free,3,,,,,,,,,,,,,,,,,,,,,,,,,0.0,0.0020000000949949026,False,0.028224000707268715,-0.8999999761581421,7.0,-0.01260000026468186,-0.01260000026468186,-0.012600000016391277,-0.012600000016391277,2.482905825385018e-10,2.482905825385018e-10,,,,,,,,,,,,,,,,,,,,,,,,,,,,,,,,,,,,,,,
pi_free,4,,,,,,,,,,,,,,,,,,,,,,,,,0.0,0.0020000000949949026,False,-0.15136049687862396,-0.8999999761581421,7.0,-0.01260000026468186,-0.01260000026468186,-0.012600000016391277,-0.012600000016391277,2.482905825385018e-10,2.482905825385018e-10,,,,,,,,,,,,,,,,,,,,,,,,,,,,,,,,,,,,,,,
pi_free,5,,,,,,,,,,,,,,,,,,,,,,,,,0.0,0.0020000000949949026,False,-0.19178485870361328,-0.8999999761581421,7.0,-0.01260000026468186,-0.01260000026468186,-0.012600000016391277,-0.012600000016391277,2.482905825385018e-10,2.482905825385018e-10,,,,,,,,,,,,,,,,,,,,,,,,,,,,,,,,,,,,,,,
pi_free,6,,,,,,,,,,,,,,,,,,,,,,,,,0.0,0.0020000000949949026,False,-0.055883098393678665,-0.8999999761581421,7.0,-0.01260000026468186,-0.01260000026468186,-0.012600000016391277,-0.012600000016391277,2.482905825385018e-10,2.482905825385018e-10,,,,,,,,,,,,,,,,,,,,,,,,,,,,,,,,,,,,,,,
pi_free,7,,,,,,,,,,,,,,,,,,,,,,,,,0.0,0.0020000000949949026,False,0.1313973218202591,-0.8999999761581421,7.0,-0.01260000026468186,-0.01260000026468186,-0.012600000016391277,-0.012600000016391277,2.482905825385018e-10,2.482905825385018e-10,,,,,,,,,,,,,,,,,,,,,,,,,,,,,,,,,,,,,,,
pi_free,8,,,,,,,,,,,,,,,,,,,,,,,,,4.0,0.0020000000949949026,True,0.19787165522575378,-0.8999999761581421,7.0,7.175400008664839,0.190770212234259,7.1753997802734375,0.1907702088356018,2.283914017908728e-07,3.398657189013221e-09,,,,,,,,,,,,,,,,,,,,,,,,,,,,,,,,,,,,,,,
pi_free,9,,,,,,,,,,,,,,,,,,,,,,,,,4.0,0.0020000000949949026,False,0.08242369443178177,-0.8999999761581421,7.0,7.37877022116378,0.37877022116377984,7.378770351409912,0.37877023220062256,1.302461321017745e-07,1.1036842717526696e-08,,,,,,,,,,,,,,,,,,,,,,,,,,,,,,,,,,,,,,,
pi_free,10,,,,,,,,,,,,,,,,,,,,,,,,,4.0,0.0020000000949949026,False,-0.10880421847105026,-0.8999999761581421,7.0,7.566770230093301,0.5667702300933006,7.566770076751709,0.5667702555656433,1.5334159186863872e-07,2.5472342679577764e-08,,,,,,,,,,,,,,,,,,,,,,,,,,,,,,,,,,,,,,,
pi_free,11,,,,,,,,,,,,,,,,,,,,,,,,,4.0,0.0020000000949949026,False,-0.19999803602695465,-0.8999999761581421,7.0,7.754770239022822,0.7547702390228215,7.754770278930664,0.7547702789306641,3.9907842364073076e-08,3.990784258611768e-08,,,,,,,,,,,,,,,,,,,,,,,,,,,,,,,,,,,,,,,
pi_free,12,,,,,,,,,,,,,,,,,,,,,,,,,4.0,0.0020000000949949026,False,-0.1073145866394043,-0.8999999761581421,7.0,7.9427702479523425,0.9427702479523423,7.942770481109619,0.9427703022956848,2.3315727659678487e-07,5.43433424926576e-08,,,,,,,,,,,,,,,,,,,,,,,,,,,,,,,,,,,,,,,
pi_free,13,,,,,,,,,,,,,,,,,,,,,,,,,4.0,0.0020000000949949026,False,0.08403340727090836,-0.8999999761581421,7.0,8.130770256881863,1.1307702568818632,8.130770683288574,1.1307703256607056,4.2640671082949666e-07,6.877884239919752e-08,,,,,,,,,,,,,,,,,,,,,,,,,,,,,,,,,,,,,,,
pi_free,14,,,,,,,,,,,,,,,,,,,,,,,,,4.0,0.0020000000949949026,False,0.19812147319316864,-0.8999999761581421,7.0,8.318770265811384,1.318770265811384,8.318770408630371,1.3187702894210815,1.4281898685908345e-07,2.3609697530346807e-08,,,,,,,,,,,,,,,,,,,,,,,,,,,,,,,,,,,,,,,
pi_free,15,,,,,,,,,,,,,,,,,,,,,,,,,4.0,0.0020000000949949026,False,0.13005757331848145,-0.8999999761581421,7.0,8.506770274740905,1.5067702747409049,8.506770133972168,1.5067702531814575,1.4076873711132976e-07,2.15594473385039e-08,,,,,,,,,,,,,,,,,,,,,,,,,,,,,,,,,,,,,,,
pi_free,16,,,,,,,,,,,,,,,,,,,,,,,,,4.0,0.0020000000949949026,True,-0.05758066475391388,0.8999999761581421,7.0,8.694770283670426,1.6813641540609,8.694769859313965,1.6813640594482422,4.2435646108174296e-07,9.461265770838168e-08,,,,,,,,,,,,,,,,,,,,,,,,,,,,,,,,,,,,,,,
pi_free,17,,,,,,,,,,,,,,,,,,,,,,,,,4.0,0.0020000000949949026,False,-0.19227950274944305,-0.8999999761581421,7.0,8.86936416299042,1.8693641629904207,8.869363784790039,1.8693640232086182,3.782003812347057e-07,1.3978180257723238e-07,,,,,,,,,,,,,,,,,,,,,,,,,,,,,,,,,,,,,,,
pi_free,18,,,,,,,,,,,,,,,,,,,,,,,,,4.0,0.0020000000949949026,False,-0.15019744634628296,-0.8999999761581421,7.0,9.057364171919941,2.0573641719199416,9.057363510131836,2.057363986968994,6.617881052051189e-07,1.849509474460831e-07,,,,,,,,,,,,,,,,,,,,,,,,,,,,,,,,,,,,,,,
pi_free,19,,,,,,,,,,,,,,,,,,,,,,,,,4.0,0.0020000000949949026,False,0.029975442215800285,-0.8999999761581421,7.0,9.245364180849462,2.2453641808494624,9.24536418914795,2.24536395072937,8.29848723071791e-09,2.301200923149338e-07,,,,,,,,,,,,,,,,,,,,,,,,,,,,,,,,,,,,,,,
pi_free,20,,,,,,,,,,,,,,,,,,,,,,,,,4.0,0.0020000000949949026,False,0.18258905410766602,-0.8999999761581421,7.0,9.433364189778983,2.4333641897789833,9.433363914489746,2.433363914489746,2.752892367396953e-07,2.752892371837845e-07,,,,,,,,,,,,,,,,,,,,,,,,,,,,,,,,,,,,,,,
pi_free,21,,,,,,,,,,,,,,,,,,,,,,,,,4.0,0.0020000000949949026,False,0.16733112931251526,-0.8999999761581421,7.0,9.621364198708504,2.621364198708504,9.621363639831543,2.621363878250122,5.588769607101085e-07,3.204583820526352e-07,,,,,,,,,,,,,,,,,,,,,,,,,,,,,,,,,,,,,,,
pi_free,22,,,,,,,,,,,,,,,,,,,,,,,,,4.0,0.0020000000949949026,False,-0.0017702619079500437,-0.8999999761581421,7.0,9.809364207638025,2.809364207638025,9.809364318847656,2.809363842010498,1.1120963172572829e-07,3.656275269214859e-07,,,,,,,,,,,,,,,,,,,,,,,,,,,,,,,,,,,,,,,
pi_free,23,,,,,,,,,,,,,,,,,,,,,,,,,4.0,0.0020000000949949026,False,-0.16924408078193665,-0.8999999761581421,7.0,9.997364216567545,2.997364216567546,9.997364044189453,2.997363805770874,1.7237809224468492e-07,4.1079667179033663e-07,,,,,,,,,,,,,,,,,,,,,,,,,,,,,,,,,,,,,,,
pi_free,24,,,,,,,,,,,,,,,,,,,,,,,,,4.0,0.0020000000949949026,True,-0.18111567199230194,-0.8999999761581421,7.0,10.185364225497066,3.195428606233421,10.18536376953125,3.1954281330108643,4.5596581621509813e-07,4.73222556696129e-07,,,,,,,,,,,,,,,,,,,,,,,,,,,,,,,,,,,,,,,
pi_free,25,,,,,,,,,,,,,,,,,,,,,,,,,4.0,0.0020000000949949026,False,-0.026470350101590157,-0.8999999761581421,7.0,10.383428615162941,3.383428615162942,10.383428573608398,3.3834280967712402,4.15545429177655e-08,5.183917015649797e-07,,,,,,,,,,,,,,,,,,,,,,,,,,,,,,,,,,,,,,,
pi_free,26,,,,,,,,,,,,,,,,,,,,,,,,,4.0,0.0020000000949949026,False,0.15251168608665466,-0.8999999761581421,7.0,10.571428624092462,3.5714286240924626,10.571428298950195,3.571428060531616,3.251422668881787e-07,5.635608464338304e-07,,,,,,,,,,,,,,,,,,,,,,,,,,,,,,,,,,,,,,,
pi_free,27,,,,,,,,,,,,,,,,,,,,,,,,,4.0,0.0020000000949949026,False,0.19127517938613892,-0.8999999761581421,7.0,10.759428633021983,3.7594286330219835,10.759428024291992,3.759428024291992,6.087299908585919e-07,6.087299913026811e-07,,,,,,,,,,,,,,,,,,,,,,,,,,,,,,,,,,,,,,,
pi_free,28,,,,,,,,,,,,,,,,,,,,,,,,,4.0,0.0020000000949949026,False,0.05418115854263306,-0.8999999761581421,7.0,10.947428641951504,3.9474286419515043,10.947427749633789,3.947427988052368,8.923177148290051e-07,6.538991361715318e-07,,,,,,,,,,,,,,,,,,,,,,,,,,,,,,,,,,,,,,,
pi_free,29,,,,,,,,,,,,,,,,,,,,,,,,,4.0,0.0020000000949949026,False,-0.1327267736196518,-0.8999999761581421,7.0,11.135428650881025,4.135428650881025,11.135427474975586,4.135427951812744,1.1759054387994183e-06,6.990682805962933e-07,,,,,,,,,,,,,,,,,,,,,,,,,,,,,,,,,,,,,,,
pi_free,30,,,,,,,,,,,,,,,,,,,,,,,,,4.0,0.0020000000949949026,False,-0.19760632514953613,-0.8999999761581421,7.0,11.323428659810546,4.323428659810546,11.3234281539917,4.323428153991699,5.058188463635815e-07,5.058188463635815e-07,,,,,,,,,,,,,,,,,,,,,,,,,,,,,,,,,,,,,,,
pi_free,31,,,,,,,,,,,,,,,,,,,,,,,,,4.0,0.0020000000949949026,False,-0.08080752938985825,-0.8999999761581421,7.0,11.511428668740066,4.511428668740066,11.511428833007812,4.511428356170654,1.6426774607225525e-07,3.1256941213086975e-07,,,,,,,,,,,,,,,,,,,,,,,,,,,,,,,,,,,,,,,
pi_free,32,,,,,,,,,,,,,,,,,,,,,,,,,-2.5,0.0020000000949949026,True,0.11028533428907394,0.8999999761581421,7.0,0.0189286631591159,4.382872657647817,0.01892852783203125,4.382872581481934,1.353270846493615e-07,7.616588337810981e-08,,,,,,,,,,,,,,,,,,,,,,,,,,,,,,,,,,,,,,,
pi_free,33,,,,,,,,,,,,,,,,,,,,,,,,,-2.5,0.0020000000949949026,False,0.19998237490653992,-0.8999999761581421,7.0,-0.10962734793313356,4.265372652066866,-0.10962724685668945,4.2653727531433105,1.0107644410339844e-07,1.0107644410339844e-07,,,,,,,,,,,,,,,,,,,,,,,,,,,,,,,,,,,,,,,
pi_free,34,,,,,,,,,,,,,,,,,,,,,,,,,-2.5,0.0020000000949949026,False,0.10581653565168381,-0.8999999761581421,7.0,-0.22712735351408408,4.147872646485916,-0.2271270751953125,4.1478729248046875,2.783187715849067e-07,2.783187715849067e-07,,,,,,,,,,,,,,,,,,,,,,,,,,,,,,,,,,,,,,,
pi_free,35,,,,,,,,,,,,,,,,,,,,,,,,,-2.5,0.0020000000949949026,False,-0.08563653379678726,-0.8999999761581421,7.0,-0.3446273590950346,4.030372640904965,-0.34462690353393555,4.0303730964660645,4.5556109906641495e-07,4.5556109906641495e-07,,,,,,,,,,,,,,,,,,,,,,,,,,,,,,,,,,,,,,,
pi_free,36,,,,,,,,,,,,,,,,,,,,,,,,,-2.5,0.0020000000949949026,False,-0.1983557641506195,-0.8999999761581421,7.0,-0.46212736467598514,3.912872635324015,-0.4621269702911377,3.9128730297088623,3.943848474463607e-07,3.943848474463607e-07,,,,,,,,,,,,,,,,,,,,,,,,,,,,,,,,,,,,,,,
pi_free,37,,,,,,,,,,,,,,,,,,,,,,,,,-2.5,0.0020000000949949026,False,-0.1287076324224472,-0.8999999761581421,7.0,-0.5796273702569357,3.7953726297430643,-0.5796270370483398,3.79537296295166,3.3320859582630646e-07,3.3320859582630646e-07,,,,,,,,,,,,,,,,,,,,,,,,,,,,,,,,,,,,,,,
pi_free,38,,,,,,,,,,,,,,,,,,,,,,,,,-2.5,0.0020000000949949026,False,0.05927371606230736,-0.8999999761581421,7.0,-0.6971273758378862,3.677872624162114,-0.697127103805542,3.677872896194458,2.720323442062522e-07,2.720323442062522e-07,,,,,,,,,,,,,,,,,,,,,,,,,,,,,,,,,,,,,,,
pi_free,39,,,,,,,,,,,,,,,,,,,,,,,,,-2.5,0.0020000000949949026,False,0.19275908172130585,-0.8999999761581421,7.0,-0.8146273814188367,3.5603726185811633,-0.8146271705627441,3.560372829437256,2.1085609258619797e-07,2.1085609258619797e-07,,,,,,,,,,,,,,,,,,,,,,,,,,,,,,,,,,,,,,,
pi_free,40,,,,,,,,,,,,,,,,,,,,,,,,,-2.5,0.0020000000949949026,True,0.14902263879776,-0.8999999761581421,7.0,-0.9321273869997873,3.457558930307158,-0.9321272373199463,3.457559108734131,1.4967984096614373e-07,1.7842697275227692e-07,,,,,,,,,,,,,,,,,,,,,,,,,,,,,,,,,,,,,,,
pi_free,41,,,,,,,,,,,,,,,,,,,,,,,,,-2.5,0.0020000000949949026,False,-0.031724534928798676,-0.8999999761581421,7.0,-1.0349410752737924,3.3400589247262076,-1.0349409580230713,3.3400590419769287,1.1725072113222268e-07,1.1725072113222268e-07,,,,,,,,,,,,,,,,,,,,,,,,,,,,,,,,,,,,,,,
pi_free,42,,,,,,,,,,,,,,,,,,,,,,,,,-2.5,0.0020000000949949026,False,-0.1833043098449707,-0.8999999761581421,7.0,-1.152441080854743,3.222558919145257,-1.1524410247802734,3.2225589752197266,5.6074469512168434e-08,5.6074469512168434e-08,,,,,,,,,,,,,,,,,,,,,,,,,,,,,,,,,,,,,,,
pi_free,43,,,,,,,,,,,,,,,,,,,,,,,,,-2.5,0.0020000000949949026,False,-0.1663549542427063,-0.8999999761581421,7.0,-1.2699410864356935,3.1050589135643065,-1.2699410915374756,3.1050589084625244,5.1017821078858105e-09,5.1017821078858105e-09,,,,,,,,,,,,,,,,,,,,,,,,,,,,,,,,,,,,,,,
pi_free,44,,,,,,,,,,,,,,,,,,,,,,,,,-2.5,0.0020000000949949026,False,0.0035403850488364697,-0.8999999761581421,7.0,-1.387441092016644,2.987558907983356,-1.3874411582946777,2.9875588417053223,6.627803372794006e-08,6.627803372794006e-08,,,,,,,,,,,,,,,,,,,,,,,,,,,,,,,,,,,,,,,
pi_free,45,,,,,,,,,,,,,,,,,,,,,,,,,-2.5,0.0020000000949949026,False,0.17018070816993713,-0.8999999761581421,7.0,-1.5049410975975945,2.8700589024024055,-1.5049412250518799,2.87005877494812,1.274542853479943e-07,1.274542853479943e-07,,,,,,,,,,,,,,,,,,,,,,,,,,,,,,,,,,,,,,,
pi_free,46,,,,,,,,,,,,,,,,,,,,,,,,,-2.5,0.0020000000949949026,False,0.1803576648235321,-0.8999999761581421,7.0,-1.622441103178545,2.752558896821455,-1.622441291809082,2.752558708190918,1.8863053696804855e-07,1.8863053696804855e-07,,,,,,,,,,,,,,,,,,,,,,,,,,,,,,,,,,,,,,,
pi_free,47,,,,,,,,,,,,,,,,,,,,,,,,,-2.5,0.0020000000949949026,False,0.024714624509215355,-0.8999999761581421,7.0,-1.7399411087594956,2.6350588912405044,-1.7399413585662842,2.635058641433716,2.498067885881028e-07,2.498067885881028e-07,,,,,,,,,,,,,,,,,,,,,,,,,,,,,,,,,,,,,,,
pi_free,48,,,,,,,,,,,,,,,,,,,,,,,,,-2.5,0.0020000000949949026,True,-0.1536509394645691,0.8999999761581421,7.0,-1.8574411143404461,2.5028077721401956,-1.8574414253234863,2.502807378768921,3.1098304020815704e-07,3.933712746650997e-07,,,,,,,,,,,,,,,,,,,,,,,,,,,,,,,,,,,,,,,
pi_free,49,,,,,,,,,,,,,,,,,,,,,,,,,-2.5,0.0020000000949949026,False,-0.19075052440166473,-0.8999999761581421,7.0,-1.989692233440755,2.385307766559245,-1.9896926879882812,2.3853073120117188,4.5454752628515394e-07,4.5454752628515394e-07,,,,,,,,,,,,,,,,,,,,,,,,,,,,,,,,,,,,,,,
pi_free,50,,,,,,,,,,,,,,,,,,,,,,,,,-2.5,0.0020000000949949026,False,-0.0524749718606472,-0.8999999761581421,7.0,-2.1071922390217055,2.2678077609782945,-2.1071927547454834,2.2678072452545166,5.157237779052082e-07,5.157237779052082e-07,,,,,,,,,,,,,,,,,,,,,,,,,,,,,,,,,,,,,,,
pi_free,51,,,,,,,,,,,,,,,,,,,,,,,,,-2.5,0.0020000000949949026,False,0.13404583930969238,-0.8999999761581421,7.0,-2.224692244602656,2.150307755397344,-2.2246928215026855,2.1503071784973145,5.769000295252624e-07,5.769000295252624e-07,,,,,,,,,,,,,,,,,,,,,,,,,,,,,,,,,,,,,,,
pi_free,52,,,,,,,,,,,,,,,,,,,,,,,,,-2.5,0.0020000000949949026,False,0.19732551276683807,-0.8999999761581421,7.0,-2.3421922501836065,2.0328077498163935,-2.3421928882598877,2.0328071117401123,6.380762811453167e-07,6.380762811453167e-07,,,,,,,,,,,,,,,,,,,,,,,,,,,,,,,,,,,,,,,
pi_free,53,,,,,,,,,,,,,,,,,,,,,,,,,-2.5,0.0020000000949949026,False,0.07918503135442734,-0.8999999761581421,7.0,-2.459692255764557,1.915307744235443,-2.45969295501709,1.9153070449829102,6.992525327653709e-07,6.992525327653709e-07,,,,,,,,,,,,,,,,,,,,,,,,,,,,,,,,,,,,,,,
pi_free,54,,,,,,,,,,,,,,,,,,,,,,,,,-2.5,0.0020000000949949026,False,-0.1117578074336052,-0.8999999761581421,7.0,-2.5771922613455076,1.7978077386544924,-2.577193021774292,1.797806978225708,7.604287843854252e-07,7.604287843854252e-07,,,,,,,,,,,,,,,,,,,,,,,,,,,,,,,,,,,,,,,
pi_free,55,,,,,,,,,,,,,,,,,,,,,,,,,-2.5,0.0020000000949949026,False,-0.19995103776454926,-0.8999999761581421,7.0,-2.694692266926458,1.6803077330735419,-2.694693088531494,1.6803069114685059,8.216050360054794e-07,8.216050360054794e-07,,,,,,,,,,,,,,,,,,,,,,,,,,,,,,,,,,,,,,,
pi_free,56,,,,,,,,,,,,,,,,,,,,,,,,,0.0,0.0020000000949949026,True,-0.10431019961833954,-0.8999999761581421,7.0,1.6803077330735419,1.6914473904742044,1.6803069114685059,1.6914465427398682,8.216050360054794e-07,8.477343362844891e-07,,,,,,,,,,,,,,,,,,,,,,,,,,,,,,,,,,,,,,,
pi_free,57,,,,,,,,,,,,,,,,,,,,,,,,,0.0,0.0020000000949949026,False,0.08723294734954834,-0.8999999761581421,7.0,1.6914473904742044,1.6914473904742044,1.6914465427398682,1.6914465427398682,8.477343362844891e-07,8.477343362844891e-07,,,,,,,,,,,,,,,,,,,,,,,,,,,,,,,,,,,,,,,
pi_free,58,,,,,,,,,,,,,,,,,,,,,,,,,0.0,0.0020000000949949026,False,0.19857452809810638,-0.8999999761581421,7.0,1.6914473904742044,1.6914473904742044,1.6914465427398682,1.6914465427398682,8.477343362844891e-07,8.477343362844891e-07,,,,,,,,,,,,,,,,,,,,,,,,,,,,,,,,,,,,,,,
pi_free,59,,,,,,,,,,,,,,,,,,,,,,,,,0.0,0.0020000000949949026,False,0.12734760344028473,-0.8999999761581421,7.0,1.6914473904742044,1.6914473904742044,1.6914465427398682,1.6914465427398682,8.477343362844891e-07,8.477343362844891e-07,,,,,,,,,,,,,,,,,,,,,,,,,,,,,,,,,,,,,,,
pi_free,60,,,,,,,,,,,,,,,,,,,,,,,,,0.0,0.0020000000949949026,False,-0.06096212565898895,-0.8999999761581421,7.0,1.6914473904742044,1.6914473904742044,1.6914465427398682,1.6914465427398682,8.477343362844891e-07,8.477343362844891e-07,,,,,,,,,,,,,,,,,,,,,,,,,,,,,,,,,,,,,,,
pi_free,61,,,,,,,,,,,,,,,,,,,,,,,,,0.0,0.0020000000949949026,False,-0.19322355091571808,-0.8999999761581421,7.0,1.6914473904742044,1.6914473904742044,1.6914465427398682,1.6914465427398682,8.477343362844891e-07,8.477343362844891e-07,,,,,,,,,,,,,,,,,,,,,,,,,,,,,,,,,,,,,,,
pi_free,62,,,,,,,,,,,,,,,,,,,,,,,,,0.0,0.0020000000949949026,False,-0.1478361338376999,-0.8999999761581421,7.0,1.6914473904742044,1.6914473904742044,1.6914465427398682,1.6914465427398682,8.477343362844891e-07,8.477343362844891e-07,,,,,,,,,,,,,,,,,,,,,,,,,,,,,,,,,,,,,,,
pi_free,63,,,,,,,,,,,,,,,,,,,,,,,,,0.0,0.0020000000949949026,False,0.03347114101052284,-0.8999999761581421,7.0,1.6914473904742044,1.6914473904742044,1.6914465427398682,1.6914465427398682,8.477343362844891e-07,8.477343362844891e-07,,,,,,,,,,,,,,,,,,,,,,,,,,,,,,,,,,,,,,,
pi_free,64,,,,,,,,,,,,,,,,,,,,,,,,,0.20000000298023224,0.0020000000949949026,True,0.18400520086288452,0.8999999761581421,7.0,2.0508473962761578,1.6908234637305068,2.050846576690674,1.6908226013183594,8.195854839243566e-07,8.624121474731794e-07,,,,,,,,,,,,,,,,,,,,,,,,,,,,,,,,,,,,,,,
pi_free,65,,,,,,,,,,,,,,,,,,,,,,,,,-0.20000000298023224,0.0020000000949949026,False,0.16536574065685272,-0.8999999761581421,7.0,1.3314234579285535,1.68142346314396,1.3314225673675537,1.6814225912094116,8.905609998333119e-07,8.719345483410024e-07,,,,,,,,,,,,,,,,,,,,,,,,,,,,,,,,,,,,,,,
pi_free,66,,,,,,,,,,,,,,,,,,,,,,,,,0.20000000298023224,0.0020000000949949026,False,-0.005310230888426304,-0.8999999761581421,7.0,2.0408234689459133,1.6908234637305068,2.0408225059509277,1.6908226013183594,9.62994985531651e-07,8.624121474731794e-07,,,,,,,,,,,,,,,,,,,,,,,,,,,,,,,,,,,,,,,
pi_free,67,,,,,,,,,,,,,,,,,,,,,,,,,-0.20000000298023224,0.0020000000949949026,False,-0.17110399901866913,-0.8999999761581421,7.0,1.3314234579285535,1.68142346314396,1.3314225673675537,1.6814225912094116,8.905609998333119e-07,8.719345483410024e-07,,,,,,,,,,,,,,,,,,,,,,,,,,,,,,,,,,,,,,,
pi_free,68,,,,,,,,,,,,,,,,,,,,,,,,,0.20000000298023224,0.0020000000949949026,False,-0.1795855313539505,-0.8999999761581421,7.0,2.0408234689459133,1.6908234637305068,2.0408225059509277,1.6908226013183594,9.62994985531651e-07,8.624121474731794e-07,,,,,,,,,,,,,,,,,,,,,,,,,,,,,,,,,,,,,,,
pi_free,69,,,,,,,,,,,,,,,,,,,,,,,,,-0.20000000298023224,0.0020000000949949026,False,-0.022956963628530502,-0.8999999761581421,7.0,1.3314234579285535,1.68142346314396,1.3314225673675537,1.6814225912094116,8.905609998333119e-07,8.719345483410024e-07,,,,,,,,,,,,,,,,,,,,,,,,,,,,,,,,,,,,,,,
pi_free,70,,,,,,,,,,,,,,,,,,,,,,,,,0.20000000298023224,0.0020000000949949026,False,0.1547781378030777,-0.8999999761581421,7.0,2.0408234689459133,1.6908234637305068,2.0408225059509277,1.6908226013183594,9.62994985531651e-07,8.624121474731794e-07,,,,,,,,,,,,,,,,,,,,,,,,,,,,,,,,,,,,,,,
pi_free,71,,,,,,,,,,,,,,,,,,,,,,,,,-0.20000000298023224,0.0020000000949949026,False,0.19021092355251312,-0.8999999761581421,7.0,1.3314234579285535,1.68142346314396,1.3314225673675537,1.6814225912094116,8.905609998333119e-07,8.719345483410024e-07,,,,,,,,,,,,,,,,,,,,,,,,,,,,,,,,,,,,,,,
pi_free,72,,,,,,,,,,,,,,,,,,,,,,,,,0.20000000298023224,0.0020000000949949026,True,0.050764672458171844,-0.8999999761581421,7.0,2.0408234689459133,1.7041341694433598,2.0408225059509277,1.7041332721710205,9.62994985531651e-07,8.972723393174675e-07,,,,,,,,,,,,,,,,,,,,,,,,,,,,,,,,,,,,,,,
pi_free,73,,,,,,,,,,,,,,,,,,,,,,,,,-0.20000000298023224,0.0020000000949949026,False,-0.13535438477993011,-0.8999999761581421,7.0,1.3447341636414065,1.694734168856813,1.3447332382202148,1.6947332620620728,9.254211916776001e-07,9.067947401852905e-07,,,,,,,,,,,,,,,,,,,,,,,,,,,,,,,,,,,,,,,
pi_free,74,,,,,,,,,,,,,,,,,,,,,,,,,0.20000000298023224,0.0020000000949949026,False,-0.197029247879982,-0.8999999761581421,7.0,2.054134174658766,1.7041341694433598,2.054133176803589,1.7041332721710205,9.978551771538946e-07,8.972723393174675e-07,,,,,,,,,,,,,,,,,,,,,,,,,,,,,,,,,,,,,,,
pi_free,75,,,,,,,,,,,,,,,,,,,,,,,,,-0.20000000298023224,0.0020000000949949026,False,-0.07755632698535919,-0.8999999761581421,7.0,1.3447341636414065,1.694734168856813,1.3447332382202148,1.6947332620620728,9.254211916776001e-07,9.067947401852905e-07,,,,,,,,,,,,,,,,,,,,,,,,,,,,,,,,,,,,,,,
pi_free,76,,,,,,,,,,,,,,,,,,,,,,,,,0.20000000298023224,0.0020000000949949026,False,0.11322152614593506,-0.8999999761581421,7.0,2.054134174658766,1.7041341694433598,2.054133176803589,1.7041332721710205,9.978551771538946e-07,8.972723393174675e-07,,,,,,,,,,,,,,,,,,,,,,,,,,,,,,,,,,,,,,,
pi_free,77,,,,,,,,,,,,,,,,,,,,,,,,,-0.20000000298023224,0.0020000000949949026,False,0.19990402460098267,-0.8999999761581421,7.0,1.3447341636414065,1.694734168856813,1.3447332382202148,1.6947332620620728,9.254211916776001e-07,9.067947401852905e-07,,,,,,,,,,,,,,,,,,,,,,,,,,,,,,,,,,,,,,,
pi_free,78,,,,,,,,,,,,,,,,,,,,,,,,,0.20000000298023224,0.0020000000949949026,False,0.10279569029808044,-0.8999999761581421,7.0,2.054134174658766,1.7041341694433598,2.054133176803589,1.7041332721710205,9.978551771538946e-07,8.972723393174675e-07,,,,,,,,,,,,,,,,,,,,,,,,,,,,,,,,,,,,,,,
pi_free,79,,,,,,,,,,,,,,,,,,,,,,,,,-0.20000000298023224,0.0020000000949949026,False,-0.08882253617048264,-0.8999999761581421,7.0,1.3447341636414065,1.694734168856813,1.3447332382202148,1.6947332620620728,9.254211916776001e-07,9.067947401852905e-07,,,,,,,,,,,,,,,,,,,,,,,,,,,,,,,,,,,,,,,
pi_free,80,,,,,,,,,,,,,,,,,,,,,,,,,0.20000000298023224,0.0020000000949949026,True,-0.19877773523330688,0.8999999761581421,7.0,2.054134174658766,1.6887512807532317,2.054133176803589,1.6887503862380981,9.978551771538946e-07,8.945151335204571e-07,,,,,,,,,,,,,,,,,,,,,,,,,,,,,,,,,,,,,,,
pi_free,81,,,,,,,,,,,,,,,,,,,,,,,,,-0.20000000298023224,0.0020000000949949026,False,-0.12597760558128357,-0.8999999761581421,7.0,1.3293512749512784,1.6793512801666848,1.3293503522872925,1.6793503761291504,9.226639858805896e-07,9.0403753438828e-07,,,,,,,,,,,,,,,,,,,,,,,,,,,,,,,,,,,,,,,
pi_free,82,,,,,,,,,,,,,,,,,,,,,,,,,0.20000000298023224,0.0020000000949949026,False,0.06264575570821762,-0.8999999761581421,7.0,2.038751285968638,1.6887512807532317,2.038750410079956,1.6887503862380981,8.758886820281475e-07,8.945151335204571e-07,,,,,,,,,,,,,,,,,,,,,,,,,,,,,,,,,,,,,,,
pi_free,83,,,,,,,,,,,,,,,,,,,,,,,,,-0.20000000298023224,0.0020000000949949026,False,0.19367289543151855,-0.8999999761581421,7.0,1.3293512749512784,1.6793512801666848,1.3293503522872925,1.6793503761291504,9.226639858805896e-07,9.0403753438828e-07,,,,,,,,,,,,,,,,,,,,,,,,,,,,,,,,,,,,,,,
pi_free,84,,,,,,,,,,,,,,,,,,,,,,,,,0.20000000298023224,0.0020000000949949026,False,0.14663806557655334,-0.8999999761581421,7.0,2.038751285968638,1.6887512807532317,2.038750410079956,1.6887503862380981,8.758886820281475e-07,8.945151335204571e-07,,,,,,,,,,,,,,,,,,,,,,,,,,,,,,,,,,,,,,,
pi_free,85,,,,,,,,,,,,,,,,,,,,,,,,,-0.20000000298023224,0.0020000000949949026,False,-0.03521512448787689,-0.8999999761581421,7.0,1.3293512749512784,1.6793512801666848,1.3293503522872925,1.6793503761291504,9.226639858805896e-07,9.0403753438828e-07,,,,,,,,,,,,,,,,,,,,,,,,,,,,,,,,,,,,,,,
pi_free,86,,,,,,,,,,,,,,,,,,,,,,,,,0.20000000298023224,0.0020000000949949026,False,-0.1846916824579239,-0.8999999761581421,7.0,2.038751285968638,1.6887512807532317,2.038750410079956,1.6887503862380981,8.758886820281475e-07,8.945151335204571e-07,,,,,,,,,,,,,,,,,,,,,,,,,,,,,,,,,,,,,,,
pi_free,87,,,,,,,,,,,,,,,,,,,,,,,,,-0.20000000298023224,0.0020000000949949026,False,-0.1643635630607605,-0.8999999761581421,7.0,1.3293512749512784,1.6793512801666848,1.3293503522872925,1.6793503761291504,9.226639858805896e-07,9.0403753438828e-07,,,,,,,,,,,,,,,,,,,,,,,,,,,,,,,,,,,,,,,
pi_free,88,,,,,,,,,,,,,,,,,,,,,,,,,0.20000000298023224,0.0020000000949949026,True,0.007079660426825285,-0.8999999761581421,7.0,2.038751285968638,1.7014503962685967,2.038750410079956,1.7014495134353638,8.758886820281475e-07,8.828332329624544e-07,,,,,,,,,,,,,,,,,,,,,,,,,,,,,,,,,,,,,,,
pi_free,89,,,,,,,,,,,,,,,,,,,,,,,,,-0.20000000298023224,0.0020000000949949026,False,0.17201387882232666,-0.8999999761581421,7.0,1.3420503904666434,1.6920503956820498,1.342049479484558,1.692049503326416,9.10982085322587e-07,8.923556338302774e-07,,,,,,,,,,,,,,,,,,,,,,,,,,,,,,,,,,,,,,,
pi_free,90,,,,,,,,,,,,,,,,,,,,,,,,,0.20000000298023224,0.0020000000949949026,False,0.1787993311882019,-0.8999999761581421,7.0,2.0514504014840034,1.7014503962685967,2.0514495372772217,1.7014495134353638,8.642067816921895e-07,8.828332329624544e-07,,,,,,,,,,,,,,,,,,,,,,,,,,,,,,,,,,,,,,,
pi_free,91,,,,,,,,,,,,,,,,,,,,,,,,,-0.20000000298023224,0.0020000000949949026,False,0.021197501569986343,-0.8999999761581421,7.0,1.3420503904666434,1.6920503956820498,1.342049479484558,1.692049503326416,9.10982085322587e-07,8.923556338302774e-07,,,,,,,,,,,,,,,,,,,,,,,,,,,,,,,,,,,,,,,
pi_free,92,,,,,,,,,,,,,,,,,,,,,,,,,0.20000000298023224,0.0020000000949949026,False,-0.1558932065963745,-0.8999999761581421,7.0,2.0514504014840034,1.7014503962685967,2.0514495372772217,1.7014495134353638,8.642067816921895e-07,8.828332329624544e-07,,,,,,,,,,,,,,,,,,,,,,,,,,,,,,,,,,,,,,,
pi_free,93,,,,,,,,,,,,,,,,,,,,,,,,,-0.20000000298023224,0.0020000000949949026,False,-0.18965642154216766,-0.8999999761581421,7.0,1.3420503904666434,1.6920503956820498,1.342049479484558,1.692049503326416,9.10982085322587e-07,8.923556338302774e-07,,,,,,,,,,,,,,,,,,,,,,,,,,,,,,,,,,,,,,,
pi_free,94,,,,,,,,,,,,,,,,,,,,,,,,,0.20000000298023224,0.0020000000949949026,False,-0.04905039817094803,-0.8999999761581421,7.0,2.0514504014840034,1.7014503962685967,2.0514495372772217,1.7014495134353638,8.642067816921895e-07,8.828332329624544e-07,,,,,,,,,,,,,,,,,,,,,,,,,,,,,,,,,,,,,,,
pi_free,95,,,,,,,,,,,,,,,,,,,,,,,,,-0.20000000298023224,0.0020000000949949026,False,0.13665233552455902,-0.8999999761581421,7.0,1.3420503904666434,1.6920503956820498,1.342049479484558,1.692049503326416,9.10982085322587e-07,8.923556338302774e-07,,,,,,,,,,,,,,,,,,,,,,,,,,,,,,,,,,,,,,,
pi_free,96,,,,,,,,,,,,,,,,,,,,,,,,,6.0,0.0020000000949949026,True,0.1967175453901291,0.8999999761581421,7.0,12.47405040907633,1.9642044545779211,12.47404956817627,1.9642035961151123,8.409000606945938e-07,8.584628088392776e-07,,,,,,,,,,,,,,,,,,,,,,,,,,,,,,,,,,,,,,,
pi_free,97,,,,,,,,,,,,,,,,,,,,,,,,,-6.0,0.0020000000949949026,False,0.07592155039310455,-0.8999999761581421,7.0,-8.81779555881636,1.6822044411836399,-8.81779670715332,1.6822035312652588,1.148336959744256e-06,9.099183810867828e-07,,,,,,,,,,,,,,,,,,,,,,,,,,,,,,,,,,,,,,,
pi_free,98,,,,,,,,,,,,,,,,,,,,,,,,,6.0,0.0020000000949949026,False,-0.11467637121677399,-0.8999999761581421,7.0,12.46420445457792,1.9642044545779211,12.464203834533691,1.9642035961151123,6.200442292936259e-07,8.584628088392776e-07,,,,,,,,,,,,,,,,,,,,,,,,,,,,,,,,,,,,,,,
pi_free,99,,,,,,,,,,,,,,,,,,,,,,,,,-6.0,0.0020000000949949026,False,-0.19984136521816254,-0.8999999761581421,7.0,-8.81779555881636,1.6822044411836399,-8.81779670715332,1.6822035312652588,1.148336959744256e-06,9.099183810867828e-07,,,,,,,,,,,,,,,,,,,,,,,,,,,,,,,,,,,,,,,
pi_free,100,,,,,,,,,,,,,,,,,,,,,,,,,6.0,0.0020000000949949026,False,-0.10127312690019608,-0.8999999761581421,7.0,12.46420445457792,1.9642044545779211,12.464203834533691,1.9642035961151123,6.200442292936259e-07,8.584628088392776e-07,,,,,,,,,,,,,,,,,,,,,,,,,,,,,,,,,,,,,,,
pi_free,101,,,,,,,,,,,,,,,,,,,,,,,,,-6.0,0.0020000000949949026,False,0.09040515869855881,-0.8999999761581421,7.0,-8.81779555881636,1.6822044411836399,-8.81779670715332,1.6822035312652588,1.148336959744256e-06,9.099183810867828e-07,,,,,,,,,,,,,,,,,,,,,,,,,,,,,,,,,,,,,,,
pi_free,102,,,,,,,,,,,,,,,,,,,,,,,,,6.0,0.0020000000949949026,False,0.19896535575389862,-0.8999999761581421,7.0,12.46420445457792,1.9642044545779211,12.464203834533691,1.9642035961151123,6.200442292936259e-07,8.584628088392776e-07,,,,,,,,,,,,,,,,,,,,,,,,,,,,,,,,,,,,,,,
pi_free,103,,,,,,,,,,,,,,,,,,,,,,,,,-6.0,0.0020000000949949026,False,0.12459772825241089,-0.8999999761581421,7.0,-8.81779555881636,1.6822044411836399,-8.81779670715332,1.6822035312652588,1.148336959744256e-06,9.099183810867828e-07,,,,,,,,,,,,,,,,,,,,,,,,,,,,,,,,,,,,,,,
pi_free,104,,,,,,,,,,,,,,,,,,,,,,,,,6.0,0.0020000000949949026,True,-0.06432448327541351,-0.8999999761581421,7.0,12.46420445457792,1.9759039120339736,12.464203834533691,1.975903034210205,6.200442292936259e-07,8.778237685636014e-07,,,,,,,,,,,,,,,,,,,,,,,,,,,,,,,,,,,,,,,
pi_free,105,,,,,,,,,,,,,,,,,,,,,,,,,-6.0,0.0020000000949949026,False,-0.1941070556640625,-0.8999999761581421,7.0,-8.806096101360307,1.6939038986396924,-8.806097030639648,1.6939029693603516,9.292793414772405e-07,9.292793408111066e-07,,,,,,,,,,,,,,,,,,,,,,,,,,,,,,,,,,,,,,,
pi_free,106,,,,,,,,,,,,,,,,,,,,,,,,,6.0,0.0020000000949949026,False,-0.14542849361896515,-0.8999999761581421,7.0,12.475903912033974,1.9759039120339736,12.475902557373047,1.975903034210205,1.3546609274328603e-06,8.778237685636014e-07,,,,,,,,,,,,,,,,,,,,,,,,,,,,,,,,,,,,,,,
pi_free,107,,,,,,,,,,,,,,,,,,,,,,,,,-6.0,0.0020000000949949026,False,0.03695634752511978,-0.8999999761581421,7.0,-8.806096101360307,1.6939038986396924,-8.806097030639648,1.6939029693603516,9.292793414772405e-07,9.292793408111066e-07,,,,,,,,,,,,,,,,,,,,,,,,,,,,,,,,,,,,,,,
pi_free,108,,,,,,,,,,,,,,,,,,,,,,,,,6.0,0.0020000000949949026,False,0.18536369502544403,-0.8999999761581421,7.0,12.475903912033974,1.9759039120339736,12.475902557373047,1.975903034210205,1.3546609274328603e-06,8.778237685636014e-07,,,,,,,,,,,,,,,,,,,,,,,,,,,,,,,,,,,,,,,
pi_free,109,,,,,,,,,,,,,,,,,,,,,,,,,-6.0,0.0020000000949949026,False,0.16334852576255798,-0.8999999761581421,7.0,-8.806096101360307,1.6939038986396924,-8.806097030639648,1.6939029693603516,9.292793414772405e-07,9.292793408111066e-07,,,,,,,,,,,,,,,,,,,,,,,,,,,,,,,,,,,,,,,
pi_free,110,,,,,,,,,,,,,,,,,,,,,,,,,6.0,0.0020000000949949026,False,-0.00884853582829237,-0.8999999761581421,7.0,12.475903912033974,1.9759039120339736,12.475902557373047,1.975903034210205,1.3546609274328603e-06,8.778237685636014e-07,,,,,,,,,,,,,,,,,,,,,,,,,,,,,,,,,,,,,,,
pi_free,111,,,,,,,,,,,,,,,,,,,,,,,,,-6.0,0.0020000000949949026,False,-0.17291028797626495,-0.8999999761581421,7.0,-8.806096101360307,1.6939038986396924,-8.806097030639648,1.6939029693603516,9.292793414772405e-07,9.292793408111066e-07,,,,,,,,,,,,,,,,,,,,,,,,,,,,,,,,,,,,,,,
pi_free,112,,,,,,,,,,,,,,,,,,,,,,,,,6.0,0.0020000000949949026,True,-0.1779991239309311,0.8999999761581421,7.0,12.475903912033974,1.9608119239158956,12.475902557373047,1.9608110189437866,1.3546609274328603e-06,9.049721090281793e-07,,,,,,,,,,,,,,,,,,,,,,,,,,,,,,,,,,,,,,,
pi_free,113,,,,,,,,,,,,,,,,,,,,,,,,,-6.0,0.0020000000949949026,False,-0.01943638175725937,-0.8999999761581421,7.0,-8.821188089478385,1.6788119105216144,-8.821188926696777,1.6788110733032227,8.37218392391037e-07,8.372183917249032e-07,,,,,,,,,,,,,,,,,,,,,,,,,,,,,,,,,,,,,,,
pi_free,114,,,,,,,,,,,,,,,,,,,,,,,,,6.0,0.0020000000949949026,False,0.15699607133865356,-0.8999999761581421,7.0,12.460811923915896,1.9608119239158956,12.460811614990234,1.9608111381530762,3.089256619404068e-07,7.85762819477398e-07,,,,,,,,,,,,,,,,,,,,,,,,,,,,,,,,,,,,,,,
pi_free,115,,,,,,,,,,,,,,,,,,,,,,,,,-6.0,0.0020000000949949026,False,0.18908706307411194,-0.8999999761581421,7.0,-8.821188089478385,1.6788119105216144,-8.821188926696777,1.6788110733032227,8.37218392391037e-07,8.372183917249032e-07,,,,,,,,,,,,,,,,,,,,,,,,,,,,,,,,,,,,,,,
pi_free,116,,,,,,,,,,,,,,,,,,,,,,,,,6.0,0.0020000000949949026,False,0.0473322793841362,-0.8999999761581421,7.0,12.460811923915896,1.9608119239158956,12.460811614990234,1.9608111381530762,3.089256619404068e-07,7.85762819477398e-07,,,,,,,,,,,,,,,,,,,,,,,,,,,,,,,,,,,,,,,
pi_free,117,,,,,,,,,,,,,,,,,,,,,,,,,-6.0,0.0020000000949949026,False,-0.13793958723545074,-0.8999999761581421,7.0,-8.821188089478385,1.6788119105216144,-8.821188926696777,1.6788110733032227,8.37218392391037e-07,8.372183917249032e-07,,,,,,,,,,,,,,,,,,,,,,,,,,,,,,,,,,,,,,,
pi_free,118,,,,,,,,,,,,,,,,,,,,,,,,,6.0,0.0020000000949949026,False,-0.19639043509960175,-0.8999999761581421,7.0,12.460811923915896,1.9608119239158956,12.460811614990234,1.9608111381530762,3.089256619404068e-07,7.85762819477398e-07,,,,,,,,,,,,,,,,,,,,,,,,,,,,,,,,,,,,,,,
pi_free,119,,,,,,,,,,,,,,,,,,,,,,,,,-6.0,0.0020000000949949026,False,-0.07428082078695297,-0.8999999761581421,7.0,-8.821188089478385,1.6788119105216144,-8.821188926696777,1.6788110733032227,8.37218392391037e-07,8.372183917249032e-07,,,,,,,,,,,,,,,,,,,,,,,,,,,,,,,,,,,,,,,
pi_free,120,,,,,,,,,,,,,,,,,,,,,,,,,6.0,0.0020000000949949026,True,0.11612223833799362,-0.8999999761581421,7.0,12.460811923915896,1.9750376355945265,12.460811614990234,1.975036859512329,3.089256619404068e-07,7.760821973956666e-07,,,,,,,,,,,,,,,,,,,,,,,,,,,,,,,,,,,,,,,
pi_free,121,,,,,,,,,,,,,,,,,,,,,,,,,-6.0,0.0020000000949949026,False,0.19976304471492767,-0.8999999761581421,7.0,-8.806962377799755,1.6930376222002452,-8.806962966918945,1.6930367946624756,5.891191907636539e-07,8.275377696431718e-07,,,,,,,,,,,,,,,,,,,,,,,,,,,,,,,,,,,,,,,
pi_free,122,,,,,,,,,,,,,,,,,,,,,,,,,6.0,0.0020000000949949026,False,0.09974262863397598,-0.8999999761581421,7.0,12.475037635594527,1.9750376355945265,12.47503662109375,1.975036859512329,1.0145007767192737e-06,7.760821973956666e-07,,,,,,,,,,,,,,,,,,,,,,,,,,,,,,,,,,,,,,,
pi_free,123,,,,,,,,,,,,,,,,,,,,,,,,,-6.0,0.0020000000949949026,False,-0.0919806957244873,-0.8999999761581421,7.0,-8.806962377799755,1.6930376222002452,-8.806962966918945,1.6930367946624756,5.891191907636539e-07,8.275377696431718e-07,,,,,,,,,,,,,,,,,,,,,,,,,,,,,,,,,,,,,,,
pi_free,124,,,,,,,,,,,,,,,,,,,,,,,,,6.0,0.0020000000949949026,False,-0.19913740456104279,-0.8999999761581421,7.0,12.475037635594527,1.9750376355945265,12.47503662109375,1.975036859512329,1.0145007767192737e-06,7.760821973956666e-07,,,,,,,,,,,,,,,,,,,,,,,,,,,,,,,,,,,,,,,
pi_free,125,,,,,,,,,,,,,,,,,,,,,,,,,-6.0,0.0020000000949949026,False,-0.12320809066295624,-0.8999999761581421,7.0,-8.806962377799755,1.6930376222002452,-8.806962966918945,1.6930367946624756,5.891191907636539e-07,8.275377696431718e-07,,,,,,,,,,,,,,,,,,,,,,,,,,,,,,,,,,,,,,,
pi_free,126,,,,,,,,,,,,,,,,,,,,,,,,,6.0,0.0020000000949949026,False,0.06599816679954529,-0.8999999761581421,7.0,12.475037635594527,1.9750376355945265,12.47503662109375,1.975036859512329,1.0145007767192737e-06,7.760821973956666e-07,,,,,,,,,,,,,,,,,,,,,,,,,,,,,,,,,,,,,,,
pi_free,127,,,,,,,,,,,,,,,,,,,,,,,,,-6.0,0.0020000000949949026,False,0.19452601671218872,-0.8999999761581421,7.0,-8.806962377799755,1.6930376222002452,-8.806962966918945,1.6930367946624756,5.891191907636539e-07,8.275377696431718e-07,,,,,,,,,,,,,,,,,,,,,,,,,,,,,,,,,,,,,,,
pi_limited,0,,,,,,,,,,,,,,,,,,,,,,,,,0.0,0.0020000000949949026,True,0.0,0.8999999761581421,7.0,0.0,-0.01260000026468186,0.0,-0.012600000016391277,0.0,2.482905825385018e-10,,,,,,,,,,,,,,,,,,,,,,,,,,,,,,,,,,,,,,,
pi_limited,1,,,,,,,,,,,,,,,,,,,,,,,,,0.0,0.0020000000949949026,False,0.16829419136047363,-0.8999999761581421,7.0,-0.01260000026468186,-0.01260000026468186,-0.012600000016391277,-0.012600000016391277,2.482905825385018e-10,2.482905825385018e-10,,,,,,,,,,,,,,,,,,,,,,,,,,,,,,,,,,,,,,,
pi_limited,2,,,,,,,,,,,,,,,,,,,,,,,,,0.0,0.0020000000949949026,False,0.18185947835445404,-0.8999999761581421,7.0,-0.01260000026468186,-0.01260000026468186,-0.012600000016391277,-0.012600000016391277,2.482905825385018e-10,2.482905825385018e-10,,,,,,,,,,,,,,,,,,,,,,,,,,,,,,,,,,,,,,,
pi_limited,3,,,,,,,,,,,,,,,,,,,,,,,,,0.0,0.0020000000949949026,False,0.028224000707268715,-0.8999999761581421,7.0,-0.01260000026468186,-0.01260000026468186,-0.012600000016391277,-0.012600000016391277,2.482905825385018e-10,2.482905825385018e-10,,,,,,,,,,,,,,,,,,,,,,,,,,,,,,,,,,,,,,,
pi_limited,4,,,,,,,,,,,,,,,,,,,,,,,,,0.0,0.0020000000949949026,False,-0.15136049687862396,-0.8999999761581421,7.0,-0.01260000026468186,-0.01260000026468186,-0.012600000016391277,-0.012600000016391277,2.482905825385018e-10,2.482905825385018e-10,,,,,,,,,,,,,,,,,,,,,,,,,,,,,,,,,,,,,,,
pi_limited,5,,,,,,,,,,,,,,,,,,,,,,,,,0.0,0.0020000000949949026,False,-0.19178485870361328,-0.8999999761581421,7.0,-0.01260000026468186,-0.01260000026468186,-0.012600000016391277,-0.012600000016391277,2.482905825385018e-10,2.482905825385018e-10,,,,,,,,,,,,,,,,,,,,,,,,,,,,,,,,,,,,,,,
pi_limited,6,,,,,,,,,,,,,,,,,,,,,,,,,0.0,0.0020000000949949026,False,-0.055883098393678665,-0.8999999761581421,7.0,-0.01260000026468186,-0.01260000026468186,-0.012600000016391277,-0.012600000016391277,2.482905825385018e-10,2.482905825385018e-10,,,,,,,,,,,,,,,,,,,,,,,,,,,,,,,,,,,,,,,
pi_limited,7,,,,,,,,,,,,,,,,,,,,,,,,,0.0,0.0020000000949949026,False,0.1313973218202591,-0.8999999761581421,7.0,-0.01260000026468186,-0.01260000026468186,-0.012600000016391277,-0.012600000016391277,2.482905825385018e-10,2.482905825385018e-10,,,,,,,,,,,,,,,,,,,,,,,,,,,,,,,,,,,,,,,
pi_limited,8,,,,,,,,,,,,,,,,,,,,,,,,,4.0,0.0020000000949949026,True,0.19787165522575378,-0.8999999761581421,7.0,0.75,0.0027702033047381433,0.75,0.002770204097032547,0.0,7.922944036953261e-10,,,,,,,,,,,,,,,,,,,,,,,,,,,,,,,,,,,,,,,
pi_limited,9,,,,,,,,,,,,,,,,,,,,,,,,,4.0,0.0020000000949949026,False,0.08242369443178177,-0.8999999761581421,7.0,0.75,0.0027702033047381433,0.75,0.002770204097032547,0.0,7.922944036953261e-10,,,,,,,,,,,,,,,,,,,,,,,,,,,,,,,,,,,,,,,
pi_limited,10,,,,,,,,,,,,,,,,,,,,,,,,,4.0,0.0020000000949949026,False,-0.10880421847105026,-0.8999999761581421,7.0,0.75,0.0027702033047381433,0.75,0.002770204097032547,0.0,7.922944036953261e-10,,,,,,,,,,,,,,,,,,,,,,,,,,,,,,,,,,,,,,,
pi_limited,11,,,,,,,,,,,,,,,,,,,,,,,,,4.0,0.0020000000949949026,False,-0.19999803602695465,-0.8999999761581421,7.0,0.75,0.0027702033047381433,0.75,0.002770204097032547,0.0,7.922944036953261e-10,,,,,,,,,,,,,,,,,,,,,,,,,,,,,,,,,,,,,,,
pi_limited,12,,,,,,,,,,,,,,,,,,,,,,,,,4.0,0.0020000000949949026,False,-0.1073145866394043,-0.8999999761581421,7.0,0.75,0.0027702033047381433,0.75,0.002770204097032547,0.0,7.922944036953261e-10,,,,,,,,,,,,,,,,,,,,,,,,,,,,,,,,,,,,,,,
pi_limited,13,,,,,,,,,,,,,,,,,,,,,,,,,4.0,0.0020000000949949026,False,0.08403340727090836,-0.8999999761581421,7.0,0.75,0.0027702033047381433,0.75,0.002770204097032547,0.0,7.922944036953261e-10,,,,,,,,,,,,,,,,,,,,,,,,,,,,,,,,,,,,,,,
pi_limited,14,,,,,,,,,,,,,,,,,,,,,,,,,4.0,0.0020000000949949026,False,0.19812147319316864,-0.8999999761581421,7.0,0.75,0.0027702033047381433,0.75,0.002770204097032547,0.0,7.922944036953261e-10,,,,,,,,,,,,,,,,,,,,,,,,,,,,,,,,,,,,,,,
pi_limited,15,,,,,,,,,,,,,,,,,,,,,,,,,4.0,0.0020000000949949026,False,0.13005757331848145,-0.8999999761581421,7.0,0.75,0.0027702033047381433,0.75,0.002770204097032547,0.0,7.922944036953261e-10,,,,,,,,,,,,,,,,,,,,,,,,,,,,,,,,,,,,,,,
pi_limited,16,,,,,,,,,,,,,,,,,,,,,,,,,4.0,0.0020000000949949026,True,-0.05758066475391388,0.8999999761581421,7.0,0.75,-0.010635926304787598,0.75,-0.010635925456881523,0.0,8.479060752131229e-10,,,,,,,,,,,,,,,,,,,,,,,,,,,,,,,,,,,,,,,
pi_limited,17,,,,,,,,,,,,,,,,,,,,,,,,,4.0,0.0020000000949949026,False,-0.19227950274944305,-0.8999999761581421,7.0,0.75,-0.010635926304787598,0.75,-0.010635925456881523,0.0,8.479060752131229e-10,,,,,,,,,,,,,,,,,,,,,,,,,,,,,,,,,,,,,,,
pi_limited,18,,,,,,,,,,,,,,,,,,,,,,,,,4.0,0.0020000000949949026,False,-0.15019744634628296,-0.8999999761581421,7.0,0.75,-0.010635926304787598,0.75,-0.010635925456881523,0.0,8.479060752131229e-10,,,,,,,,,,,,,,,,,,,,,,,,,,,,,,,,,,,,,,,
pi_limited,19,,,,,,,,,,,,,,,,,,,,,,,,,4.0,0.0020000000949949026,False,0.029975442215800285,-0.8999999761581421,7.0,0.75,-0.010635926304787598,0.75,-0.010635925456881523,0.0,8.479060752131229e-10,,,,,,,,,,,,,,,,,,,,,,,,,,,,,,,,,,,,,,,
pi_limited,20,,,,,,,,,,,,,,,,,,,,,,,,,4.0,0.0020000000949949026,False,0.18258905410766602,-0.8999999761581421,7.0,0.75,-0.010635926304787598,0.75,-0.010635925456881523,0.0,8.479060752131229e-10,,,,,,,,,,,,,,,,,,,,,,,,,,,,,,,,,,,,,,,
pi_limited,21,,,,,,,,,,,,,,,,,,,,,,,,,4.0,0.0020000000949949026,False,0.16733112931251526,-0.8999999761581421,7.0,0.75,-0.010635926304787598,0.75,-0.010635925456881523,0.0,8.479060752131229e-10,,,,,,,,,,,,,,,,,,,,,,,,,,,,,,,,,,,,,,,
pi_limited,22,,,,,,,,,,,,,,,,,,,,,,,,,4.0,0.0020000000949949026,False,-0.0017702619079500437,-0.8999999761581421,7.0,0.75,-0.010635926304787598,0.75,-0.010635925456881523,0.0,8.479060752131229e-10,,,,,,,,,,,,,,,,,,,,,,,,,,,,,,,,,,,,,,,
pi_limited,23,,,,,,,,,,,,,,,,,,,,,,,,,4.0,0.0020000000949949026,False,-0.16924408078193665,-0.8999999761581421,7.0,0.75,-0.010635926304787598,0.75,-0.010635925456881523,0.0,8.479060752131229e-10,,,,,,,,,,,,,,,,,,,,,,,,,,,,,,,,,,,,,,,
pi_limited,24,,,,,,,,,,,,,,,,,,,,,,,,,4.0,0.0020000000949949026,True,-0.18111567199230194,-0.8999999761581421,7.0,0.75,-0.000571545568433425,0.75,-0.0005715452134609222,0.0,3.549725027807149e-10,,,,,,,,,,,,,,,,,,,,,,,,,,,,,,,,,,,,,,,
pi_limited,25,,,,,,,,,,,,,,,,,,,,,,,,,4.0,0.0020000000949949026,False,-0.026470350101590157,-0.8999999761581421,7.0,0.75,-0.000571545568433425,0.75,-0.0005715452134609222,0.0,3.549725027807149e-10,,,,,,,,,,,,,,,,,,,,,,,,,,,,,,,,,,,,,,,
pi_limited,26,,,,,,,,,,,,,,,,,,,,,,,,,4.0,0.0020000000949949026,False,0.15251168608665466,-0.8999999761581421,7.0,0.75,-0.000571545568433425,0.75,-0.0005715452134609222,0.0,3.549725027807149e-10,,,,,,,,,,,,,,,,,,,,,,,,,,,,,,,,,,,,,,,
pi_limited,27,,,,,,,,,,,,,,,,,,,,,,,,,4.0,0.0020000000949949026,False,0.19127517938613892,-0.8999999761581421,7.0,0.75,-0.000571545568433425,0.75,-0.0005715452134609222,0.0,3.549725027807149e-10,,,,,,,,,,,,,,,,,,,,,,,,,,,,,,,,,,,,,,,
pi_limited,28,,,,,,,,,,,,,,,,,,,,,,,,,4.0,0.0020000000949949026,False,0.05418115854263306,-0.8999999761581421,7.0,0.75,-0.000571545568433425,0.75,-0.0005715452134609222,0.0,3.549725027807149e-10,,,,,,,,,,,,,,,,,,,,,,,,,,,,,,,,,,,,,,,
pi_limited,29,,,,,,,,,,,,,,,,,,,,,,,,,4.0,0.0020000000949949026,False,-0.1327267736196518,-0.8999999761581421,7.0,0.75,-0.000571545568433425,0.75,-0.0005715452134609222,0.0,3.549725027807149e-10,,,,,,,,,,,,,,,,,,,,,,,,,,,,,,,,,,,,,,,
pi_limited,30,,,,,,,,,,,,,,,,,,,,,,,,,4.0,0.0020000000949949026,False,-0.19760632514953613,-0.8999999761581421,7.0,0.75,-0.000571545568433425,0.75,-0.0005715452134609222,0.0,3.549725027807149e-10,,,,,,,,,,,,,,,,,,,,,,,,,,,,,,,,,,,,,,,
pi_limited,31,,,,,,,,,,,,,,,,,,,,,,,,,4.0,0.0020000000949949026,False,-0.08080752938985825,-0.8999999761581421,7.0,0.75,-0.000571545568433425,0.75,-0.0005715452134609222,0.0,3.549725027807149e-10,,,,,,,,,,,,,,,,,,,,,,,,,,,,,,,,,,,,,,,
pi_limited,32,,,,,,,,,,,,,,,,,,,,,,,,,-2.5,0.0020000000949949026,True,0.11028533428907394,0.8999999761581421,7.0,-0.75,-0.011627551079732438,-0.75,-0.01162755023688078,0.0,8.428516582587031e-10,,,,,,,,,,,,,,,,,,,,,,,,,,,,,,,,,,,,,,,
pi_limited,33,,,,,,,,,,,,,,,,,,,,,,,,,-2.5,0.0020000000949949026,False,0.19998237490653992,-0.8999999761581421,7.0,-0.75,-0.011627551079732438,-0.75,-0.01162755023688078,0.0,8.428516582587031e-10,,,,,,,,,,,,,,,,,,,,,,,,,,,,,,,,,,,,,,,
pi_limited,34,,,,,,,,,,,,,,,,,,,,,,,,,-2.5,0.0020000000949949026,False,0.10581653565168381,-0.8999999761581421,7.0,-0.75,-0.011627551079732438,-0.75,-0.01162755023688078,0.0,8.428516582587031e-10,,,,,,,,,,,,,,,,,,,,,,,,,,,,,,,,,,,,,,,
pi_limited,35,,,,,,,,,,,,,,,,,,,,,,,,,-2.5,0.0020000000949949026,False,-0.08563653379678726,-0.8999999761581421,7.0,-0.75,-0.011627551079732438,-0.75,-0.01162755023688078,0.0,8.428516582587031e-10,,,,,,,,,,,,,,,,,,,,,,,,,,,,,,,,,,,,,,,
pi_limited,36,,,,,,,,,,,,,,,,,,,,,,,,,-2.5,0.0020000000949949026,False,-0.1983557641506195,-0.8999999761581421,7.0,-0.75,-0.011627551079732438,-0.75,-0.01162755023688078,0.0,8.428516582587031e-10,,,,,,,,,,,,,,,,,,,,,,,,,,,,,,,,,,,,,,,
pi_limited,37,,,,,,,,,,,,,,,,,,,,,,,,,-2.5,0.0020000000949949026,False,-0.1287076324224472,-0.8999999761581421,7.0,-0.75,-0.011627551079732438,-0.75,-0.01162755023688078,0.0,8.428516582587031e-10,,,,,,,,,,,,,,,,,,,,,,,,,,,,,,,,,,,,,,,
pi_limited,38,,,,,,,,,,,,,,,,,,,,,,,,,-2.5,0.0020000000949949026,False,0.05927371606230736,-0.8999999761581421,7.0,-0.75,-0.011627551079732438,-0.75,-0.01162755023688078,0.0,8.428516582587031e-10,,,,,,,,,,,,,,,,,,,,,,,,,,,,,,,,,,,,,,,
pi_limited,39,,,,,,,,,,,,,,,,,,,,,,,,,-2.5,0.0020000000949949026,False,0.19275908172130585,-0.8999999761581421,7.0,-0.75,-0.011627551079732438,-0.75,-0.01162755023688078,0.0,8.428516582587031e-10,,,,,,,,,,,,,,,,,,,,,,,,,,,,,,,,,,,,,,,
pi_limited,40,,,,,,,,,,,,,,,,,,,,,,,,,-2.5,0.0020000000949949026,True,0.14902263879776,-0.8999999761581421,7.0,-0.75,0.0030587662272128,-0.75,0.0030587678775191307,0.0,1.6503063308276333e-09,,,,,,,,,,,,,,,,,,,,,,,,,,,,,,,,,,,,,,,
pi_limited,41,,,,,,,,,,,,,,,,,,,,,,,,,-2.5,0.0020000000949949026,False,-0.031724534928798676,-0.8999999761581421,7.0,-0.75,0.0030587662272128,-0.75,0.0030587678775191307,0.0,1.6503063308276333e-09,,,,,,,,,,,,,,,,,,,,,,,,,,,,,,,,,,,,,,,
pi_limited,42,,,,,,,,,,,,,,,,,,,,,,,,,-2.5,0.0020000000949949026,False,-0.1833043098449707,-0.8999999761581421,7.0,-0.75,0.0030587662272128,-0.75,0.0030587678775191307,0.0,1.6503063308276333e-09,,,,,,,,,,,,,,,,,,,,,,,,,,,,,,,,,,,,,,,
pi_limited,43,,,,,,,,,,,,,,,,,,,,,,,,,-2.5,0.0020000000949949026,False,-0.1663549542427063,-0.8999999761581421,7.0,-0.75,0.0030587662272128,-0.75,0.0030587678775191307,0.0,1.6503063308276333e-09,,,,,,,,,,,,,,,,,,,,,,,,,,,,,,,,,,,,,,,
pi_limited,44,,,,,,,,,,,,,,,,,,,,,,,,,-2.5,0.0020000000949949026,False,0.0035403850488364697,-0.8999999761581421,7.0,-0.75,0.0030587662272128,-0.75,0.0030587678775191307,0.0,1.6503063308276333e-09,,,,,,,,,,,,,,,,,,,,,,,,,,,,,,,,,,,,,,,
pi_limited,45,,,,,,,,,,,,,,,,,,,,,,,,,-2.5,0.0020000000949949026,False,0.17018070816993713,-0.8999999761581421,7.0,-0.75,0.0030587662272128,-0.75,0.0030587678775191307,0.0,1.6503063308276333e-09,,,,,,,,,,,,,,,,,,,,,,,,,,,,,,,,,,,,,,,
pi_limited,46,,,,,,,,,,,,,,,,,,,,,,,,,-2.5,0.0020000000949949026,False,0.1803576648235321,-0.8999999761581421,7.0,-0.75,0.0030587662272128,-0.75,0.0030587678775191307,0.0,1.6503063308276333e-09,,,,,,,,,,,,,,,,,,,,,,,,,,,,,,,,,,,,,,,
pi_limited,47,,,,,,,,,,,,,,,,,,,,,,,,,-2.5,0.0020000000949949026,False,0.024714624509215355,-0.8999999761581421,7.0,-0.75,0.0030587662272128,-0.75,0.0030587678775191307,0.0,1.6503063308276333e-09,,,,,,,,,,,,,,,,,,,,,,,,,,,,,,,,,,,,,,,
pi_limited,48,,,,,,,,,,,,,,,,,,,,,,,,,-2.5,0.0020000000949949026,True,-0.1536509394645691,0.8999999761581421,7.0,-0.75,-0.01169234729214542,-0.75,-0.011692344211041927,0.0,3.08110349213353e-09,,,,,,,,,,,,,,,,,,,,,,,,,,,,,,,,,,,,,,,
pi_limited,49,,,,,,,,,,,,,,,,,,,,,,,,,-2.5,0.0020000000949949026,False,-0.19075052440166473,-0.8999999761581421,7.0,-0.75,-0.01169234729214542,-0.75,-0.011692344211041927,0.0,3.08110349213353e-09,,,,,,,,,,,,,,,,,,,,,,,,,,,,,,,,,,,,,,,
pi_limited,50,,,,,,,,,,,,,,,,,,,,,,,,,-2.5,0.0020000000949949026,False,-0.0524749718606472,-0.8999999761581421,7.0,-0.75,-0.01169234729214542,-0.75,-0.011692344211041927,0.0,3.08110349213353e-09,,,,,,,,,,,,,,,,,,,,,,,,,,,,,,,,,,,,,,,
pi_limited,51,,,,,,,,,,,,,,,,,,,,,,,,,-2.5,0.0020000000949949026,False,0.13404583930969238,-0.8999999761581421,7.0,-0.75,-0.01169234729214542,-0.75,-0.011692344211041927,0.0,3.08110349213353e-09,,,,,,,,,,,,,,,,,,,,,,,,,,,,,,,,,,,,,,,
pi_limited,52,,,,,,,,,,,,,,,,,,,,,,,,,-2.5,0.0020000000949949026,False,0.19732551276683807,-0.8999999761581421,7.0,-0.75,-0.01169234729214542,-0.75,-0.011692344211041927,0.0,3.08110349213353e-09,,,,,,,,,,,,,,,,,,,,,,,,,,,,,,,,,,,,,,,
pi_limited,53,,,,,,,,,,,,,,,,,,,,,,,,,-2.5,0.0020000000949949026,False,0.07918503135442734,-0.8999999761581421,7.0,-0.75,-0.01169234729214542,-0.75,-0.011692344211041927,0.0,3.08110349213353e-09,,,,,,,,,,,,,,,,,,,,,,,,,,,,,,,,,,,,,,,
pi_limited,54,,,,,,,,,,,,,,,,,,,,,,,,,-2.5,0.0020000000949949026,False,-0.1117578074336052,-0.8999999761581421,7.0,-0.75,-0.01169234729214542,-0.75,-0.011692344211041927,0.0,3.08110349213353e-09,,,,,,,,,,,,,,,,,,,,,,,,,,,,,,,,,,,,,,,
pi_limited,55,,,,,,,,,,,,,,,,,,,,,,,,,-2.5,0.0020000000949949026,False,-0.19995103776454926,-0.8999999761581421,7.0,-0.75,-0.01169234729214542,-0.75,-0.011692344211041927,0.0,3.08110349213353e-09,,,,,,,,,,,,,,,,,,,,,,,,,,,,,,,,,,,,,,,
pi_limited,56,,,,,,,,,,,,,,,,,,,,,,,,,0.0,0.0020000000949949026,True,-0.10431019961833954,-0.8999999761581421,7.0,-0.01169234729214542,-0.0005526898914828739,-0.011692344211041927,-0.0005526868626475334,3.08110349213353e-09,3.028835340521119e-09,,,,,,,,,,,,,,,,,,,,,,,,,,,,,,,,,,,,,,,
pi_limited,57,,,,,,,,,,,,,,,,,,,,,,,,,0.0,0.0020000000949949026,False,0.08723294734954834,-0.8999999761581421,7.0,-0.0005526898914828739,-0.0005526898914828739,-0.0005526868626475334,-0.0005526868626475334,3.028835340521119e-09,3.028835340521119e-09,,,,,,,,,,,,,,,,,,,,,,,,,,,,,,,,,,,,,,,
pi_limited,58,,,,,,,,,,,,,,,,,,,,,,,,,0.0,0.0020000000949949026,False,0.19857452809810638,-0.8999999761581421,7.0,-0.0005526898914828739,-0.0005526898914828739,-0.0005526868626475334,-0.0005526868626475334,3.028835340521119e-09,3.028835340521119e-09,,,,,,,,,,,,,,,,,,,,,,,,,,,,,,,,,,,,,,,
pi_limited,59,,,,,,,,,,,,,,,,,,,,,,,,,0.0,0.0020000000949949026,False,0.12734760344028473,-0.8999999761581421,7.0,-0.0005526898914828739,-0.0005526898914828739,-0.0005526868626475334,-0.0005526868626475334,3.028835340521119e-09,3.028835340521119e-09,,,,,,,,,,,,,,,,,,,,,,,,,,,,,,,,,,,,,,,
pi_limited,60,,,,,,,,,,,,,,,,,,,,,,,,,0.0,0.0020000000949949026,False,-0.06096212565898895,-0.8999999761581421,7.0,-0.0005526898914828739,-0.0005526898914828739,-0.0005526868626475334,-0.0005526868626475334,3.028835340521119e-09,3.028835340521119e-09,,,,,,,,,,,,,,,,,,,,,,,,,,,,,,,,,,,,,,,
pi_limited,61,,,,,,,,,,,,,,,,,,,,,,,,,0.0,0.0020000000949949026,False,-0.19322355091571808,-0.8999999761581421,7.0,-0.0005526898914828739,-0.0005526898914828739,-0.0005526868626475334,-0.0005526868626475334,3.028835340521119e-09,3.028835340521119e-09,,,,,,,,,,,,,,,,,,,,,,,,,,,,,,,,,,,,,,,
pi_limited,62,,,,,,,,,,,,,,,,,,,,,,,,,0.0,0.0020000000949949026,False,-0.1478361338376999,-0.8999999761581421,7.0,-0.0005526898914828739,-0.0005526898914828739,-0.0005526868626475334,-0.0005526868626475334,3.028835340521119e-09,3.028835340521119e-09,,,,,,,,,,,,,,,,,,,,,,,,,,,,,,,,,,,,,,,
pi_limited,63,,,,,,,,,,,,,,,,,,,,,,,,,0.0,0.0020000000949949026,False,0.03347114101052284,-0.8999999761581421,7.0,-0.0005526898914828739,-0.0005526898914828739,-0.0005526868626475334,-0.0005526868626475334,3.028835340521119e-09,3.028835340521119e-09,,,,,,,,,,,,,,,,,,,,,,,,,,,,,,,,,,,,,,,
pi_limited,64,,,,,,,,,,,,,,,,,,,,,,,,,0.20000000298023224,0.0020000000949949026,True,0.18400520086288452,0.8999999761581421,7.0,0.35884731591047053,-0.0011766166351804934,0.35884732007980347,-0.0011766133829951286,4.169332934456094e-09,3.2521853647604626e-09,,,,,,,,,,,,,,,,,,,,,,,,,,,,,,,,,,,,,,,
pi_limited,65,,,,,,,,,,,,,,,,,,,,,,,,,-0.20000000298023224,0.0020000000949949026,False,0.16536574065685272,-0.8999999761581421,7.0,-0.3605766224371339,-0.010576617221727458,-0.3605765998363495,-0.010576614178717136,2.260078441063129e-08,3.0430103211548376e-09,,,,,,,,,,,,,,,,,,,,,,,,,,,,,,,,,,,,,,,
pi_limited,66,,,,,,,,,,,,,,,,,,,,,,,,,0.20000000298023224,0.0020000000949949026,False,-0.005310230888426304,-0.8999999761581421,7.0,0.34882338858022593,-0.0011766166351804934,0.3488233685493469,-0.0011766133829951286,2.003087901103484e-08,3.2521853647604626e-09,,,,,,,,,,,,,,,,,,,,,,,,,,,,,,,,,,,,,,,
pi_limited,67,,,,,,,,,,,,,,,,,,,,,,,,,-0.20000000298023224,0.0020000000949949026,False,-0.17110399901866913,-0.8999999761581421,7.0,-0.3605766224371339,-0.010576617221727458,-0.3605765998363495,-0.010576614178717136,2.260078441063129e-08,3.0430103211548376e-09,,,,,,,,,,,,,,,,,,,,,,,,,,,,,,,,,,,,,,,
pi_limited,68,,,,,,,,,,,,,,,,,,,,,,,,,0.20000000298023224,0.0020000000949949026,False,-0.1795855313539505,-0.8999999761581421,7.0,0.34882338858022593,-0.0011766166351804934,0.3488233685493469,-0.0011766133829951286,2.003087901103484e-08,3.2521853647604626e-09,,,,,,,,,,,,,,,,,,,,,,,,,,,,,,,,,,,,,,,
pi_limited,69,,,,,,,,,,,,,,,,,,,,,,,,,-0.20000000298023224,0.0020000000949949026,False,-0.022956963628530502,-0.8999999761581421,7.0,-0.3605766224371339,-0.010576617221727458,-0.3605765998363495,-0.010576614178717136,2.260078441063129e-08,3.0430103211548376e-09,,,,,,,,,,,,,,,,,,,,,,,,,,,,,,,,,,,,,,,
pi_limited,70,,,,,,,,,,,,,,,,,,,,,,,,,0.20000000298023224,0.0020000000949949026,False,0.1547781378030777,-0.8999999761581421,7.0,0.34882338858022593,-0.0011766166351804934,0.3488233685493469,-0.0011766133829951286,2.003087901103484e-08,3.2521853647604626e-09,,,,,,,,,,,,,,,,,,,,,,,,,,,,,,,,,,,,,,,
pi_limited,71,,,,,,,,,,,,,,,,,,,,,,,,,-0.20000000298023224,0.0020000000949949026,False,0.19021092355251312,-0.8999999761581421,7.0,-0.3605766224371339,-0.010576617221727458,-0.3605765998363495,-0.010576614178717136,2.260078441063129e-08,3.0430103211548376e-09,,,,,,,,,,,,,,,,,,,,,,,,,,,,,,,,,,,,,,,
pi_limited,72,,,,,,,,,,,,,,,,,,,,,,,,,0.20000000298023224,0.0020000000949949026,True,0.050764672458171844,-0.8999999761581421,7.0,0.34882338858022593,0.012134089077672468,0.3488233685493469,0.012134091928601265,2.003087901103484e-08,2.8509287968575547e-09,,,,,,,,,,,,,,,,,,,,,,,,,,,,,,,,,,,,,,,
pi_limited,73,,,,,,,,,,,,,,,,,,,,,,,,,-0.20000000298023224,0.0020000000949949026,False,-0.13535438477993011,-0.8999999761581421,7.0,-0.3472659167242809,0.002734088491125504,-0.34726589918136597,0.002734091132879257,1.754291495403848e-08,2.6417537532519297e-09,,,,,,,,,,,,,,,,,,,,,,,,,,,,,,,,,,,,,,,
pi_limited,74,,,,,,,,,,,,,,,,,,,,,,,,,0.20000000298023224,0.0020000000949949026,False,-0.197029247879982,-0.8999999761581421,7.0,0.3621340942930789,0.012134089077672468,0.36213409900665283,0.012134091928601265,4.71357392006766e-09,2.8509287968575547e-09,,,,,,,,,,,,,,,,,,,,,,,,,,,,,,,,,,,,,,,
pi_limited,75,,,,,,,,,,,,,,,,,,,,,,,,,-0.20000000298023224,0.0020000000949949026,False,-0.07755632698535919,-0.8999999761581421,7.0,-0.3472659167242809,0.002734088491125504,-0.34726589918136597,0.002734091132879257,1.754291495403848e-08,2.6417537532519297e-09,,,,,,,,,,,,,,,,,,,,,,,,,,,,,,,,,,,,,,,
pi_limited,76,,,,,,,,,,,,,,,,,,,,,,,,,0.20000000298023224,0.0020000000949949026,False,0.11322152614593506,-0.8999999761581421,7.0,0.3621340942930789,0.012134089077672468,0.36213409900665283,0.012134091928601265,4.71357392006766e-09,2.8509287968575547e-09,,,,,,,,,,,,,,,,,,,,,,,,,,,,,,,,,,,,,,,
pi_limited,77,,,,,,,,,,,,,,,,,,,,,,,,,-0.20000000298023224,0.0020000000949949026,False,0.19990402460098267,-0.8999999761581421,7.0,-0.3472659167242809,0.002734088491125504,-0.34726589918136597,0.002734091132879257,1.754291495403848e-08,2.6417537532519297e-09,,,,,,,,,,,,,,,,,,,,,,,,,,,,,,,,,,,,,,,
pi_limited,78,,,,,,,,,,,,,,,,,,,,,,,,,0.20000000298023224,0.0020000000949949026,False,0.10279569029808044,-0.8999999761581421,7.0,0.3621340942930789,0.012134089077672468,0.36213409900665283,0.012134091928601265,4.71357392006766e-09,2.8509287968575547e-09,,,,,,,,,,,,,,,,,,,,,,,,,,,,,,,,,,,,,,,
pi_limited,79,,,,,,,,,,,,,,,,,,,,,,,,,-0.20000000298023224,0.0020000000949949026,False,-0.08882253617048264,-0.8999999761581421,7.0,-0.3472659167242809,0.002734088491125504,-0.34726589918136597,0.002734091132879257,1.754291495403848e-08,2.6417537532519297e-09,,,,,,,,,,,,,,,,,,,,,,,,,,,,,,,,,,,,,,,
pi_limited,80,,,,,,,,,,,,,,,,,,,,,,,,,0.20000000298023224,0.0020000000949949026,True,-0.19877773523330688,0.8999999761581421,7.0,0.3621340942930789,-0.0032487996124557893,0.36213409900665283,-0.003248797729611397,4.71357392006766e-09,1.8828443925505978e-09,,,,,,,,,,,,,,,,,,,,,,,,,,,,,,,,,,,,,,,
pi_limited,81,,,,,,,,,,,,,,,,,,,,,,,,,-0.20000000298023224,0.0020000000949949026,False,-0.12597760558128357,-0.8999999761581421,7.0,-0.3626488054144092,-0.012648800199002753,-0.36264878511428833,-0.012648798525333405,2.0300120862071225e-08,1.6736693489449728e-09,,,,,,,,,,,,,,,,,,,,,,,,,,,,,,,,,,,,,,,
pi_limited,82,,,,,,,,,,,,,,,,,,,,,,,,,0.20000000298023224,0.0020000000949949026,False,0.06264575570821762,-0.8999999761581421,7.0,0.34675120560295064,-0.0032487996124557893,0.3467511832714081,-0.003248797729611397,2.2331542559594908e-08,1.8828443925505978e-09,,,,,,,,,,,,,,,,,,,,,,,,,,,,,,,,,,,,,,,
pi_limited,83,,,,,,,,,,,,,,,,,,,,,,,,,-0.20000000298023224,0.0020000000949949026,False,0.19367289543151855,-0.8999999761581421,7.0,-0.3626488054144092,-0.012648800199002753,-0.36264878511428833,-0.012648798525333405,2.0300120862071225e-08,1.6736693489449728e-09,,,,,,,,,,,,,,,,,,,,,,,,,,,,,,,,,,,,,,,
pi_limited,84,,,,,,,,,,,,,,,,,,,,,,,,,0.20000000298023224,0.0020000000949949026,False,0.14663806557655334,-0.8999999761581421,7.0,0.34675120560295064,-0.0032487996124557893,0.3467511832714081,-0.003248797729611397,2.2331542559594908e-08,1.8828443925505978e-09,,,,,,,,,,,,,,,,,,,,,,,,,,,,,,,,,,,,,,,
pi_limited,85,,,,,,,,,,,,,,,,,,,,,,,,,-0.20000000298023224,0.0020000000949949026,False,-0.03521512448787689,-0.8999999761581421,7.0,-0.3626488054144092,-0.012648800199002753,-0.36264878511428833,-0.012648798525333405,2.0300120862071225e-08,1.6736693489449728e-09,,,,,,,,,,,,,,,,,,,,,,,,,,,,,,,,,,,,,,,
pi_limited,86,,,,,,,,,,,,,,,,,,,,,,,,,0.20000000298023224,0.0020000000949949026,False,-0.1846916824579239,-0.8999999761581421,7.0,0.34675120560295064,-0.0032487996124557893,0.3467511832714081,-0.003248797729611397,2.2331542559594908e-08,1.8828443925505978e-09,,,,,,,,,,,,,,,,,,,,,,,,,,,,,,,,,,,,,,,
pi_limited,87,,,,,,,,,,,,,,,,,,,,,,,,,-0.20000000298023224,0.0020000000949949026,False,-0.1643635630607605,-0.8999999761581421,7.0,-0.3626488054144092,-0.012648800199002753,-0.36264878511428833,-0.012648798525333405,2.0300120862071225e-08,1.6736693489449728e-09,,,,,,,,,,,,,,,,,,,,,,,,,,,,,,,,,,,,,,,
pi_limited,88,,,,,,,,,,,,,,,,,,,,,,,,,0.20000000298023224,0.0020000000949949026,True,0.007079660426825285,-0.8999999761581421,7.0,0.34675120560295064,0.009450315902909345,0.3467511832714081,0.009450317360460758,2.2331542559594908e-08,1.4575514128978284e-09,,,,,,,,,,,,,,,,,,,,,,,,,,,,,,,,,,,,,,,
pi_limited,89,,,,,,,,,,,,,,,,,,,,,,,,,-0.20000000298023224,0.0020000000949949026,False,0.17201387882232666,-0.8999999761581421,7.0,-0.349949689899044,5.0315316362381166e-05,-0.3499496877193451,5.031656473875046e-05,2.1796989213562767e-09,1.2483763692922034e-09,,,,,,,,,,,,,,,,,,,,,,,,,,,,,,,,,,,,,,,
pi_limited,90,,,,,,,,,,,,,,,,,,,,,,,,,0.20000000298023224,0.0020000000949949026,False,0.1787993311882019,-0.8999999761581421,7.0,0.35945032111831576,0.009450315902909345,0.3594503104686737,0.009450317360460758,1.0649642057103392e-08,1.4575514128978284e-09,,,,,,,,,,,,,,,,,,,,,,,,,,,,,,,,,,,,,,,
pi_limited,91,,,,,,,,,,,,,,,,,,,,,,,,,-0.20000000298023224,0.0020000000949949026,False,0.021197501569986343,-0.8999999761581421,7.0,-0.349949689899044,5.0315316362381166e-05,-0.3499496877193451,5.031656473875046e-05,2.1796989213562767e-09,1.2483763692922034e-09,,,,,,,,,,,,,,,,,,,,,,,,,,,,,,,,,,,,,,,
pi_limited,92,,,,,,,,,,,,,,,,,,,,,,,,,0.20000000298023224,0.0020000000949949026,False,-0.1558932065963745,-0.8999999761581421,7.0,0.35945032111831576,0.009450315902909345,0.3594503104686737,0.009450317360460758,1.0649642057103392e-08,1.4575514128978284e-09,,,,,,,,,,,,,,,,,,,,,,,,,,,,,,,,,,,,,,,
pi_limited,93,,,,,,,,,,,,,,,,,,,,,,,,,-0.20000000298023224,0.0020000000949949026,False,-0.18965642154216766,-0.8999999761581421,7.0,-0.349949689899044,5.0315316362381166e-05,-0.3499496877193451,5.031656473875046e-05,2.1796989213562767e-09,1.2483763692922034e-09,,,,,,,,,,,,,,,,,,,,,,,,,,,,,,,,,,,,,,,
pi_limited,94,,,,,,,,,,,,,,,,,,,,,,,,,0.20000000298023224,0.0020000000949949026,False,-0.04905039817094803,-0.8999999761581421,7.0,0.35945032111831576,0.009450315902909345,0.3594503104686737,0.009450317360460758,1.0649642057103392e-08,1.4575514128978284e-09,,,,,,,,,,,,,,,,,,,,,,,,,,,,,,,,,,,,,,,
pi_limited,95,,,,,,,,,,,,,,,,,,,,,,,,,-0.20000000298023224,0.0020000000949949026,False,0.13665233552455902,-0.8999999761581421,7.0,-0.349949689899044,5.0315316362381166e-05,-0.3499496877193451,5.031656473875046e-05,2.1796989213562767e-09,1.2483763692922034e-09,,,,,,,,,,,,,,,,,,,,,,,,,,,,,,,,,,,,,,,
pi_limited,96,,,,,,,,,,,,,,,,,,,,,,,,,6.0,0.0020000000949949026,True,0.1967175453901291,0.8999999761581421,7.0,0.75,-0.009795639182047523,0.75,-0.009795637801289558,0.0,1.3807579645613854e-09,,,,,,,,,,,,,,,,,,,,,,,,,,,,,,,,,,,,,,,
pi_limited,97,,,,,,,,,,,,,,,,,,,,,,,,,-6.0,0.0020000000949949026,False,0.07592155039310455,-0.8999999761581421,7.0,-0.75,-0.009795639182047523,-0.75,-0.009795637801289558,0.0,1.3807579645613854e-09,,,,,,,,,,,,,,,,,,,,,,,,,,,,,,,,,,,,,,,
pi_limited,98,,,,,,,,,,,,,,,,,,,,,,,,,6.0,0.0020000000949949026,False,-0.11467637121677399,-0.8999999761581421,7.0,0.75,-0.009795639182047523,0.75,-0.009795637801289558,0.0,1.3807579645613854e-09,,,,,,,,,,,,,,,,,,,,,,,,,,,,,,,,,,,,,,,
pi_limited,99,,,,,,,,,,,,,,,,,,,,,,,,,-6.0,0.0020000000949949026,False,-0.19984136521816254,-0.8999999761581421,7.0,-0.75,-0.009795639182047523,-0.75,-0.009795637801289558,0.0,1.3807579645613854e-09,,,,,,,,,,,,,,,,,,,,,,,,,,,,,,,,,,,,,,,
pi_limited,100,,,,,,,,,,,,,,,,,,,,,,,,,6.0,0.0020000000949949026,False,-0.10127312690019608,-0.8999999761581421,7.0,0.75,-0.009795639182047523,0.75,-0.009795637801289558,0.0,1.3807579645613854e-09,,,,,,,,,,,,,,,,,,,,,,,,,,,,,,,,,,,,,,,
pi_limited,101,,,,,,,,,,,,,,,,,,,,,,,,,-6.0,0.0020000000949949026,False,0.09040515869855881,-0.8999999761581421,7.0,-0.75,-0.009795639182047523,-0.75,-0.009795637801289558,0.0,1.3807579645613854e-09,,,,,,,,,,,,,,,,,,,,,,,,,,,,,,,,,,,,,,,
pi_limited,102,,,,,,,,,,,,,,,,,,,,,,,,,6.0,0.0020000000949949026,False,0.19896535575389862,-0.8999999761581421,7.0,0.75,-0.009795639182047523,0.75,-0.009795637801289558,0.0,1.3807579645613854e-09,,,,,,,,,,,,,,,,,,,,,,,,,,,,,,,,,,,,,,,
pi_limited,103,,,,,,,,,,,,,,,,,,,,,,,,,-6.0,0.0020000000949949026,False,0.12459772825241089,-0.8999999761581421,7.0,-0.75,-0.009795639182047523,-0.75,-0.009795637801289558,0.0,1.3807579645613854e-09,,,,,,,,,,,,,,,,,,,,,,,,,,,,,,,,,,,,,,,
pi_limited,104,,,,,,,,,,,,,,,,,,,,,,,,,6.0,0.0020000000949949026,True,-0.06432448327541351,-0.8999999761581421,7.0,0.75,0.0019038182740050615,0.75,0.0019038189202547073,0.0,6.462496458109479e-10,,,,,,,,,,,,,,,,,,,,,,,,,,,,,,,,,,,,,,,
pi_limited,105,,,,,,,,,,,,,,,,,,,,,,,,,-6.0,0.0020000000949949026,False,-0.1941070556640625,-0.8999999761581421,7.0,-0.75,0.0019038182740050615,-0.75,0.0019038189202547073,0.0,6.462496458109479e-10,,,,,,,,,,,,,,,,,,,,,,,,,,,,,,,,,,,,,,,
pi_limited,106,,,,,,,,,,,,,,,,,,,,,,,,,6.0,0.0020000000949949026,False,-0.14542849361896515,-0.8999999761581421,7.0,0.75,0.0019038182740050615,0.75,0.0019038189202547073,0.0,6.462496458109479e-10,,,,,,,,,,,,,,,,,,,,,,,,,,,,,,,,,,,,,,,
pi_limited,107,,,,,,,,,,,,,,,,,,,,,,,,,-6.0,0.0020000000949949026,False,0.03695634752511978,-0.8999999761581421,7.0,-0.75,0.0019038182740050615,-0.75,0.0019038189202547073,0.0,6.462496458109479e-10,,,,,,,,,,,,,,,,,,,,,,,,,,,,,,,,,,,,,,,
pi_limited,108,,,,,,,,,,,,,,,,,,,,,,,,,6.0,0.0020000000949949026,False,0.18536369502544403,-0.8999999761581421,7.0,0.75,0.0019038182740050615,0.75,0.0019038189202547073,0.0,6.462496458109479e-10,,,,,,,,,,,,,,,,,,,,,,,,,,,,,,,,,,,,,,,
pi_limited,109,,,,,,,,,,,,,,,,,,,,,,,,,-6.0,0.0020000000949949026,False,0.16334852576255798,-0.8999999761581421,7.0,-0.75,0.0019038182740050615,-0.75,0.0019038189202547073,0.0,6.462496458109479e-10,,,,,,,,,,,,,,,,,,,,,,,,,,,,,,,,,,,,,,,
pi_limited,110,,,,,,,,,,,,,,,,,,,,,,,,,6.0,0.0020000000949949026,False,-0.00884853582829237,-0.8999999761581421,7.0,0.75,0.0019038182740050615,0.75,0.0019038189202547073,0.0,6.462496458109479e-10,,,,,,,,,,,,,,,,,,,,,,,,,,,,,,,,,,,,,,,
pi_limited,111,,,,,,,,,,,,,,,,,,,,,,,,,-6.0,0.0020000000949949026,False,-0.17291028797626495,-0.8999999761581421,7.0,-0.75,0.0019038182740050615,-0.75,0.0019038189202547073,0.0,6.462496458109479e-10,,,,,,,,,,,,,,,,,,,,,,,,,,,,,,,,,,,,,,,
pi_limited,112,,,,,,,,,,,,,,,,,,,,,,,,,6.0,0.0020000000949949026,True,-0.1779991239309311,0.8999999761581421,7.0,0.75,-0.0131881698440729,0.75,-0.013188169337809086,0.0,5.062638138569886e-10,,,,,,,,,,,,,,,,,,,,,,,,,,,,,,,,,,,,,,,
pi_limited,113,,,,,,,,,,,,,,,,,,,,,,,,,-6.0,0.0020000000949949026,False,-0.01943638175725937,-0.8999999761581421,7.0,-0.75,-0.0131881698440729,-0.75,-0.013188169337809086,0.0,5.062638138569886e-10,,,,,,,,,,,,,,,,,,,,,,,,,,,,,,,,,,,,,,,
pi_limited,114,,,,,,,,,,,,,,,,,,,,,,,,,6.0,0.0020000000949949026,False,0.15699607133865356,-0.8999999761581421,7.0,0.75,-0.0131881698440729,0.75,-0.013188169337809086,0.0,5.062638138569886e-10,,,,,,,,,,,,,,,,,,,,,,,,,,,,,,,,,,,,,,,
pi_limited,115,,,,,,,,,,,,,,,,,,,,,,,,,-6.0,0.0020000000949949026,False,0.18908706307411194,-0.8999999761581421,7.0,-0.75,-0.0131881698440729,-0.75,-0.013188169337809086,0.0,5.062638138569886e-10,,,,,,,,,,,,,,,,,,,,,,,,,,,,,,,,,,,,,,,
pi_limited,116,,,,,,,,,,,,,,,,,,,,,,,,,6.0,0.0020000000949949026,False,0.0473322793841362,-0.8999999761581421,7.0,0.75,-0.0131881698440729,0.75,-0.013188169337809086,0.0,5.062638138569886e-10,,,,,,,,,,,,,,,,,,,,,,,,,,,,,,,,,,,,,,,
pi_limited,117,,,,,,,,,,,,,,,,,,,,,,,,,-6.0,0.0020000000949949026,False,-0.13793958723545074,-0.8999999761581421,7.0,-0.75,-0.0131881698440729,-0.75,-0.013188169337809086,0.0,5.062638138569886e-10,,,,,,,,,,,,,,,,,,,,,,,,,,,,,,,,,,,,,,,
pi_limited,118,,,,,,,,,,,,,,,,,,,,,,,,,6.0,0.0020000000949949026,False,-0.19639043509960175,-0.8999999761581421,7.0,0.75,-0.0131881698440729,0.75,-0.013188169337809086,0.0,5.062638138569886e-10,,,,,,,,,,,,,,,,,,,,,,,,,,,,,,,,,,,,,,,
pi_limited,119,,,,,,,,,,,,,,,,,,,,,,,,,-6.0,0.0020000000949949026,False,-0.07428082078695297,-0.8999999761581421,7.0,-0.75,-0.0131881698440729,-0.75,-0.013188169337809086,0.0,5.062638138569886e-10,,,,,,,,,,,,,,,,,,,,,,,,,,,,,,,,,,,,,,,
pi_limited,120,,,,,,,,,,,,,,,,,,,,,,,,,6.0,0.0020000000949949026,True,0.11612223833799362,-0.8999999761581421,7.0,0.75,0.001037541834558016,0.75,0.001037541776895523,0.0,5.766249283611913e-11,,,,,,,,,,,,,,,,,,,,,,,,,,,,,,,,,,,,,,,
pi_limited,121,,,,,,,,,,,,,,,,,,,,,,,,,-6.0,0.0020000000949949026,False,0.19976304471492767,-0.8999999761581421,7.0,-0.75,0.001037541834558016,-0.75,0.001037541776895523,0.0,5.766249283611913e-11,,,,,,,,,,,,,,,,,,,,,,,,,,,,,,,,,,,,,,,
pi_limited,122,,,,,,,,,,,,,,,,,,,,,,,,,6.0,0.0020000000949949026,False,0.09974262863397598,-0.8999999761581421,7.0,0.75,0.001037541834558016,0.75,0.001037541776895523,0.0,5.766249283611913e-11,,,,,,,,,,,,,,,,,,,,,,,,,,,,,,,,,,,,,,,
pi_limited,123,,,,,,,,,,,,,,,,,,,,,,,,,-6.0,0.0020000000949949026,False,-0.0919806957244873,-0.8999999761581421,7.0,-0.75,0.001037541834558016,-0.75,0.001037541776895523,0.0,5.766249283611913e-11,,,,,,,,,,,,,,,,,,,,,,,,,,,,,,,,,,,,,,,
pi_limited,124,,,,,,,,,,,,,,,,,,,,,,,,,6.0,0.0020000000949949026,False,-0.19913740456104279,-0.8999999761581421,7.0,0.75,0.001037541834558016,0.75,0.001037541776895523,0.0,5.766249283611913e-11,,,,,,,,,,,,,,,,,,,,,,,,,,,,,,,,,,,,,,,
pi_limited,125,,,,,,,,,,,,,,,,,,,,,,,,,-6.0,0.0020000000949949026,False,-0.12320809066295624,-0.8999999761581421,7.0,-0.75,0.001037541834558016,-0.75,0.001037541776895523,0.0,5.766249283611913e-11,,,,,,,,,,,,,,,,,,,,,,,,,,,,,,,,,,,,,,,
pi_limited,126,,,,,,,,,,,,,,,,,,,,,,,,,6.0,0.0020000000949949026,False,0.06599816679954529,-0.8999999761581421,7.0,0.75,0.001037541834558016,0.75,0.001037541776895523,0.0,5.766249283611913e-11,,,,,,,,,,,,,,,,,,,,,,,,,,,,,,,,,,,,,,,
pi_limited,127,,,,,,,,,,,,,,,,,,,,,,,,,-6.0,0.0020000000949949026,False,0.19452601671218872,-0.8999999761581421,7.0,-0.75,0.001037541834558016,-0.75,0.001037541776895523,0.0,5.766249283611913e-11,,,,,,,,,,,,,,,,,,,,,,,,,,,,,,,,,,,,,,,
foc_bus_48.0,0,,,,,,,,,,,,,,,,,,,,,,,,,,3.9999998989515007e-05,,,,,,,,,,,0.0,0.0,0.0,2.0,20.0,False,False,-0.14389710238332443,-1.7059286099665685,-0.14389710238332443,-1.7059286099665685,1.7119867985404518,1.7119867985404518,0.0,-0.07538601534227028,-0.14389710128307343,-1.7059285640716553,-0.14389710128307343,-1.7059285640716553,1.711986780166626,1.711986780166626,0.0,-0.07538601011037827,1.1002510014179734e-09,4.589491320317052e-08,1.1002510014179734e-09,4.589491320317052e-08,1.837382579417124e-08,1.837382579417124e-08,0.0,5.231892016843709e-09,,,,,,,,
foc_bus_48.0,1,,,,,,,,,,,,,,,,,,,,,,,,,,1.9999999494757503e-05,,,,,,,,,,,0.05185365676879883,0.5392712950706482,0.06988339126110077,1.995102047920227,20.0,False,False,-0.18464432549343232,-0.8041591025624522,-0.18464432549343232,-0.8041591025624522,0.8250850799590144,0.8250850799590144,-0.00033979746026343346,-0.10282333520978709,-0.18464432656764984,-0.8041591644287109,-0.18464432656764984,-0.8041591644287109,0.8250851631164551,0.8250851631164551,-0.00033979746513068676,-0.10282333195209503,1.0742175204914162e-09,6.186625878257246e-08,1.0742175204914162e-09,6.186625878257246e-08,8.315744071119013e-08,8.315744071119013e-08,4.867253301787944e-12,3.2576920605542625e-09,,,,,,,,
foc_bus_48.0,2,,,,,,,,,,,,,,,,,,,,,,,,,,3.9999998989515007e-05,,,,,,,,,,,0.10283222049474716,1.0741773843765259,0.13906852900981903,1.9804320335388184,20.0,False,False,-0.22611430205322794,0.09998722750956013,-0.22611430205322794,0.09998722750956013,0.24723495557478709,0.24723495557478709,-0.001705652915095657,-0.13698279865266327,-0.22611430287361145,0.09998738765716553,-0.22611430287361145,0.09998738765716553,0.2472350150346756,0.2472350150346756,-0.0017056528013199568,-0.13698279857635498,8.203835111242341e-10,1.601476053991746e-07,8.203835111242341e-10,1.601476053991746e-07,5.945988851285833e-08,5.945988851285833e-08,1.1377570023271555e-10,7.630829301774611e-11,,,,,,,,
foc_bus_48.0,3,,,,,,,,,,,,,,,,,,,,,,,,,,1.9999999494757503e-05,,,,,,,,,,,0.1520753651857376,1.6003886461257935,0.2068641483783722,1.956061840057373,20.0,False,False,-0.2673350640528683,1.033160824541941,-0.2673350640528683,1.033160824541941,1.0671875776265083,1.0671875776265083,-0.002738229927681725,-0.14368599486630335,-0.26733505725860596,1.033160924911499,-0.26733505725860596,1.033160924911499,1.0671876668930054,1.0671876668930054,-0.0027382299304008484,-0.14368599653244019,6.7942623194205964e-09,1.0036955799819225e-07,6.7942623194205964e-09,1.0036955799819225e-07,8.926649708307366e-08,8.926649708307366e-08,2.719123537442414e-12,1.6661368396064802e-09,,,,,,,,
foc_bus_48.0,4,,,,,,,,,,,,,,,,,,,,,,,,,,3.9999998989515007e-05,,,,,,,,,,,0.19875206053256989,2.113645315170288,0.27259284257888794,1.922110915184021,20.0,False,False,-0.3107464849166809,1.9743392789539613,-0.3107464849166809,1.9743392789539613,1.9986442820843635,1.9986442820843635,-0.005521511091796209,-0.1364664872583347,-0.3107464611530304,1.9743393659591675,-0.3107464611530304,1.9743393659591675,1.9986443519592285,1.9986443519592285,-0.005521511193364859,-0.13646648824214935,2.376365049183704e-08,8.700520615079199e-08,2.376365049183704e-08,8.700520615079199e-08,6.98748650052039e-08,6.98748650052039e-08,1.0156864932442389e-10,9.83814640864722e-10,,,,,,,,
foc_bus_48.0,5,,,,,,,,,,,,,,,,,,,,,,,,,,1.9999999494757503e-05,,,,,,,,,,,0.24207456409931183,2.609793186187744,0.3355978727340698,1.878745436668396,20.0,False,False,-0.353885282756777,2.908770941446844,-0.353885282756777,2.908770941446844,2.930218965053193,2.930218965053193,-0.007284098486696145,-0.12268879304303527,-0.353885293006897,2.90877103805542,-0.353885293006897,2.90877103805542,2.9302191734313965,2.9302191734313965,-0.00728409830480814,-0.12268879264593124,1.0250119975019345e-08,9.660857580584548e-08,1.0250119975019345e-08,9.660857580584548e-08,2.0837820358110548e-07,2.0837820358110548e-07,1.8188800552515483e-10,3.971040302142015e-10,,,,,,,,
foc_bus_48.0,6,,,,,,,,,,,,,,,,,,,,,,,,,,3.9999998989515007e-05,,,,,,,,,,,0.2813117802143097,3.0848159790039062,0.39524972438812256,1.8261778354644775,20.0,False,False,-0.40054915653595036,3.8563326750781126,-0.40054915653595036,3.8563326750781126,3.877078968460247,3.877078968460247,-0.01157876229047304,-0.07524693584342029,-0.40054917335510254,3.856332540512085,-0.40054917335510254,3.856332540512085,3.8770787715911865,3.8770787715911865,-0.011578761972486973,-0.07524693757295609,1.6819152182101504e-08,1.3456602765415937e-07,1.6819152182101504e-08,1.3456602765415937e-07,1.9686906060911724e-07,1.9686906060911724e-07,3.179860680324609e-10,1.7295357923607924e-09,,,,,,,,
foc_bus_48.0,7,,,,,,,,,,,,,,,,,,,,,,,,,,1.9999999494757503e-05,,,,,,,,,,,0.3158015012741089,3.5348684787750244,0.4509523808956146,1.7646657228469849,20.0,False,False,-0.4466266602894716,4.762268099677216,-0.4466266602894716,4.762268099677216,4.783165565489509,4.783165565489509,-0.01412588386164008,-0.04188480281409021,-0.4466266334056854,4.76226806640625,-0.4466266334056854,4.76226806640625,4.783165454864502,4.783165454864502,-0.01412588357925415,-0.041884806007146835,2.6883786197196002e-08,3.327096642635752e-08,2.6883786197196002e-08,3.327096642635752e-08,1.1062500693270749e-07,1.1062500693270749e-07,2.8238592887641634e-10,3.1930566246618497e-09,,,,,,,,
foc_bus_48.0,8,,,,,,,,,,,,,,,,,,,,,,,,,,3.9999998989515007e-05,,,,,,,,,,,0.3449617028236389,3.956308126449585,0.5021492838859558,1.6945102214813232,20.0,False,False,-0.4973223239019464,5.6858098542552025,-0.4973223239019464,5.6858098542552025,5.707518128976623,5.707518128976623,-0.020050756560429168,0.04336916296843586,-0.49732232093811035,5.685810089111328,-0.49732232093811035,5.685810089111328,5.707518577575684,5.707518577575684,-0.020050756633281708,0.04336915537714958,2.963836065461578e-09,2.3485612565821157e-07,2.963836065461578e-09,2.3485612565821157e-07,4.485990610092472e-07,4.485990610092472e-07,7.285253997291186e-11,7.59128628013972e-09,,,,,,,,
foc_bus_48.0,9,,,,,,,,,,,,,,,,,,,,,,,,,,1.9999999494757503e-05,,,,,,,,,,,0.3683002293109894,4.3457231521606445,0.5483288168907166,1.6160550117492676,20.0,False,False,-0.5467071650189929,6.53484133446938,-0.5467071650189929,6.53484133446938,6.557670317343855,6.557670317343855,-0.02344366602676231,0.09481386404652548,-0.5467071533203125,6.534841060638428,-0.5467071533203125,6.534841060638428,6.5576701164245605,6.5576701164245605,-0.023443665355443954,0.09481385350227356,1.1698680357774549e-08,2.738309525796012e-07,1.1698680357774549e-08,2.738309525796012e-07,2.0091929453514012e-07,2.0091929453514012e-07,6.713183550721702e-10,1.05442519160448e-08,,,,,,,,
foc_bus_48.0,10,,,,,,,,,,,,,,,,,,,,,,,,,,3.9999998989515007e-05,,,,,,,,,,,0.3854232728481293,4.6999616622924805,0.5890296697616577,1.5296844244003296,20.0,False,False,-0.6014698245480774,7.405185350250552,-0.6014698245480774,7.405185350250552,7.429571725302023,7.429571725302023,-0.031118203507516123,0.21431114829401943,-0.6014698147773743,7.405185222625732,-0.6014698147773743,7.405185222625732,7.429571628570557,7.429571628570557,-0.031118202954530716,0.2143111228942871,9.770703135458803e-09,1.276248191572904e-07,9.770703135458803e-09,1.276248191572904e-07,9.673146639244123e-08,9.673146639244123e-08,5.529854074648455e-10,2.539973231741044e-08,,,,,,,,
foc_bus_48.0,11,,,,,,,,,,,,,,,,,,,,,,,,,,1.9999999494757503e-05,,,,,,,,,,,0.3960418105125427,5.01615571975708,0.6238451600074768,1.435821294784546,20.0,False,False,-0.6537118630622143,8.171151125916255,-0.6537118630622143,8.171151125916255,8.197258683393537,8.197258683393537,-0.035411500207527535,0.2817879347668789,-0.6537118554115295,8.171151161193848,-0.6537118554115295,8.171151161193848,8.197258949279785,8.197258949279785,-0.03541149944067001,0.2817879021167755,7.650684752391612e-09,3.527759240284922e-08,7.650684752391612e-09,3.527759240284922e-08,2.6588624812973194e-07,2.6588624812973194e-07,7.668575219277329e-10,3.2650103398701447e-08,,,,,,,,
foc_bus_48.0,12,,,,,,,,,,,,,,,,,,,,,,,,,,3.9999998989515007e-05,,,,,,,,,,,0.3999767005443573,5.291746616363525,0.6524273753166199,1.334925651550293,20.0,False,False,-0.7116884086205664,8.961275967588241,-0.7116884086205664,8.961275967588241,8.989492052293024,8.989492052293024,-0.04492712542830167,0.4309324177468924,-0.7116883993148804,8.961276054382324,-0.7116883993148804,8.961276054382324,8.989492416381836,8.989492416381836,-0.04492712393403053,0.4309324026107788,9.30568599954995e-09,8.67940830318048e-08,9.30568599954995e-09,8.67940830318048e-08,3.6408881243232827e-07,3.6408881243232827e-07,1.494271137381098e-09,1.5136113584723887e-08,,,,,,,,
foc_bus_48.0,13,,,,,,,,,,,,,,,,,,,,,,,,,,1.9999999494757503e-05,,,,,,,,,,,0.39716145396232605,5.524503707885742,0.674490749835968,1.2274914979934692,20.0,False,False,-0.7654284707910886,9.62108500094433,-0.7654284707910886,9.62108500094433,9.651484722015237,9.651484722015237,-0.05015381306669952,0.5119160748421078,-0.7654284238815308,9.621085166931152,-0.7654284238815308,9.621085166931152,9.651484489440918,9.651484489440918,-0.050153810530900955,0.5119160413742065,4.690955779373951e-08,1.659868225090122e-07,4.690955779373951e-08,1.659868225090122e-07,2.3257431891465785e-07,2.3257431891465785e-07,2.5357985641849545e-09,3.3467901228156904e-08,,,,,,,,
foc_bus_48.0,14,,,,,,,,,,,,,,,,,,,,,,,,,,3.9999998989515007e-05,,,,,,,,,,,0.3876436650753021,5.7125420570373535,0.6898148059844971,1.1140451431274414,20.0,False,False,-0.8248158756187209,10.30697776005875,-0.8248158756187209,10.30697776005875,10.339928035292044,10.339928035292044,-0.06154355219898546,0.6852472542938053,-0.8248158097267151,10.306977272033691,-0.8248158097267151,10.306977272033691,10.339927673339844,10.339927673339844,-0.061543550342321396,0.6852471828460693,6.589200585160881e-08,4.880250585870272e-07,6.589200585160881e-08,4.880250585870272e-07,3.619521997677566e-07,3.619521997677566e-07,1.8566640655470756e-09,7.144773594980336e-08,,,,,,,,
foc_bus_48.0,15,,,,,,,,,,,,,,,,,,,,,,,,,,1.9999999494757503e-05,,,,,,,,,,,0.37158387899398804,5.854340076446533,0.6982464790344238,0.9951421022415161,20.0,False,False,-0.877785271085647,10.841318546550617,-0.877785271085647,10.841318546550617,10.87679616476825,10.87679616476825,-0.06770000014358402,0.7768261475524423,-0.8777852058410645,10.84131908416748,-0.8777852058410645,10.84131908416748,10.87679672241211,10.87679672241211,-0.06769999861717224,0.7768260836601257,6.524458251444543e-08,5.376168630277789e-07,6.524458251444543e-08,5.376168630277789e-07,5.576438599774747e-07,5.576438599774747e-07,1.5264117747548767e-09,6.389231654857497e-08,,,,,,,,
foc_bus_48.0,16,,,,,,,,,,,,,,,,,,,,,,,,,,3.9999998989515007e-05,,,,,,,,,,,0.34925317764282227,5.948750019073486,0.6997015476226807,0.8713648915290833,20.0,False,False,-0.9358616304798533,11.402721364182925,-0.9358616304798533,11.402721364182925,11.441061642199037,11.441061642199037,-0.08090945324157163,0.968208064114281,-0.9358615279197693,11.402721405029297,-0.9358615279197693,11.402721405029297,11.441061973571777,11.441061973571777,-0.08090945333242416,0.9682080149650574,1.0256008398101812e-07,4.0846371618386e-08,1.0256008398101812e-07,4.0846371618386e-08,3.313727408027489e-07,3.313727408027489e-07,9.085253382945524e-11,4.914922357990292e-08,,,,,,,,
foc_bus_48.0,17,,,,,,,,,,,,,,,,,,,,,,,,,,1.9999999494757503e-05,,,,,,,,,,,0.3210284411907196,5.995007514953613,0.6941653490066528,0.7433197498321533,20.0,False,False,-0.9849732785424552,11.796652298288924,-0.9849732785424552,11.796652298288924,11.837701542367421,11.837701542367421,-0.08794177940591644,1.0671840177228458,-0.9849732518196106,11.796652793884277,-0.9849732518196106,11.796652793884277,11.837701797485352,11.837701797485352,-0.08794178068637848,1.0671839714050293,2.672284460381036e-08,4.955953532004287e-07,2.672284460381036e-08,4.955953532004287e-07,2.551179303367235e-07,2.551179303367235e-07,1.2804620419526458e-09,4.631781647113087e-08,,,,,,,,
foc_bus_48.0,18,,,,,,,,,,,,,,,,,,,,,,,,,,3.9999998989515007e-05,,,,,,,,,,,0.2873859107494354,5.992738246917725,0.6816933155059814,0.611633837223053,20.0,False,False,-1.0382214487703154,12.2176789344881,-1.0382214487703154,12.2176789344881,12.261712046974559,12.261712046974559,-0.10280441143819032,1.270014027516646,-1.0382213592529297,12.21767807006836,-1.0382213592529297,12.21767807006836,12.261711120605469,12.261711120605469,-0.10280441492795944,1.2700140476226807,8.951738572626766e-08,8.644197411200594e-07,8.951738572626766e-08,8.644197411200594e-07,9.263690898819732e-07,9.263690898819732e-07,3.48976912645238e-09,2.010603461499727e-08,,,,,,,,
foc_bus_48.0,19,,,,,,,,,,,,,,,,,,,,,,,,,,1.9999999494757503e-05,,,,,,,,,,,0.24889342486858368,5.94196081161499,0.6624100804328918,0.47695210576057434,20.0,False,False,-1.079750995650746,12.461063644913159,-1.079750995650746,12.461063644913159,12.50775636855728,12.50775636855728,-0.11059775467335413,1.3730103350529415,-1.0797510147094727,12.461063385009766,-1.0797510147094727,12.461063385009766,12.507756233215332,12.507756233215332,-0.11059775948524475,1.3730103969573975,1.9058726596909992e-08,2.599033930295036e-07,1.9058726596909992e-08,2.599033930295036e-07,1.3534194742703676e-07,1.3534194742703676e-07,4.811890622069548e-09,6.190445600573469e-08,,,,,,,,
foc_bus_48.0,20,,,,,,,,,,,,,,,,,,,,,,,,,,3.9999998989515007e-05,,,,,,,,,,,0.20620055496692657,5.843085765838623,0.6365082263946533,0.3399342894554138,20.0,False,False,-1.1240718072680065,12.73067021571338,-1.1240718072680065,12.73067021571338,12.7801995903486,12.7801995903486,-0.12681734503342773,1.5804406658676724,-1.1240718364715576,12.730669975280762,-1.1240718364715576,12.730669975280762,12.78019905090332,12.78019905090332,-0.12681734561920166,1.5804407596588135,2.9203551132894745e-08,2.40432617815145e-07,2.9203551132894745e-08,2.40432617815145e-07,5.394452795570714e-07,5.394452795570714e-07,5.85773929362432e-10,9.379114107588293e-08,,,,,,,,
foc_bus_48.0,21,,,,,,,,,,,,,,,,,,,,,,,,,,1.9999999494757503e-05,,,,,,,,,,,0.16002778708934784,5.696913719177246,0.6042465567588806,0.20125146210193634,20.0,False,False,-1.1539145735029905,12.818452739305437,-1.1539145735029905,12.818452739305437,12.870285524134639,12.870285524134639,-0.13518931577983567,1.684014685674626,-1.153914451599121,12.818452835083008,-1.153914451599121,12.818452835083008,12.870285987854004,12.870285987854004,-0.13518930971622467,1.6840147972106934,1.2190386944332943e-07,9.577757076328908e-08,1.2190386944332943e-07,9.577757076328908e-08,4.637193651291227e-07,4.637193651291227e-07,6.0636110021938805e-09,1.1153606727098975e-07,,,,,,,,
foc_bus_48.0,22,,,,,,,,,,,,,,,,,,,,,,,,,,3.9999998989515007e-05,,,,,,,,,,,0.11115437000989914,5.504627704620361,0.5659474730491638,0.06158291921019554,20.0,False,False,-1.1849135427554376,12.930743129085707,-1.1849135427554376,12.930743129085707,12.984919636801857,12.984919636801857,-0.15233183570147402,1.8891794145254237,-1.1849133968353271,12.930742263793945,-1.1849133968353271,12.930742263793945,12.984918594360352,12.984918594360352,-0.15233182907104492,1.8891794681549072,1.4592011043923492e-07,8.652917617979483e-07,1.4592011043923492e-07,8.652917617979483e-07,1.042441505560987e-06,1.042441505560987e-06,6.630429094656165e-09,5.362948352072294e-08,,,,,,,,
foc_bus_48.0,23,,,,,,,,,,,,,,,,,,,,,,,,,,1.9999999494757503e-05,,,,,,,,,,,0.06040508300065994,5.267784595489502,0.5219936370849609,-0.07838726043701172,20.0,False,False,-1.1989046998022903,12.86305891386075,-1.1989046998022903,12.86305891386075,12.918810204529693,12.918810204529693,-0.1610311661564779,1.9899360629137461,-1.1989047527313232,12.863058090209961,-1.1989047527313232,12.863058090209961,12.918808937072754,12.918808937072754,-0.16103115677833557,1.989936113357544,5.292903293430129e-08,8.23650788461805e-07,5.292903293430129e-08,8.23650788461805e-07,1.2674569394022228e-06,1.2674569394022228e-06,9.378142318272609e-09,5.044379780549946e-08,,,,,,,,
foc_bus_48.0,24,,,,,,,,,,,,,,,,,,,,,,,,,,3.9999998989515007e-05,,,,,,,,,,,0.00863638985902071,4.988300800323486,0.47282421588897705,-0.2179735004901886,20.0,False,False,-1.2122344822232347,12.817420365225729,-1.2122344822232347,12.817420365225729,12.874617557768243,12.874617557768243,-0.1785278014438726,2.18617620007235,-1.212234377861023,12.81742000579834,-1.212234377861023,12.81742000579834,12.874617576599121,12.874617576599121,-0.17852778732776642,2.186176300048828,1.0436221176135518e-07,3.594273891849298e-07,1.0436221176135518e-07,3.594273891849298e-07,1.883087819010143e-08,1.883087819010143e-08,1.4116106172856746e-08,9.99764782072532e-08,,,,,,,,
foc_bus_48.0,25,,,,,,,,,,,,,,,,,,,,,,,,,,1.9999999494757503e-05,,,,,,,,,,,-0.043278053402900696,4.6684393882751465,0.4189305007457733,-0.3564921021461487,20.0,False,False,-1.2065047442704853,12.599530809942797,-1.2065047442704853,12.599530809942797,12.657165177425986,12.657165177425986,-0.18723881673246773,2.280878590680039,-1.2065047025680542,12.599531173706055,-1.2065047025680542,12.599531173706055,12.65716552734375,12.65716552734375,-0.18723879754543304,2.280878782272339,4.1702431063939116e-08,3.6376325773801454e-07,4.1702431063939116e-08,3.6376325773801454e-07,3.499177640975404e-07,3.499177640975404e-07,1.9187034683287862e-08,1.9159229980303394e-07,,,,,,,,
foc_bus_48.0,26,,,,,,,,,,,,,,,,,,,,,,,,,,3.9999998989515007e-05,,,,,,,,,,,-0.09446212649345398,4.310788631439209,0.3608509600162506,-0.4932646155357361,20.0,False,False,-1.198237693980262,12.400594106248311,-1.198237693980262,12.400594106248311,12.458350924548382,12.458350924548382,-0.20440093639504625,2.4619578065708074,-1.198237657546997,12.400594711303711,-1.198237657546997,12.400594711303711,12.458351135253906,12.458351135253906,-0.2044009119272232,2.4619579315185547,3.6433264849478064e-08,6.050553995606833e-07,3.6433264849478064e-08,6.050553995606833e-07,2.107055241395983e-07,2.107055241395983e-07,2.4467823045437598e-08,1.2494774725979596e-07,,,,,,,,
foc_bus_48.0,27,,,,,,,,,,,,,,,,,,,,,,,,,,1.9999999494757503e-05,,,,,,,,,,,-0.14405204355716705,3.9182446002960205,0.29916590452194214,-0.6276211142539978,20.0,False,False,-1.1695805642139672,12.042657433578496,-1.1695805642139672,12.042657433578496,12.09931885515505,12.09931885515505,-0.21275404515351157,2.5476314821960493,-1.1695804595947266,12.042656898498535,-1.1695804595947266,12.042656898498535,12.099318504333496,12.099318504333496,-0.212754026055336,2.5476315021514893,1.0461924060400918e-07,5.350799607839463e-07,1.0461924060400918e-07,5.350799607839463e-07,3.5082155314114516e-07,3.5082155314114516e-07,1.909817556877691e-08,1.9955439967134225e-08,,,,,,,,
foc_bus_48.0,28,,,,,,,,,,,,,,,,,,,,,,,,,,3.9999998989515007e-05,,,,,,,,,,,-0.19121089577674866,3.4939839839935303,0.23449170589447021,-0.7589035034179688,20.0,False,False,-1.13658404903887,11.700085557716324,-1.13658404903887,11.700085557716324,11.755161647481147,11.755161647481147,-0.22880005658392702,2.7079356028835257,-1.136583924293518,11.700085639953613,-1.136583924293518,11.700085639953613,11.75516128540039,11.75516128540039,-0.22880004346370697,2.7079355716705322,1.2474535182604995e-07,8.223728897860383e-08,1.2474535182604995e-07,8.223728897860383e-08,3.6208075648858085e-07,3.6208075648858085e-07,1.31202200492897e-08,3.121299352315532e-08,,,,,,,,
foc_bus_48.0,29,,,,,,,,,,,,,,,,,,,,,,,,,,1.9999999494757503e-05,,,,,,,,,,,-0.23514284193515778,3.0414412021636963,0.16747452318668365,-0.8864688277244568,20.0,False,False,-1.0828050372574407,11.216765505203082,-1.0828050372574407,11.216765505203082,11.268908338762182,11.268908338762182,-0.2363879862999619,2.7819629743275773,-1.0828049182891846,11.216766357421875,-1.0828049182891846,11.216766357421875,11.268909454345703,11.268909454345703,-0.2363879680633545,2.7819628715515137,1.1896825613533224e-07,8.522187933124314e-07,1.1896825613533224e-07,8.522187933124314e-07,1.1155835206722031e-06,1.1155835206722031e-06,1.823660741862021e-08,1.0277606365960423e-07,,,,,,,,
foc_bus_48.0,30,,,,,,,,,,,,,,,,,,,,,,,,,,3.9999998989515007e-05,,,,,,,,,,,-0.2751064598560333,2.564279317855835,0.09878400713205338,-1.0096921920776367,20.0,False,False,-1.0230894436825695,10.744875087960876,-1.0230894436825695,10.744875087960876,10.793472687956225,10.793472687956225,-0.2504810425403082,2.916676709867918,-1.0230894088745117,10.744874954223633,-1.0230894088745117,10.744874954223633,10.793472290039062,10.793472290039062,-0.2504810094833374,2.9166765213012695,3.480805776945317e-08,1.3373724350174143e-07,3.480805776945317e-08,1.3373724350174143e-07,3.9791716233139596e-07,3.9791716233139596e-07,3.3056970771827565e-08,1.8856664851796268e-07,,,,,,,,
foc_bus_48.0,31,,,,,,,,,,,,,,,,,,,,,,,,,,1.9999999494757503e-05,,,,,,,,,,,-0.31042733788490295,2.0663607120513916,0.029106464236974716,-1.1279700994491577,20.0,False,False,-0.9433084220857625,10.154806639212147,-0.9433084220857625,10.154806639212147,10.198525808123692,10.198525808123692,-0.256880067644303,2.976878677758935,-0.9433082938194275,10.154806137084961,-0.9433082938194275,10.154806137084961,10.198525428771973,10.198525428771973,-0.2568800449371338,2.9768784046173096,1.2826633499773976e-07,5.021271860528032e-07,1.2826633499773976e-07,5.021271860528032e-07,3.793517198147356e-07,3.793517198147356e-07,2.2707169200497646e-08,2.731416253176633e-07,,,,,,,,
foc_bus_48.0,32,,,,,,,,,,,,,,,,,,,,,,,,,,3.9999998989515007e-05,,,,,,,,,,,-0.3405093550682068,1.5517160892486572,-0.04086190089583397,-1.2407232522964478,20.0,False,False,-0.8563195310428737,9.57204318509537,-0.8563195310428737,9.57204318509537,9.61027022911303,9.61027022911303,-0.26817468143305834,3.082134115280974,-0.8563194274902344,9.572042465209961,-0.8563194274902344,9.572042465209961,9.610269546508789,9.610269546508789,-0.2681746482849121,3.0821337699890137,1.0355263935224457e-07,7.198854099499385e-07,1.0355263935224457e-07,7.198854099499385e-07,6.826042415752909e-07,6.826042415752909e-07,3.314814622790152e-08,3.4529196035748555e-07,,,,,,,,
foc_bus_48.0,33,,,,,,,,,,,,,,,,,,,,,,,,,,1.9999999494757503e-05,,,,,,,,,,,-0.3648448884487152,1.0245109796524048,-0.11042198538780212,-1.3473992347717285,20.0,False,False,-0.7512001745346231,8.89717023446664,-0.7512001745346231,8.89717023446664,8.928826344111528,8.928826344111528,-0.2729696636514521,3.1268363302347404,-0.7512001395225525,8.89716911315918,-0.7512001395225525,8.89716911315918,8.928825378417969,8.928825378417969,-0.27296963334083557,3.126836061477661,3.501207057610145e-08,1.1213074611049478e-06,3.501207057610145e-08,1.1213074611049478e-06,9.656935588964188e-07,9.656935588964188e-07,3.0310616516704414e-08,2.6875707925810843e-07,,,,,,,,
foc_bus_48.0,34,,,,,,,,,,,,,,,,,,,,,,,,,,3.9999998989515007e-05,,,,,,,,,,,-0.383023202419281,0.4890128970146179,-0.1788787692785263,-1.447475790977478,20.0,False,False,-0.6380300768757172,8.22544670319647,-0.6380300768757172,8.22544670319647,8.250154898310923,8.250154898310923,-0.2806644813358461,3.199828413206293,-0.6380299925804138,8.225446701049805,-0.6380299925804138,8.225446701049805,8.250154495239258,8.250154495239258,-0.28066444396972656,3.1998281478881836,8.429530340414715e-08,2.1466650679258237e-09,8.429530340414715e-08,2.1466650679258237e-09,4.0307166493391833e-07,4.0307166493391833e-07,3.7366119531867525e-08,2.653181092604484e-07,,,,,,,,
foc_bus_48.0,35,,,,,,,,,,,,,,,,,,,,,,,,,,1.9999999494757503e-05,,,,,,,,,,,-0.3947375416755676,-0.050443485379219055,-0.24554826319217682,-1.5404624938964844,20.0,False,False,-0.5099143799175034,7.4902548660770885,-0.5099143799175034,7.4902548660770885,7.507591533483835,7.507591533483835,-0.2834761776450089,3.2279100621653822,-0.5099143385887146,7.490254878997803,-0.5099143385887146,7.490254878997803,7.507591724395752,7.507591724395752,-0.2834761440753937,3.227909803390503,4.1328788835670593e-08,1.2920714276276613e-08,4.1328788835670593e-08,1.2920714276276613e-08,1.909119173859608e-07,1.909119173859608e-07,3.356961519873636e-08,2.5877487930259235e-07,,,,,,,,
foc_bus_48.0,36,,,,,,,,,,,,,,,,,,,,,,,,,,3.9999998989515007e-05,,,,,,,,,,,-0.3997901976108551,-0.5894915461540222,-0.3097642958164215,-1.6259040832519531,20.0,False,False,-0.3734096648302178,6.754183657371969,-0.3734096648302178,6.754183657371969,6.76449788641398,6.76449788641398,-0.2868695246519473,3.266975567876675,-0.373409628868103,6.754183769226074,-0.373409628868103,6.754183769226074,6.764498233795166,6.764498233795166,-0.28686949610710144,3.2669754028320312,3.596211478607003e-08,1.1185410553338215e-07,3.596211478607003e-08,1.1185410553338215e-07,3.4738118603883095e-07,3.4738118603883095e-07,2.854484587588857e-08,1.6504464372957273e-07,,,,,,,,
foc_bus_48.0,37,,,,,,,,,,,,,,,,,,,,,,,,,,1.9999999494757503e-05,,,,,,,,,,,-0.3980959355831146,-1.1237679719924927,-0.37088531255722046,-1.7033820152282715,20.0,False,False,-0.22634154532485265,5.98485633002499,-0.22634154532485265,5.98485633002499,5.989134811154298,5.989134811154298,-0.287382349763173,3.277899266165667,-0.22634153068065643,5.984856128692627,-0.22634153068065643,5.984856128692627,5.989134788513184,5.989134788513184,-0.2873823344707489,3.2778990268707275,1.4644196216773153e-08,2.0133236322550374e-07,1.4644196216773153e-08,2.0133236322550374e-07,2.2641114760801884e-08,2.2641114760801884e-08,1.5292424104806912e-08,2.392949394192101e-07,,,,,,,,
foc_bus_48.0,38,,,,,,,,,,,,,,,,,,,,,,,,,,3.9999998989515007e-05,,,,,,,,,,,-0.3896833062171936,-1.648948073387146,-0.42830052971839905,-1.7725167274475098,20.0,False,False,-0.07109477113980792,5.210895238402673,-0.07109477113980792,5.210895238402673,5.211380206057804,5.211380206057804,-0.2859267504615041,3.282556940391076,-0.07109475135803223,5.210895538330078,-0.07109475135803223,5.210895538330078,5.211380481719971,5.211380481719971,-0.2859267294406891,3.2825567722320557,1.9781775689731163e-08,2.9992740468998136e-07,1.9781775689731163e-08,2.9992740468998136e-07,2.756621668709158e-07,2.756621668709158e-07,2.1020815033079288e-08,1.6815902048605835e-07,,,,,,,,
foc_bus_48.0,39,,,,,,,,,,,,,,,,,,,,,,,,,,1.9999999494757503e-05,,,,,,,,,,,-0.374694287776947,-2.160780668258667,-0.4814363121986389,-1.8329696655273438,20.0,False,False,0.0892762021351978,4.434418553139178,0.0892762021351978,4.434418553139178,4.435317141388274,4.435317141388274,-0.28391503648882443,3.276378849070759,0.08927620947360992,4.434418678283691,0.08927620947360992,4.434418678283691,4.435317039489746,4.435317039489746,-0.2839150130748749,3.276378631591797,7.338412127966265e-09,1.251445134187179e-07,7.338412127966265e-09,1.251445134187179e-07,1.0189852783781816e-07,1.0189852783781816e-07,2.3413949556960745e-08,2.1747896195023486e-07,,,,,,,,
foc_bus_48.0,40,,,,,,,,,,,,,,,,,,,,,,,,,,3.9999998989515007e-05,,,,,,,,,,,-0.353381872177124,-2.655122756958008,-0.5297617316246033,-1.8844447135925293,20.0,False,False,0.2570583193116912,3.649963319988496,0.2570583193116912,3.649963319988496,3.6590041291024527,3.6590041291024527,-0.27726674909363686,3.2473296756702084,0.257058322429657,3.64996337890625,0.257058322429657,3.64996337890625,3.6590042114257812,3.6590042114257812,-0.2772667407989502,3.2473294734954834,3.117965774457332e-09,5.891775378685793e-08,3.117965774457332e-09,5.891775378685793e-08,8.232332859847702e-08,8.232332859847702e-08,8.294686659748862e-09,2.0217472496142364e-07,,,,,,,,
foc_bus_48.0,41,,,,,,,,,,,,,,,,,,,,,,,,,,1.9999999494757503e-05,,,,,,,,,,,-0.32610568404197693,-3.1279728412628174,-0.5727939605712891,-1.9266897439956665,20.0,False,False,0.42369325930093554,2.8932122460373986,0.42369325930093554,2.8932122460373986,2.9240713189999004,2.9240713189999004,-0.2726175375438376,3.2246896891699603,0.4236932396888733,2.893212080001831,0.4236932396888733,2.893212080001831,2.9240710735321045,2.9240710735321045,-0.27261751890182495,3.224689483642578,1.961206225198353e-08,1.6603556751704218e-07,1.961206225198353e-08,1.6603556751704218e-07,2.4546779586742673e-07,2.4546779586742673e-07,1.8642012655778473e-08,2.055273822243464e-07,,,,,,,,
foc_bus_48.0,42,,,,,,,,,,,,,,,,,,,,,,,,,,3.9999998989515007e-05,,,,,,,,,,,-0.29332607984542847,-3.575503349304199,-0.6101030111312866,-1.9594978094100952,20.0,False,False,0.5964434703277213,2.1256631335531386,0.5964434703277213,2.1256631335531386,2.2077564563700234,2.2077564563700234,-0.2606772622428411,3.163777579958135,0.5964434742927551,2.1256630420684814,0.5964434742927551,2.1256630420684814,2.207756280899048,2.207756280899048,-0.2606772482395172,3.1637773513793945,3.965033856800915e-09,9.148465718311627e-08,3.965033856800915e-09,9.148465718311627e-08,1.7547097552750301e-07,1.7547097552750301e-07,1.4003323889344443e-08,2.2857874037995884e-07,,,,,,,,
foc_bus_48.0,43,,,,,,,,,,,,,,,,,,,,,,,,,,1.9999999494757503e-05,,,,,,,,,,,-0.25559625029563904,-3.9940919876098633,-0.6413161754608154,-1.9827083349227905,20.0,False,False,0.7612423531208958,1.4144968957391797,0.7612423531208958,1.4144968957391797,1.6063285430573704,1.6063285430573704,-0.25340779019376075,3.1258700302329703,0.7612423300743103,1.4144970178604126,0.7612423300743103,1.4144970178604126,1.6063286066055298,1.6063286066055298,-0.2534077763557434,3.1258697509765625,2.3046585528874175e-08,1.2212123290389343e-07,2.3046585528874175e-08,1.2212123290389343e-07,6.354815940134984e-08,6.354815940134984e-08,1.3838017343115183e-08,2.792564077758186e-07,,,,,,,,
foc_bus_48.0,44,,,,,,,,,,,,,,,,,,,,,,,,,,3.9999998989515007e-05,,,,,,,,,,,-0.21355290710926056,-4.380350112915039,-0.6661214232444763,-1.996207594871521,20.0,False,False,0.9303969036389974,0.6903327558738956,0.9303969036389974,0.6903327558738956,1.158532568438834,1.158532568438834,-0.2363491216433618,3.0360045280112766,0.9303969740867615,0.6903326511383057,0.9303969740867615,0.6903326511383057,1.1585326194763184,1.1585326194763184,-0.23634910583496094,3.0360043048858643,7.044776406672781e-08,1.0473558997858845e-07,7.044776406672781e-08,1.0473558997858845e-07,5.1037484460891847e-08,5.1037484460891847e-08,1.5808400866124117e-08,2.2312541236857442e-07,,,,,,,,
foc_bus_48.0,45,,,,,,,,,,,,,,,,,,,,,,,,,,1.9999999494757503e-05,,,,,,,,,,,-0.16790561378002167,-4.731151580810547,-0.6842710971832275,-1.9999293088912964,20.0,False,False,1.0846221827826066,0.04873116743782324,1.0846221827826066,0.04873116743782324,1.0857163561740972,1.0857163561740972,-0.2266174375798486,2.984530536987763,1.0846221446990967,0.048731088638305664,1.0846221446990967,0.048731088638305664,1.0857163667678833,1.0857163667678833,-0.22661742568016052,2.984530210494995,3.808350990119891e-08,7.879951757772119e-08,3.808350990119891e-08,7.879951757772119e-08,1.0593786070600686e-08,1.0593786070600686e-08,1.1899688068250924e-08,3.264927679325069e-07,,,,,,,,
foc_bus_48.0,46,,,,,,,,,,,,,,,,,,,,,,,,,,3.9999998989515007e-05,,,,,,,,,,,-0.11942469328641891,-5.043656349182129,-0.695583701133728,-1.9938554763793945,20.0,False,False,1.2410775839845176,-0.6073800837479599,1.2410775839845176,-0.6073800837479599,1.381732295201399,1.381732295201399,-0.20490027167726635,2.8695743692937747,1.2410775423049927,-0.6073799133300781,1.2410775423049927,-0.6073799133300781,1.3817322254180908,1.3817322254180908,-0.20490026473999023,2.8695740699768066,4.167952494249505e-08,1.7041788180627293e-07,4.167952494249505e-08,1.7041788180627293e-07,6.978330824303214e-08,6.978330824303214e-08,6.93727611467132e-09,2.9931696809981645e-07,,,,,,,,
foc_bus_48.0,47,,,,,,,,,,,,,,,,,,,,,,,,,,1.9999999494757503e-05,,,,,,,,,,,-0.06892835348844528,-5.315335273742676,-0.6999462842941284,-1.978015661239624,20.0,False,False,1.3758499977686363,-1.1581109784657664,1.3758499977686363,-1.1581109784657664,1.7983837896297028,1.7983837896297028,-0.19300778982402514,2.8066775624162212,1.375849962234497,-1.1581110954284668,1.375849962234497,-1.1581110954284668,1.7983838319778442,1.7983838319778442,-0.19300778210163116,2.8066773414611816,3.5534139186665925e-08,1.1696270041383627e-07,3.5534139186665925e-08,1.1696270041383627e-07,4.234814143799781e-08,4.234814143799781e-08,7.722393974285424e-09,2.2095503959818075e-07,,,,,,,,
foc_bus_48.0,48,,,,,,,,,,,,,,,,,,,,,,,,,,3.9999998989515007e-05,,,,,,,,,,,-0.017268754541873932,-5.543989181518555,-0.6973152160644531,-1.952487587928772,20.0,False,False,1.5104851005522648,-1.724134476185621,1.5104851005522648,-1.724134476185621,2.292205254980943,2.292205254980943,-0.16737479333312624,2.6713030652981473,1.5104849338531494,-1.7241346836090088,1.5104849338531494,-1.7241346836090088,2.292205333709717,2.292205333709717,-0.16737478971481323,2.6713027954101562,1.6669911540034832e-07,2.0742338779911051e-07,1.6669911540034832e-07,2.0742338779911051e-07,7.872877372250286e-08,7.872877372250286e-08,3.6183130103228933e-09,2.698879910667529e-07,,,,,,,,
foc_bus_48.0,49,,,,,,,,,,,,,,,,,,,,,,,,,,1.9999999494757503e-05,,,,,,,,,,,0.034682273864746094,-5.727766513824463,-0.6877168416976929,-1.9173961877822876,20.0,False,False,1.617321680619164,-2.166062435906931,1.617321680619164,-2.166062435906931,2.7032491366590436,2.7032491366590436,-0.15376009563086812,2.5994909063334606,1.6173216104507446,-2.166062355041504,1.6173216104507446,-2.166062355041504,2.703248977661133,2.703248977661133,-0.15376009047031403,2.5994906425476074,7.016841929718964e-08,8.086542724328183e-08,7.016841929718964e-08,8.086542724328183e-08,1.5899791083739956e-07,1.5899791083739956e-07,5.160554095162695e-09,2.637858531606696e-07,,,,,,,,
foc_bus_48.0,50,,,,,,,,,,,,,,,,,,,,,,,,,,3.9999998989515007e-05,,,,,,,,,,,0.08604799211025238,-5.865180492401123,-0.6712470054626465,-1.8729133605957031,20.0,False,False,1.721555062791121,-2.623322918100893,1.721555062791121,-2.623322918100893,3.1377659197038783,3.1377659197038783,-0.12521536947804057,2.449010350709098,1.7215549945831299,-2.6233224868774414,1.7215549945831299,-2.6233224868774414,3.137765407562256,3.137765407562256,-0.12521536648273468,2.449010133743286,6.820799103302022e-08,4.3122345161350495e-07,6.820799103302022e-08,4.3122345161350495e-07,5.121416224440622e-07,5.121416224440622e-07,2.9953058922060904e-09,2.169658119832718e-07,,,,,,,,
foc_bus_48.0,51,,,,,,,,,,,,,,,,,,,,,,,,,,1.9999999494757503e-05,,,,,,,,,,,0.13596154749393463,-5.955118656158447,-0.6480702757835388,-1.8192570209503174,20.0,False,False,1.7929147755920432,-2.942473976089276,1.7929147755920432,-2.942473976089276,3.445677943815832,3.445677943815832,-0.11043911071343464,2.3710638185377713,1.7929147481918335,-2.9424734115600586,1.7929147481918335,-2.9424734115600586,3.4456775188446045,3.4456775188446045,-0.11043910682201385,2.371063709259033,2.7400209656747165e-08,5.645292175948669e-07,2.7400209656747165e-08,5.645292175948669e-07,4.249712275417039e-07,4.249712275417039e-07,3.891420782831112e-09,1.0927873805854915e-07,,,,,,,,
foc_bus_48.0,52,,,,,,,,,,,,,,,,,,,,,,,,,,3.9999998989515007e-05,,,,,,,,,,,0.18358059227466583,-5.996853351593018,-0.618418276309967,-1.7566900253295898,20.0,False,False,1.8592610251565462,-3.2762706736800604,1.8592610251565462,-3.2762706736800604,3.7670679695065457,3.7670679695065457,-0.08020936120763236,2.211239309754058,1.8592609167099,-3.276270866394043,1.8592609167099,-3.276270866394043,3.7670681476593018,3.7670681476593018,-0.08020935952663422,2.2112390995025635,1.0844664632969625e-07,1.9271398254971928e-07,1.0844664632969625e-07,1.9271398254971928e-07,1.781527561028895e-07,1.781527561028895e-07,1.6809981462362344e-09,2.1025149443687496e-07,,,,,,,,
foc_bus_48.0,53,,,,,,,,,,,,,,,,,,,,,,,,,,1.9999999494757503e-05,,,,,,,,,,,0.22810149192810059,-5.990045547485352,-0.5825871825218201,-1.685518741607666,20.0,False,False,1.889064048359891,-3.4630701122201164,1.889064048359891,-3.4630701122201164,3.944796266090064,3.944796266090064,-0.06493071399516075,2.130114028796781,1.889064073562622,-3.4630701541900635,1.889064073562622,-3.4630701541900635,3.944796323776245,3.944796323776245,-0.06493071466684341,2.1301138401031494,2.5202731013251878e-08,4.196994707328372e-08,2.5202731013251878e-08,4.196994707328372e-08,5.7686181165195194e-08,5.7686181165195194e-08,6.71682667818807e-10,1.886936313866272e-07,,,,,,,,
foc_bus_48.0,54,,,,,,,,,,,,,,,,,,,,,,,,,,3.9999998989515007e-05,,,,,,,,,,,0.2687729001045227,-5.934751510620117,-0.5409351587295532,-1.6060917377471924,20.0,False,False,1.911652844561085,-3.6631452865018215,1.911652844561085,-3.6631452865018215,4.131954741782513,4.131954741782513,-0.03441038192214797,1.9669538227721475,1.9116528034210205,-3.6631457805633545,1.9116528034210205,-3.6631457805633545,4.131955146789551,4.131955146789551,-0.03441038355231285,1.9669536352157593,4.114006446620522e-08,4.940615330184528e-07,4.114006446620522e-08,4.940615330184528e-07,4.05007037684868e-07,4.05007037684868e-07,1.6301648780858713e-09,1.8755638819811793e-07,,,,,,,,
foc_bus_48.0,55,,,,,,,,,,,,,,,,,,,,,,,,,,1.9999999494757503e-05,,,,,,,,,,,0.30490842461586,-5.831418514251709,-0.49387821555137634,-1.5187981128692627,20.0,False,False,1.8957364757257646,-3.7127174169533257,1.8957364757257646,-3.7127174169533257,4.168703324002047,4.168703324002047,-0.01935604644443602,1.8856760058361464,1.8957364559173584,-3.712717056274414,1.8957364559173584,-3.712717056274414,4.168703079223633,4.168703079223633,-0.019356047734618187,1.8856757879257202,1.9808406248600363e-08,3.606789116261666e-07,1.9808406248600363e-08,3.606789116261666e-07,2.447784144266052e-07,2.447784144266052e-07,1.2901821659638824e-09,2.179104261479381e-07,,,,,,,,
foc_bus_48.0,56,,,,,,,,,,,,,,,,,,,,,,,,,,3.9999998989515007e-05,,,,,,,,,,,0.3358982801437378,-5.680882453918457,-0.44188663363456726,-1.4240654706954956,20.0,False,False,1.8707590429092793,-3.773580588798764,1.8707590429092793,-3.773580588798764,4.211846371460582,4.211846371460582,0.009961006277102818,1.725223770632905,1.8707590103149414,-3.7735800743103027,1.8707590103149414,-3.7735800743103027,4.211845874786377,4.211845874786377,0.009961005300283432,1.7252235412597656,3.259433789537525e-08,5.144884611674172e-07,3.259433789537525e-08,5.144884611674172e-07,4.966742048750916e-07,4.966742048750916e-07,9.768193857950802e-10,2.293731393709919e-07,,,,,,,,
foc_bus_48.0,57,,,,,,,,,,,,,,,,,,,,,,,,,,1.9999999494757503e-05,,,,,,,,,,,0.3612194359302521,-5.484362602233887,-0.3854798674583435,-1.3223576545715332,20.0,False,False,1.807238735393986,-3.685877870732324,1.807238735393986,-3.685877870732324,4.105095312494304,4.105095312494304,0.02403367756243162,1.6467845284231353,1.8072388172149658,-3.685878038406372,1.8072388172149658,-3.685878038406372,4.105095386505127,4.105095386505127,0.024033676832914352,1.6467843055725098,8.182097976927594e-08,1.6767404797946028e-07,8.182097976927594e-08,1.6767404797946028e-07,7.401082324776098e-08,7.401082324776098e-08,7.295172660404248e-10,2.2285062550864154e-07,,,,,,,,
foc_bus_48.0,58,,,,,,,,,,,,,,,,,,,,,,,,,,3.9999998989515007e-05,,,,,,,,,,,0.38044455647468567,-5.243449687957764,-0.32522153854370117,-1.2141729593276978,20.0,False,False,1.7332898943018193,-3.6069645962443424,1.7332898943018193,-3.6069645962443424,4.001810522282249,4.001810522282249,0.050632355095219655,1.494908969781756,1.7332898378372192,-3.6069648265838623,1.7332898378372192,-3.6069648265838623,4.001810550689697,4.001810550689697,0.05063235014677048,1.4949088096618652,5.6464600106664875e-08,2.3033951990214518e-07,5.6464600106664875e-08,2.3033951990214518e-07,2.8407447949518883e-08,2.8407447949518883e-08,4.9484491781992546e-09,1.6011989067976629e-07,,,,,,,,
foc_bus_48.0,59,,,,,,,,,,,,,,,,,,,,,,,,,,1.9999999494757503e-05,,,,,,,,,,,0.3932492136955261,-4.960093021392822,-0.2617136538028717,-1.1000412702560425,20.0,False,False,1.6227972430724003,-3.3867414083381213,1.6227972430724003,-3.3867414083381213,3.7554611246923413,3.7554611246923413,0.06297611528968254,1.4221604896484672,1.6227972507476807,-3.3867416381835938,1.6227972507476807,-3.3867416381835938,3.7554614543914795,3.7554614543914795,0.06297610700130463,1.4221603870391846,7.675280411234553e-09,2.2984547243254383e-07,7.675280411234553e-09,2.2984547243254383e-07,3.296991382129022e-07,3.296991382129022e-07,8.288377914555944e-09,1.0260928262617597e-07,,,,,,,,
foc_bus_48.0,60,,,,,,,,,,,,,,,,,,,,,,,,,,3.9999998989515007e-05,,,,,,,,,,,0.39941734075546265,-4.636587142944336,-0.19559085369110107,-0.9805216193199158,20.0,False,False,1.5010860783314233,-3.1723980199945534,1.5010860783314233,-3.1723980199945534,3.5096108917978035,3.5096108917978035,0.08540376372734514,1.2843523838203192,1.5010861158370972,-3.172398090362549,1.5010861158370972,-3.172398090362549,3.509610891342163,3.509610891342163,0.08540375530719757,1.2843523025512695,3.750567389992909e-08,7.036799543058692e-08,3.750567389992909e-08,7.036799543058692e-08,4.556404142874726e-10,4.556404142874726e-10,8.420147565302294e-09,8.126904971206272e-08,,,,,,,,
foc_bus_48.0,61,,,,,,,,,,,,,,,,,,,,,,,,,,1.9999999494757503e-05,,,,,,,,,,,0.39884480834007263,-4.27554988861084,-0.12751375138759613,-0.8561993837356567,20.0,False,False,1.346865042296427,-2.8290184072921565,1.346865042296427,-2.8290184072921565,3.133271547593347,3.133271547593347,0.09532378234213647,1.2199095814150391,1.3468650579452515,-2.8290185928344727,1.3468650579452515,-2.8290185928344727,3.1332716941833496,3.1332716941833496,0.09532377123832703,1.2199095487594604,1.5648824458480703e-08,1.8554231617784467e-07,1.5648824458480703e-08,1.8554231617784467e-07,1.4659000280303758e-07,1.4659000280303758e-07,1.110380944135958e-08,3.265557868559199e-08,,,,,,,,
foc_bus_48.0,62,,,,,,,,,,,,,,,,,,,,,,,,,,3.9999998989515007e-05,,,,,,,,,,,0.3915412724018097,-3.87990403175354,-0.05816258117556572,-0.727683424949646,20.0,False,False,1.1812758787409472,-2.488329667349777,1.1812758787409472,-2.488329667349777,2.754486746221199,2.754486746221199,0.11227447314476752,1.1010929059016696,1.181275725364685,-2.4883298873901367,1.181275725364685,-2.4883298873901367,2.7544867992401123,2.7544867992401123,0.11227446049451828,1.10109281539917,1.5337626213529632e-07,2.200403597107936e-07,1.5337626213529632e-07,2.200403597107936e-07,5.301891325970587e-08,5.301891325970587e-08,1.2650249237022848e-08,9.050249971664925e-08,,,,,,,,
foc_bus_48.0,63,,,,,,,,,,,,,,,,,,,,,,,,,,1.9999999494757503e-05,,,,,,,,,,,0.37762999534606934,-3.452852249145508,0.011769730597734451,-0.5956032872200012,20.0,False,False,0.9891228645139961,-2.035418986572503,0.9891228645139961,-2.035418986572503,2.263027726742253,2.263027726742253,0.11916966002762877,1.0472437523815692,0.9891228079795837,-2.035419464111328,0.9891228079795837,-2.035419464111328,2.263028144836426,2.263028144836426,0.11916964501142502,1.0472437143325806,5.653441237374324e-08,4.775388249278478e-07,5.653441237374324e-08,4.775388249278478e-07,4.180941726161791e-07,4.180941726161791e-07,1.5016203752660218e-08,3.8048988626471214e-08,,,,,,,,
foc_bus_48.0,64,,,,,,,,,,,,,,,,,,,,,,,,,,3.9999998989515007e-05,,,,,,,,,,,0.3573457896709442,-2.9978513717651367,0.08158444613218307,-0.4606058895587921,400.0,True,True,1.4157762154742806,32.005963406883026,1.2246721387379653,27.685739617221696,32.037261366962035,27.712812921102035,0.11515502690393663,0.6258701475188929,1.415776252746582,32.00596237182617,1.2246720790863037,27.68573760986328,32.037261962890625,27.712810516357422,0.11515499651432037,0.6258699893951416,3.7272301467439206e-08,1.0350568544481575e-06,5.965166161026048e-08,2.0073584146018675e-06,5.959285900303257e-07,2.4047446132158257e-06,3.038961625401182e-08,1.5812375131485368e-07,,,,,,,,
foc_bus_48.0,65,,,,,,,,,,,,,,,,,,,,,,,,,,1.9999999494757503e-05,,,,,,,,,,,0.3310309052467346,-2.5185840129852295,0.15058399736881256,-0.3233524262905121,400.0,True,True,0.9917869712387664,32.35105821640458,0.8491932375579732,27.699799112002346,32.3662572614987,27.71281292110204,0.11318016326702049,0.40914937424197095,0.9917869567871094,32.3510627746582,0.8491930961608887,27.699798583984375,32.36626052856445,27.712812423706055,0.11318013072013855,0.40914905071258545,1.4451656982217287e-08,4.558253621667063e-06,1.4139708448546173e-07,5.280179706801391e-07,3.267065750378606e-06,4.973959839560393e-07,3.254688193954358e-08,3.235293855041732e-07,,,,,,,,
foc_bus_48.0,66,,,,,,,,,,,,,,,,,,,,,,,,,,3.9999998989515007e-05,,,,,,,,,,,0.2991294860839844,-2.018930196762085,0.21807895600795746,-0.18451520800590515,400.0,True,True,0.5649781970894344,32.84775772083391,0.47658716160570913,27.70871459807172,32.85261614620349,27.712812921102042,0.10957067462203307,-0.047469957115646666,0.5649781823158264,32.84775924682617,0.47658708691596985,27.708711624145508,32.85261917114258,27.712810516357422,0.10957063734531403,-0.04747059941291809,1.477360800361538e-08,1.5259922605537213e-06,7.468973928226319e-08,2.973926211069511e-06,3.0249390903236417e-06,2.404744620321253e-06,3.727671904485419e-08,6.422972714248409e-07,,,,,,,,
foc_bus_48.0,67,,,,,,,,,,,,,,,,,,,,,,,,,,1.9999999494757503e-05,,,,,,,,,,,0.2621798813343048,-1.5029338598251343,0.2833949327468872,-0.044774219393730164,400.0,True,True,0.12563877626815903,33.19598541958617,0.10488554327426045,27.712614438605613,33.196223174925784,27.712812921102042,0.10838846664223618,-0.2816693790388374,0.12563875317573547,33.19598388671875,0.104885533452034,27.712614059448242,33.19622039794922,27.712812423706055,0.10838843137025833,-0.2816699743270874,2.3092423556692054e-08,1.5328674223269445e-06,9.822226448852334e-09,3.7915737038929365e-07,2.7769765651441958e-06,4.97395987508753e-07,3.527197785235803e-08,5.952882500270817e-07,,,,,,,,
foc_bus_48.0,68,,,,,,,,,,,,,,,,,,,,,,,,,,3.9999998989515007e-05,,,,,,,,,,,0.22080570459365845,-0.9747720956802368,0.34587934613227844,0.09518606960773468,400.0,True,True,-0.3160499502832563,33.72693893001751,-0.2596811003088853,27.71159623201346,33.728419725213996,27.712812921102042,0.10792417596419628,-0.7755454632062798,-0.3160499930381775,33.72693634033203,-0.2596811354160309,27.71159553527832,33.728416442871094,27.712812423706055,0.10792414098978043,-0.7755458950996399,4.2754921214527286e-08,2.589685479392756e-06,3.51071455795271e-08,6.967351389164378e-07,3.2823429023665085e-06,4.97395987508753e-07,3.497441584954242e-08,4.3189336007554147e-07,,,,,,,,
foc_bus_48.0,69,,,,,,,,,,,,,,,,,,,,,,,,,,1.9999999494757503e-05,,,,,,,,,,,0.17570513486862183,-0.4387199580669403,0.40490782260894775,0.23468013107776642,400.0,True,True,-0.7522519871780166,34.04623797916486,-0.6121654855863835,27.706050844865224,34.05454747293143,27.712812921102042,0.10888564318837152,-1.0272561184130815,-0.7522519826889038,34.04623794555664,-0.6121654510498047,27.706050872802734,34.05454635620117,27.712812423706055,0.10888560861349106,-1.0272566080093384,4.489112748196078e-09,3.360821665410185e-08,3.453657881902217e-08,2.7937510083120287e-08,1.1167302602643758e-06,4.97395987508753e-07,3.457488045865986e-08,4.895962568696177e-07,,,,,,,,
foc_bus_48.0,70,,,,,,,,,,,,,,,,,,,,,,,,,,3.9999998989515007e-05,,,,,,,,,,,0.12763933837413788,0.10088340193033218,0.4598906338214874,0.37302473187446594,400.0,True,True,-1.1915302916285084,34.58270259098097,-0.954265322999875,27.6963784219764,34.60322330263628,27.712812921102035,0.11425144928595707,-1.5567305406037661,-1.1915303468704224,34.58270263671875,-0.9542653560638428,27.696378707885742,34.60322189331055,27.712812423706055,0.11425141245126724,-1.5567309856414795,5.5241913932135844e-08,4.57377780094248e-08,3.306396778590681e-08,2.859093406470947e-07,1.4093257334479858e-06,4.973959804033257e-07,3.6834689826070743e-08,4.450377133480288e-07,,,,,,,,
foc_bus_48.0,71,,,,,,,,,,,,,,,,,,,,,,,,,,1.9999999494757503e-05,,,,,,,,,,,0.07741948217153549,0.6396701335906982,0.5102783441543579,0.5095422863960266,400.0,True,True,-1.6056871723237034,34.84457548053945,-1.2756917520117004,27.683435671062384,34.88155202559622,27.712812921102035,0.11853410702710963,-1.8242466894139076,-1.605687141418457,34.844573974609375,-1.2756918668746948,27.68343734741211,34.88154983520508,27.712814331054688,0.11853407323360443,-1.8242470026016235,3.0905246362067373e-08,1.5059300721986801e-06,1.1486299444918302e-07,1.6763497256988558e-06,2.1903911431309098e-06,1.4099526524091743e-06,3.379350520249513e-08,3.1318771598343176e-07,,,,,,,,
foc_bus_48.0,72,,,,,,,,,,,,,,,,,,,,,,,,,,3.9999998989515007e-05,,,,,,,,,,,0.025893066078424454,1.173279047012329,0.5555675029754639,0.6435640454292297,400.0,True,True,-2.0249360882200333,35.35887994203972,-1.5844642047144264,27.667480427100315,35.41681460714606,27.712812921102042,0.1317798811749878,-2.384197984232749,-2.0249359607696533,35.358882904052734,-1.5844639539718628,27.66748046875,35.41681671142578,27.712812423706055,0.13177984952926636,-2.3841984272003174,1.2745038002748288e-07,2.9620130135299405e-06,2.507425636011362e-07,4.164968459008378e-08,2.1042797229142707e-06,4.97395987508753e-07,3.1645721432216334e-08,4.429675684036738e-07,,,,,,,,
foc_bus_48.0,73,,,,,,,,,,,,,,,,,,,,,,,,,,1.9999999494757503e-05,,,,,,,,,,,-0.02607032284140587,1.6973909139633179,0.5953056216239929,0.7744336724281311,400.0,True,True,-2.399063282554423,35.53925480001059,-1.8664945772575294,27.649886039422807,35.62013666977959,27.712812921102035,0.14014648373220484,-2.6642256548032552,-2.3990631103515625,35.53925323486328,-1.8664944171905518,27.649883270263672,35.62013626098633,27.712810516357422,0.14014644920825958,-2.6642260551452637,1.7220286041563782e-07,1.5651473077582523e-06,1.6006697767245726e-07,2.7691591348855127e-06,4.0879326235199187e-07,2.4047446132158257e-06,3.452394525815805e-08,4.0034200843308554e-07,,,,,,,,
foc_bus_48.0,74,,,,,,,,,,,,,,,,,,,,,,,,,,3.9999998989515007e-05,,,,,,,,,,,-0.07759374380111694,2.2077629566192627,0.6290956735610962,0.9015101194381714,400.0,True,True,-2.7813506844797886,36.00569137568588,-2.1343876498443137,27.63049745046571,36.11295782778249,27.71281292110204,0.1622890964722971,-3.2464637856272294,-2.781350612640381,36.00569152832031,-2.134387731552124,27.6304988861084,36.11295700073242,27.712814331054688,0.16228905320167542,-3.246464252471924,7.183940775590258e-08,1.526344348690145e-07,8.17078102954838e-08,1.435642687397376e-06,8.270500657658886e-07,1.4099526488564607e-06,4.327062169684481e-08,4.6684469445779087e-07,,,,,,,,
foc_bus_48.0,75,,,,,,,,,,,,,,,,,,,,,,,,,,1.9999999494757503e-05,,,,,,,,,,,-0.12780767679214478,2.7002644538879395,0.6565999984741211,1.024170994758606,400.0,True,True,-3.0995572988036506,36.08555585345315,-2.3716504004828955,27.61114402515567,36.21842896511738,27.712812921102042,0.1749471970896554,-3.5343530750695766,-3.099557399749756,36.08555603027344,-2.371650457382202,27.611143112182617,36.21842956542969,27.712812423706055,0.17494715750217438,-3.534353494644165,1.0094610525257508e-07,1.7682028641274883e-07,5.6899306599689226e-08,9.129730536017178e-07,6.003123047548797e-07,4.97395987508753e-07,3.958748101551279e-08,4.1957458840613526e-07,,,,,,,,
foc_bus_48.0,76,,,,,,,,,,,,,,,,,,,,,,,,,,3.9999998989515007e-05,,,,,,,,,,,-0.17586469650268555,3.1709084510803223,0.6775437593460083,1.141815423965454,400.0,True,True,-3.4295603976209215,36.48117228459373,-2.5938187663808265,27.591159892385292,36.64202253941695,27.71281292110204,0.2057930984809585,-4.128161582020533,-3.429560422897339,36.48117446899414,-2.5938186645507812,27.59115982055664,36.642024993896484,27.712812423706055,0.20579305291175842,-4.128162384033203,2.527641740357467e-08,2.184400408111742e-06,1.018300452848564e-07,7.18286514711508e-08,2.454479535174414e-06,4.973959839560393e-07,4.556920008003118e-08,8.020126704977315e-07,,,,,,,,
foc_bus_48.0,77,,,,,,,,,,,,,,,,,,,,,,,,,,1.9999999494757503e-05,,,,,,,,,,,-0.2209537923336029,3.6158854961395264,0.6917177438735962,1.253867268562317,400.0,True,True,-3.678963053550806,36.44698671192472,-2.78319163465686,27.572701070529458,36.63219362157567,27.712812921102042,0.22236221692683472,-4.418198474905683,-3.6789631843566895,36.44698715209961,-2.783191680908203,27.57270050048828,36.63219451904297,27.712812423706055,0.22236217558383942,-4.41819953918457,1.3080588345815158e-07,4.401748867621791e-07,4.6251343199799066e-08,5.700411769282709e-07,8.974673022521529e-07,4.97395987508753e-07,4.134299530500485e-08,1.0642788872416986e-06,,,,,,,,
foc_bus_48.0,78,,,,,,,,,,,,,,,,,,,,,,,,,,3.9999998989515007e-05,,,,,,,,,,,-0.2623140215873718,4.031593322753906,0.6989803314208984,1.3597776889801025,400.0,True,True,-3.9437509856328,36.75226265599309,-2.9567862135599476,27.55462602336134,36.96325178027204,27.712812921102042,0.26054353027988814,-5.010975154418214,-3.943751096725464,36.75226593017578,-2.9567859172821045,27.554624557495117,36.9632568359375,27.712810516357422,0.2605435252189636,-5.010976314544678,1.110926639569243e-07,3.2741826885285263e-06,2.9627784314811834e-07,1.4658662230715436e-06,5.055665461384251e-06,2.404744620321253e-06,5.060924512800824e-09,1.16012646333985e-06,,,,,,,,
foc_bus_48.0,79,,,,,,,,,,,,,,,,,,,,,,,,,,1.9999999494757503e-05,,,,,,,,,,,-0.2992473840713501,4.41466760635376,0.6992589235305786,1.459027886390686,400.0,True,True,-4.115097184972845,36.59616744412577,-3.0966824677086624,27.53925485001702,36.826804048685275,27.712812921102042,0.28011850668271143,-5.296709231312219,-4.1150970458984375,36.596168518066406,-3.096682071685791,27.53925323486328,36.826805114746094,27.712810516357422,0.28011852502822876,-5.29671049118042,1.390744071017025e-07,1.0739406377524574e-06,3.960228713850711e-07,1.6151537387543158e-06,1.066060818288861e-06,2.404744620321253e-06,1.8345517327489347e-08,1.2598682008757578e-06,,,,,,,,
foc_bus_48.0,80,,,,,,,,,,,,,,,,,,,,,,,,,,3.9999998989515007e-05,,,,,,,,,,,-0.33113059401512146,4.762007236480713,0.692550778388977,1.5511317253112793,400.0,True,True,-4.304737517420174,36.795572818885994,-3.2201775619953623,27.525087764968553,37.04652404968416,27.712812921102035,0.32330676891426957,-5.8746597641554015,-4.3047380447387695,36.79557418823242,-3.2201778888702393,27.525089263916016,37.04652404785156,27.712814331054688,0.3233067989349365,-5.874660968780518,5.273185958998283e-07,1.3693464282482637e-06,3.2687487694360584e-07,1.4989474621529553e-06,1.8325962969356624e-09,1.4099526524091743e-06,3.0020666952346176e-08,1.2046251161024202e-06,,,,,,,,
foc_bus_48.0,81,,,,,,,,,,,,,,,,,,,,,,,,,,1.9999999494757503e-05,,,,,,,,,,,-0.3574255704879761,5.070800304412842,0.6789228916168213,1.6356382369995117,400.0,True,True,-4.392734085784085,36.51540569214912,-3.3099348071421226,27.514438601804493,36.778675419468904,27.712812921102042,0.3445957937261396,-6.149247425538704,-4.392733573913574,36.51540756225586,-3.309934139251709,27.514436721801758,36.77867889404297,27.712810516357422,0.3445958197116852,-6.149249076843262,5.118705104223409e-07,1.8701067361348578e-06,6.678904136414587e-07,1.8800027348220283e-06,3.47457406491003e-06,2.404744620321253e-06,2.5985545604179094e-08,1.651304557981348e-06,,,,,,,,
foc_bus_48.0,82,,,,,,,,,,,,,,,,,,,,,,,,,,3.9999998989515007e-05,,,,,,,,,,,-0.37768852710723877,5.338548183441162,0.6585114002227783,1.7121332883834839,400.0,True,True,-4.500709377313869,36.59782018682188,-3.382571040844678,27.505603304665744,36.87352474779144,27.712812921102042,0.38984394419188917,-6.698093926046298,-4.500709533691406,36.59782028198242,-3.382571220397949,27.505603790283203,36.8735237121582,27.712814331054688,0.38984397053718567,-6.698095321655273,1.563775375856835e-07,9.51605443333392e-08,1.7955327136220944e-07,4.856174591338913e-07,1.0356332396099788e-06,1.409952645303747e-06,2.6345296499918902e-08,1.3956089750521983e-06,,,,,,,,
foc_bus_48.0,83,,,,,,,,,,,,,,,,,,,,,,,,,,1.9999999494757503e-05,,,,,,,,,,,-0.3915775716304779,5.563082218170166,0.6315202713012695,1.7802423238754272,400.0,True,True,-4.504072594841865,36.19696123276425,-3.4219799710267025,27.500728228137742,36.4761109827493,27.712812921102035,0.41135605659015073,-6.95464087184207,-4.504072666168213,36.19696044921875,-3.421980142593384,27.500728607177734,36.47610855102539,27.712812423706055,0.4113560914993286,-6.954642295837402,7.132634749495992e-08,7.835455022586757e-07,1.7156668130624553e-07,3.7903999228205976e-07,2.431723906681782e-06,4.973959804033257e-07,3.490917788173675e-08,1.423995332316963e-06,,,,,,,,
foc_bus_48.0,84,,,,,,,,,,,,,,,,,,,,,,,,,,3.9999998989515007e-05,,,,,,,,,,,-0.3988582491874695,5.742586135864258,0.5982192158699036,1.8396317958831787,400.0,True,True,-4.527496966791478,36.155956023520744,-3.443343876196151,27.498061439859033,36.43832302341962,27.71281292110203,0.45551642322076263,-7.46031663994429,-4.527496814727783,36.15595245361328,-3.4433441162109375,27.498062133789062,36.43832015991211,27.712814331054688,0.45551642775535583,-7.460317611694336,1.520636949692289e-07,3.5699074629746974e-06,2.40014786712095e-07,6.939300298824946e-07,2.8635075111083097e-06,1.409952655961888e-06,4.534593200933301e-09,9.717500457639972e-07,,,,,,,,
foc_bus_48.0,85,,,,,,,,,,,,,,,,,,,,,,,,,,1.9999999494757503e-05,,,,,,,,,,,-0.3994077146053314,5.875606536865234,0.5589410066604614,1.8900107145309448,400.0,True,True,-4.448754995846125,35.64300589961955,-3.432321861507299,27.49943938772242,35.91956695971403,27.71281292110204,0.4757735258140549,-7.692207309969591,-4.448755264282227,35.64300537109375,-3.4323220252990723,27.499439239501953,35.9195671081543,27.712812423706055,0.47577354311943054,-7.692208290100098,2.6843610179128063e-07,5.285258026788142e-07,1.63791773477584e-07,1.4822046523477184e-07,1.4844026452465187e-07,4.973959839560393e-07,1.730537563249257e-08,9.801305065337829e-07,,,,,,,,
foc_bus_48.0,86,,,,,,,,,,,,,,,,,,,,,,,,,,3.9999998989515007e-05,,,,,,,,,,,-0.39321669936180115,5.961066722869873,0.5140779614448547,1.931132435798645,400.0,True,True,-4.388390070484331,35.47697612899603,-3.402059072271499,27.503199706011937,35.74736077905724,27.712812921102035,0.5159424645574456,-8.141515529148583,-4.388390064239502,35.47697448730469,-3.4020588397979736,27.503196716308594,35.74736022949219,27.712810516357422,0.5159425139427185,-8.14151668548584,6.244828654189405e-09,1.6416913410921552e-06,2.324735253189658e-07,2.9897033435588583e-06,5.495650512443717e-07,2.4047446132158257e-06,4.9385272871127484e-08,1.1563372570577712e-06,,,,,,,,
foc_bus_48.0,87,,,,,,,,,,,,,,,,,,,,,,,,,,1.9999999494757503e-05,,,,,,,,,,,-0.38038966059684753,5.998274803161621,0.46407845616340637,1.962795376777649,400.0,True,True,-4.233467806252209,34.86527647809629,-3.340454630164167,27.510749950952174,35.121357513067004,27.712812921102042,0.5336929957081242,-8.342719961756416,-4.2334675788879395,34.86527633666992,-3.340454339981079,27.51074981689453,35.12135696411133,27.712812423706055,0.5336930751800537,-8.342720985412598,2.2736426963376744e-07,1.4142636928227148e-07,2.901830877810596e-07,1.3405764320850722e-07,5.489556755833291e-07,4.97395987508753e-07,7.947192948165593e-08,1.023656182042032e-06,,,,,,,,
foc_bus_48.0,88,,,,,,,,,,,,,,,,,,,,,,,,,,3.9999998989515007e-05,,,,,,,,,,,-0.3611430823802948,5.986929416656494,0.4094420373439789,1.9848445653915405,400.0,True,True,-4.093548504155869,34.57741178239694,-3.2581098905817902,27.520623538373783,34.81888201716591,27.712812921102035,0.5676379107501281,-8.723938631844637,-4.093548774719238,34.57741165161133,-3.2581100463867188,27.52062225341797,34.81888198852539,27.712812423706055,0.5676379799842834,-8.723939895629883,2.705633690425202e-07,1.3078561522661403e-07,1.5580492851441363e-07,1.2849558146399431e-06,2.864052106588133e-08,4.973959804033257e-07,6.923415529769272e-08,1.2637852453423193e-06,,,,,,,,
foc_bus_48.0,89,,,,,,,,,,,,,,,,,,,,,,,,,,1.9999999494757503e-05,,,,,,,,,,,-0.33580178022384644,5.927122592926025,0.3507145941257477,1.9971719980239868,400.0,True,True,-3.871180932093923,33.884428328701716,-3.1456325226361175,27.533706543662696,34.10484606286812,27.712812921102035,0.5820520072125024,-8.88928936769451,-3.871181011199951,33.884429931640625,-3.14563250541687,27.533706665039062,34.1048469543457,27.712812423706055,0.5820520520210266,-8.889290809631348,7.91060279503597e-08,1.602938908717988e-06,1.7219247361310863e-08,1.2137636673514862e-07,8.914775833090971e-07,4.973959804033257e-07,4.480852422439341e-08,1.4419368383755682e-06,,,,,,,,
foc_bus_48.0,90,,,,,,,,,,,,,,,,,,,,,,,,,,3.9999998989515007e-05,,,,,,,,,,,-0.30479344725608826,5.819338798522949,0.2884829342365265,1.9997172355651855,400.0,True,True,-3.6590656164389004,33.48253079336043,-3.0106104307343156,27.548797157668314,33.68187390145826,27.712812921102035,0.6085820039208744,-9.192709307476989,-3.6590654850006104,33.4825325012207,-3.0106098651885986,27.54879379272461,33.68187713623047,27.71280860900879,0.608582079410553,-9.192710876464844,1.314382900297062e-07,1.7078602709830193e-06,5.655457169240208e-07,3.364943705008727e-06,3.234772208315917e-06,4.312093246028326e-06,7.548967861925604e-08,1.5689878551938818e-06,,,,,,,,
foc_bus_48.0,91,,,,,,,,,,,,,,,,,,,,,,,,,,1.9999999494757503e-05,,,,,,,,,,,-0.26864132285118103,5.664450168609619,0.22336885333061218,1.992467999458313,400.0,True,True,-3.380081938606432,32.729106351715664,-2.846885133699123,27.56619750773623,32.903181555794994,27.712812921102042,0.619410377723103,-9.318142354469792,-3.38008189201355,32.72910690307617,-2.8468849658966064,27.56619644165039,32.90318298339844,27.712812423706055,0.6194104552268982,-9.318143844604492,4.659288199704292e-08,5.513605074725092e-07,1.6780251677062097e-07,1.0660858400513007e-06,1.427603443460157e-06,4.97395987508753e-07,7.750379515947259e-08,1.4901347000773058e-06,,,,,,,,
foc_bus_48.0,92,,,,,,,,,,,,,,,,,,,,,,,,,,3.9999998989515007e-05,,,,,,,,,,,-0.22795554995536804,5.463710308074951,0.15602293610572815,1.9754594564437866,400.0,True,True,-3.1057521221509226,32.22524892305409,-2.658541710824598,27.584998748809213,32.37456353986944,27.712812921102035,0.6386559434786007,-9.536526300119476,-3.1057519912719727,32.225250244140625,-2.658541440963745,27.584999084472656,32.37456512451172,27.712812423706055,0.6386560201644897,-9.536527633666992,1.3087894989993742e-07,1.3210865361656943e-06,2.6986085277513894e-07,3.356634437068351e-07,1.5846422769527635e-06,4.973959804033257e-07,7.668588908327223e-08,1.3335475159692578e-06,,,,,,,,
foc_bus_48.0,93,,,,,,,,,,,,,,,,,,,,,,,,,,1.9999999494757503e-05,,,,,,,,,,,-0.1834227591753006,5.218744277954102,0.08711809664964676,1.948775291442871,400.0,True,True,-2.782285776524578,31.434743551459327,-2.4433063344485695,27.604895474463287,31.55763324915645,27.712812921102042,0.6463364177781151,-9.619280684422282,-2.782285690307617,31.434741973876953,-2.4433062076568604,27.604894638061523,31.557632446289062,27.712812423706055,0.6463364958763123,-9.619281768798828,8.621696068189522e-08,1.5775823740682426e-06,1.2679170913187932e-07,8.364017638484711e-07,8.028673867954694e-07,4.97395987508753e-07,7.809819713155974e-08,1.084376545890109e-06,,,,,,,,
foc_bus_48.0,94,,,,,,,,,,,,,,,,,,,,,,,,,,3.9999998989515007e-05,,,,,,,,,,,-0.1357944905757904,4.931534767150879,0.01734279841184616,1.912545919418335,400.0,True,True,-2.457731462435317,30.844788174646247,-2.2011971280324047,27.625255314721386,30.942550015799302,27.712812921102042,0.6599064454094311,-9.748232967230864,-2.457731246948242,30.84478759765625,-2.2011971473693848,27.625255584716797,30.942548751831055,27.712812423706055,0.6599065065383911,-9.748234748840332,2.1548707485052887e-07,5.769899971141967e-07,1.9336980017214955e-08,2.699954109175451e-07,1.2639682474002711e-06,4.97395987508753e-07,6.11289600049858e-08,1.7816094679545813e-06,,,,,,,,
foc_bus_48.0,95,,,,,,,,,,,,,,,,,,,,,,,,,,1.9999999494757503e-05,,,,,,,,,,,-0.0858745127916336,4.604406833648682,-0.05260578542947769,1.8669489622116089,400.0,True,True,-2.1024166353702842,30.042140587972607,-1.9346732811712262,27.645199208816027,30.115616660068458,27.712812921102042,0.665603221522727,-9.787004015808495,-2.102416515350342,30.04214096069336,-1.9346730709075928,27.645198822021484,30.115617752075195,27.712812423706055,0.6656032800674438,-9.787005424499512,1.2001994242893943e-07,3.727207520398679e-07,2.102636333933816e-07,3.8679454306134176e-07,1.0920067374797782e-06,4.97395987508753e-07,5.854471685218243e-08,1.4086910162802724e-06,,,,,,,,
foc_bus_48.0,96,,,,,,,,,,,,,,,,,,,,,,,,,,3.9999998989515007e-05,,,,,,,,,,,-0.03450530767440796,4.240008354187012,-0.12202874571084976,1.812207579612732,400.0,True,True,-1.740947690317416,29.38512499514772,-1.6389961044820636,27.664303565596818,29.43665181098008,27.712812921102042,0.6765892114238217,-9.825239778380006,-1.7409477233886719,29.3851261138916,-1.6389960050582886,27.664302825927734,29.43665313720703,27.712812423706055,0.6765892505645752,-9.825242042541504,3.3071255955974266e-08,1.118743881534101e-06,9.942377499072563e-08,7.396690833161301e-07,1.3262269504821234e-06,4.97395987508753e-07,3.914075352717816e-08,2.264161498288786e-06,,,,,,,,
foc_bus_48.0,97,,,,,,,,,,,,,,,,,,,,,,,,,,1.9999999494757503e-05,,,,,,,,,,,0.01744621805846691,3.8412892818450928,-0.19023244082927704,1.748590111732483,400.0,True,True,-1.3661680684811663,28.595858988745384,-1.3224721341805936,27.68124035252604,28.628474749723356,27.71281292110204,0.6821505259377859,-9.82028002483334,-1.3661680221557617,28.595855712890625,-1.3224722146987915,27.68124008178711,28.62847137451172,27.712812423706055,0.6821505427360535,-9.820281982421875,4.6325404623459576e-08,3.275854759010599e-06,8.051819788690295e-08,2.707389299416718e-07,3.3752116372909313e-06,4.973959839560393e-07,1.6798267554740676e-08,1.9575885357170364e-06,,,,,,,,
foc_bus_48.0,98,,,,,,,,,,,,,,,,,,,,,,,,,,3.9999998989515007e-05,,,,,,,,,,,0.06910331547260284,3.4114766120910645,-0.2565353810787201,1.676408052444458,400.0,True,True,-0.9817062842341424,27.893274628874924,-0.9747513957022814,27.695664998634296,27.910544902426075,27.712812921102046,0.6949492140529038,-9.769779487031666,-0.9817063808441162,27.893272399902344,-0.9747515320777893,27.69566535949707,27.91054344177246,27.712812423706055,0.6949492692947388,-9.769781112670898,9.660997379867808e-08,2.2289725798430027e-06,1.36375507886477e-07,3.6086277432900715e-07,1.4606536140604476e-06,4.973959910614667e-07,5.5241834995278793e-08,1.6256392321167823e-06,,,,,,,,
foc_bus_48.0,99,,,,,,,,,,,,,,,,,,,,,,,,,,1.9999999494757503e-05,,,,,,,,,,,0.11959421634674072,2.954049587249756,-0.32027512788772583,1.5960149765014648,400.0,False,False,-0.598967332246769,27.14249056845496,-0.598967332246769,27.14249056845496,27.149098624517265,27.149098624517265,0.7032392133361672,-9.744185282531365,-0.598967432975769,27.14249038696289,-0.598967432975769,27.14249038696289,27.149099349975586,27.149099349975586,0.7032392621040344,-9.744187355041504,1.007290000298866e-07,1.814920693732347e-07,1.007290000298866e-07,1.814920693732347e-07,7.254583209714838e-07,7.254583209714838e-07,4.87678671889924e-08,2.0725101386176448e-06,,,,,,,,
foc_bus_48.0,100,,,,,,,,,,,,,,,,,,,,,,,,,,3.9999998989515007e-05,,,,,,,,,,,0.1680668145418167,2.4727108478546143,-0.380814790725708,1.5078045129776,400.0,False,False,-0.20490198127589077,26.396238843352013,-0.20490198127589077,26.396238843352013,26.397034111756124,26.397034111756124,0.723928211894061,-9.707815060648919,-0.20490193367004395,26.396238327026367,-0.20490193367004395,26.396238327026367,26.39703369140625,26.39703369140625,0.7239282727241516,-9.707817077636719,4.760584682017566e-08,5.163256453499798e-07,4.760584682017566e-08,5.163256453499798e-07,4.20349874019621e-07,4.20349874019621e-07,6.083009063129197e-08,2.0169877998910124e-06,,,,,,,,
foc_bus_48.0,101,,,,,,,,,,,,,,,,,,,,,,,,,,1.9999999494757503e-05,,,,,,,,,,,0.21370308101177216,1.971356749534607,-0.4375494420528412,1.412208914756775,400.0,False,False,0.1763611124899307,25.61004511481348,0.1763611124899307,25.61004511481348,25.610652354533663,25.610652354533663,0.7362020450679213,-9.697277078836128,0.1763613224029541,25.610042572021484,0.1763613224029541,25.610042572021484,25.61064910888672,25.61064910888672,0.7362021207809448,-9.69727897644043,2.0991302340789275e-07,2.54279199651819e-06,2.0991302340789275e-07,2.54279199651819e-06,3.24564694409446e-06,3.24564694409446e-06,7.571302351738751e-08,1.8976043012486343e-06,,,,,,,,
foc_bus_48.0,102,,,,,,,,,,,,,,,,,,,,,,,,,,3.9999998989515007e-05,,,,,,,,,,,0.25573286414146423,1.4540454149246216,-0.4899122714996338,1.3096961975097656,400.0,False,False,0.5653729577275997,24.811818394417195,0.5653729577275997,24.811818394417195,24.818258976384083,24.818258976384083,0.7643076528855858,-9.691836122676788,0.5653729438781738,24.81181526184082,0.5653729438781738,24.81181526184082,24.818256378173828,24.818256378173828,0.7643077373504639,-9.691838264465332,1.3849425828382778e-08,3.1325763742984236e-06,1.3849425828382778e-08,3.1325763742984236e-06,2.5982102549448882e-06,2.5982102549448882e-06,8.446487809177228e-08,2.1417885438523854e-06,,,,,,,,
foc_bus_48.0,103,,,,,,,,,,,,,,,,,,,,,,,,,,1.9999999494757503e-05,,,,,,,,,,,0.293446809053421,0.9249643087387085,-0.537380039691925,1.2007687091827393,400.0,False,False,0.9303449630323006,24.003268055075154,0.9303449630323006,24.003268055075154,24.021290953527686,24.021290953527686,0.7799658342771575,-9.697034071367623,0.9303450584411621,24.003265380859375,0.9303450584411621,24.003265380859375,24.02128791809082,24.02128791809082,0.7799659371376038,-9.697035789489746,9.540886147796357e-08,2.6742157785974996e-06,9.540886147796357e-08,2.6742157785974996e-06,3.035436865417296e-06,3.035436865417296e-06,1.0286044627161317e-07,1.7181221227957622e-06,,,,,,,,
foc_bus_48.0,104,,,,,,,,,,,,,,,,,,,,,,,,,,3.9999998989515007e-05,,,,,,,,,,,0.32620853185653687,0.3883959949016571,-0.5794785022735596,1.085959792137146,400.0,False,False,1.2989261799461298,23.181203579791635,1.2989261799461298,23.181203579791635,23.217566811117266,23.217566811117266,0.8141039026022708,-9.723327348927926,1.2989261150360107,23.18120574951172,1.2989261150360107,23.18120574951172,23.21756935119629,23.21756935119629,0.8141040205955505,-9.723328590393066,6.49101190575152e-08,2.1697200836001684e-06,6.49101190575152e-08,2.1697200836001684e-06,2.540079023560793e-06,2.540079023560793e-06,1.179932797024108e-07,1.2414651404668575e-06,,,,,,,,
foc_bus_48.0,105,,,,,,,,,,,,,,,,,,,,,,,,,,1.9999999494757503e-05,,,,,,,,,,,0.3534650504589081,-0.15131619572639465,-0.6157870292663574,0.9658318758010864,400.0,False,False,1.6337553014980704,22.379175968950193,1.6337553014980704,22.379175968950193,22.438731546912603,22.438731546912603,0.8323709156404449,-9.744381684342866,1.6337554454803467,22.37917709350586,1.6337554454803467,22.37917709350586,22.438732147216797,22.438732147216797,0.8323710560798645,-9.744382858276367,1.4398227632383964e-07,1.1245556663652678e-06,1.4398227632383964e-07,1.1245556663652678e-06,6.00304193909551e-07,6.00304193909551e-07,1.4043941964914097e-07,1.1739335015192864e-06,,,,,,,,
foc_bus_48.0,106,,,,,,,,,,,,,,,,,,,,,,,,,,3.9999998989515007e-05,,,,,,,,,,,0.37475642561912537,-0.6898035407066345,-0.6459428071975708,0.8409733176231384,400.0,False,False,1.968202967320114,21.562405905402052,1.968202967320114,21.562405905402052,21.65204774033821,21.65204774033821,0.8708441396529263,-9.802081268206686,1.9682031869888306,21.56240463256836,1.9682031869888306,21.56240463256836,21.65204620361328,21.65204620361328,0.870844304561615,-9.802082061767578,2.1966871655010323e-07,1.2728336926670636e-06,2.1966871655010323e-07,1.2728336926670636e-06,1.5367249304176767e-06,1.5367249304176767e-06,1.64908688704557e-07,7.935608916653791e-07,,,,,,,,
foc_bus_48.0,107,,,,,,,,,,,,,,,,,,,,,,,,,,1.9999999494757503e-05,,,,,,,,,,,0.3897233307361603,-1.2227072715759277,-0.6696445345878601,0.7119956612586975,400.0,False,False,2.2611816472620747,20.79570648989103,2.2611816472620747,20.79570648989103,20.918277913241585,20.918277913241585,0.8908095201900325,-9.838543654451039,2.261181592941284,20.79570960998535,2.261181592941284,20.79570960998535,20.91828155517578,20.91828155517578,0.8908096551895142,-9.838544845581055,5.432079053235839e-08,3.1200943197973174e-06,5.432079053235839e-08,3.1200943197973174e-06,3.6419341959970097e-06,3.6419341959970097e-06,1.3499948170458964e-07,1.191130015953945e-06,,,,,,,,
foc_bus_48.0,108,,,,,,,,,,,,,,,,,,,,,,,,,,3.9999998989515007e-05,,,,,,,,,,,0.3981131911277771,-1.745713710784912,-0.6866553425788879,0.579530656337738,400.0,False,False,2.5501064383529584,20.01335377508039,2.5501064383529584,20.01335377508039,20.175167215501677,20.175167215501677,0.9316977088524439,-9.926189108218257,2.5501065254211426,20.01335334777832,2.5501065254211426,20.01335334777832,20.175167083740234,20.175167083740234,0.9316978454589844,-9.926190376281738,8.706818421799767e-08,4.2730206928354164e-07,8.706818421799767e-08,4.2730206928354164e-07,1.3176144264548384e-07,1.3176144264548384e-07,1.366065405239425e-07,1.2680634817741065e-06,,,,,,,,
foc_bus_48.0,109,,,,,,,,,,,,,,,,,,,,,,,,,,1.9999999494757503e-05,,,,,,,,,,,0.3997844159603119,-2.254589557647705,-0.6968053579330444,0.44422709941864014,400.0,False,False,2.792195500817013,19.309715623406735,2.792195500817013,19.309715623406735,19.510547741455667,19.510547741455667,0.9523645922321692,-9.977052366697151,2.7921955585479736,19.309715270996094,2.7921955585479736,19.309715270996094,19.510547637939453,19.510547637939453,0.9523647427558899,-9.97705364227295,5.7730960456581215e-08,3.524106411134653e-07,5.7730960456581215e-08,3.524106411134653e-07,1.0351621426707425e-07,1.0351621426707425e-07,1.505237207100052e-07,1.2755757978766269e-06,,,,,,,,
foc_bus_48.0,110,,,,,,,,,,,,,,,,,,,,,,,,,,3.9999998989515007e-05,,,,,,,,,,,0.3947087824344635,-2.74521541595459,-0.6999931335449219,0.3067477345466614,400.0,False,False,3.0270190500037804,18.58988998070319,3.0270190500037804,18.58988998070319,18.834724681389286,18.834724681389286,0.9936271999487865,-10.092090037141016,3.0270190238952637,18.589885711669922,3.0270190238952637,18.589885711669922,18.834720611572266,18.834720611572266,0.9936273694038391,-10.09209156036377,2.6108516681944138e-08,4.269033269110878e-06,2.6108516681944138e-08,4.269033269110878e-06,4.0698170202801975e-06,4.0698170202801975e-06,1.6945505265653082e-07,1.5232227532635534e-06,,,,,,,,
foc_bus_48.0,111,,,,,,,,,,,,,,,,,,,,,,,,,,1.9999999494757503e-05,,,,,,,,,,,0.38297197222709656,-3.2136199474334717,-0.6961868405342102,0.16776590049266815,400.0,False,False,3.2122099546165592,17.975013632197246,3.2122099546165592,17.975013632197246,18.259775679624724,18.259775679624724,1.013965570652679,-10.15581733849349,3.212210178375244,17.975011825561523,3.212210178375244,17.975011825561523,18.25977325439453,18.25977325439453,1.0139657258987427,-10.155818939208984,2.2375868491408824e-07,1.80663572280082e-06,2.2375868491408824e-07,1.80663572280082e-06,2.425230192670824e-06,2.425230192670824e-06,1.55246063782144e-07,1.600715494376459e-06,,,,,,,,
foc_bus_48.0,112,,,,,,,,,,,,,,,,,,,,,,,,,,3.9999998989515007e-05,,,,,,,,,,,0.3647720217704773,-3.6560118198394775,-0.6854243874549866,0.02796235680580139,400.0,False,False,3.387492949909711,17.343843890448188,3.387492949909711,17.343843890448188,17.671559902338135,17.671559902338135,1.0535506319618129,-10.294677405394044,3.387493133544922,17.343841552734375,3.387493133544922,17.343841552734375,17.671558380126953,17.671558380126953,1.0535508394241333,-10.294678688049316,1.8363521103736957e-07,2.337713812750053e-06,1.8363521103736957e-07,2.337713812750053e-06,1.5222111819923612e-06,1.5222111819923612e-06,2.0746232043400425e-07,1.2826552726608043e-06,,,,,,,,
foc_bus_48.0,113,,,,,,,,,,,,,,,,,,,,,,,,,,1.9999999494757503e-05,,,,,,,,,,,0.3404161334037781,-4.068809986114502,-0.6678134799003601,-0.11197814345359802,400.0,False,False,3.512990529918489,16.840504396642178,3.512990529918489,16.840504396642178,17.20301400326761,17.20301400326761,1.0725522352360821,-10.369249851893448,3.512990713119507,16.84050750732422,3.512990713119507,16.84050750732422,17.20301628112793,17.20301628112793,1.0725524425506592,-10.369251251220703,1.832010179114718e-07,3.110682040841084e-06,1.832010179114718e-07,3.110682040841084e-06,2.2778603181450308e-06,2.2778603181450308e-06,2.0731457706091305e-07,1.3993272549583935e-06,,,,,,,,
foc_bus_48.0,114,,,,,,,,,,,,,,,,,,,,,,,,,,3.9999998989515007e-05,,,,,,,,,,,0.3103152811527252,-4.448673248291016,-0.6435299515724182,-0.2513701915740967,400.0,False,False,3.626578158209731,16.32123580677481,3.626578158209731,16.32123580677481,16.71929446471806,16.71929446471806,1.1085055309102667,-10.527458828208358,3.6265783309936523,16.32123565673828,3.6265783309936523,16.32123565673828,16.71929359436035,16.71929359436035,1.1085057258605957,-10.527460098266602,1.7278392139274956e-07,1.5003652720224636e-07,1.7278392139274956e-07,1.5003652720224636e-07,8.703577094593129e-07,8.703577094593129e-07,1.9495032899108367e-07,1.270058243463268e-06,,,,,,,,
foc_bus_48.0,115,,,,,,,,,,,,,,,,,,,,,,,,,,1.9999999494757503e-05,,,,,,,,,,,0.2749774754047394,-4.7925262451171875,-0.6128165125846863,-0.3895309865474701,400.0,False,False,3.6927972827062523,15.948492795800327,3.6927972827062523,15.948492795800327,16.370435981636458,16.370435981636458,1.1252373437101033,-10.610439895236977,3.6927974224090576,15.948493957519531,3.6927974224090576,15.948493957519531,16.370437622070312,16.370437622070312,1.1252375841140747,-10.610441207885742,1.39702805324049e-07,1.1617192043900104e-06,1.39702805324049e-07,1.1617192043900104e-06,1.64043385453283e-06,1.64043385453283e-06,2.4040397139657443e-07,1.312648764795199e-06,,,,,,,,
foc_bus_48.0,116,,,,,,,,,,,,,,,,,,,,,,,,,,3.9999998989515007e-05,,,,,,,,,,,0.23499912023544312,-5.097586154937744,-0.575980007648468,-0.525783896446228,400.0,False,False,3.7457741370386537,15.56068524015236,3.7457741370386537,15.56068524015236,16.0051788190199,16.0051788190199,1.155805586198562,-10.78276487283721,3.745774269104004,15.560684204101562,3.745774269104004,15.560684204101562,16.005178451538086,16.005178451538086,1.1558058261871338,-10.782766342163086,1.3206535021126342e-07,1.0360507971540756e-06,1.3206535021126342e-07,1.0360507971540756e-06,3.674818138676983e-07,3.674818138676983e-07,2.399885716819483e-07,1.4693258751918847e-06,,,,,,,,
foc_bus_48.0,117,,,,,,,,,,,,,,,,,,,,,,,,,,1.9999999494757503e-05,,,,,,,,,,,0.19105485081672668,-5.361383438110352,-0.5333884954452515,-0.659461498260498,400.0,False,False,3.756154089270867,15.33321598911547,3.756154089270867,15.33321598911547,15.78658310437102,15.78658310437102,1.1694588105025399,-10.87137966271113,3.7561542987823486,15.333213806152344,3.7561542987823486,15.333213806152344,15.786581039428711,15.786581039428711,1.1694591045379639,-10.871380805969238,2.0951148149706e-07,2.18296312581856e-06,2.0951148149706e-07,2.18296312581856e-06,2.0649423095875363e-06,2.0649423095875363e-06,2.9403542400885385e-07,1.14325810862681e-06,,,,,,,,
foc_bus_48.0,118,,,,,,,,,,,,,,,,,,,,,,,,,,3.9999998989515007e-05,,,,,,,,,,,0.14388631284236908,-5.581782817840576,-0.4854675531387329,-0.7899090647697449,400.0,False,False,3.752617780948827,15.092062751209909,3.752617780948827,15.092062751209909,15.551607579165278,15.551607579165278,1.193181050600824,-11.05199979684474,3.7526183128356934,15.092060089111328,3.7526183128356934,15.092060089111328,15.551605224609375,15.551605224609375,1.1931813955307007,-11.052000999450684,5.318868665504795e-07,2.662098580685779e-06,5.318868665504795e-07,2.662098580685779e-06,2.354555903139044e-06,2.354555903139044e-06,3.449298766611264e-07,1.2026059437175718e-06,,,,,,,,
foc_bus_48.0,119,,,,,,,,,,,,,,,,,,,,,,,,,,1.9999999494757503e-05,,,,,,,,,,,0.09428951144218445,-5.756999969482422,-0.43269598484039307,-0.9164876937866211,400.0,False,False,3.713268390258632,15.01964724923424,3.713268390258632,15.01964724923424,15.4718507499757,15.4718507499757,1.203112884777802,-11.143226530014752,3.713268756866455,15.019645690917969,3.713268756866455,15.019645690917969,15.47184944152832,15.47184944152832,1.2031131982803345,-11.143227577209473,3.6660782321007446e-07,1.5583162706889198e-06,3.6660782321007446e-07,1.5583162706889198e-06,1.3084473788893547e-06,1.3084473788893547e-06,3.135025323786067e-07,1.0471947202717047e-06,,,,,,,,
foc_bus_48.0,120,,,,,,,,,,,,,,,,,,,,,,,,,,3.9999998989515007e-05,,,,,,,,,,,0.04310145974159241,-5.885617256164551,-0.37560105323791504,-1.0385773181915283,400.0,False,False,3.6599386061025796,14.935443593672247,3.6599386061025796,14.935443593672247,15.377341315721827,15.377341315721827,1.2188950418114621,-11.325926043579068,3.6599388122558594,14.935440063476562,3.6599388122558594,14.935440063476562,15.377338409423828,15.377338409423828,1.2188953161239624,-11.325926780700684,2.0615327978035225e-07,3.5301956842204163e-06,2.0615327978035225e-07,3.5301956842204163e-06,2.906297998706009e-06,2.906297998706009e-06,2.743125002702129e-07,7.371216153018167e-07,,,,,,,,
foc_bus_48.0,121,,,,,,,,,,,,,,,,,,,,,,,,,,1.9999999494757503e-05,,,,,,,,,,,-0.008813979104161263,-5.966593265533447,-0.3147532343864441,-1.1555800437927246,400.0,False,False,3.5791440926068505,15.02261046206268,3.5791440926068505,15.02261046206268,15.443092226964055,15.443092226964055,1.2246609271595903,-11.41659682271557,3.5791444778442383,15.022613525390625,3.5791444778442383,15.022613525390625,15.443095207214355,15.443095207214355,1.2246612310409546,-11.416597366333008,3.852373877677451e-07,3.063327945085348e-06,3.852373877677451e-07,3.063327945085348e-06,2.9802503007658743e-06,2.9802503007658743e-06,3.0388136429415624e-07,5.436174372874802e-07,,,,,,,,
foc_bus_48.0,122,,,,,,,,,,,,,,,,,,,,,,,,,,3.9999998989515007e-05,,,,,,,,,,,-0.060580674558877945,-5.999272346496582,-0.2507604956626892,-1.2669225931167603,400.0,False,False,3.484833856491118,15.100386393110949,3.484833856491118,15.100386393110949,15.497281575444031,15.497281575444031,1.2318293766153514,-11.59497331827221,3.4848341941833496,15.100385665893555,3.4848341941833496,15.100385665893555,15.497281074523926,15.497281074523926,1.2318296432495117,-11.59497356414795,3.3769223151125516e-07,7.272173938588367e-07,3.3769223151125516e-07,7.272173938588367e-07,5.009201053951529e-07,5.009201053951529e-07,2.666341603063671e-07,2.4587573932421947e-07,,,,,,,,
foc_bus_48.0,123,,,,,,,,,,,,,,,,,,,,,,,,,,1.9999999494757503e-05,,,,,,,,,,,-0.11132499575614929,-5.9833903312683105,-0.1842622607946396,-1.372059941291809,400.0,False,False,3.3724477846174645,15.346243003497701,3.3724477846174645,15.346243003497701,15.71243387837713,15.71243387837713,1.2332039890606552,-11.68188077415397,3.372447967529297,15.346240997314453,3.372447967529297,15.346240997314453,15.712431907653809,15.712431907653809,1.2332042455673218,-11.681880950927734,1.8291183234708797e-07,2.006183247971194e-06,1.8291183234708797e-07,2.006183247971194e-06,1.9707233214205644e-06,1.9707233214205644e-06,2.5650666657384136e-07,1.7677376362712494e-07,,,,,,,,
foc_bus_48.0,124,,,,,,,,,,,,,,,,,,,,,,,,,,3.9999998989515007e-05,,,,,,,,,,,-0.16019056737422943,-5.919075012207031,-0.11592292040586472,-1.4704768657684326,400.0,False,False,3.24743312650616,15.585572668681014,3.24743312650616,15.585572668681014,15.920298279927616,15.920298279927616,1.2315354083038936,-11.849561818213479,3.247433662414551,15.585575103759766,3.247433662414551,15.585575103759766,15.920300483703613,15.920300483703613,1.2315356731414795,-11.84956169128418,5.35908390997264e-07,2.4350787519722417e-06,5.35908390997264e-07,2.4350787519722417e-06,2.203775997244861e-06,2.203775997244861e-06,2.648375858615992e-07,1.269292990713211e-07,,,,,,,,
foc_bus_48.0,125,,,,,,,,,,,,,,,,,,,,,,,,,,1.9999999494757503e-05,,,,,,,,,,,-0.20635274052619934,-5.806848049163818,-0.04642532765865326,-1.561691403388977,400.0,False,False,3.1142020628350036,15.98381191457107,3.1142020628350036,15.98381191457107,16.284363598512222,16.284363598512222,1.2285213357038731,-11.92956817922066,3.1142022609710693,15.983814239501953,3.1142022609710693,15.983814239501953,16.284366607666016,16.284366607666016,1.2285215854644775,-11.92956829071045,1.9813606577656628e-07,2.324930882480203e-06,1.9813606577656628e-07,2.324930882480203e-06,3.0091537936982604e-06,3.0091537936982604e-06,2.497606044205014e-07,1.114897898446543e-07,,,,,,,,
foc_bus_48.0,126,,,,,,,,,,,,,,,,,,,,,,,,,,3.9999998989515007e-05,,,,,,,,,,,-0.24903245270252228,-5.647617340087891,0.023536132648587227,-1.645256757736206,400.0,False,False,2.969528323944336,16.378802384182077,2.969528323944336,16.378802384182077,16.645818273872756,16.645818273872756,1.2182474059253232,-12.080429187353891,2.9695286750793457,16.378803253173828,2.9695286750793457,16.378803253173828,16.64581871032715,16.64581871032715,1.218247652053833,-12.080429077148438,3.5113500951311494e-07,8.689917514459466e-07,3.5113500951311494e-07,8.689917514459466e-07,4.3645439262718355e-07,4.3645439262718355e-07,2.461285097954402e-07,1.1020545365170165e-07,,,,,,,,
foc_bus_48.0,127,,,,,,,,,,,,,,,,,,,,,,,,,,1.9999999494757503e-05,,,,,,,,,,,-0.2875094413757324,-5.442671298980713,0.09326242655515671,-1.7207636833190918,400.0,False,False,2.826389189917534,16.917895427463847,2.826389189917534,16.917895427463847,17.152366062659834,17.152366062659834,1.2110711874558875,-12.150574133508085,2.8263895511627197,16.91790008544922,2.8263895511627197,16.91790008544922,17.15237045288086,17.15237045288086,1.211071491241455,-12.15057373046875,3.61245185764858e-07,4.6579853716366415e-06,3.61245185764858e-07,4.6579853716366415e-06,4.390221025829533e-06,4.390221025829533e-06,3.0378556759025344e-07,4.0303933523944124e-07,,,,,,,,
foc_bus_48.0,128,,,,,,,,,,,,,,,,,,,,,,,,,,3.9999998989515007e-05,,,,,,,,,,,-0.3211343586444855,-5.19366979598999,0.16205687820911407,-1.7878422737121582,0.0,False,False,0.10050768153894984,-18.052671627180658,0.10050768153894984,-18.052671627180658,18.052951411690607,18.052951411690607,1.1928582564585395,-12.278950016431867,0.10050797462463379,-18.052671432495117,0.10050797462463379,-18.052671432495117,18.05295181274414,18.05295181274414,1.1928585767745972,-12.278949737548828,2.9308568394448287e-07,1.9468554057766596e-07,2.9308568394448287e-07,1.9468554057766596e-07,4.0105353349417783e-07,4.0105353349417783e-07,3.203160576781272e-07,2.7888303932854797e-07,,,,,,,,
foc_bus_48.0,129,,,,,,,,,,,,,,,,,,,,,,,,,,1.9999999494757503e-05,,,,,,,,,,,-0.3493397533893585,-4.902627944946289,0.22923210263252258,-1.8461639881134033,0.0,False,False,-0.12602336969199368,-17.518017471512106,-0.12602336969199368,-17.518017471512106,17.51847076721915,17.51847076721915,1.1819541997548717,-12.336553676117592,-0.1260230541229248,-17.518016815185547,-0.1260230541229248,-17.518016815185547,17.518470764160156,17.518470764160156,1.1819545030593872,-12.336553573608398,3.1556906887608704e-07,6.563265593229062e-07,3.1556906887608704e-07,6.563265593229062e-07,3.0589930588575953e-09,3.0589930588575953e-09,3.033045155031999e-07,1.0250919402210457e-07,,,,,,,,
foc_bus_48.0,130,,,,,,,,,,,,,,,,,,,,,,,,,,3.9999998989515007e-05,,,,,,,,,,,-0.3716495931148529,-4.571901321411133,0.29411691427230835,-1.8954432010650635,0.0,False,False,-0.3482390864076865,-16.974697170080912,-0.3482390864076865,-16.974697170080912,16.978268889296547,16.978268889296547,1.1568594576847426,-12.43743743257927,-0.3482387065887451,-16.97469711303711,-0.3482387065887451,-16.97469711303711,16.978269577026367,16.978269577026367,1.1568597555160522,-12.437437057495117,3.7981894140948214e-07,5.70438025704334e-08,3.7981894140948214e-07,5.70438025704334e-08,6.877298197593973e-07,6.877298197593973e-07,2.978313096146934e-07,3.7508415218212576e-07,,,,,,,,
foc_bus_48.0,131,,,,,,,,,,,,,,,,,,,,,,,,,,1.9999999494757503e-05,,,,,,,,,,,-0.38768741488456726,-4.20416784286499,0.35606303811073303,-1.9354385137557983,0.0,False,False,-0.538554511534562,-16.326253450170498,-0.538554511534562,-16.326253450170498,16.335133690334413,16.335133690334413,1.1428423619196615,-12.48019504858219,-0.5385541915893555,-16.32625389099121,-0.5385541915893555,-16.32625389099121,16.335134506225586,16.335134506225586,1.1428426504135132,-12.480195045471191,3.199452065505426e-07,4.4082071326556616e-07,3.199452065505426e-07,4.4082071326556616e-07,8.158911732891738e-07,8.158911732891738e-07,2.8849385169671393e-07,3.1109994580447164e-09,,,,,,,,
foc_bus_48.0,132,,,,,,,,,,,,,,,,,,,,,,,,,,3.9999998989515007e-05,,,,,,,,,,,-0.39718255400657654,-3.802402973175049,0.4144514501094818,-1.9659541845321655,0.0,False,False,-0.7226118027750414,-15.662652093693533,-0.7226118027750414,-15.662652093693533,15.67931243472086,15.67931243472086,1.1122494351763608,-12.549416326860154,-0.7226114273071289,-15.662652015686035,-0.7226114273071289,-15.662652015686035,15.679312705993652,15.679312705993652,1.112249732017517,-12.549416542053223,3.754679125389515e-07,7.800749735054069e-08,3.754679125389515e-07,7.800749735054069e-08,2.712727926734715e-07,2.712727926734715e-07,2.9684115632200303e-07,2.151930686977721e-07,,,,,,,,
foc_bus_48.0,133,,,,,,,,,,,,,,,,,,,,,,,,,,1.9999999494757503e-05,,,,,,,,,,,-0.3999747335910797,-3.3698596954345703,0.4686988294124603,-1.9868404865264893,0.0,False,False,-0.8679326103961396,-14.920041673494108,-0.8679326103961396,-14.920041673494108,14.94526515505797,14.94526515505797,1.0958779755393584,-12.575481403685504,-0.8679323196411133,-14.920042037963867,-0.8679323196411133,-14.920042037963867,14.945265769958496,14.945265769958496,1.09587824344635,-12.575481414794922,2.907550262776226e-07,3.64469759261965e-07,2.907550262776226e-07,3.64469759261965e-07,6.149005269406871e-07,6.149005269406871e-07,2.679069917022048e-07,1.1109417386023779e-08,,,,,,,,
foc_bus_48.0,134,,,,,,,,,,,,,,,,,,,,,,,,,,3.9999998989515007e-05,,,,,,,,,,,-0.3960168659687042,-2.910039186477661,0.5182631015777588,-1.9979952573776245,0.0,False,False,-1.0054969847347373,-14.155999545855094,-1.0054969847347373,-14.155999545855094,14.191664713082826,14.191664713082826,1.0614160137090645,-12.609859082501485,-1.005496621131897,-14.156000137329102,-1.005496621131897,-14.156000137329102,14.191665649414062,14.191665649414062,1.0614162683486938,-12.609859466552734,3.636028402809188e-07,5.914740075496638e-07,3.636028402809188e-07,5.914740075496638e-07,9.363312365451293e-07,9.363312365451293e-07,2.54639629382325e-07,3.840512494690529e-07,,,,,,,,
foc_bus_48.0,135,,,,,,,,,,,,,,,,,,,,,,,,,,1.9999999494757503e-05,,,,,,,,,,,-0.3853757083415985,-2.4266629219055176,0.5626490712165833,-1.999363899230957,0.0,False,False,-1.0996508440736086,-13.342289902854288,-1.0996508440736086,-13.342289902854288,13.387528966567329,13.387528966567329,1.043549061064908,-12.617912175171256,-1.0996503829956055,-13.342289924621582,-1.0996503829956055,-13.342289924621582,13.387529373168945,13.387529373168945,1.0435492992401123,-12.617912292480469,4.610780031111261e-07,2.176729374525621e-08,4.610780031111261e-07,2.176729374525621e-08,4.0660161637617875e-07,4.0660161637617875e-07,2.3817520422575456e-07,1.1730921301023045e-07,,,,,,,,
foc_bus_48.0,136,,,,,,,,,,,,,,,,,,,,,,,,,,3.9999998989515007e-05,,,,,,,,,,,-0.3682309091091156,-1.9236440658569336,0.6014132499694824,-1.9909396171569824,0.0,False,False,-1.1850745866037689,-12.501292968219255,-1.1850745866037689,-12.501292968219255,12.557337602097919,12.557337602097919,1.007000256338487,-12.615375603439869,-1.1850743293762207,-12.501293182373047,-1.1850743293762207,-12.501293182373047,12.557337760925293,12.557337760925293,1.00700044631958,-12.615375518798828,2.57227548150496e-07,2.1415379158895576e-07,2.57227548150496e-07,2.1415379158895576e-07,1.588273743635682e-07,1.588273743635682e-07,1.8998109307943878e-07,8.464104084282553e-08,,,,,,,,
foc_bus_48.0,137,,,,,,,,,,,,,,,,,,,,,,,,,,1.9999999494757503e-05,,,,,,,,,,,-0.34487172961235046,-1.4050542116165161,0.6341683268547058,-1.9727637767791748,0.0,False,False,-1.2247673768437042,-11.642267872157023,-1.2247673768437042,-11.642267872157023,11.706513414951534,11.706513414951534,0.9885487741591064,-12.604676262942542,-1.2247669696807861,-11.642268180847168,-1.2247669696807861,-11.642268180847168,11.706513404846191,11.706513404846191,0.988548994064331,-12.604676246643066,4.0716291804798743e-07,3.086901454452118e-07,4.0716291804798743e-07,3.086901454452118e-07,1.0105342340693824e-08,1.0105342340693824e-08,2.1990522469650386e-07,1.6299475547043585e-08,,,,,,,,
foc_bus_48.0,138,,,,,,,,,,,,,,,,,,,,,,,,,,3.9999998989515007e-05,,,,,,,,,,,-0.3156924545764923,-0.8750911355018616,0.660586953163147,-1.9449251890182495,0.0,False,False,-1.255325284637927,-10.75071717528985,-1.255325284637927,-10.75071717528985,10.823759113788679,10.823759113788679,0.9517498669540049,-12.564350999756508,-1.2553250789642334,-10.750717163085938,-1.2553250789642334,-10.750717163085938,10.823759078979492,10.823759078979492,0.9517500996589661,-12.564351081848145,2.0567369363178045e-07,1.2203912547192886e-08,2.0567369363178045e-07,1.2203912547192886e-08,3.480918664422461e-08,3.480918664422461e-08,2.3270496118943385e-07,8.20916365995572e-08,,,,,,,,
foc_bus_48.0,139,,,,,,,,,,,,,,,,,,,,,,,,,,1.9999999494757503e-05,,,,,,,,,,,-0.28118544816970825,-0.33804458379745483,0.6804052591323853,-1.9075604677200317,0.0,False,False,-1.240241158081031,-9.874052764991538,-1.240241158081031,-9.874052764991538,9.951638866841742,9.951638866841742,0.9336272440005898,-12.534771112630176,-1.2402409315109253,-9.874052047729492,-1.2402409315109253,-9.874052047729492,9.951638221740723,9.951638221740723,0.9336274862289429,-12.534770965576172,2.26570105787971e-07,7.17262045313305e-07,2.26570105787971e-07,7.17262045313305e-07,6.45101019713934e-07,6.45101019713934e-07,2.422283530423286e-07,1.470540045289681e-07,,,,,,,,
foc_bus_48.0,140,,,,,,,,,,,,,,,,,,,,,,,,,,3.9999998989515007e-05,,,,,,,,,,,-0.24193312227725983,0.20173828303813934,0.693425178527832,-1.860852599143982,0.0,False,False,-1.2161940164072167,-8.960423205529692,-1.2161940164072167,-8.960423205529692,9.042583254122668,9.042583254122668,0.8983707763930836,-12.457025858685672,-1.216193675994873,-8.96042251586914,-1.216193675994873,-8.96042251586914,9.042582511901855,9.042582511901855,0.8983710408210754,-12.457025527954102,3.4041234364678985e-07,6.896605508899256e-07,3.4041234364678985e-07,6.896605508899256e-07,7.422208128105012e-07,7.422208128105012e-07,2.644279918362358e-07,3.307315701306379e-07,,,,,,,,
foc_bus_48.0,141,,,,,,,,,,,,,,,,,,,,,,,,,,1.9999999494757503e-05,,,,,,,,,,,-0.19859787821769714,0.7398881912231445,0.6995165944099426,-1.805030107498169,0.0,False,False,-1.1489232006642331,-8.094795901789768,-1.1489232006642331,-8.094795901789768,8.175924731347333,8.175924731347333,0.881444458539928,-12.409063046207615,-1.1489229202270508,-8.094795227050781,-1.1489229202270508,-8.094795227050781,8.175924301147461,8.175924301147461,0.8814447522163391,-12.409062385559082,2.8043718236503423e-07,6.747389864614206e-07,2.8043718236503423e-07,6.747389864614206e-07,4.301998721700784e-07,4.301998721700784e-07,2.936764110783585e-07,6.606485332127932e-07,,,,,,,,
foc_bus_48.0,142,,,,,,,,,,,,,,,,,,,,,,,,,,3.9999998989515007e-05,,,,,,,,,,,-0.15191106498241425,1.272049069404602,0.6986186504364014,-1.7403666973114014,0.0,False,False,-1.0734073487751252,-7.188724837553053,-1.0734073487751252,-7.188724837553053,7.2684226711478885,7.2684226711478885,0.8493854354521182,-12.295516035604141,-1.0734070539474487,-7.188723564147949,-1.0734070539474487,-7.188723564147949,7.268421173095703,7.268421173095703,0.8493857383728027,-12.295515060424805,2.948276764946911e-07,1.2734051040297345e-06,2.948276764946911e-07,1.2734051040297345e-06,1.498052185411325e-06,1.498052185411325e-06,3.029206845361898e-07,9.751793363932393e-07,,,,,,,,
foc_bus_48.0,143,,,,,,,,,,,,,,,,,,,,,,,,,,1.9999999494757503e-05,,,,,,,,,,,-0.10266055166721344,1.7939132452011108,0.6907403469085693,-1.6671788692474365,0.0,False,False,-0.9592090483821398,-6.362877760807804,-0.9592090483821398,-6.362877760807804,6.434772365630405,6.434772365630405,0.834432602373967,-12.230286549793934,-0.9592086672782898,-6.362877368927002,-0.9592086672782898,-6.362877368927002,6.43477201461792,6.43477201461792,0.8344328999519348,-12.23028564453125,3.811038500334263e-07,3.9188080247498647e-07,3.811038500334263e-07,3.9188080247498647e-07,3.510124848560281e-07,3.510124848560281e-07,2.975779678227042e-07,9.052626843697453e-07,,,,,,,,
foc_bus_48.0,144,,,,,,,,,,,,,,,,,,,,,,,,,,3.9999998989515007e-05,,,,,,,,,,,-0.05167751759290695,2.3012564182281494,0.6759604215621948,-1.5858253240585327,0.0,False,False,-0.8379655686034281,-5.49420397990884,-0.8379655686034281,-5.49420397990884,5.557739078709166,5.557739078709166,0.8070057399515848,-12.083770747863593,-0.837965190410614,-5.494203567504883,-0.837965190410614,-5.494203567504883,5.557738780975342,5.557738780975342,0.8070060610771179,-12.083769798278809,3.7819281406559213e-07,4.124039572062088e-07,3.7819281406559213e-07,4.124039572062088e-07,2.9773382426157013e-07,2.9773382426157013e-07,3.211255331647678e-07,9.495847841378691e-07,,,,,,,,
foc_bus_48.0,145,,,,,,,,,,,,,,,,,,,,,,,,,,1.9999999494757503e-05,,,,,,,,,,,0.00017763137293513864,2.7899723052978516,0.6544265151023865,-1.496704339981079,0.0,False,False,-0.6843852129599525,-4.736002732302039,-0.6843852129599525,-4.736002732302039,4.7851964432080125,4.7851964432080125,0.7946754358549618,-12.002981880026505,-0.6843848824501038,-4.736002445220947,-0.6843848824501038,-4.736002445220947,4.785196304321289,4.785196304321289,0.7946757674217224,-12.002981185913086,3.3050984871163536e-07,2.870810913435662e-07,3.3050984871163536e-07,2.870810913435662e-07,1.388867234553004e-07,1.388867234553004e-07,3.3156676060297485e-07,6.941134191862375e-07,,,,,,,,
foc_bus_48.0,146,,,,,,,,,,,,,,,,,,,,,,,,,,3.9999998989515007e-05,,,,,,,,,,,0.05202978476881981,3.2561044692993164,0.6263538002967834,-1.4002524614334106,0.0,False,False,-0.5253470388288679,-3.933790944561201,-0.5253470388288679,-3.933790944561201,3.9687152463634834,3.9687152463634834,0.7730274363319491,-11.827469782516854,-0.5253466367721558,-3.9337902069091797,-0.5253466367721558,-3.9337902069091797,3.968714475631714,3.968714475631714,0.773027777671814,-11.827468872070312,4.020567121454377e-07,7.376520212432069e-07,4.020567121454377e-07,7.376520212432069e-07,7.707317695171412e-07,7.707317695171412e-07,3.41339864817769e-07,9.104465412690388e-07,,,,,,,,
foc_bus_48.0,147,,,,,,,,,,,,,,,,,,,,,,,,,,1.9999999494757503e-05,,,,,,,,,,,0.10300387442111969,3.6958799362182617,0.5920227766036987,-1.2969422340393066,0.0,False,False,-0.3417140399705496,-3.269301745651072,-0.3417140399705496,-3.269301745651072,3.2871115571623273,3.2871115571623273,0.7638111397163001,-11.733372540334788,-0.34171366691589355,-3.269301414489746,-0.34171366691589355,-3.269301414489746,3.287111282348633,3.287111282348633,0.763811469078064,-11.73337173461914,3.73054656055416e-07,3.3116132591715086e-07,3.73054656055416e-07,3.3116132591715086e-07,2.748136944674684e-07,2.748136944674684e-07,3.293617638622237e-07,8.057156470897553e-07,,,,,,,,
foc_bus_48.0,148,,,,,,,,,,,,,,,,,,,,,,,,,,3.9999998989515007e-05,,,,,,,,,,,0.15223965048789978,4.105739116668701,0.5517764687538147,-1.187279462814331,0.0,False,False,-0.1544816102218186,-2.560884653738647,-0.1544816102218186,-2.560884653738647,2.5655398608579123,2.5655398608579123,0.7487513953605021,-11.533862750414873,-0.15448129177093506,-2.560884475708008,-0.15448129177093506,-2.560884475708008,2.565539598464966,2.565539598464966,0.748751699924469,-11.533862113952637,3.1845088355186846e-07,1.780306391196973e-07,3.1845088355186846e-07,1.780306391196973e-07,2.62392946481782e-07,2.62392946481782e-07,3.04563966935234e-07,6.364622358034921e-07,,,,,,,,
foc_bus_48.0,149,,,,,,,,,,,,,,,,,,,,,,,,,,1.9999999494757503e-05,,,,,,,,,,,0.19890618324279785,4.482364177703857,0.5060169696807861,-1.0718015432357788,0.0,False,False,0.04867798319925665,-2.0134989314188836,0.04867798319925665,-2.0134989314188836,2.0140872604912956,2.0140872604912956,0.7429634307459544,-11.429186144851807,0.04867827892303467,-2.013498306274414,0.04867827892303467,-2.013498306274414,2.0140867233276367,2.0140867233276367,0.7429637312889099,-11.42918586730957,2.9572377802100647e-07,6.251444695237751e-07,2.9572377802100647e-07,6.251444695237751e-07,5.371636588868967e-07,5.371636588868967e-07,3.005429555225092e-07,2.7754223630438446e-07,,,,,,,,
foc_bus_48.0,150,,,,,,,,,,,,,,,,,,,,,,,,,,3.9999998989515007e-05,,,,,,,,,,,0.24221594631671906,4.822706699371338,0.45520147681236267,-0.9510738849639893,0.0,False,False,0.25343891246813766,-1.4235661617735769,0.25343891246813766,-1.4235661617735769,1.4459501717900882,1.4459501717900882,0.7349353655111414,-11.211554988995005,0.2534392178058624,-1.4235658645629883,0.2534392178058624,-1.4235658645629883,1.445949912071228,1.445949912071228,0.7349356412887573,-11.211554527282715,3.0533772477081556e-07,2.972105885845622e-07,3.0533772477081556e-07,2.972105885845622e-07,2.597188601960454e-07,2.597188601960454e-07,2.7577761596564443e-07,4.6171228973435063e-07,,,,,,,,
foc_bus_48.0,151,,,,,,,,,,,,,,,,,,,,,,,,,,1.9999999494757503e-05,,,,,,,,,,,0.28143802285194397,5.124011516571045,0.39983782172203064,-0.825687825679779,0.0,False,False,0.4650374822242461,-1.0132092431489035,0.4650374822242461,-1.0132092431489035,1.114833095254998,1.114833095254998,0.7327039432476058,-11.0994239575208,0.4650377631187439,-1.0132083892822266,0.4650377631187439,-1.0132083892822266,1.1148324012756348,1.1148324012756348,0.732704222202301,-11.0994234085083,2.8089449777279896e-07,8.538666769197789e-07,2.8089449777279896e-07,8.538666769197789e-07,6.939793633087277e-07,6.939793633087277e-07,2.78954695231981e-07,5.490124994622647e-07,,,,,,,,
foc_bus_48.0,152,,,,,,,,,,,,,,,,,,,,,,,,,,3.9999998989515007e-05,,,,,,,,,,,0.3159104883670807,5.3838396072387695,0.3404790759086609,-0.6962575912475586,0.0,False,False,0.6762356660220578,-0.5629754140339216,0.6762356660220578,-0.5629754140339216,0.879906809160471,0.879906809160471,0.731777879288932,-10.870246807177008,0.6762359142303467,-0.5629749298095703,0.6762359142303467,-0.5629749298095703,0.8799067139625549,0.8799067139625549,0.7317781448364258,-10.870245933532715,2.48208288922136e-07,4.842243512825917e-07,2.48208288922136e-07,4.842243512825917e-07,9.519791610568262e-08,9.519791610568262e-08,2.6554749377183384e-07,8.736442929091481e-07,,,,,,,,
foc_bus_48.0,153,,,,,,,,,,,,,,,,,,,,,,,,,,1.9999999494757503e-05,,,,,,,,,,,0.3450515866279602,5.600088596343994,0.2777183949947357,-0.5634170770645142,0.0,False,False,0.8852670411809929,-0.30541684719378814,0.8852670411809929,-0.30541684719378814,0.9364706000463353,0.9364706000463353,0.7330468745433086,-10.754086273862573,0.8852672576904297,-0.3054161071777344,0.8852672576904297,-0.3054161071777344,0.9364705681800842,0.9364705681800842,0.7330471277236938,-10.754085540771484,2.1650943682338664e-07,7.400160537684997e-07,2.1650943682338664e-07,7.400160537684997e-07,3.186625108231311e-08,3.186625108231311e-08,2.531803852123815e-07,7.330910882785702e-07,,,,,,,,
foc_bus_48.0,154,,,,,,,,,,,,,,,,,,,,,,,,,,3.9999998989515007e-05,,,,,,,,,,,0.36836951971054077,5.771007061004639,0.21218284964561462,-0.4278169274330139,0.0,False,False,1.0920252720289214,-0.011891231229769872,1.0920252720289214,-0.011891231229769872,1.0920900128331912,1.0920900128331912,0.7389340198961949,-10.520433953714376,1.0920255184173584,-0.011891365051269531,1.0920255184173584,-0.011891365051269531,1.0920902490615845,1.0920902490615845,0.7389342784881592,-10.52043342590332,2.463884369863223e-07,1.3382149965934786e-07,2.463884369863223e-07,1.3382149965934786e-07,2.3622839329107137e-07,2.3622839329107137e-07,2.5859196428612563e-07,5.278110553064153e-07,,,,,,,,
foc_bus_48.0,155,,,,,,,,,,,,,,,,,,,,,,,,,,1.9999999494757503e-05,,,,,,,,,,,0.38547074794769287,5.895212173461914,0.14452724158763885,-0.2901213467121124,0.0,False,False,1.2881760201267443,0.08181099405172176,1.2881760201267443,0.08181099405172176,1.2907712801179414,1.2907712801179414,0.7434749626129648,-10.403862041802151,1.2881762981414795,0.08181190490722656,1.2881762981414795,0.08181190490722656,1.2907716035842896,1.2907716035842896,0.7434751987457275,-10.403861045837402,2.7801473523325626e-07,9.108555047987466e-07,2.7801473523325626e-07,9.108555047987466e-07,3.23466348151058e-07,3.23466348151058e-07,2.3613276278755535e-07,9.95964748895517e-07,,,,,,,,
foc_bus_48.0,156,,,,,,,,,,,,,,,,,,,,,,,,,,3.9999998989515007e-05,,,,,,,,,,,0.39606672525405884,5.971697807312012,0.07542755454778671,-0.15100473165512085,0.0,False,False,1.4804298872771873,0.20641903478394852,1.4804298872771873,0.20641903478394852,1.494751306761323,1.494751306761323,0.7555608173340627,-10.173078968032785,1.4804301261901855,0.2064199447631836,1.4804301261901855,0.2064199447631836,1.4947516918182373,1.4947516918182373,0.7555610537528992,-10.173077583312988,2.389129982738325e-07,9.099792350752978e-07,2.389129982738325e-07,9.099792350752978e-07,3.850569143537541e-07,3.850569143537541e-07,2.3641883650782347e-07,1.3847197966043723e-06,,,,,,,,
foc_bus_48.0,157,,,,,,,,,,,,,,,,,,,,,,,,,,1.9999999494757503e-05,,,,,,,,,,,0.3999785780906677,5.9998459815979,0.005574228707700968,-0.011148517020046711,0.0,False,False,1.6546239920477974,0.13033245613062405,1.6546239920477974,0.13033245613062405,1.6597491088056746,1.6597491088056746,0.7629939604174732,-10.059792737159006,1.6546242237091064,0.13033294677734375,1.6546242237091064,0.13033294677734375,1.6597493886947632,1.6597493886947632,0.7629941701889038,-10.059791564941406,2.3166130902474436e-07,4.906467196974518e-07,2.3166130902474436e-07,4.906467196974518e-07,2.798890885724603e-07,2.798890885724603e-07,2.0977143055933567e-07,1.1722175994322015e-06,,,,,,,,
foc_bus_48.0,158,,,,,,,,,,,,,,,,,,,,,,,,,,3.9999998989515007e-05,,,,,,,,,,,0.3971402943134308,5.979427814483643,-0.06433479487895966,0.12876230478286743,0.0,False,False,1.8236452178452076,0.07906427049912068,1.8236452178452076,0.07906427049912068,1.825358331791118,1.825358331791118,0.7803883444944398,-9.839263557220608,1.8236453533172607,0.07906532287597656,1.8236453533172607,0.07906532287597656,1.825358510017395,1.825358510017395,0.7803885340690613,-9.839262008666992,1.3547205313102495e-07,1.0523768558812208e-06,1.3547205313102495e-07,1.0523768558812208e-06,1.7822627706998162e-07,1.7822627706998162e-07,1.895746214453098e-07,1.5485536160042557e-06,,,,,,,,
foc_bus_48.0,159,,,,,,,,,,,,,,,,,,,,,,,,,,1.9999999494757503e-05,,,,,,,,,,,0.38759979605674744,5.910609245300293,-0.13360100984573364,0.2680424451828003,0.0,False,False,1.9684899766167527,-0.1673719520456558,1.9684899766167527,-0.1673719520456558,1.975592609414248,1.975592609414248,0.7902111574819819,-9.732920900379748,1.9684900045394897,-0.16737079620361328,1.9684900045394897,-0.16737079620361328,1.9755924940109253,1.9755924940109253,0.7902113199234009,-9.732919692993164,2.7922737011465415e-08,1.1558420425217264e-06,2.7922737011465415e-08,1.1558420425217264e-06,1.154033226757889e-07,1.154033226757889e-07,1.6244141898269504e-07,1.207386583601533e-06,,,,,,,,
foc_bus_48.0,160,,,,,,,,,,,,,,,,,,,,,,,,,,3.9999998989515007e-05,,,,,,,,,,,0.3715181052684784,5.793946743011475,-0.20153231918811798,0.4060097336769104,0.0,False,False,2.1073064189685433,-0.3959449933933712,2.1073064189685433,-0.3959449933933712,2.144181144684213,2.144181144684213,0.8118111515269716,-9.529833349355307,2.107306480407715,-0.39594364166259766,2.107306480407715,-0.39594364166259766,2.1441810131073,2.1441810131073,0.8118113279342651,-9.529831886291504,6.14391715281215e-08,1.3517307735355644e-06,6.14391715281215e-08,1.3517307735355644e-06,1.315769133647393e-07,1.315769133647393e-07,1.764072935506178e-07,1.4630638034418553e-06,,,,,,,,
foc_bus_48.0,161,,,,,,,,,,,,,,,,,,,,,,,,,,1.9999999494757503e-05,,,,,,,,,,,0.3491665720939636,5.630384922027588,-0.2674500048160553,0.5419883728027344,0.0,False,False,2.2174174996444385,-0.807841814009322,2.2174174996444385,-0.807841814009322,2.359989144930812,2.359989144930812,0.8234322182087808,-9.433934864273452,2.2174177169799805,-0.8078403472900391,2.2174177169799805,-0.8078403472900391,2.3599889278411865,2.3599889278411865,0.8234323859214783,-9.43393325805664,2.1733554200764615e-07,1.4667192829165288e-06,2.1733554200764615e-07,1.4667192829165288e-06,2.1708962538724563e-07,2.1708962538724563e-07,1.6771269750748274e-07,1.606216811111949e-06,,,,,,,,
foc_bus_48.0,162,,,,,,,,,,,,,,,,,,,,,,,,,,3.9999998989515007e-05,,,,,,,,,,,0.3209224343299866,5.421247959136963,-0.33069539070129395,0.675312340259552,0.0,False,False,2.321106267508579,-1.2095093647185315,2.321106267508579,-1.2095093647185315,2.617335899041129,2.617335899041129,0.8479936538863332,-9.255046276584393,2.321106433868408,-1.2095088958740234,2.321106433868408,-1.2095088958740234,2.617335796356201,2.617335796356201,0.8479938507080078,-9.255044937133789,1.6635982902357682e-07,4.6884450810580347e-07,1.6635982902357682e-07,4.6884450810580347e-07,1.026849276719588e-07,1.026849276719588e-07,1.968216746250917e-07,1.3394506037656129e-06,,,,,,,,
foc_bus_48.0,163,,,,,,,,,,,,,,,,,,,,,,,,,,1.9999999494757503e-05,,,,,,,,,,,0.28726232051849365,5.168228626251221,-0.3906365931034088,0.8053286671638489,0.0,False,False,2.393295956889336,-1.7766243130842652,2.393295956889336,-1.7766243130842652,2.9806474946066635,2.9806474946066635,0.8607696783620354,-9.172820865771255,2.393296003341675,-1.776623249053955,2.393296003341675,-1.776623249053955,2.980646848678589,2.980646848678589,0.8607698678970337,-9.172819137573242,4.6452338864355625e-08,1.0640303100828419e-06,4.6452338864355625e-08,1.0640303100828419e-06,6.459280745829687e-07,6.459280745829687e-07,1.8953499825169473e-07,1.7281980131400587e-06,,,,,,,,
foc_bus_48.0,164,,,,,,,,,,,,,,,,,,,,,,,,,,3.9999998989515007e-05,,,,,,,,,,,0.2487543374300003,4.8733744621276855,-0.4466746747493744,0.9314004778862,0.0,False,False,2.4591390670773383,-2.3416132898356974,2.4591390670773383,-2.3416132898356974,3.395661607163052,3.395661607163052,0.8869824894528425,-9.024236010143825,2.459139347076416,-2.3416123390197754,2.459139347076416,-2.3416123390197754,3.3956611156463623,3.3956611156463623,0.8869826793670654,-9.024234771728516,2.799990777013761e-07,9.508159219961954e-07,2.799990777013761e-07,9.508159219961954e-07,4.915166895713696e-07,4.915166895713696e-07,1.8991422290337567e-07,1.2384153098565776e-06,,,,,,,,
foc_bus_48.0,165,,,,,,,,,,,,,,,,,,,,,,,,,,1.9999999494757503e-05,,,,,,,,,,,0.20604832470417023,4.5390729904174805,-0.49824973940849304,1.0529102087020874,0.0,False,False,2.4924628916251392,-3.048624247418327,2.4924628916251392,-3.048624247418327,3.9378269474515144,3.9378269474515144,0.9002560456195247,-8.958534029906813,2.4924631118774414,-3.0486230850219727,2.4924631118774414,-3.0486230850219727,3.937826156616211,3.937826156616211,0.9002562165260315,-8.958532333374023,2.2025230217437297e-07,1.162396354281725e-06,2.2025230217437297e-07,1.162396354281725e-06,7.908353034657978e-07,7.908353034657978e-07,1.7090650683559971e-07,1.6965327898077476e-06,,,,,,,,
foc_bus_48.0,166,,,,,,,,,,,,,,,,,,,,,,,,,,3.9999998989515007e-05,,,,,,,,,,,0.15986497700214386,4.16802978515625,-0.5448464751243591,1.1692628860473633,0.0,False,False,2.519960132203675,-3.7618485008928086,2.519960132203675,-3.7618485008928086,4.527880653414512,4.527880653414512,0.9268187397904657,-8.845501486174756,2.5199601650238037,-3.7618470191955566,2.5199601650238037,-3.7618470191955566,4.527879238128662,4.527879238128662,0.9268189072608948,-8.845499992370605,3.2820128836874574e-08,1.4816972520037552e-06,3.2820128836874574e-08,1.4816972520037552e-06,1.4152858502924914e-06,1.4152858502924914e-06,1.6747042907994114e-07,1.4938041505985211e-06,,,,,,,,
foc_bus_48.0,167,,,,,,,,,,,,,,,,,,,,,,,,,,1.9999999494757503e-05,,,,,,,,,,,0.1109837219119072,3.7632479667663574,-0.5859992504119873,1.2798885107040405,0.0,False,False,2.5156240478436893,-4.588789190766782,2.5156240478436893,-4.588789190766782,5.2331014310242,5.2331014310242,0.9399544320516933,-8.798698842660984,2.5156240463256836,-4.588788032531738,2.5156240463256836,-4.588788032531738,5.233100414276123,5.233100414276123,0.9399545788764954,-8.798697471618652,1.5180057211239273e-09,1.158235043874356e-06,1.5180057211239273e-09,1.158235043874356e-06,1.0167480768430437e-06,1.0167480768430437e-06,1.468248020941587e-07,1.3710423321100507e-06,,,,,,,,
foc_bus_48.0,168,,,,,,,,,,,,,,,,,,,,,,,,,,3.9999998989515007e-05,,,,,,,,,,,0.06022948399186134,3.328004837036133,-0.6212969422340393,1.3842451572418213,0.0,False,False,2.506370210228981,-5.430278375278329,2.506370210228981,-5.430278375278329,5.9807871441590965,5.9807871441590965,0.9656432128635074,-8.725432694139654,2.5063703060150146,-5.430276870727539,2.5063703060150146,-5.430276870727539,5.980785846710205,5.980785846710205,0.9656433463096619,-8.725431442260742,9.578603377136119e-08,1.5045507897326615e-06,9.578603377136119e-08,1.5045507897326615e-06,1.2974488914352378e-06,1.2974488914352378e-06,1.3344615445998187e-07,1.2518789116455764e-06,,,,,,,,
foc_bus_48.0,169,,,,,,,,,,,,,,,,,,,,,,,,,,1.9999999494757503e-05,,,,,,,,,,,0.008458799682557583,2.8658227920532227,-0.6503868103027344,1.481821894645691,0.0,False,False,2.467512618427333,-6.3531246408416795,2.467512618427333,-6.3531246408416795,6.815483198142875,6.815483198142875,0.9780601491791421,-8.699349115918233,2.467512607574463,-6.353122711181641,2.467512607574463,-6.353122711181641,6.815481185913086,6.815481185913086,0.9780603051185608,-8.699347496032715,1.0852870158117867e-08,1.9296600388685192e-06,1.0852870158117867e-08,1.9296600388685192e-06,2.0122297890168284e-06,2.0122297890168284e-06,1.5593941871117067e-07,1.6198855181670524e-06,,,,,,,,
foc_bus_48.0,170,,,,,,,,,,,,,,,,,,,,,,,,,,3.9999998989515007e-05,,,,,,,,,,,-0.04345463961362839,2.3804433345794678,-0.6729782223701477,1.5721405744552612,0.0,False,False,2.424952939859651,-7.298608278793559,2.424952939859651,-7.298608278793559,7.6909088908794025,7.6909088908794025,1.001788786413144,-8.668881753780271,2.424952983856201,-7.298606872558594,2.424952983856201,-7.298606872558594,7.6909074783325195,7.6909074783325195,1.0017889738082886,-8.668880462646484,4.399654995879132e-08,1.406234964917985e-06,4.399654995879132e-08,1.406234964917985e-06,1.412546883017285e-06,1.412546883017285e-06,1.8739514451304728e-07,1.291133786551768e-06,,,,,,,,
foc_bus_48.0,171,,,,,,,,,,,,,,,,,,,,,,,,,,1.9999999494757503e-05,,,,,,,,,,,-0.09463472664356232,1.8757954835891724,-0.6888455152511597,1.6547589302062988,0.0,False,False,2.356320091380975,-8.290004256919072,2.356320091380975,-8.290004256919072,8.618376584530406,8.618376584530406,1.0129875823197727,-8.66471598752914,2.356320381164551,-8.290002822875977,2.356320381164551,-8.290002822875977,8.618374824523926,8.618374824523926,1.012987732887268,-8.664714813232422,2.897835758020051e-07,1.4340430958270645e-06,2.897835758020051e-07,1.4340430958270645e-06,1.7600064801115423e-06,1.7600064801115423e-06,1.5056749536057623e-07,1.1742967185313091e-06,,,,,,,,
foc_bus_48.0,172,,,,,,,,,,,,,,,,,,,,,,,,,,3.9999998989515007e-05,,,,,,,,,,,-0.14421774446964264,1.3559637069702148,-0.6978300213813782,1.7292723655700684,0.0,False,False,2.285406335543226,-9.311637795482259,2.285406335543226,-9.311637795482259,9.587996691321646,9.587996691321646,1.0338548941202415,-8.678787113661446,2.2854065895080566,-9.311636924743652,2.2854065895080566,-9.311636924743652,9.587995529174805,9.587995529174805,1.0338550806045532,-8.678786277770996,2.539648304988873e-07,8.707386065509581e-07,2.539648304988873e-07,8.707386065509581e-07,1.162146840982814e-06,1.162146840982814e-06,1.8648431177048508e-07,8.358904501903908e-07,,,,,,,,
foc_bus_48.0,173,,,,,,,,,,,,,,,,,,,,,,,,,,1.9999999494757503e-05,,,,,,,,,,,-0.19136689603328705,0.8251561522483826,-0.699842095375061,1.7953157424926758,0.0,False,False,2.1929479104589644,-10.3417321400931,2.1929479104589644,-10.3417321400931,10.57168123788364,10.57168123788364,1.0434378739149273,-8.697071230100098,2.1929478645324707,-10.341731071472168,2.1929478645324707,-10.341731071472168,10.571680068969727,10.571680068969727,1.0434380769729614,-8.697070121765137,4.5926493719150585e-08,1.068620932187514e-06,4.5926493719150585e-08,1.068620932187514e-06,1.1689139132187165e-06,1.1689139132187165e-06,2.0305803416498236e-07,1.1083349615859106e-06,,,,,,,,
foc_bus_48.0,174,,,,,,,,,,,,,,,,,,,,,,,,,,3.9999998989515007e-05,,,,,,,,,,,-0.23528651893138885,0.28766927123069763,-0.6948615908622742,1.8525656461715698,0.0,False,False,2.099722144381184,-11.408944016370445,2.099722144381184,-11.408944016370445,11.600553290782283,11.600553290782283,1.0607606406266805,-8.756056881165277,2.099722385406494,-11.408943176269531,2.099722385406494,-11.408943176269531,11.600552558898926,11.600552558898926,1.0607608556747437,-8.75605583190918,2.4102530993275195e-07,8.401009132796844e-07,2.4102530993275195e-07,8.401009132796844e-07,7.318833574743167e-07,7.318833574743167e-07,2.1504806313465963e-07,1.0492560971187004e-06,,,,,,,,
foc_bus_48.0,175,,,,,,,,,,,,,,,,,,,,,,,,,,1.9999999494757503e-05,,,,,,,,,,,-0.2752353847026825,-0.2521461248397827,-0.6829382181167603,1.900741696357727,0.0,False,False,1.990138332131611,-12.446309630018867,1.990138332131611,-12.446309630018867,12.604414860965184,12.604414860965184,1.0684444136403908,-8.796631289745022,1.9901385307312012,-12.446308135986328,1.9901385307312012,-12.446308135986328,12.604413032531738,12.604413032531738,1.0684446096420288,-8.796629905700684,1.9859959010659622e-07,1.4940325385737196e-06,1.9859959010659622e-07,1.4940325385737196e-06,1.8284334455387352e-06,1.8284334455387352e-06,1.960016380309071e-07,1.3840443386925472e-06,,,,,,,,
foc_bus_48.0,176,,,,,,,,,,,,,,,,,,,,,,,,,,3.9999998989515007e-05,,,,,,,,,,,-0.3105393350124359,-0.7899205088615417,-0.6641911268234253,1.9396079778671265,0.0,False,False,1.881275325775534,-13.526742587235143,1.881275325775534,-13.526742587235143,13.656938232001078,13.656938232001078,1.0817746133420332,-8.899515427933867,1.8812755346298218,-13.526741027832031,1.8812755346298218,-13.526741027832031,13.656936645507812,13.656936645507812,1.0817748308181763,-8.899514198303223,2.08854287864213e-07,1.5594031115284679e-06,2.08854287864213e-07,1.5594031115284679e-06,1.5864932656484143e-06,1.5864932656484143e-06,2.1747614309397534e-07,1.2296306444170568e-06,,,,,,,,
foc_bus_48.0,177,,,,,,,,,,,,,,,,,,,,,,,,,,1.9999999494757503e-05,,,,,,,,,,,-0.3406025469303131,-1.3213008642196655,-0.6388077139854431,1.968973994255066,0.0,False,False,1.761547249288029,-14.539356817447823,1.761547249288029,-14.539356817447823,14.645680092660111,14.645680092660111,1.0873947381667237,-8.961525605674183,1.7615474462509155,-14.539355278015137,1.7615474462509155,-14.539355278015137,14.645678520202637,14.645678520202637,1.0873949527740479,-8.96152400970459,1.9696288644510673e-07,1.5394326862150365e-06,1.9696288644510673e-07,1.5394326862150365e-06,1.5724574744524489e-06,1.5724574744524489e-06,2.1460732413380867e-07,1.5959695929268491e-06,,,,,,,,
foc_bus_48.0,178,,,,,,,,,,,,,,,,,,,,,,,,,,3.9999998989515007e-05,,,,,,,,,,,-0.36491766571998596,-1.8419859409332275,-0.6070415377616882,1.9886959791183472,0.0,False,False,1.6438906256993202,-15.599870622121816,1.6438906256993202,-15.599870622121816,15.68624683651897,15.68624683651897,1.0965211151329566,-9.105915528672366,1.6438908576965332,-15.599868774414062,1.6438908576965332,-15.599868774414062,15.68624496459961,15.68624496459961,1.0965213775634766,-9.105914115905762,2.3199721299604903e-07,1.8477077539102993e-06,2.3199721299604903e-07,1.8477077539102993e-06,1.871919360851848e-06,1.871919360851848e-06,2.62430519981649e-07,1.412766604147464e-06,,,,,,,,
foc_bus_48.0,179,,,,,,,,,,,,,,,,,,,,,,,,,,1.9999999494757503e-05,,,,,,,,,,,-0.3830743730068207,-2.3477609157562256,-0.5692099928855896,1.998677372932434,0.0,False,False,1.5208259728185403,-16.55612063672771,1.5208259728185403,-16.55612063672771,16.62582455631842,16.62582455631842,1.1000291208069375,-9.187830694551195,1.5208262205123901,-16.55611801147461,1.5208262205123901,-16.55611801147461,16.625822067260742,16.625822067260742,1.1000293493270874,-9.18782901763916,2.4769384987521903e-07,2.625253099353131e-06,2.4769384987521903e-07,2.625253099353131e-06,2.4890576781899654e-06,2.4890576781899654e-06,2.2852014991414649e-07,1.6769120350090816e-06,,,,,,,,
foc_bus_48.0,180,,,,,,,,,,,,,,,,,,,,,,,,,,3.9999998989515007e-05,,,,,,,,,,,-0.3947662115097046,-2.8345320224761963,-0.5256910920143127,1.9988691806793213,0.0,False,False,1.4009459901851131,-17.56382887427671,1.4009459901851131,-17.56382887427671,17.619612208907775,17.619612208907775,1.1049640733321402,-9.37001612317941,1.4009461402893066,-17.563827514648438,1.4009461402893066,-17.563827514648438,17.619611740112305,17.619611740112305,1.104964256286621,-9.370014190673828,1.5010419351924043e-07,1.3596282713024266e-06,1.5010419351924043e-07,1.3596282713024266e-06,4.68795469998895e-07,4.68795469998895e-07,1.8295448089844513e-07,1.932505581336841e-06,,,,,,,,
foc_bus_48.0,181,,,,,,,,,,,,,,,,,,,,,,,,,,1.9999999494757503e-05,,,,,,,,,,,-0.39979591965675354,-3.298358678817749,-0.47691962122917175,1.989270567893982,0.0,False,False,1.2807711608803678,-18.433511290216483,1.2807711608803678,-18.433511290216483,18.477952084933044,18.477952084933044,1.1064175854696379,-9.469669448058621,1.2807713747024536,-18.433509826660156,1.2807713747024536,-18.433509826660156,18.477951049804688,18.477951049804688,1.1064177751541138,-9.469667434692383,2.138220858149964e-07,1.4635563267972884e-06,2.138220858149964e-07,1.4635563267972884e-06,1.035128356363657e-06,1.035128356363657e-06,1.896844759041727e-07,2.0133662381738304e-06,,,,,,,,
foc_bus_48.0,182,,,,,,,,,,,,,,,,,,,,,,,,,,3.9999998989515007e-05,,,,,,,,,,,-0.398078590631485,-3.7354867458343506,-0.423382967710495,1.969928503036499,0.0,False,False,1.1645769964450983,-19.356816351552034,1.1645769964450983,-19.356816351552034,19.391817316805593,19.391817316805593,1.1073713835489902,-9.684723708801322,1.1645771265029907,-19.356815338134766,1.1645771265029907,-19.356815338134766,19.391817092895508,19.391817092895508,1.1073715686798096,-9.684721946716309,1.3005789245568167e-07,1.0134172683251563e-06,1.3005789245568167e-07,1.0134172683251563e-06,2.2391008513977795e-07,2.2391008513977795e-07,1.8513081934123932e-07,1.7620850130128929e-06,,,,,,,,
foc_bus_48.0,183,,,,,,,,,,,,,,,,,,,,,,,,,,1.9999999494757503e-05,,,,,,,,,,,-0.38964319229125977,-4.142377853393555,-0.3656160235404968,1.9409377574920654,0.0,False,False,1.0526003277778275,-20.112100339473947,1.0526003277778275,-20.112100339473947,20.139626300284377,20.139626300284377,1.106918555420971,-9.799372939794846,1.0526005029678345,-20.112098693847656,1.0526005029678345,-20.112098693847656,20.139625549316406,20.139625549316406,1.1069186925888062,-9.799370765686035,1.7519000694576903e-07,1.6456262912356578e-06,1.7519000694576903e-07,1.6456262912356578e-06,7.50967970475358e-07,7.50967970475358e-07,1.3716783509032382e-07,2.1741088112037232e-06,,,,,,,,
foc_bus_48.0,184,,,,,,,,,,,,,,,,,,,,,,,,,,3.9999998989515007e-05,,,,,,,,,,,-0.3746320903301239,-4.515738487243652,-0.30419594049453735,1.9024401903152466,0.0,False,False,0.9450285799030572,-20.921696674329805,0.9450285799030572,-20.921696674329805,20.943029168424907,20.943029168424907,1.104263605084893,-10.04129339792279,0.9450287818908691,-20.921693801879883,0.9450287818908691,-20.921693801879883,20.943025588989258,20.943025588989258,1.1042637825012207,-10.041291236877441,2.0198781192082294e-07,2.8724499223642397e-06,2.0198781192082294e-07,2.8724499223642397e-06,3.5794356492147017e-06,3.5794356492147017e-06,1.7741632762913184e-07,2.161045348003654e-06,,,,,,,,
foc_bus_48.0,185,,,,,,,,,,,,,,,,,,,,,,,,,,1.9999999494757503e-05,,,,,,,,,,,-0.3532986044883728,-4.852546215057373,-0.2397364377975464,1.854624629020691,0.0,False,False,0.8453933307784451,-21.538016729574274,0.8453933307784451,-21.538016729574274,21.55460170189062,21.55460170189062,1.1021233552747791,-10.167700118961514,0.8453934788703918,-21.538013458251953,0.8453934788703918,-21.538013458251953,21.554597854614258,21.554597854614258,1.102123498916626,-10.16769790649414,1.4809194670561965e-07,3.271322320586023e-06,1.4809194670561965e-07,3.271322320586023e-06,3.847276360602336e-06,3.847276360602336e-06,1.43641846861442e-07,2.212467373752247e-06,,,,,,,,
foc_bus_48.0,186,,,,,,,,,,,,,,,,,,,,,,,,,,3.9999998989515007e-05,,,,,,,,,,,-0.3260027766227722,-5.150074481964111,-0.17288155853748322,1.7977250814437866,0.0,False,False,0.750190572109273,-22.207825498623656,0.750190572109273,-22.207825498623656,22.22049277742959,22.22049277742959,1.0963517560268767,-10.429583581202557,0.7501906752586365,-22.20782470703125,0.7501906752586365,-22.20782470703125,22.220491409301758,22.220491409301758,1.0963518619537354,-10.429581642150879,1.0314936349509196e-07,7.915924058465862e-07,1.0314936349509196e-07,7.915924058465862e-07,1.3681278332455804e-06,1.3681278332455804e-06,1.0592685861787743e-07,1.9390516783346357e-06,,,,,,,,
foc_bus_48.0,187,,,,,,,,,,,,,,,,,,,,,,,,,,1.9999999494757503e-05,,,,,,,,,,,-0.29320529103279114,-5.4059157371521,-0.10429932177066803,1.7320201396942139,0.0,False,False,0.6657317572543318,-22.664678801361838,0.6657317572543318,-22.664678801361838,22.674453994341686,22.674453994341686,1.0927915389526166,-10.564108717083577,0.6657319068908691,-22.664676666259766,0.6657319068908691,-22.664676666259766,22.67445182800293,22.67445182800293,1.0927916765213013,-10.564106941223145,1.4963653738320204e-07,2.1351020720317138e-06,1.4963653738320204e-07,2.1351020720317138e-06,2.166338756381947e-06,2.166338756381947e-06,1.375686846660784e-07,1.7758604329287664e-06,,,,,,,,
foc_bus_48.0,188,,,,,,,,,,,,,,,,,,,,,,,,,,3.9999998989515007e-05,,,,,,,,,,,-0.25545957684516907,-5.6179986000061035,-0.03467494994401932,1.6578319072723389,0.0,False,False,0.5853416296774723,-23.17269230521381,0.5853416296774723,-23.17269230521381,23.18008398378981,23.18008398378981,1.0844695023171629,-10.838356652208303,0.5853418111801147,-23.172691345214844,0.5853418111801147,-23.172691345214844,23.180082321166992,23.180082321166992,1.0844696760177612,-10.83835506439209,1.8150264247118741e-07,9.599989674313747e-07,1.8150264247118741e-07,9.599989674313747e-07,1.6626228180882663e-06,1.6626228180882663e-06,1.737005983493134e-07,1.5878162127336282e-06,,,,,,,,
foc_bus_48.0,189,,,,,,,,,,,,,,,,,,,,,,,,,,1.9999999494757503e-05,,,,,,,,,,,-0.21340268850326538,-5.784605979919434,0.03529588133096695,1.5755236148834229,0.0,False,False,0.5175494719175517,-23.45431285843189,0.5175494719175517,-23.45431285843189,23.460022359688526,23.460022359688526,1.079782403766882,-10.977069362847029,0.5175496935844421,-23.45431137084961,0.5175496935844421,-23.45431137084961,23.460020065307617,23.460020065307617,1.0797826051712036,-10.977067947387695,2.2166689039870846e-07,1.487582281356481e-06,2.2166689039870846e-07,1.487582281356481e-06,2.2943809092623724e-06,2.2943809092623724e-06,2.01404321664711e-07,1.4154593337423194e-06,,,,,,,,
foc_bus_48.0,190,,,,,,,,,,,,,,,,,,,,,,,,,,3.9999998989515007e-05,,,,,,,,,,,-0.16774436831474304,-5.90438985824585,0.10491404682397842,1.485498309135437,0.0,False,False,0.4531061266762857,-23.78330812447734,0.4531061266762857,-23.78330812447734,23.787623893652377,23.787623893652377,1.0695050880334587,-11.255616474228963,0.4531064033508301,-23.783306121826172,0.4531064033508301,-23.783306121826172,23.787622451782227,23.787622451782227,1.0695053339004517,-11.255615234375,2.7667454438606853e-07,2.00265116845344e-06,2.7667454438606853e-07,2.00265116845344e-06,1.4418701503871034e-06,1.4418701503871034e-06,2.4586699298723147e-07,1.2398539634972394e-06,,,,,,,,
foc_bus_48.0,191,,,,,,,,,,,,,,,,,,,,,,,,,,1.9999999494757503e-05,,,,,,,,,,,-0.11925515532493591,-5.976380825042725,0.1734839528799057,1.3881971836090088,0.0,False,False,0.4021925890783472,-23.87919768128735,0.4021925890783472,-23.87919768128735,23.882584466106444,23.882584466106444,1.0639879793078555,-11.394413021916355,0.4021928906440735,-23.879196166992188,0.4021928906440735,-23.879196166992188,23.882583618164062,23.882583618164062,1.063988208770752,-11.39441204071045,3.0156572627948464e-07,1.5142951639290914e-06,3.0156572627948464e-07,1.5142951639290914e-06,8.479423811991182e-07,8.479423811991182e-07,2.2946289646164075e-07,9.812059058589284e-07,,,,,,,,
foc_bus_48.0,192,,,,,,,,,,,,,,,,,,,,,,,,,,3.9999998989515007e-05,,,,,,,,,,,-0.06875336915254593,-5.999995231628418,0.24032044410705566,1.2840964794158936,-300.0,True,True,1.7394480140835222,-50.762478584325976,0.9490616455622453,-27.696557222747426,50.792272162385615,27.712812921102035,0.9927443309869235,-9.929842892244546,1.7394483089447021,-50.76247787475586,0.9490618705749512,-27.696557998657227,50.79227066040039,27.712814331054688,0.992744505405426,-9.929841995239258,2.948611799169498e-07,7.095701164416823e-07,2.2501270591224198e-07,7.759098004100906e-07,1.5019852241948684e-06,1.4099526524091743e-06,1.7441850252986058e-07,8.970052878254364e-07,,,,,,,,
foc_bus_48.0,193,,,,,,,,,,,,,,,,,,,,,,,,,,1.9999999494757503e-05,,,,,,,,,,,-0.017091287299990654,-5.975042819976807,0.3047557473182678,1.1737064123153687,-300.0,True,True,1.5257760897180126,-49.021374728477525,0.8621357804480818,-27.699399305690214,49.045113650044385,27.712812921102042,0.961659990003807,-9.260752306197633,1.5257763862609863,-49.0213737487793,0.8621359467506409,-27.699398040771484,49.04511260986328,27.712812423706055,0.9616602063179016,-9.260751724243164,2.9654297373227223e-07,9.79698228320558e-07,1.6630255905702995e-07,1.2649187297597564e-06,1.040181103917348e-06,4.97395987508753e-07,2.1631409463651607e-07,5.819544686147538e-07,,,,,,,,
foc_bus_48.0,194,,,,,,,,,,,,,,,,,,,,,,,,,,3.9999998989515007e-05,,,,,,,,,,,0.03485923260450363,-5.9017252922058105,0.3661460280418396,1.0575674772262573,-300.0,True,True,1.3415893525050806,-48.24704952844447,0.7703030497922079,-27.70210521262745,48.26569848444057,27.712812921102042,0.9060988229294001,-7.974016713930293,1.3415896892547607,-48.247047424316406,0.7703032493591309,-27.702104568481445,48.26569747924805,27.712812423706055,0.9060990810394287,-7.974016189575195,3.367496801409686e-07,2.10412806467275e-06,1.9956692298706002e-07,6.441460058681514e-07,1.0051925229959124e-06,4.97395987508753e-07,2.581100285725668e-07,5.243550980083e-07,,,,,,,,
foc_bus_48.0,195,,,,,,,,,,,,,,,,,,,,,,,,,,1.9999999494757503e-05,,,,,,,,,,,0.08622145652770996,-5.780635833740234,0.42387789487838745,0.9362486004829407,-300.0,True,True,1.146821122928011,-46.49673293064441,0.6833163238728649,-27.70438735654569,46.51087369542381,27.712812921102035,0.8822614607509601,-7.392151782488306,1.14682137966156,-46.496734619140625,0.6833164095878601,-27.70438575744629,46.5108757019043,27.712810516357422,0.8822617530822754,-7.39215087890625,2.567335490866185e-07,1.6884962121821445e-06,8.571499521270454e-08,1.5990994022274663e-06,2.0064804857611307e-06,2.4047446132158257e-06,2.92331315265848e-07,9.035820562885988e-07,,,,,,,,
foc_bus_48.0,196,,,,,,,,,,,,,,,,,,,,,,,,,,3.9999998989515007e-05,,,,,,,,,,,0.13612858951091766,-5.612754821777344,0.47737452387809753,0.8103439807891846,-300.0,True,True,0.9724902191313076,-45.60933737475449,0.5907631384622177,-27.706515459621308,45.619703999373804,27.712812921102042,0.8406173320408462,-6.284416757655146,0.9724905490875244,-45.609336853027344,0.5907633304595947,-27.706514358520508,45.61970520019531,27.712812423706055,0.8406176567077637,-6.2844157218933105,3.299562167935477e-07,5.217271450419503e-07,1.91997376997044e-07,1.1011007998718014e-06,1.200821508007266e-06,4.97395987508753e-07,3.246669174616912e-07,1.0357618354106535e-06,,,,,,,,
foc_bus_48.0,197,,,,,,,,,,,,,,,,,,,,,,,,,,1.9999999494757503e-05,,,,,,,,,,,0.18373839557170868,-5.399441242218018,0.5261014103889465,0.6804702877998352,-300.0,True,True,0.7945675853332771,-43.862422097386585,0.5019351363922798,-27.708267017604243,43.869618301245445,27.712812921102042,0.8231330030260876,-5.790004549926971,0.7945680022239685,-43.86241912841797,0.5019354820251465,-27.708269119262695,43.86961364746094,27.712814331054688,0.8231333494186401,-5.790003776550293,4.1689069141259694e-07,2.968968615846279e-06,3.456328666606723e-07,2.1016584526023507e-06,4.653784507979708e-06,1.409952645303747e-06,3.46392552530439e-07,7.733766782536122e-07,,,,,,,,
foc_bus_48.0,198,,,,,,,,,,,,,,,,,,,,,,,,,,3.9999998989515007e-05,,,,,,,,,,,0.22824738919734955,-5.142421722412109,0.5695716142654419,0.5472636222839355,-300.0,True,True,0.629258058961738,-42.8689186857448,0.4067429977027869,-27.709827861858322,42.873536767915105,27.712812921102035,0.7934902264537397,-4.861497411326624,0.6292584538459778,-42.868919372558594,0.40674322843551636,-27.709827423095703,42.873538970947266,27.712812423706055,0.7934905290603638,-4.861496448516846,3.948842397516472e-07,6.86813791617169e-07,2.3073272947815582e-07,4.3876261912600967e-07,2.20303216025286e-06,4.973959804033257e-07,3.0260662409187233e-07,9.628097785707723e-07,,,,,,,,
foc_bus_48.0,199,,,,,,,,,,,,,,,,,,,,,,,,,,1.9999999494757503e-05,,,,,,,,,,,0.2689044177532196,-4.843776702880859,0.6073508858680725,0.4113765060901642,-300.0,True,True,0.4659548153397648,-41.142723985936456,0.3138365506906204,-27.71103582725573,41.14536244673133,27.71281292110204,0.7813769704667671,-4.454175975092346,0.4659551680088043,-41.142723083496094,0.3138367831707001,-27.711034774780273,41.145362854003906,27.712812423706055,0.7813772559165955,-4.454174995422363,3.526690395272425e-07,9.024403624380284e-07,2.3248007968712514e-07,1.0524754578966622e-06,4.072725729997728e-07,4.973959839560393e-07,2.8544982833000887e-07,9.796699824704547e-07,,,,,,,,
foc_bus_48.0,200,,,,,,,,,,,,,,,,,,,,,,,,,,3.9999998989515007e-05,,,,,,,,,,,0.3050233721733093,-4.505923271179199,0.639061689376831,0.27347442507743835,-300.0,True,True,0.30876686722679136,-40.055626067746104,0.21361653918676002,-27.711989606922597,40.05681610734181,27.71281292110204,0.7616118960778231,-3.7036376096581662,0.3087671995162964,-40.055625915527344,0.2136167585849762,-27.71198844909668,40.05681610107422,27.712812423706055,0.7616121768951416,-3.703636646270752,3.322895050228425e-07,1.522187602631675e-07,2.193982161780017e-07,1.157825916919819e-06,6.26759089072948e-09,4.973959839560393e-07,2.808173185098184e-07,9.633874142878085e-07,,,,,,,,
foc_bus_48.0,201,,,,,,,,,,,,,,,,,,,,,,,,,,1.9999999494757503e-05,,,,,,,,,,,0.335994690656662,-4.13159704208374,0.6643871665000916,0.13423289358615875,-300.0,True,True,0.15789381005345693,-38.371157784362204,0.1140347288689017,-27.712578300847646,38.37148264229144,27.712812921102035,0.7537693976571268,-3.3822146200161027,0.15789411962032318,-38.371158599853516,0.11403495073318481,-27.71257781982422,38.371482849121094,27.712812423706055,0.7537696957588196,-3.382213592529297,3.095668662522755e-07,8.154913118119111e-07,2.2186428311199435e-07,4.81023427312266e-07,2.0682965384821728e-07,4.973959804033257e-07,2.981016927749991e-07,1.0274868058601783e-06,,,,,,,,
foc_bus_48.0,202,,,,,,,,,,,,,,,,,,,,,,,,,,3.9999998989515007e-05,,,,,,,,,,,0.3612957000732422,-3.7238271236419678,0.6830743551254272,-0.005666110198944807,-300.0,True,True,0.008080463500562449,-37.207947674668915,0.0060184014980938,-27.712812267592827,37.2079485520875,27.71281292110204,0.7414851165356481,-2.8064469663508405,0.008080773055553436,-37.20794677734375,0.0060186320915818214,-27.712812423706055,37.20794677734375,27.712812423706055,0.7414853572845459,-2.806446075439453,3.0955499098761496e-07,8.973251652832914e-07,2.3059348802124957e-07,1.561132272343002e-07,1.7747437510706732e-06,4.973959839560393e-07,2.4074889781733333e-07,8.909113873301067e-07,,,,,,,,
foc_bus_48.0,203,,,,,,,,,,,,,,,,,,,,,,,,,,1.9999999494757503e-05,,,,,,,,,,,0.38049939274787903,-3.285914659500122,0.6949364542961121,-0.1455373615026474,-300.0,True,True,-0.13235691721500628,-35.58880192068018,-0.10306492270633608,-27.71262126940914,35.58904804153862,27.712812921102046,0.7366633593983274,-2.568707091375086,-0.13235661387443542,-35.588802337646484,-0.10306467115879059,-27.712617874145508,35.58905029296875,27.71280860900879,0.7366636395454407,-2.5687060356140137,3.0334057085634747e-07,4.169663014863545e-07,2.515475454878402e-07,3.395263632910428e-06,2.25143013210527e-06,4.312093256686467e-06,2.801471132851674e-07,1.0557610723438415e-06,,,,,,,,
foc_bus_48.0,204,,,,,,,,,,,,,,,,,,,,,,,,,,3.9999998989515007e-05,,,,,,,,,,,0.3932816982269287,-2.821404218673706,0.6998550295829773,-0.2846957743167877,-300.0,True,True,-0.2752144616002835,-34.37120363391551,-0.22189279382641766,-27.711924573873397,34.37230545430377,27.712812921102042,0.7291280474003284,-2.1622254627541384,-0.27521416544914246,-34.3712043762207,-0.2218925505876541,-27.711923599243164,34.37230682373047,27.712812423706055,0.7291283011436462,-2.162224292755127,2.9615114105485674e-07,7.423051897603727e-07,2.43238763547593e-07,9.746302325197576e-07,1.3694266982611225e-06,4.97395987508753e-07,2.5374331780181336e-07,1.1699990114522052e-06,,,,,,,,
foc_bus_48.0,205,,,,,,,,,,,,,,,,,,,,,,,,,,1.9999999494757503e-05,,,,,,,,,,,0.3994268774986267,-2.3340556621551514,0.6977808475494385,-0.42245975136756897,-300.0,True,True,-0.40691429765441994,-32.84242691118792,-0.3433325555474219,-27.71068607516424,32.844947627639115,27.712812921102035,0.7259020933057257,-2.00479029557917,-0.40691402554512024,-32.84242630004883,-0.34333232045173645,-27.71068572998047,32.844947814941406,27.712812423706055,0.7259023785591125,-2.004789113998413,2.7210929970378217e-07,6.111390931096139e-07,2.3509568547464e-07,3.451837713441819e-07,1.8730229101038276e-07,4.973959804033257e-07,2.852533868002993e-07,1.181580756792755e-06,,,,,,,,
foc_bus_48.0,206,,,,,,,,,,,,,,,,,,,,,,,,,,3.9999998989515007e-05,,,,,,,,,,,0.3988312780857086,-1.8278142213821411,0.6887347102165222,-0.5581545233726501,-300.0,True,True,-0.5427861549250061,-31.59556192555301,-0.4760134364135531,-27.708724460147092,31.60022389479912,27.712812921102035,0.7200093052538066,-1.7595869550709038,-0.5427858829498291,-31.59556007385254,-0.4760132133960724,-27.708723068237305,31.600221633911133,27.712812423706055,0.7200096249580383,-1.7595858573913574,2.7197517704635743e-07,1.8517004711782192e-06,2.2301748070496785e-07,1.391909787429313e-06,2.2608879888252886e-06,4.973959804033257e-07,3.197042317548693e-07,1.0976795463690792e-06,,,,,,,,
foc_bus_48.0,207,,,,,,,,,,,,,,,,,,,,,,,,,,1.9999999494757503e-05,,,,,,,,,,,0.3915048837661743,-1.3067773580551147,0.6728069186210632,-0.6911154389381409,-300.0,True,True,-0.6671031677489129,-30.182492690464443,-0.6123679541369247,-27.70604637058031,30.189864054784348,27.712812921102042,0.7167712142625464,-1.6778302053627325,-0.6671028137207031,-30.182493209838867,-0.6123676300048828,-27.706045150756836,30.189865112304688,27.712812423706055,0.7167715430259705,-1.6778290271759033,3.540282097480585e-07,5.193744243570109e-07,3.2413204187342615e-07,1.2198234742299974e-06,1.0575203397422683e-06,4.97395987508753e-07,3.287634240400905e-07,1.1781868292093378e-06,,,,,,,,
foc_bus_48.0,208,,,,,,,,,,,,,,,,,,,,,,,,,,3.9999998989515007e-05,,,,,,,,,,,0.3775714039802551,-0.7751628160476685,0.6501566767692566,-0.8206912875175476,-300.0,True,True,-0.7954501896284356,-28.933936831123,-0.761591365004655,-27.702346084632442,28.944869002149517,27.712812921102035,0.7090495506525146,-1.5832543480905044,-0.7954498529434204,-28.933935165405273,-0.7615910768508911,-27.70234489440918,28.944868087768555,27.712812423706055,0.7090498208999634,-1.5832531452178955,3.3668501520089933e-07,1.6657177255297029e-06,2.8815376384994096e-07,1.1902232621707753e-06,9.143809620582033e-07,4.973959804033257e-07,2.702474487525919e-07,1.2028726088519903e-06,,,,,,,,
foc_bus_48.0,209,,,,,,,,,,,,,,,,,,,,,,,,,,1.9999999494757503e-05,,,,,,,,,,,0.3572659194469452,-0.23727364838123322,0.6210102438926697,-0.946247398853302,-300.0,False,False,-0.9133849228537655,-27.66106351743329,-0.9133849228537655,-27.66106351743329,27.676139668183055,27.676139668183055,0.7040788922302391,-1.5698926715829158,-0.9133846759796143,-27.661062240600586,-0.9133846759796143,-27.661062240600586,27.676137924194336,27.676137924194336,0.7040791511535645,-1.5698914527893066,2.468741512329231e-07,1.2768327053436224e-06,2.468741512329231e-07,1.2768327053436224e-06,1.743988718772016e-06,1.743988718772016e-06,2.5892332533583584e-07,1.2187936091478946e-06,,,,,,,,
foc_bus_48.0,210,,,,,,,,,,,,,,,,,,,,,,,,,,3.9999998989515007e-05,,,,,,,,,,,0.330931156873703,0.30253612995147705,0.5856589674949646,-1.0671688318252563,-300.0,False,False,-1.0331045733058595,-26.43845429895995,-1.0331045733058595,-26.43845429895995,26.45863130960442,26.45863130960442,0.6944774349104404,-1.5182643719514735,-1.0331043004989624,-26.438453674316406,-1.0331043004989624,-26.438453674316406,26.45863151550293,26.45863151550293,0.6944776773452759,-1.5182631015777588,2.728068970725417e-07,6.246435440004916e-07,2.728068970725417e-07,6.246435440004916e-07,2.0589850890928574e-07,2.0589850890928574e-07,2.4243483542907285e-07,1.2703737146679828e-06,,,,,,,,
foc_bus_48.0,211,,,,,,,,,,,,,,,,,,,,,,,,,,1.9999999494757503e-05,,,,,,,,,,,0.2990115284919739,0.8398970365524292,0.544455885887146,-1.1828631162643433,-300.0,False,False,-1.1416037780183852,-25.233942223435793,-1.1416037780183852,-25.233942223435793,25.25975255859965,25.25975255859965,0.6898516668873739,-1.480142414972979,-1.1416035890579224,-25.23394203186035,-1.1416035890579224,-25.23394203186035,25.25975227355957,25.25975227355957,0.6898518800735474,-1.4801411628723145,1.8896046283245482e-07,1.9157544173253882e-07,1.8896046283245482e-07,1.9157544173253882e-07,2.850400804277342e-07,2.850400804277342e-07,2.1318617349219693e-07,1.2521006644838906e-06,,,,,,,,
foc_bus_48.0,212,,,,,,,,,,,,,,,,,,,,,,,,,,3.9999998989515007e-05,,,,,,,,,,,0.2620457112789154,1.3704593181610107,0.4978128671646118,-1.2927638292312622,-300.0,False,False,-1.2472212549554942,-23.980684914788668,-1.2472212549554942,-23.980684914788668,24.013096631654683,24.013096631654683,0.6809648936719725,-1.3797575244483773,-1.2472209930419922,-23.980684280395508,-1.2472209930419922,-23.980684280395508,24.01309585571289,24.01309585571289,0.6809651255607605,-1.379756212234497,2.6191350199766816e-07,6.343931602259545e-07,2.6191350199766816e-07,6.343931602259545e-07,7.759417925967682e-07,7.759417925967682e-07,2.3188878794933032e-07,1.3122138802224015e-06,,,,,,,,
foc_bus_48.0,213,,,,,,,,,,,,,,,,,,,,,,,,,,1.9999999494757503e-05,,,,,,,,,,,0.2206575572490692,1.8899283409118652,0.4461958110332489,-1.3963326215744019,-300.0,False,False,-1.340121748820231,-22.78825929696739,-1.340121748820231,-22.78825929696739,22.827629927074813,22.827629927074813,0.6767142861069618,-1.317822994614204,-1.3401215076446533,-22.788257598876953,-1.3401215076446533,-22.788257598876953,22.82762908935547,22.82762908935547,0.6767145395278931,-1.317821741104126,2.4117557773095655e-07,1.6980904362640103e-06,2.4117557773095655e-07,1.6980904362640103e-06,8.377193445596731e-07,8.377193445596731e-07,2.534209312399227e-07,1.2535100779587083e-06,,,,,,,,
foc_bus_48.0,214,,,,,,,,,,,,,,,,,,,,,,,,,,3.9999998989515007e-05,,,,,,,,,,,0.17554554343223572,2.394099473953247,0.3901205360889435,-1.493062138557434,-300.0,False,False,-1.42781830699228,-21.542361079315185,-1.42781830699228,-21.542361079315185,21.589626814499965,21.589626814499965,0.6686263092627188,-1.1713041821348968,-1.4278180599212646,-21.542360305786133,-1.4278180599212646,-21.542360305786133,21.58962631225586,21.58962631225586,0.6686265468597412,-1.1713029146194458,2.4707101542453813e-07,7.735290523669391e-07,2.4707101542453813e-07,7.735290523669391e-07,5.022441058599725e-07,5.022441058599725e-07,2.3759702239001257e-07,1.2675154510422004e-06,,,,,,,,
foc_bus_48.0,215,,,,,,,,,,,,,,,,,,,,,,,,,,1.9999999494757503e-05,,,,,,,,,,,0.1274709850549698,2.8788912296295166,0.33014729619026184,-1.582478642463684,-300.0,False,False,-1.5012395125926958,-20.398540689337658,-1.5012395125926958,-20.398540689337658,20.4537082781762,20.4537082781762,0.6648065693875288,-1.0872229577286068,-1.50123929977417,-20.398540496826172,-1.50123929977417,-20.398540496826172,20.45370864868164,20.45370864868164,0.6648067831993103,-1.0872217416763306,2.1281852591314987e-07,1.9251148586363342e-07,2.1281852591314987e-07,1.9251148586363342e-07,3.7050543966188343e-07,3.7050543966188343e-07,2.1381178150203795e-07,1.2160522762094672e-06,,,,,,,,
foc_bus_48.0,216,,,,,,,,,,,,,,,,,,,,,,,,,,3.9999998989515007e-05,,,,,,,,,,,0.07724519819021225,3.3403797149658203,0.26687535643577576,-1.6641442775726318,-300.0,False,False,-1.5670296637522085,-19.198062913234303,-1.5670296637522085,-19.198062913234303,19.261910642186606,19.261910642186606,0.6576588383781002,-0.8985873964874751,-1.5670294761657715,-19.198062896728516,-1.5670294761657715,-19.198062896728516,19.261911392211914,19.261911392211914,0.6576590538024902,-0.8985861539840698,1.8758643705041322e-07,1.6505786959442048e-08,1.8758643705041322e-07,1.6505786959442048e-08,7.500253076386798e-07,7.500253076386798e-07,2.15424389993224e-07,1.24250340527432e-06,,,,,,,,
foc_bus_48.0,217,,,,,,,,,,,,,,,,,,,,,,,,,,1.9999999494757503e-05,,,,,,,,,,,0.02571580559015274,3.774829626083374,0.20093685388565063,-1.7376587390899658,-300.0,False,False,-1.6170961736671725,-18.13814717323684,-1.6170961736671725,-18.13814717323684,18.210090140163736,18.210090140163736,0.6543565342193269,-0.7946962633697141,-1.617095947265625,-18.138145446777344,-1.617095947265625,-18.138145446777344,18.2100887298584,18.2100887298584,0.6543567776679993,-0.7946950197219849,2.264015475095249e-07,1.7264594944776945e-06,2.264015475095249e-07,1.7264594944776945e-06,1.4103053374014962e-06,1.4103053374014962e-06,2.434486723323914e-07,1.2436477292432357e-06,,,,,,,,
foc_bus_48.0,218,,,,,,,,,,,,,,,,,,,,,,,,,,3.9999998989515007e-05,,,,,,,,,,,-0.026247574016451836,4.1787238121032715,0.13299067318439484,-1.8026622533798218,-300.0,False,False,-1.6571196490170554,-17.020004362310395,-1.6571196490170554,-17.020004362310395,17.10048519850309,17.10048519850309,0.6483543657460473,-0.569239832519439,-1.6571193933486938,-17.020004272460938,-1.6571193933486938,-17.020004272460938,17.10048484802246,17.10048484802246,0.6483545899391174,-0.569238543510437,2.5566836159285344e-07,8.984945765178054e-08,2.5566836159285344e-07,8.984945765178054e-08,3.5048062940745695e-07,3.5048062940745695e-07,2.2419307010856926e-07,1.2890090019812561e-06,,,,,,,,
foc_bus_48.0,219,,,,,,,,,,,,,,,,,,,,,,,,,,1.9999999494757503e-05,,,,,,,,,,,-0.0777679905295372,4.548793315887451,0.06371568888425827,-1.85883629322052,-300.0,False,False,-1.6802729766883915,-16.076953508673505,-1.6802729766883915,-16.076953508673505,16.16452137850789,16.16452137850789,0.645687893039305,-0.4484784165144893,-1.6802728176116943,-16.076953887939453,-1.6802728176116943,-16.076953887939453,16.164522171020508,16.164522171020508,0.6456881165504456,-0.4484771490097046,1.5907669714820827e-07,3.7926594842474515e-07,1.5907669714820827e-07,3.7926594842474515e-07,7.925126190855281e-07,7.925126190855281e-07,2.235111405957113e-07,1.2675047846855136e-06,,,,,,,,
foc_bus_48.0,220,,,,,,,,,,,,,,,,,,,,,,,,,,3.9999998989515007e-05,,,,,,,,,,,-0.12797598540782928,4.882042407989502,-0.006195916328579187,-1.905905842781067,-300.0,False,False,-1.69111806438096,-15.07574374555972,-1.69111806438096,-15.07574374555972,15.170297617036345,15.170297617036345,0.6410976359613094,-0.19262023102692588,-1.691117763519287,-15.07574462890625,-1.691117763519287,-15.07574462890625,15.17029857635498,15.17029857635498,0.6410978436470032,-0.1926189661026001,3.0086167290832577e-07,8.833465301449905e-07,3.0086167290832577e-07,8.833465301449905e-07,9.593186351963823e-07,9.593186351963823e-07,2.0768569375384516e-07,1.2649243257834009e-06,,,,,,,,
foc_bus_48.0,221,,,,,,,,,,,,,,,,,,,,,,,,,,1.9999999494757503e-05,,,,,,,,,,,-0.17602422833442688,5.175773620605469,-0.07604561746120453,-1.9436402320861816,-300.0,False,False,-1.6844397681201055,-14.279123208300957,-1.6844397681201055,-14.279123208300957,14.37813259537773,14.37813259537773,0.6392133886880125,-0.05844417054517981,-1.6844394207000732,-14.279123306274414,-1.6844394207000732,-14.279123306274414,14.378132820129395,14.378132820129395,0.6392136216163635,-0.05844290554523468,3.4742003229837337e-07,9.797345690287784e-08,3.4742003229837337e-07,9.797345690287784e-08,2.2475166439051009e-07,2.2475166439051009e-07,2.3292835105159782e-07,1.2649999451275207e-06,,,,,,,,
foc_bus_48.0,222,,,,,,,,,,,,,,,,,,,,,,,,,,3.9999998989515007e-05,,,,,,,,,,,-0.22110185027122498,5.427609443664551,-0.14513549208641052,-1.971854567527771,-300.0,False,False,-1.663468370113305,-13.426026142335376,-1.663468370113305,-13.426026142335376,13.52868452559377,13.52868452559377,0.636349988166204,0.22046388319098076,-1.6634682416915894,-13.426026344299316,-1.6634682416915894,-13.426026344299316,13.528684616088867,13.528684616088867,0.6363502144813538,0.22046516835689545,1.2842171570603966e-07,2.0196394068250356e-07,1.2842171570603966e-07,2.0196394068250356e-07,9.049509763769947e-08,9.049509763769947e-08,2.2631514973170397e-07,1.2851659146884131e-06,,,,,,,,
foc_bus_48.0,223,,,,,,,,,,,,,,,,,,,,,,,,,,1.9999999494757503e-05,,,,,,,,,,,-0.26244810223579407,5.63551139831543,-0.21277523040771484,-1.9904109239578247,-300.0,False,False,-1.6249893819521668,-12.801053662800582,-1.6249893819521668,-12.801053662800582,12.90378104934199,12.90378104934199,0.6354138281967725,0.36418585748744403,-1.6249891519546509,-12.80105209350586,-1.6249891519546509,-12.80105209350586,12.903779029846191,12.903779029846191,0.6354140639305115,0.3641871213912964,2.29997515921454e-07,1.569294722614245e-06,2.29997515921454e-07,1.569294722614245e-06,2.019495799032711e-06,2.019495799032711e-06,2.3573373897356475e-07,1.2639038523554191e-06,,,,,,,,
foc_bus_48.0,224,,,,,,,,,,,,,,,,,,,,,,,,,,3.9999998989515007e-05,,,,,,,,,,,-0.29936522245407104,5.797796249389648,-0.27828899025917053,-1.9992181062698364,-300.0,False,False,-1.5706403367999222,-12.122829518097479,-1.5706403367999222,-12.122829518097479,12.224152591997473,12.224152591997473,0.6346194016149715,0.6580787794072678,-1.570640206336975,-12.122828483581543,-1.570640206336975,-12.122828483581543,12.224151611328125,12.224151611328125,0.6346196532249451,0.658079981803894,1.3046294711216433e-07,1.0345159360269918e-06,1.3046294711216433e-07,1.0345159360269918e-06,9.806693483938034e-07,9.806693483938034e-07,2.516099735228039e-07,1.2023966262653119e-06,,,,,,,,
foc_bus_48.0,225,,,,,,,,,,,,,,,,,,,,,,,,,,1.9999999494757503e-05,,,,,,,,,,,-0.33123019337654114,5.913150787353516,-0.34102216362953186,-1.9982331991195679,-300.0,False,False,-1.4996090981712085,-11.689556732950178,-1.4996090981712085,-11.689556732950178,11.785353794442436,11.785353794442436,0.6348039460199023,0.8071807080529806,-1.4996087551116943,-11.689554214477539,-1.4996087551116943,-11.689554214477539,11.785350799560547,11.785350799560547,0.6348041892051697,0.8071818947792053,3.4305951412960667e-07,2.518472639323477e-06,3.4305951412960667e-07,2.518472639323477e-06,2.994881889151202e-06,2.994881889151202e-06,2.431852673678847e-07,1.1867262247333699e-06,,,,,,,,
foc_bus_48.0,226,,,,,,,,,,,,,,,,,,,,,,,,,,3.9999998989515007e-05,,,,,,,,,,,-0.35750526189804077,5.980640888214111,-0.4003479480743408,-1.9874608516693115,-300.0,False,False,-1.4116506431345668,-11.20768231104472,-1.4116506431345668,-11.20768231104472,11.296233900002557,11.296233900002557,0.6364188157185976,1.1075224280587916,-1.4116504192352295,-11.207682609558105,-1.4116504192352295,-11.207682609558105,11.296234130859375,11.296234130859375,0.6364190578460693,1.1075236797332764,2.2389933729272116e-07,2.9851338467778987e-07,2.2389933729272116e-07,2.9851338467778987e-07,2.3085681810641745e-07,2.3085681810641745e-07,2.421274717390176e-07,1.25167448472574e-06,,,,,,,,
foc_bus_48.0,227,,,,,,,,,,,,,,,,,,,,,,,,,,1.9999999494757503e-05,,,,,,,,,,,-0.3777469992637634,5.999720573425293,-0.45567360520362854,-1.966953992843628,-300.0,False,False,-1.3087361893335467,-10.9803327152133,-1.3087361893335467,-10.9803327152133,11.058051227501833,11.058051227501833,0.637887459796336,1.2576663908286974,-1.3087360858917236,-10.980331420898438,-1.3087360858917236,-10.980331420898438,11.058050155639648,11.058050155639648,0.637887716293335,1.2576676607131958,1.0344182310717542e-07,1.294314863287127e-06,1.0344182310717542e-07,1.294314863287127e-06,1.0718621847871646e-06,1.0718621847871646e-06,2.5649699897378753e-07,1.2698844984448954e-06,,,,,,,,
foc_bus_48.0,228,,,,,,,,,,,,,,,,,,,,,,,,,,3.9999998989515007e-05,,,,,,,,,,,-0.39161378145217896,5.970235824584961,-0.5064463019371033,-1.9368129968643188,-300.0,False,False,-1.1884455792297874,-10.71030028025446,-1.1884455792297874,-10.71030028025446,10.776035216535329,10.776035216535329,0.6422158428718701,1.5557068427116252,-1.1884453296661377,-10.710299491882324,-1.1884453296661377,-10.710299491882324,10.776034355163574,10.776034355163574,0.6422160863876343,1.5557081699371338,2.495636497457099e-07,7.883721355739226e-07,2.495636497457099e-07,7.883721355739226e-07,8.613717543681787e-07,8.613717543681787e-07,2.4351576421999255e-07,1.3272255086071993e-06,,,,,,,,
foc_bus_48.0,229,,,,,,,,,,,,,,,,,,,,,,,,,,1.9999999494757503e-05,,,,,,,,,,,-0.39887163043022156,5.8924241065979,-0.552158772945404,-1.8971855640411377,-300.0,False,False,-1.0558552311999012,-10.696792147711744,-1.0558552311999012,-10.696792147711744,10.748776326661552,10.748776326661552,0.6451047695912256,1.702513751246898,-1.0558550357818604,-10.69679069519043,-1.0558550357818604,-10.69679069519043,10.748774528503418,10.748774528503418,0.6451050043106079,1.7025151252746582,1.954180408603179e-07,1.4525213138938398e-06,1.954180408603179e-07,1.4525213138938398e-06,1.7981581343917696e-06,1.7981581343917696e-06,2.3471938226382605e-07,1.3740277602369844e-06,,,,,,,,
foc_bus_48.0,230,,,,,,,,,,,,,,,,,,,,,,,,,,3.9999998989515007e-05,,,,,,,,,,,-0.39939799904823303,5.766916275024414,-0.5923542976379395,-1.8482656478881836,-300.0,False,False,-0.906106298477926,-10.647601631615284,-0.906106298477926,-10.647601631615284,10.686086707944954,10.686086707944954,0.6523778728341613,1.9895528618843321,-0.9061061143875122,-10.647601127624512,-0.9061061143875122,-10.647601127624512,10.686086654663086,10.686086654663086,0.6523780822753906,1.9895541667938232,1.8409041380174074e-07,5.03990772671159e-07,1.8409041380174074e-07,5.03990772671159e-07,5.32818678067315e-08,5.32818678067315e-08,2.0944122935961929e-07,1.304909491128825e-06,,,,,,,,
foc_bus_48.0,231,,,,,,,,,,,,,,,,,,,,,,,,,,1.9999999494757503e-05,,,,,,,,,,,-0.3931840658187866,5.594727993011475,-0.6266311407089233,-1.7902928590774536,-300.0,False,False,-0.7476032546362585,-10.849268400779309,-0.7476032546362585,-10.849268400779309,10.87499588314824,10.87499588314824,0.6567775340264802,2.1287346856989724,-0.7476030588150024,-10.849267959594727,-0.7476030588150024,-10.849267959594727,10.874995231628418,10.874995231628418,0.6567777395248413,2.1287360191345215,1.9582125609929335e-07,4.411845822005489e-07,1.9582125609929335e-07,4.411845822005489e-07,6.515198212042606e-07,6.515198212042606e-07,2.05498361105505e-07,1.333435549089046e-06,,,,,,,,
foc_bus_48.0,232,,,,,,,,,,,,,,,,,,,,,,,,,,3.9999998989515007e-05,,,,,,,,,,,-0.38033467531204224,5.37725305557251,-0.6546469330787659,-1.7235512733459473,-300.0,False,False,-0.5728502633788013,-11.023114653266598,-0.5728502633788013,-11.023114653266598,11.03798958521496,11.03798958521496,0.6671171880627678,2.3963853577401255,-0.5728499889373779,-11.023113250732422,-0.5728499889373779,-11.023113250732422,11.03798770904541,11.03798770904541,0.6671174168586731,2.3963866233825684,2.744414233646353e-07,1.402534175909409e-06,2.744414233646353e-07,1.402534175909409e-06,1.876169550385498e-06,1.876169550385498e-06,2.2879590533264604e-07,1.265642442849213e-06,,,,,,,,
foc_bus_48.0,233,,,,,,,,,,,,,,,,,,,,,,,,,,1.9999999494757503e-05,,,,,,,,,,,-0.36106666922569275,5.116251468658447,-0.676121711730957,-1.6483677625656128,-300.0,False,False,-0.3936651814502692,-11.434635636617799,-0.3936651814502692,-11.434635636617799,11.441410071197343,11.441410071197343,0.6730548741297582,2.523874780027544,-0.3936649560928345,-11.434636116027832,-0.3936649560928345,-11.434636116027832,11.441411018371582,11.441411018371582,0.673055112361908,2.5238759517669678,2.253574347133025e-07,4.794100334493123e-07,2.253574347133025e-07,4.794100334493123e-07,9.471742394850935e-07,9.471742394850935e-07,2.3823214978513363e-07,1.1717394237109602e-06,,,,,,,,
foc_bus_48.0,234,,,,,,,,,,,,,,,,,,,,,,,,,,3.9999998989515007e-05,,,,,,,,,,,-0.3357052505016327,4.813836574554443,-0.6908408999443054,-1.5651105642318726,-300.0,False,False,-0.19981528855114528,-11.82681974748396,-0.19981528855114528,-11.82681974748396,11.828507576571752,11.828507576571752,0.6864410048884944,2.764316483463582,-0.19981515407562256,-11.82681941986084,-0.19981515407562256,-11.82681941986084,11.828507423400879,11.828507423400879,0.6864412426948547,2.764317750930786,1.3447552271728114e-07,3.2762311974465774e-07,1.3447552271728114e-07,3.2762311974465774e-07,1.5317087331823132e-07,1.5317087331823132e-07,2.3780636038139846e-07,1.2674672040802193e-06,,,,,,,,
foc_bus_48.0,235,,,,,,,,,,,,,,,,,,,,,,,,,,1.9999999494757503e-05,,,,,,,,,,,-0.30467838048934937,4.4724555015563965,-0.6986573934555054,-1.4741873741149902,-300.0,False,False,-0.0064500809571943485,-12.4363596218837,-0.0064500809571943485,-12.4363596218837,12.436361294541246,12.436361294541246,0.6938661318674941,2.8763899112286735,-0.0064498186111450195,-12.436357498168945,-0.0064498186111450195,-12.436357498168945,12.436359405517578,12.436359405517578,0.6938663721084595,2.8763911724090576,2.623460493289542e-07,2.123714754276307e-06,2.623460493289542e-07,2.123714754276307e-06,1.8890236681556871e-06,1.8890236681556871e-06,2.402409653434745e-07,1.2611803841267033e-06,,,,,,,,
foc_bus_48.0,236,,,,,,,,,,,,,,,,,,,,,,,,,,3.9999998989515007e-05,,,,,,,,,,,-0.2685096859931946,4.09487247467041,-0.6994931697845459,-1.376043677330017,-300.0,False,False,0.1993704530452598,-13.035416163868794,0.1993704530452598,-13.035416163868794,13.036940712559803,13.036940712559803,0.710111195628174,3.0826051957141627,0.1993706226348877,-13.035414695739746,0.1993706226348877,-13.035414695739746,13.03693962097168,13.03693962097168,0.7101114392280579,3.082606554031372,1.6958962789637155e-07,1.4681290476659115e-06,1.6958962789637155e-07,1.4681290476659115e-06,1.091588123003362e-06,1.091588123003362e-06,2.4359988382016695e-07,1.358317209376736e-06,,,,,,,,
foc_bus_48.0,237,,,,,,,,,,,,,,,,,,,,,,,,,,1.9999999494757503e-05,,,,,,,,,,,-0.22780956327915192,3.684142827987671,-0.6933398842811584,-1.2711601257324219,-300.0,False,False,0.3994374110487391,-13.824974015803244,0.3994374110487391,-13.824974015803244,13.830743175367699,13.830743175367699,0.7188848146085114,3.1759953318378478,0.39943766593933105,-13.824972152709961,0.39943766593933105,-13.824972152709961,13.830740928649902,13.830740928649902,0.718885064125061,3.175996780395508,2.548905919663724e-07,1.8630932832053304e-06,2.548905919663724e-07,1.8630932832053304e-06,2.2467177966944973e-06,2.2467177966944973e-06,2.495165496441132e-07,1.4485576600442585e-06,,,,,,,,
foc_bus_48.0,238,,,,,,,,,,,,,,,,,,,,,,,,,,3.9999998989515007e-05,,,,,,,,,,,-0.18326488137245178,3.2435920238494873,-0.6802589297294617,-1.160050392150879,-300.0,False,False,0.6092134347663642,-14.613014995740256,0.6092134347663642,-14.613014995740256,14.625708470868323,14.625708470868323,0.7376180150857407,3.341981859205086,0.6092137098312378,-14.613014221191406,0.6092137098312378,-14.613014221191406,14.625707626342773,14.625707626342773,0.7376182675361633,3.3419833183288574,2.7506487354500564e-07,7.745488499466546e-07,2.7506487354500564e-07,7.745488499466546e-07,8.445255499367477e-07,8.445255499367477e-07,2.5245042267751927e-07,1.4591237715855243e-06,,,,,,,,
foc_bus_48.0,239,,,,,,,,,,,,,,,,,,,,,,,,,,1.9999999494757503e-05,,,,,,,,,,,-0.1356273889541626,2.7767858505249023,-0.660381019115448,-1.0432586669921875,-300.0,False,False,0.807904232274246,-15.558971983354658,0.807904232274246,-15.558971983354658,15.579933197139896,15.579933197139896,0.7475077863893034,3.4139763428565106,0.8079044818878174,-15.558971405029297,0.8079044818878174,-15.558971405029297,15.57993221282959,15.57993221282959,0.7475080490112305,3.413977861404419,2.4961357136810136e-07,5.78325360933718e-07,2.4961357136810136e-07,5.78325360933718e-07,9.843103061513148e-07,9.843103061513148e-07,2.626219270940311e-07,1.5185479083079656e-06,,,,,,,,
foc_bus_48.0,240,,,,,,,,,,,,,,,,,,,,,,,,,,3.9999998989515007e-05,,,,,,,,,,,-0.08570101857185364,2.2875030040740967,-0.6339048743247986,-0.9213571548461914,-300.0,False,False,1.0131411742884577,-16.512233971414034,1.0131411742884577,-16.512233971414034,16.543286425790924,16.543286425790924,0.7681712385295449,3.534927933442293,1.013141393661499,-16.51223373413086,1.013141393661499,-16.51223373413086,16.543285369873047,16.543285369873047,0.768171489238739,3.5349295139312744,2.1937304128805124e-07,2.37283174442382e-07,2.1937304128805124e-07,2.37283174442382e-07,1.0559178775793043e-06,1.0559178775793043e-06,2.507091940717743e-07,1.5804889814674539e-06,,,,,,,,
foc_bus_48.0,241,,,,,,,,,,,,,,,,,,,,,,,,,,1.9999999494757503e-05,,,,,,,,,,,-0.03432833403348923,1.7797037363052368,-0.6010949015617371,-0.7949428558349609,-300.0,False,False,1.2022173556440188,-17.58608036412975,1.2022173556440188,-17.58608036412975,17.62712537947812,17.62712537947812,0.7788528068183376,3.583451020316294,1.202217698097229,-17.58608055114746,1.202217698097229,-17.58608055114746,17.627124786376953,17.627124786376953,0.7788530588150024,3.5834527015686035,3.424532102336286e-07,1.8701771153928348e-07,3.424532102336286e-07,1.8701771153928348e-07,5.93101166401766e-07,5.93101166401766e-07,2.5199666486841465e-07,1.6812523093712173e-06,,,,,,,,
foc_bus_48.0,242,,,,,,,,,,,,,,,,,,,,,,,,,,3.9999998989515007e-05,,,,,,,,,,,0.017623677849769592,1.2574986219406128,-0.5622789859771729,-0.6646348834037781,-300.0,False,False,1.394404455442594,-18.675664863802126,1.394404455442594,-18.675664863802126,18.72764859480259,18.72764859480259,0.8007110823744782,3.6559020132781863,1.394404649734497,-18.675662994384766,1.394404649734497,-18.675662994384766,18.727645874023438,18.727645874023438,0.8007113337516785,3.6559035778045654,1.9429190301067933e-07,1.869417360467196e-06,1.9429190301067933e-07,1.869417360467196e-06,2.7207791539751724e-06,2.7207791539751724e-06,2.513772002776804e-07,1.5645263791164155e-06,,,,,,,,
foc_bus_48.0,243,,,,,,,,,,,,,,,,,,,,,,,,,,1.9999999494757503e-05,,,,,,,,,,,0.06927827000617981,0.725114643573761,-0.5178450345993042,-0.5310715436935425,-300.0,False,False,1.5659387136081664,-19.8448855033453,1.5659387136081664,-19.8448855033453,19.906572901824696,19.906572901824696,0.8117763039866766,3.6795767310747065,1.5659388303756714,-19.844886779785156,1.5659388303756714,-19.844886779785156,19.906574249267578,19.906574249267578,0.8117765784263611,3.6795783042907715,1.1676750499844957e-07,1.2764398569231616e-06,1.1676750499844957e-07,1.2764398569231616e-06,1.347442882604355e-06,1.347442882604355e-06,2.744396845333341e-07,1.5732160649761795e-06,,,,,,,,
foc_bus_48.0,244,,,,,,,,,,,,,,,,,,,,,,,,,,3.9999998989515007e-05,,,,,,,,,,,0.11976370960474014,0.18686123192310333,-0.46823686361312866,-0.39490699768066406,-300.0,False,False,1.7370380922812192,-21.037658870010247,1.7370380922812192,-21.037658870010247,21.109248969704176,21.109248969704176,0.8339398141036095,3.701505325415984,1.737038493156433,-21.03765869140625,1.737038493156433,-21.03765869140625,21.109249114990234,21.109249114990234,0.8339400887489319,3.7015068531036377,4.0087521391285463e-07,1.786039973694642e-07,4.0087521391285463e-07,1.786039973694642e-07,1.4528605873920242e-07,1.4528605873920242e-07,2.7464532237342354e-07,1.527687653712917e-06,,,,,,,,
foc_bus_48.0,245,,,,,,,,,,,,,,,,,,,,,,,,,,1.9999999494757503e-05,,,,,,,,,,,0.16822798550128937,-0.3529047667980194,-0.41395026445388794,-0.25680822134017944,-300.0,False,False,1.8838876921311811,-22.26674834882649,1.8838876921311811,-22.26674834882649,22.34629980257426,22.34629980257426,0.8449118387243738,3.699694241503428,1.8838880062103271,-22.266748428344727,1.8838880062103271,-22.266748428344727,22.34630012512207,22.34630012512207,0.8449121117591858,3.6996958255767822,3.140791460243264e-07,7.951823732810226e-08,3.140791460243264e-07,7.951823732810226e-08,3.225478089063927e-07,3.225478089063927e-07,2.730348119817094e-07,1.5840733542660246e-06,,,,,,,,
foc_bus_48.0,246,,,,,,,,,,,,,,,,,,,,,,,,,,3.9999998989515007e-05,,,,,,,,,,,0.21385322511196136,-0.8898141384124756,-0.3555276095867157,-0.11745157837867737,-300.0,False,False,2.0268158761705073,-23.52638175474261,2.0268158761705073,-23.52638175474261,23.613526231077447,23.613526231077447,0.8663735148944683,3.6705815736031764,2.026815891265869,-23.52638053894043,2.026815891265869,-23.52638053894043,23.613525390625,23.613525390625,0.8663737773895264,3.6705832481384277,1.50953618494043e-08,1.2158021789332452e-06,1.50953618494043e-08,1.2158021789332452e-06,8.404524471927743e-07,8.404524471927743e-07,2.624950580232266e-07,1.6745352513503065e-06,,,,,,,,
foc_bus_48.0,247,,,,,,,,,,,,,,,,,,,,,,,,,,1.9999999494757503e-05,,,,,,,,,,,0.25586941838264465,-1.4195208549499512,-0.2935526371002197,0.02248033694922924,-300.0,False,False,2.1430682214521015,-24.777956636448025,2.1430682214521015,-24.777956636448025,24.870461927344586,24.870461927344586,0.8767281997704716,3.6434048926091553,2.143068552017212,-24.7779541015625,2.143068552017212,-24.7779541015625,24.870458602905273,24.870458602905273,0.8767284750938416,3.643406629562378,3.30565110395753e-07,2.534885524596575e-06,3.30565110395753e-07,2.534885524596575e-06,3.324439312279992e-06,3.324439312279992e-06,2.753233699914759e-07,1.7369532225863793e-06,,,,,,,,
foc_bus_48.0,248,,,,,,,,,,,,,,,,,,,,,,,,,,3.9999998989515007e-05,,,,,,,,,,,0.2935675084590912,-1.937737226486206,-0.22864459455013275,0.1623021364212036,-300.0,False,False,2.2521380569464773,-26.066067274774298,2.2521380569464773,-26.066067274774298,26.163180024618686,26.163180024618686,0.8964119445751578,3.5642480927934006,2.252138376235962,-26.06606674194336,2.252138376235962,-26.06606674194336,26.163179397583008,26.163179397583008,0.896412193775177,3.5642497539520264,3.1928948462933704e-07,5.328309384822205e-07,3.1928948462933704e-07,5.328309384822205e-07,6.270356784909836e-07,6.270356784909836e-07,2.492000191756105e-07,1.6611586257653244e-06,,,,,,,,
foc_bus_48.0,249,,,,,,,,,,,,,,,,,,,,,,,,,,1.9999999494757503e-05,,,,,,,,,,,0.32631129026412964,-2.4402685165405273,-0.16145199537277222,0.30132898688316345,-300.0,False,False,2.333493944766442,-27.302040854504284,2.333493944766442,-27.302040854504284,27.401580772124856,27.401580772124856,0.9056045772087628,3.5125785649295436,2.333493947982788,-27.302040100097656,2.333493947982788,-27.302040100097656,27.401580810546875,27.401580810546875,0.9056048393249512,3.512580156326294,3.2163463004053483e-09,7.544066278342143e-07,3.2163463004053483e-09,7.544066278342143e-07,3.842201934389777e-08,3.842201934389777e-08,2.621161884208689e-07,1.5913967503777826e-06,,,,,,,,
foc_bus_48.0,250,,,,,,,,,,,,,,,,,,,,,,,,,,3.9999998989515007e-05,,,,,,,,,,,0.35354816913604736,-2.9230470657348633,-0.09264622628688812,0.43887993693351746,-300.0,True,True,2.4047864244565,-28.579399923917805,2.323656792714521,-27.61522440809909,28.68039570435672,27.712812921102035,0.9163059560111291,3.4585545440060974,2.4047865867614746,-28.57939910888672,2.3236570358276367,-27.615224838256836,28.680395126342773,27.712812423706055,0.91630619764328,3.4585559368133545,1.6230497479341466e-07,8.15031086176532e-07,2.4311311586089346e-07,4.3015774764398884e-07,5.780139460398459e-07,4.973959804033257e-07,2.416321509546293e-07,1.3928072570834615e-06,,,,,,,,
foc_bus_48.0,251,,,,,,,,,,,,,,,,,,,,,,,,,,1.9999999494757503e-05,,,,,,,,,,,0.37481850385665894,-3.38216495513916,-0.022914765402674675,0.5742812156677246,-300.0,True,True,2.4427380810530117,-29.68948326625113,2.2724266612879305,-27.619487270205937,29.78980338890528,27.712812921102035,0.9173812484960786,3.4620263746710185,2.4427382946014404,-29.689481735229492,2.2724268436431885,-27.61948585510254,29.78980255126953,27.712812423706055,0.9173814654350281,3.4620277881622314,2.1354842871801338e-07,1.5310216383568331e-06,1.8235525800491814e-07,1.4151033980169814e-06,8.376357492068109e-07,4.973959804033257e-07,2.1693894947105719e-07,1.413491212964857e-06,,,,,,,,
foc_bus_48.0,252,,,,,,,,,,,,,,,,,,,,,,,,,,3.9999998989515007e-05,,,,,,,,,,,0.38976332545280457,-3.8139054775238037,0.04704565182328224,0.7068697214126587,-300.0,True,True,2.4679550416128047,-30.839212902741508,2.210692505133659,-27.624497075019228,30.937806233604224,27.712812921102035,0.9109021706157204,3.534008617360925,2.4679551124572754,-30.839210510253906,2.2106926441192627,-27.624496459960938,30.937803268432617,27.712812423706055,0.9109023809432983,3.5340099334716797,7.084447073424371e-08,2.3924876018099894e-06,1.389856039146764e-07,6.150582905206647e-07,2.9651716069167833e-06,4.973959804033257e-07,2.1032757790973022e-07,1.3161107546011408e-06,,,,,,,,
foc_bus_48.0,253,,,,,,,,,,,,,,,,,,,,,,,,,,1.9999999494757503e-05,,,,,,,,,,,0.3981303870677948,-4.2147746086120605,0.11653599888086319,0.8359959125518799,-300.0,True,True,2.4550401793096324,-31.690502775226403,2.1404780234909646,-27.63002630890807,31.78545561146886,27.712812921102035,0.9043505267385286,3.5918956039341223,2.455040454864502,-31.690502166748047,2.1404783725738525,-27.63002586364746,31.78545570373535,27.712812423706055,0.904350757598877,3.5918970108032227,2.7555486958874553e-07,6.084783557014362e-07,3.490828879293417e-07,4.452606106042367e-07,9.226649311244728e-08,4.973959804033257e-07,2.3086034839359115e-07,1.4068691003288336e-06,,,,,,,,
foc_bus_48.0,254,,,,,,,,,,,,,,,,,,,,,,,,,,3.9999998989515007e-05,,,,,,,,,,,0.3997785449028015,-4.581526756286621,0.184861958026886,0.9610274434089661,-300.0,True,True,2.435481355211258,-32.67837232451461,2.0596915395820345,-27.6361659924414,32.769003451603226,27.712812921102042,0.8841174954342796,3.7631534572607297,2.435481548309326,-32.67837142944336,2.059691905975342,-27.636167526245117,32.76900100708008,27.712814331054688,0.8841177821159363,3.7631547451019287,1.9309806820189124e-07,8.950712526711868e-07,3.66393307249524e-07,1.5338037187007103e-06,2.4445231474601314e-06,1.409952645303747e-06,2.866816566360342e-07,1.2878411990158156e-06,,,,,,,,
foc_bus_48.0,255,,,,,,,,,,,,,,,,,,,,,,,,,,1.9999999494757503e-05,,,,,,,,,,,0.3946799635887146,-4.91119384765625,0.2513408362865448,1.08135187625885,-300.0,True,True,2.377891257558151,-33.26966144463618,1.9756852683854078,-27.64229852454902,33.35453101864097,27.712812921102035,0.8716561286600328,3.862361500036829,2.3778915405273438,-33.26966094970703,1.975685477256775,-27.642297744750977,33.354530334472656,27.712812423706055,0.8716564178466797,3.8623626232147217,2.8296919296622036e-07,4.949291465550232e-07,2.0887136709113463e-07,7.797980430268581e-07,6.841683131142418e-07,4.973959804033257e-07,2.891866468512916e-07,1.123177892470295e-06,,,,,,,,
foc_bus_6.0,0,,,,,,,,,,,,,,,,,,,,,,,,,,3.9999998989515007e-05,,,,,,,,,,,0.0,0.0,0.0,2.0,20.0,False,False,-0.14389710238332443,-1.7059286099665685,-0.14389710238332443,-1.7059286099665685,1.7119867985404518,1.7119867985404518,0.0,-0.07538601534227028,-0.14389710128307343,-1.7059285640716553,-0.14389710128307343,-1.7059285640716553,1.711986780166626,1.711986780166626,0.0,-0.07538601011037827,1.1002510014179734e-09,4.589491320317052e-08,1.1002510014179734e-09,4.589491320317052e-08,1.837382579417124e-08,1.837382579417124e-08,0.0,5.231892016843709e-09,,,,,,,,
foc_bus_6.0,1,,,,,,,,,,,,,,,,,,,,,,,,,,1.9999999494757503e-05,,,,,,,,,,,0.05185365676879883,0.5392712950706482,0.06988339126110077,1.995102047920227,20.0,False,False,-0.18464432549343232,-0.8041591025624522,-0.18464432549343232,-0.8041591025624522,0.8250850799590144,0.8250850799590144,-0.00033979746026343346,-0.10282333520978709,-0.18464432656764984,-0.8041591644287109,-0.18464432656764984,-0.8041591644287109,0.8250851631164551,0.8250851631164551,-0.00033979746513068676,-0.10282333195209503,1.0742175204914162e-09,6.186625878257246e-08,1.0742175204914162e-09,6.186625878257246e-08,8.315744071119013e-08,8.315744071119013e-08,4.867253301787944e-12,3.2576920605542625e-09,,,,,,,,
foc_bus_6.0,2,,,,,,,,,,,,,,,,,,,,,,,,,,3.9999998989515007e-05,,,,,,,,,,,0.10283222049474716,1.0741773843765259,0.13906852900981903,1.9804320335388184,20.0,False,False,-0.22611430205322794,0.09998722750956013,-0.22611430205322794,0.09998722750956013,0.24723495557478709,0.24723495557478709,-0.001705652915095657,-0.13698279865266327,-0.22611430287361145,0.09998738765716553,-0.22611430287361145,0.09998738765716553,0.2472350150346756,0.2472350150346756,-0.0017056528013199568,-0.13698279857635498,8.203835111242341e-10,1.601476053991746e-07,8.203835111242341e-10,1.601476053991746e-07,5.945988851285833e-08,5.945988851285833e-08,1.1377570023271555e-10,7.630829301774611e-11,,,,,,,,
foc_bus_6.0,3,,,,,,,,,,,,,,,,,,,,,,,,,,1.9999999494757503e-05,,,,,,,,,,,0.1520753651857376,1.6003886461257935,0.2068641483783722,1.956061840057373,20.0,False,False,-0.2673350640528683,1.033160824541941,-0.2673350640528683,1.033160824541941,1.0671875776265083,1.0671875776265083,-0.002738229927681725,-0.14368599486630335,-0.26733505725860596,1.033160924911499,-0.26733505725860596,1.033160924911499,1.0671876668930054,1.0671876668930054,-0.0027382299304008484,-0.14368599653244019,6.7942623194205964e-09,1.0036955799819225e-07,6.7942623194205964e-09,1.0036955799819225e-07,8.926649708307366e-08,8.926649708307366e-08,2.719123537442414e-12,1.6661368396064802e-09,,,,,,,,
foc_bus_6.0,4,,,,,,,,,,,,,,,,,,,,,,,,,,3.9999998989515007e-05,,,,,,,,,,,0.19875206053256989,2.113645315170288,0.27259284257888794,1.922110915184021,20.0,False,False,-0.3107464849166809,1.9743392789539613,-0.3107464849166809,1.9743392789539613,1.9986442820843635,1.9986442820843635,-0.005521511091796209,-0.1364664872583347,-0.3107464611530304,1.9743393659591675,-0.3107464611530304,1.9743393659591675,1.9986443519592285,1.9986443519592285,-0.005521511193364859,-0.13646648824214935,2.376365049183704e-08,8.700520615079199e-08,2.376365049183704e-08,8.700520615079199e-08,6.98748650052039e-08,6.98748650052039e-08,1.0156864932442389e-10,9.83814640864722e-10,,,,,,,,
foc_bus_6.0,5,,,,,,,,,,,,,,,,,,,,,,,,,,1.9999999494757503e-05,,,,,,,,,,,0.24207456409931183,2.609793186187744,0.3355978727340698,1.878745436668396,20.0,False,False,-0.353885282756777,2.908770941446844,-0.353885282756777,2.908770941446844,2.930218965053193,2.930218965053193,-0.007284098486696145,-0.12268879304303527,-0.353885293006897,2.90877103805542,-0.353885293006897,2.90877103805542,2.9302191734313965,2.9302191734313965,-0.00728409830480814,-0.12268879264593124,1.0250119975019345e-08,9.660857580584548e-08,1.0250119975019345e-08,9.660857580584548e-08,2.0837820358110548e-07,2.0837820358110548e-07,1.8188800552515483e-10,3.971040302142015e-10,,,,,,,,
foc_bus_6.0,6,,,,,,,,,,,,,,,,,,,,,,,,,,3.9999998989515007e-05,,,,,,,,,,,0.2813117802143097,3.0848159790039062,0.39524972438812256,1.8261778354644775,20.0,True,True,-0.40054915653595036,3.8563326750781126,-0.35788360035630207,3.445565168241055,3.877078968460247,3.4641016151377544,-0.008361855223211614,-0.10621807542452816,-0.40054917335510254,3.856332540512085,-0.35788363218307495,3.4455652236938477,3.8770787715911865,3.464101791381836,-0.008361855521798134,-0.10621806234121323,1.6819152182101504e-08,1.3456602765415937e-07,3.182677288382507e-08,5.545279258001301e-08,1.9686906060911724e-07,1.762440815511468e-07,2.985865200921811e-10,1.3083314931439105e-08,,,,,,,,
foc_bus_6.0,7,,,,,,,,,,,,,,,,,,,,,,,,,,1.9999999494757503e-05,,,,,,,,,,,0.3158015012741089,3.5348684787750244,0.4509523808956146,1.7646657228469849,20.0,True,True,-0.44340975322221016,4.73129696009611,-0.32323378554519483,3.4489882458312504,4.752029370055205,3.4641016151377553,-0.006378449662523528,-0.12119784081040283,-0.4434097409248352,4.731297016143799,-0.32323378324508667,3.448988199234009,4.7520294189453125,3.464101552963257,-0.006378450430929661,-0.12119783461093903,1.2297374951675266e-08,5.6047689156457636e-08,2.300108159491998e-09,4.659724162081602e-08,4.8890107073873423e-08,6.217449843859413e-08,7.684061329935044e-10,6.199463803424621e-09,,,,,,,,
foc_bus_6.0,8,,,,,,,,,,,,,,,,,,,,,,,,,,3.9999998989515007e-05,,,,,,,,,,,0.3449617028236389,3.956308126449585,0.5021492838859558,1.6945102214813232,20.0,True,True,-0.48957488970282986,5.60649681625889,-0.30134823564537755,3.4509693190281223,5.627831742629536,3.4641016151377553,0.0018886326464887474,-0.19846681532006516,-0.4895748794078827,5.606496810913086,-0.3013482093811035,3.4509689807891846,5.627831935882568,3.4641013145446777,0.001888633705675602,-0.19846683740615845,1.0294947172528879e-08,5.345803799627902e-09,2.6264274033405144e-08,3.382389377470929e-07,1.9325303224349e-07,3.0059307754015663e-07,1.0591868545434258e-09,2.2086093287576603e-08,,,,,,,,
foc_bus_6.0,9,,,,,,,,,,,,,,,,,,,,,,,,,,1.9999999494757503e-05,,,,,,,,,,,0.3683002293109894,4.3457231521606445,0.5483288168907166,1.6160550117492676,20.0,True,True,-0.524767775812075,6.293005356180879,-0.2878690150121306,3.4521198458622413,6.314847395737445,3.4641016151377544,0.007426595833426355,-0.2541209721233115,-0.5247677564620972,6.293004989624023,-0.28786900639533997,3.452119827270508,6.314846992492676,3.464101552963257,0.007426596246659756,-0.25412097573280334,1.9349977842253452e-08,3.665568559796384e-07,8.616790614368597e-09,1.8591733486061912e-08,4.0324476913156104e-07,6.217449755041571e-08,4.1323340062293656e-10,3.6094918720586122e-09,,,,,,,,
foc_bus_6.0,10,,,,,,,,,,,,,,,,,,,,,,,,,,3.9999998989515007e-05,,,,,,,,,,,0.3854232728481293,4.6999616622924805,0.5890296697616577,1.5296844244003296,20.0,True,True,-0.5705995626878887,7.056250514080715,-0.27921114625352916,3.4528308872297515,7.079283521543968,3.4641016151377553,0.021722226799531723,-0.40631512007270476,-0.5705995559692383,7.05625057220459,-0.2792111337184906,3.4528307914733887,7.079283714294434,3.464101552963257,0.021722229197621346,-0.4063151478767395,6.7186504137950465e-09,5.8123874602244996e-08,1.2535038562688783e-08,9.575636283898348e-08,1.9275046536648688e-07,6.217449843859413e-08,2.398089622712707e-09,2.7804034741230055e-08,,,,,,,,
foc_bus_6.0,11,,,,,,,,,,,,,,,,,,,,,,,,,,1.9999999494757503e-05,,,,,,,,,,,0.3960418105125427,5.01615571975708,0.6238451600074768,1.435821294784546,20.0,True,True,-0.6008714327551664,7.550524857549532,-0.2748047169675936,3.4531843807610914,7.5743958243000895,3.4641016151377544,0.029721355375768192,-0.49330442659131946,-0.6008714437484741,7.550524711608887,-0.2748047411441803,3.4531843662261963,7.574395656585693,3.464101552963257,0.02972135692834854,-0.49330446124076843,1.0993307708595523e-08,1.45940645346343e-07,2.4176586677082668e-08,1.4534895065310138e-08,1.6771439614871042e-07,6.217449755041571e-08,1.552580349006849e-09,3.464944897668687e-08,,,,,,,,
foc_bus_6.0,12,,,,,,,,,,,,,,,,,,,,,,,,,,3.9999998989515007e-05,,,,,,,,,,,0.3999767005443573,5.291746616363525,0.6524273753166199,1.334925651550293,20.0,True,True,-0.6465555530372706,8.186183606230044,-0.27274991283070793,3.4533472870608946,8.211676815247472,3.4641016151377544,0.04839001071844003,-0.7010073860592552,-0.6465555429458618,8.186182975769043,-0.2727499008178711,3.4533472061157227,8.211676597595215,3.464101552963257,0.04839001223444939,-0.7010073661804199,1.0091408819690173e-08,6.304610007390465e-07,1.2012836836383656e-08,8.09451718986054e-08,2.176522571062378e-07,6.217449755041571e-08,1.5160093597144098e-09,1.9878835244568904e-08,,,,,,,,
foc_bus_6.0,13,,,,,,,,,,,,,,,,,,,,,,,,,,1.9999999494757503e-05,,,,,,,,,,,0.39716145396232605,5.524503707885742,0.674490749835968,1.2274914979934692,20.0,True,True,-0.6721113346443468,8.489145197138182,-0.27340784402133744,3.4532952597233275,8.515710177328234,3.4641016151377544,0.05819409018555529,-0.8098707941836569,-0.6721113920211792,8.489145278930664,-0.27340787649154663,3.4532952308654785,8.51570987701416,3.464101552963257,0.05819409340620041,-0.8098707795143127,5.7376832396371924e-08,8.179248212059065e-08,3.2470209188062427e-08,2.8857848999308544e-08,3.0031407405317623e-07,6.217449755041571e-08,3.2206451186511664e-09,1.466934418381527e-08,,,,,,,,
foc_bus_6.0,14,,,,,,,,,,,,,,,,,,,,,,,,,,3.9999998989515007e-05,,,,,,,,,,,0.3876436650753021,5.7125420570373535,0.6898148059844971,1.1140451431274414,20.0,True,True,-0.7164679723664662,8.985190891032985,-0.2753491792404357,3.453141009210545,9.013710762151682,3.464101615137755,0.08006392364934505,-1.0536463386275727,-0.7164679169654846,8.985191345214844,-0.27534914016723633,3.4531409740448,9.013710975646973,3.464101552963257,0.08006392419338226,-1.0536463260650635,5.5400981580078223e-08,4.541818583447821e-07,3.907319939822074e-08,3.5165744982634806e-08,2.1349529077951956e-07,6.217449799450492e-08,5.440372180531838e-10,1.2562509255076293e-08,,,,,,,,
foc_bus_6.0,15,,,,,,,,,,,,,,,,,,,,,,,,,,1.9999999494757503e-05,,,,,,,,,,,0.37158387899398804,5.854340076446533,0.6982464790344238,0.9951421022415161,20.0,True,True,-0.7361777952373164,9.102424953629239,-0.27925468768891426,3.4528273660007636,9.132146395161037,3.4641016151377553,0.09113307060474511,-1.1750522513128736,-0.7361777424812317,9.102425575256348,-0.27925464510917664,3.452827215194702,9.132146835327148,3.464101552963257,0.09113307297229767,-1.175052285194397,5.2756084722993535e-08,6.216271088987924e-07,4.25797376246706e-08,1.5080606141637531e-07,4.4016611155939245e-07,6.217449843859413e-08,2.3675525567812272e-09,3.3881523364698296e-08,,,,,,,,
foc_bus_6.0,16,,,,,,,,,,,,,,,,,,,,,,,,,,3.9999998989515007e-05,,,,,,,,,,,0.34925317764282227,5.948750019073486,0.6997015476226807,0.8713648915290833,20.0,True,True,-0.7770285597315243,9.450842965317609,-0.283853417924707,3.4524523511748084,9.482731997569676,3.4641016151377544,0.1151081462257989,-1.435938320607856,-0.777028501033783,9.45084285736084,-0.2838534116744995,3.4524524211883545,9.482731819152832,3.464101791381836,0.11510814726352692,-1.4359383583068848,5.869774133415717e-08,1.0795676885777539e-07,6.250207462699109e-09,7.00135460718343e-08,1.7841684396557866e-07,1.762440815511468e-07,1.0377280146300905e-09,3.7699028787585576e-08,,,,,,,,
foc_bus_6.0,17,,,,,,,,,,,,,,,,,,,,,,,,,,1.9999999494757503e-05,,,,,,,,,,,0.3210284411907196,5.995007514953613,0.6941653490066528,0.7433197498321533,20.0,True,True,-0.7889556790750847,9.392505913566787,-0.2899579355639453,3.4519450163065306,9.425583186197652,3.4641016151377544,0.12688759132829852,-1.560916231018168,-0.7889556884765625,9.392505645751953,-0.2899579405784607,3.4519448280334473,9.425582885742188,3.4641013145446777,0.12688758969306946,-1.5609163045883179,9.401477818471449e-09,2.6781483342119827e-07,5.014515414014653e-09,1.882730833457913e-07,3.0045546495216513e-07,3.005930766519782e-07,1.6352290632681843e-09,7.357014997211309e-08,,,,,,,,
foc_bus_6.0,18,,,,,,,,,,,,,,,,,,,,,,,,,,3.9999998989515007e-05,,,,,,,,,,,0.2873859107494354,5.992738246917725,0.6816933155059814,0.611633837223053,20.0,True,True,-0.8233920780361005,9.589578685747087,-0.29634850213120983,3.4514022607173147,9.624863317694825,3.464101615137755,0.15176310772058252,-1.8208938086523425,-0.8233920335769653,9.589577674865723,-0.296348512172699,3.451402187347412,9.624862670898438,3.464101552963257,0.15176309645175934,-1.8208938837051392,4.445913515116473e-08,1.0108813643938674e-06,1.0041489140188986e-08,7.336990259787513e-08,6.467963871159554e-07,6.217449799450492e-08,1.1268823180143883e-08,7.505279664421494e-08,,,,,,,,
foc_bus_6.0,19,,,,,,,,,,,,,,,,,,,,,,,,,,1.9999999494757503e-05,,,,,,,,,,,0.24889342486858368,5.94196081161499,0.6624100804328918,0.47695210576057434,20.0,True,True,-0.8251834764919733,9.37015580874417,-0.3038902414694479,3.4507464005834505,9.406420554600858,3.4641016151377544,0.16362205595911394,-1.9410539728018565,-0.8251833915710449,9.370155334472656,-0.3038902282714844,3.4507462978363037,9.40641975402832,3.464101552963257,0.16362205147743225,-1.9410539865493774,8.492092840040044e-08,4.742715145056309e-07,1.3197963499855803e-08,1.0274714679070485e-07,8.005725380400008e-07,6.217449755041571e-08,4.481681692425354e-09,1.3747520899443089e-08,,,,,,,,
foc_bus_6.0,20,,,,,,,,,,,,,,,,,,,,,,,,,,3.9999998989515007e-05,,,,,,,,,,,0.20620055496692657,5.843085765838623,0.6365082263946533,0.3399342894554138,20.0,True,True,-0.8498519966355386,9.41660590785858,-0.3113708838478784,3.4500794444029537,9.454877854319564,3.464101615137755,0.18800298396611861,-2.183489127543558,-0.8498519659042358,9.416605949401855,-0.3113708794116974,3.4500794410705566,9.454877853393555,3.464101552963257,0.18800298869609833,-2.1834890842437744,3.073130272479574e-08,4.1543275486333187e-08,4.436181033629083e-09,3.3323970249909962e-09,9.260094913088324e-10,6.217449799450492e-08,4.729979713458121e-09,4.329978375849919e-08,,,,,,,,
foc_bus_6.0,21,,,,,,,,,,,,,,,,,,,,,,,,,,1.9999999494757503e-05,,,,,,,,,,,0.16002778708934784,5.696913719177246,0.6042465567588806,0.20125146210193634,20.0,True,True,-0.8390942445034443,9.054522945894206,-0.319653085182901,3.4493219486057045,9.09331979691045,3.464101615137755,0.19921348308613884,-2.2912262016981457,-0.8390941619873047,9.054522514343262,-0.31965306401252747,3.449321985244751,9.093318939208984,3.464101552963257,0.19921348989009857,-2.2912261486053467,8.251613958787374e-08,4.3155094431313046e-07,2.117037350979345e-08,3.6639046463449176e-08,8.577014654065351e-07,6.217449799450492e-08,6.8039597289626386e-09,5.309279904608388e-08,,,,,,,,
foc_bus_6.0,22,,,,,,,,,,,,,,,,,,,,,,,,,,3.9999998989515007e-05,,,,,,,,,,,0.11115437000989914,5.504627704620361,0.5659474730491638,0.06158291921019554,20.0,True,True,-0.850510743889463,8.955502241712935,-0.32751463619551313,3.4485843708799875,8.99579840407714,3.4641016151377544,0.22150393968323656,-2.5012732878045627,-0.8505106568336487,8.955501556396484,-0.3275145888328552,3.4485840797424316,8.995798110961914,3.4641013145446777,0.22150394320487976,-2.5012731552124023,8.70558143351019e-08,6.853164506992471e-07,4.736265790672434e-08,2.9113755584120327e-07,2.9311522631303433e-07,3.005930766519782e-07,3.5216431992779462e-09,1.3259216036232147e-07,,,,,,,,
foc_bus_6.0,23,,,,,,,,,,,,,,,,,,,,,,,,,,1.9999999494757503e-05,,,,,,,,,,,0.06040508300065994,5.267784595489502,0.5219936370849609,-0.07838726043701172,20.0,True,True,-0.8250689244175797,8.472606211530763,-0.3357486872620036,3.44779245590593,8.512684344301112,3.4641016151377553,0.23125154710983312,-2.5899476503947456,-0.8250689506530762,8.47260570526123,-0.33574870228767395,3.4477922916412354,8.512683868408203,3.464101552963257,0.2312515527009964,-2.589947462081909,2.6235496441984196e-08,5.062695329627331e-07,1.5025670374591016e-08,1.6426469473529437e-07,4.758929090797892e-07,6.217449843859413e-08,5.591163282359091e-09,1.8831283643550023e-07,,,,,,,,
foc_bus_6.0,24,,,,,,,,,,,,,,,,,,,,,,,,,,3.9999998989515007e-05,,,,,,,,,,,0.00863638985902071,4.988300800323486,0.47282421588897705,-0.2179735004901886,20.0,True,True,-0.8199517689569238,8.237536651917237,-0.34311577388674863,3.4470670962007834,8.278244439196962,3.4641016151377553,0.24970749793211108,-2.754900399235267,-0.8199517130851746,8.237536430358887,-0.34311574697494507,3.4470670223236084,8.278244018554688,3.464101552963257,0.24970750510692596,-2.7549002170562744,5.5871749227165424e-08,2.215583503328844e-07,2.6911803563400838e-08,7.387717504414582e-08,4.2064227478988414e-07,6.217449843859413e-08,7.174814881105718e-09,1.8217899278027971e-07,,,,,,,,
foc_bus_6.0,25,,,,,,,,,,,,,,,,,,,,,,,,,,1.9999999494757503e-05,,,,,,,,,,,-0.043278053402900696,4.6684393882751465,0.4189305007457733,-0.3564921021461487,20.0,True,True,-0.7782694448945017,7.658454210635179,-0.35022608181459003,3.44635193960466,7.697897389888495,3.4641016151377544,0.25713333685430134,-2.818990519226202,-0.7782694101333618,7.658454895019531,-0.3502260148525238,3.4463517665863037,7.697897911071777,3.464101552963257,0.2571333646774292,-2.8189902305603027,3.4761139855454815e-08,6.843843518566928e-07,6.696206622525125e-08,1.730183560866294e-07,5.211832823093232e-07,6.217449755041571e-08,2.7823127857207197e-08,2.886658991840818e-07,,,,,,,,
foc_bus_6.0,26,,,,,,,,,,,,,,,,,,,,,,,,,,3.9999998989515007e-05,,,,,,,,,,,-0.09446212649345398,4.310788631439209,0.3608509600162506,-0.4932646155357361,20.0,True,True,-0.7538655403934927,7.300724996342069,-0.35580780161672937,3.4457801450917716,7.339543495695538,3.4641016151377544,0.26998406286183,-2.928567290185207,-0.7538654804229736,7.300725936889648,-0.35580772161483765,3.445780038833618,7.339544296264648,3.464101552963257,0.26998409628868103,-2.9285671710968018,5.997051910622275e-08,9.405475793755613e-07,8.000189172241434e-08,1.0625815338727307e-07,8.005691105594792e-07,6.217449755041571e-08,3.3426851009377145e-08,1.190884053592356e-07,,,,,,,,
foc_bus_6.0,27,,,,,,,,,,,,,,,,,,,,,,,,,,1.9999999494757503e-05,,,,,,,,,,,-0.14405204355716705,3.9182446002960205,0.29916590452194214,-0.6276211142539978,20.0,True,True,-0.6951955649570911,6.652132336822481,-0.3600625602220388,3.4453381478058653,6.688360150301069,3.4641016151377544,0.2742651704120109,-2.963786904295412,-0.6951954960823059,6.652132034301758,-0.36006253957748413,3.445338249206543,6.68835973739624,3.464101791381836,0.27426519989967346,-2.9637868404388428,6.887478520845036e-08,3.025207231388549e-07,2.0644554676874094e-08,1.0140067763231286e-07,4.1290482855060873e-07,1.762440815511468e-07,2.9487662589477992e-08,6.385656936558348e-08,,,,,,,,
foc_bus_6.0,28,,,,,,,,,,,,,,,,,,,,,,,,,,3.9999998989515007e-05,,,,,,,,,,,-0.19121089577674866,3.4939839839935303,0.23449170589447021,-0.7589035034179688,20.0,True,True,-0.6495648334733476,6.188667171224864,-0.3616070096046053,3.445176391798367,6.222663081758615,3.4641016151377544,0.2799306668493505,-3.0103371098504588,-0.6495647430419922,6.188667297363281,-0.3616069257259369,3.445176124572754,6.222663402557373,3.4641013145446777,0.2799306809902191,-3.0103371143341064,9.043135540398595e-08,1.2613841704478546e-07,8.387866839987268e-08,2.6722561319303395e-07,3.207987582243277e-07,3.005930766519782e-07,1.4140868642709137e-08,4.483647675357361e-09,,,,,,,,
foc_bus_6.0,29,,,,,,,,,,,,,,,,,,,,,,,,,,1.9999999494757503e-05,,,,,,,,,,,-0.23514284193515778,3.0414412021636963,0.16747452318668365,-0.8864688277244568,20.0,True,True,-0.5740743138241632,5.498492792469096,-0.3597169141941445,3.4453742527688695,5.528379898905943,3.4641016151377553,0.2804238205122136,-3.013710481906355,-0.5740742683410645,5.498493194580078,-0.35971683263778687,3.445374011993408,5.528380393981934,3.4641013145446777,0.2804238200187683,-3.0137104988098145,4.548309873175782e-08,4.021109818452828e-07,8.155635761175617e-08,2.407754613464874e-07,4.95075990869509e-07,3.0059307754015663e-07,4.934452846327986e-10,1.6903459520989372e-08,,,,,,,,
foc_bus_6.0,30,,,,,,,,,,,,,,,,,,,,,,,,,,3.9999998989515007e-05,,,,,,,,,,,-0.2751064598560333,2.564279317855835,0.09878400713205338,-1.0096921920776367,20.0,True,True,-0.5062776368703938,4.949201631726945,-0.35251998922007916,3.446118056190222,4.9750290287679455,3.4641016151377544,0.2779238174899976,-2.9923265751503654,-0.5062775611877441,4.949201583862305,-0.3525199294090271,3.446118116378784,4.975028991699219,3.464101552963257,0.2779238224029541,-2.9923267364501953,7.568264970281291e-08,4.786464025130499e-08,5.981105205554726e-08,6.018856213430013e-08,3.7068726754796444e-08,6.217449755041571e-08,4.9129564860805885e-09,1.6129982993717817e-07,,,,,,,,
foc_bus_6.0,31,,,,,,,,,,,,,,,,,,,,,,,,,,1.9999999494757503e-05,,,,,,,,,,,-0.31042733788490295,2.0663607120513916,0.029106464236974716,-1.1279700994491577,20.0,True,True,-0.4149035620554567,4.245803354193864,-0.33691017729628076,3.447679151608251,4.26602755362529,3.4641016151377544,0.2744650736467814,-2.9622131800771894,-0.41490355134010315,4.245802879333496,-0.336910218000412,3.447679042816162,4.266026973724365,3.464101552963257,0.27446505427360535,-2.9622135162353516,1.0715353548906847e-08,4.7486036791610786e-07,4.070413123224981e-08,1.0879208867109469e-07,5.799009246132414e-07,6.217449755041571e-08,1.9373176063375297e-08,3.3615816219523253e-07,,,,,,,,
foc_bus_6.0,32,,,,,,,,,,,,,,,,,,,,,,,,,,3.9999998989515007e-05,,,,,,,,,,,-0.3405093550682068,1.5517160892486572,-0.04086190089583397,-1.2407232522964478,20.0,True,True,-0.32497438975178927,3.6329513272592466,-0.3086381170403839,3.450324986535293,3.647457155365813,3.4641016151377553,0.2644021857710026,-2.870727443896187,-0.3249743580818176,3.632951021194458,-0.3086380958557129,3.450324773788452,3.6474568843841553,3.4641013145446777,0.2644021809101105,-2.870727777481079,3.166997164516516e-08,3.060647886243828e-07,2.1184671017415724e-08,2.1274684103289587e-07,2.709816575574564e-07,3.0059307754015663e-07,4.860892133251582e-09,3.3358489215373766e-07,,,,,,,,
foc_bus_6.0,33,,,,,,,,,,,,,,,,,,,,,,,,,,1.9999999494757503e-05,,,,,,,,,,,-0.3648448884487152,1.0245109796524048,-0.11042198538780212,-1.3473992347717285,20.0,False,False,-0.21862330733056212,2.94430867528948,-0.21862330733056212,2.94430867528948,2.9524142199042878,2.9524142199042878,0.25960720355260886,-2.8260252289424206,-0.2186232954263687,2.944307804107666,-0.2186232954263687,2.944307804107666,2.952413320541382,2.952413320541382,0.259607195854187,-2.8260254859924316,1.1904193408796004e-08,8.711818137996374e-07,1.1904193408796004e-08,8.711818137996374e-07,8.993629059261821e-07,8.993629059261821e-07,7.698421844448688e-09,2.5705001105436054e-07,,,,,,,,
foc_bus_6.0,34,,,,,,,,,,,,,,,,,,,,,,,,,,3.9999998989515007e-05,,,,,,,,,,,-0.383023202419281,0.4890128970146179,-0.1788787692785263,-1.447475790977478,20.0,False,False,-0.10545320967165629,2.272585144019309,-0.10545320967165629,2.272585144019309,2.27503046490532,2.27503046490532,0.25191238586821485,-2.753033145970868,-0.10545320808887482,2.272584915161133,-0.10545320808887482,2.272584915161133,2.2750301361083984,2.2750301361083984,0.251912385225296,-2.753033399581909,1.582781475328865e-09,2.2885817596574043e-07,1.582781475328865e-09,2.2885817596574043e-07,3.287969216891895e-07,3.287969216891895e-07,6.42918829285577e-10,2.536110410567005e-07,,,,,,,,
foc_bus_6.0,35,,,,,,,,,,,,,,,,,,,,,,,,,,1.9999999494757503e-05,,,,,,,,,,,-0.3947375416755676,-0.050443485379219055,-0.24554826319217682,-1.5404624938964844,20.0,False,False,0.022662487286557537,1.5373933068999268,0.022662487286557537,1.5373933068999268,1.5375603300133318,1.5375603300133318,0.24910068955905207,-2.7249514970117787,0.022662505507469177,1.5373930931091309,0.022662505507469177,1.5373930931091309,1.5375601053237915,1.5375601053237915,0.2491006851196289,-2.72495174407959,1.8220911640609572e-08,2.1379079595540418e-07,1.8220911640609572e-08,2.1379079595540418e-07,2.2468954030685495e-07,2.2468954030685495e-07,4.439423162416745e-09,2.4706781109884446e-07,,,,,,,,
foc_bus_6.0,36,,,,,,,,,,,,,,,,,,,,,,,,,,3.9999998989515007e-05,,,,,,,,,,,-0.3997901976108551,-0.5894915461540222,-0.3097642958164215,-1.6259040832519531,20.0,False,False,0.15916720237384313,0.8013220981948079,0.15916720237384313,0.8013220981948079,0.816976929519338,0.816976929519338,0.24570734255211363,-2.685885991300486,0.15916720032691956,0.8013218641281128,0.15916720032691956,0.8013218641281128,0.8169767260551453,0.8169767260551453,0.24570733308792114,-2.6858861446380615,2.0469235750830705e-09,2.340666951372583e-07,2.0469235750830705e-09,2.340666951372583e-07,2.034641927162184e-07,2.034641927162184e-07,9.464192485264533e-09,1.5333757552582483e-07,,,,,,,,
foc_bus_6.0,37,,,,,,,,,,,,,,,,,,,,,,,,,,1.9999999494757503e-05,,,,,,,,,,,-0.3980959355831146,-1.1237679719924927,-0.37088531255722046,-1.7033820152282715,20.0,False,False,0.3062353218792083,0.03199477084782987,0.3062353218792083,0.03199477084782987,0.30790215609519117,0.30790215609519117,0.24519451744088794,-2.674962293011494,0.30623531341552734,0.03199470043182373,0.30623531341552734,0.03199470043182373,0.30790212750434875,0.30790212750434875,0.24519450962543488,-2.6749625205993652,8.463680978287869e-09,7.041600613710841e-08,8.463680978287869e-09,7.041600613710841e-08,2.859084241579879e-08,2.859084241579879e-08,7.815453062498534e-09,2.275878712154622e-07,,,,,,,,
foc_bus_6.0,38,,,,,,,,,,,,,,,,,,,,,,,,,,3.9999998989515007e-05,,,,,,,,,,,-0.3896833062171936,-1.648948073387146,-0.42830052971839905,-1.7725167274475098,20.0,False,False,0.46148209606425306,-0.7419663207744878,0.46148209606425306,-0.7419663207744878,0.8737732807493523,0.8737732807493523,0.24665011674255682,-2.670304618786085,0.46148207783699036,-0.7419662475585938,0.46148207783699036,-0.7419662475585938,0.8737732172012329,0.8737732172012329,0.2466501146554947,-2.670304775238037,1.8227262699177516e-08,7.321589401421136e-08,1.8227262699177516e-08,7.321589401421136e-08,6.354811943332095e-08,6.354811943332095e-08,2.0870621342261586e-09,1.5645195228231046e-07,,,,,,,,
foc_bus_6.0,39,,,,,,,,,,,,,,,,,,,,,,,,,,1.9999999494757503e-05,,,,,,,,,,,-0.374694287776947,-2.160780668258667,-0.4814363121986389,-1.8329696655273438,20.0,False,False,0.6218530693392588,-1.5184430060379825,0.6218530693392588,-1.5184430060379825,1.6408444174973817,1.6408444174973817,0.24866183071523648,-2.676482710106402,0.6218530535697937,-1.5184431076049805,0.6218530535697937,-1.5184431076049805,1.640844464302063,1.640844464302063,0.2486618310213089,-2.676482915878296,1.5769465067094757e-08,1.0156699792318591e-07,1.5769465067094757e-08,1.0156699792318591e-07,4.680468124185211e-08,4.680468124185211e-08,3.060724174108742e-10,2.0577189374648697e-07,,,,,,,,
foc_bus_6.0,40,,,,,,,,,,,,,,,,,,,,,,,,,,3.9999998989515007e-05,,,,,,,,,,,-0.353381872177124,-2.655122756958008,-0.5297617316246033,-1.8844447135925293,20.0,False,False,0.7896351865157522,-2.3028982391886643,0.7896351865157522,-2.3028982391886643,2.4345151525184674,2.4345151525184674,0.25531011811042403,-2.7055318835069526,0.789635181427002,-2.3028979301452637,0.789635181427002,-2.3028979301452637,2.4345147609710693,2.4345147609710693,0.2553101181983948,-2.7055320739746094,5.088750199000458e-09,3.090434006480791e-07,5.088750199000458e-09,3.090434006480791e-07,3.9154739805979943e-07,3.9154739805979943e-07,8.797074180222353e-11,1.9046765675767574e-07,,,,,,,,
foc_bus_6.0,41,,,,,,,,,,,,,,,,,,,,,,,,,,1.9999999494757503e-05,,,,,,,,,,,-0.32610568404197693,-3.1279728412628174,-0.5727939605712891,-1.9266897439956665,20.0,False,False,0.9562701265049964,-3.0596493131397633,0.9562701265049964,-3.0596493131397633,3.2056054770109355,3.2056054770109355,0.2599593296602233,-2.7281718700072006,0.9562700986862183,-3.0596494674682617,0.9562700986862183,-3.0596494674682617,3.2056055068969727,3.2056055068969727,0.25995934009552,-2.7281720638275146,2.781877816993017e-08,1.5432849842511587e-07,2.781877816993017e-08,1.5432849842511587e-07,2.988603720055494e-08,2.988603720055494e-08,1.0435296737831834e-08,1.9382031402059852e-07,,,,,,,,
foc_bus_6.0,42,,,,,,,,,,,,,,,,,,,,,,,,,,3.9999998989515007e-05,,,,,,,,,,,-0.29332607984542847,-3.575503349304199,-0.6101030111312866,-1.9594978094100952,20.0,True,True,1.1290203375317822,-3.8271984256240223,0.9801481874930332,-3.3225456401009943,3.9902549682519504,3.4641016151377553,0.26067490957551903,-2.7510340565735416,1.1290203332901,-3.8271985054016113,0.9801481366157532,-3.3225455284118652,3.990255117416382,3.464101552963257,0.26067492365837097,-2.7510342597961426,4.241682116656875e-09,7.977758897936837e-08,5.0877280055594554e-08,1.1168912905645811e-07,1.4916443147328096e-07,6.217449843859413e-08,1.4082851940155905e-08,2.032226009696103e-07,,,,,,,,
foc_bus_6.0,43,,,,,,,,,,,,,,,,,,,,,,,,,,1.9999999494757503e-05,,,,,,,,,,,-0.25559625029563904,-3.9940919876098633,-0.6413161754608154,-1.9827083349227905,20.0,True,True,1.2825945249392559,-4.500314740792497,0.9494649874108768,-3.3314435666360707,4.679517227406946,3.4641016151377544,0.25538569424834345,-2.7448762022872195,1.2825944423675537,-4.500314712524414,0.9494649171829224,-3.3314435482025146,4.6795172691345215,3.464101552963257,0.25538569688796997,-2.7448763847351074,8.257170214243104e-08,2.8268082985505316e-08,7.022795445177366e-08,1.8433556014940677e-08,4.172757517295622e-08,6.217449755041571e-08,2.6396265173644906e-09,1.824478879086655e-07,,,,,,,,
foc_bus_6.0,44,,,,,,,,,,,,,,,,,,,,,,,,,,3.9999998989515007e-05,,,,,,,,,,,-0.21355290710926056,-4.380350112915039,-0.6661214232444763,-1.996207594871521,20.0,True,True,1.4391903880811014,-5.180413476646294,0.9272571795502359,-3.3376929341945982,5.376611643234386,3.4641016151377553,0.23384550920465025,-2.695803852367933,1.43919038772583,-5.180413722991943,0.9272571206092834,-3.337692975997925,5.376611709594727,3.464101552963257,0.23384550213813782,-2.6958038806915283,3.552713678800501e-10,2.4634564965708705e-07,5.8940952452068984e-08,4.1803326578104816e-08,6.636034033391525e-08,6.217449843859413e-08,7.0665124307645044e-09,2.8323595469004204e-08,,,,,,,,
foc_bus_6.0,45,,,,,,,,,,,,,,,,,,,,,,,,,,1.9999999494757503e-05,,,,,,,,,,,-0.16790561378002167,-4.731151580810547,-0.6842710971832275,-1.9999293088912964,20.0,True,True,1.5548168136306186,-5.683077212941386,0.914139300547384,-3.341309524601805,5.891928540995902,3.4641016151377544,0.21942422065724926,-2.6589952836284327,1.554816722869873,-5.683077335357666,0.9141392111778259,-3.3413093090057373,5.891928672790527,3.4641013145446777,0.21942421793937683,-2.6589953899383545,9.076074558578284e-08,1.2241627977971348e-07,8.936955808724889e-08,2.1559606766530237e-07,1.3179462499124384e-07,3.005930766519782e-07,2.7178724271159638e-09,1.0630992175464371e-07,,,,,,,,
foc_bus_6.0,46,,,,,,,,,,,,,,,,,,,,,,,,,,3.9999998989515007e-05,,,,,,,,,,,-0.11942469328641891,-5.043656349182129,-0.695583701133728,-1.9938554763793945,20.0,True,True,1.6871192422216155,-6.2509059043641555,0.9026611470900737,-3.34442862885935,6.4745807557469774,3.4641016151377544,0.18199464112486094,-2.5548082331012067,1.6871192455291748,-6.250905513763428,0.9026612043380737,-3.344428777694702,6.47458028793335,3.464101791381836,0.18199464678764343,-2.5548083782196045,3.307559337528687e-09,3.9060072776209154e-07,5.7248000007170674e-08,1.4883535204290865e-07,4.6781362783576697e-07,1.762440815511468e-07,5.662782492921181e-09,1.4511839774300483e-07,,,,,,,,
foc_bus_6.0,47,,,,,,,,,,,,,,,,,,,,,,,,,,1.9999999494757503e-05,,,,,,,,,,,-0.06892835348844528,-5.315335273742676,-0.6999462842941284,-1.978015661239624,20.0,True,True,1.7627449105707635,-6.582493580860748,0.896087447014391,-3.346195942753985,6.8144325781253485,3.4641016151377544,0.1612149071552222,-2.4956994964444053,1.7627449035644531,-6.582493305206299,0.8960875272750854,-3.346195936203003,6.814432144165039,3.464101552963257,0.1612149178981781,-2.495699644088745,7.006310420720752e-09,2.7565444948862705e-07,8.026069442390593e-08,6.550981979103199e-09,4.3396030946496467e-07,6.217449755041571e-08,1.0742955913745078e-08,1.4764433986513836e-07,,,,,,,,
foc_bus_6.0,48,,,,,,,,,,,,,,,,,,,,,,,,,,3.9999998989515007e-05,,,,,,,,,,,-0.017268754541873932,-5.543989181518555,-0.6973152160644531,-1.952487587928772,20.0,True,True,1.864707797531512,-7.026511535046248,0.8885523602826556,-3.3482046984968115,7.269731736612624,3.4641016151377553,0.11324751949527746,-2.3537361989201537,1.8647077083587646,-7.026512145996094,0.8885522484779358,-3.3482046127319336,7.269732475280762,3.464101552963257,0.11324752122163773,-2.353736400604248,8.917274740838366e-08,6.109498453810147e-07,1.1180471981564466e-07,8.576487786626785e-08,7.386681373233728e-07,6.217449843859413e-08,1.7263602630768204e-09,2.0168409431420287e-07,,,,,,,,
foc_bus_6.0,49,,,,,,,,,,,,,,,,,,,,,,,,,,1.9999999494757503e-05,,,,,,,,,,,0.034682273864746094,-5.727766513824463,-0.6877168416976929,-1.9173961877822876,20.0,True,True,1.8979439934475675,-7.191101700125233,0.8840075064235521,-3.3494075190377797,7.437347313646695,3.464101615137755,0.08863771313707233,-2.2807199029437992,1.8979438543319702,-7.191102027893066,0.8840073943138123,-3.34940767288208,7.437347412109375,3.464101791381836,0.08863770961761475,-2.2807199954986572,1.391155972640945e-07,3.2776783331911474e-07,1.1210973982489492e-07,1.5384430041009978e-07,9.846267978730339e-08,1.7624408110705758e-07,3.5194575864760935e-09,9.255485799997132e-08,,,,,,,,
foc_bus_6.0,50,,,,,,,,,,,,,,,,,,,,,,,,,,3.9999998989515007e-05,,,,,,,,,,,0.08604799211025238,-5.865180492401123,-0.6712470054626465,-1.8729133605957031,20.0,True,True,1.9639528715590613,-7.503533727378153,0.8771367443546915,-3.3512133820010406,7.756296105719957,3.4641016151377544,0.035238435895303774,-2.1181228882598506,1.9639530181884766,-7.503533363342285,0.8771368861198425,-3.3512134552001953,7.756295680999756,3.464101791381836,0.03523843735456467,-2.1181230545043945,1.4662941527632256e-07,3.6403586811672994e-07,1.4176515106267829e-07,7.319915473757987e-08,4.2472020123085485e-07,1.762440815511468e-07,1.4592608926777828e-09,1.6624454390878896e-07,,,,,,,,
foc_bus_6.0,51,,,,,,,,,,,,,,,,,,,,,,,,,,1.9999999494757503e-05,,,,,,,,,,,0.13596154749393463,-5.955118656158447,-0.6480702757835388,-1.8192570209503174,20.0,True,True,1.9533685809653873,-7.509607215058226,0.872049326068718,-3.3525408234506404,7.759500585576194,3.4641016151377553,0.009249920161291773,-2.039351713553887,1.9533685445785522,-7.509606838226318,0.8720493316650391,-3.3525407314300537,7.759500026702881,3.464101552963257,0.00924992561340332,-2.03935170173645,3.6386835100543635e-08,3.7683190790005483e-07,5.596321073220167e-09,9.202058670609858e-08,5.588733129613388e-07,6.217449843859413e-08,5.4521115469552406e-09,1.1817436806893511e-08,,,,,,,,
foc_bus_6.0,52,,,,,,,,,,,,,,,,,,,,,,,,,,3.9999998989515007e-05,,,,,,,,,,,0.18358059227466583,-5.996853351593018,-0.618418276309967,-1.7566900253295898,20.0,True,True,1.9789500560312727,-7.686686205771719,0.8636750971062863,-3.3547079346253748,7.937341377959461,3.464101615137755,-0.044610079033213665,-1.8725527638973478,1.9789499044418335,-7.6866865158081055,0.8636749982833862,-3.354707956314087,7.937341690063477,3.464101552963257,-0.04461006820201874,-1.8725528717041016,1.5158943922344292e-07,3.100363867858391e-07,9.8822900085338e-08,2.1688712159573242e-08,3.121040155207311e-07,6.217449799450492e-08,1.0831194927063414e-08,1.078067537463312e-07,,,,,,,,
foc_bus_6.0,53,,,,,,,,,,,,,,,,,,,,,,,,,,1.9999999494757503e-05,,,,,,,,,,,0.22810149192810059,-5.990045547485352,-0.5825871825218201,-1.685518741607666,20.0,True,True,1.9246633305343095,-7.5468621858715235,0.8560440895070677,-3.3566633010804074,7.7884181826890195,3.4641016151377553,-0.06961742708818278,-1.7957112724427224,1.9246633052825928,-7.54686164855957,0.8560441136360168,-3.356663227081299,7.788417816162109,3.464101552963257,-0.06961742043495178,-1.7957113981246948,2.52517167176336e-08,5.373119531526527e-07,2.41289491720309e-08,7.399910861849435e-08,3.665269101560398e-07,6.217449843859413e-08,6.6532309939137946e-09,1.2568197238493894e-07,,,,,,,,
foc_bus_6.0,54,,,,,,,,,,,,,,,,,,,,,,,,,,3.9999998989515007e-05,,,,,,,,,,,0.2687729001045227,-5.934751510620117,-0.5409351587295532,-1.6060917377471924,20.0,True,True,1.906966131468063,-7.588970587741326,0.8442188392034264,-3.3596569097951092,7.8248958081350315,3.4641016151377553,-0.11922635105495934,-1.6399887477943076,1.9069660902023315,-7.588971138000488,0.8442187905311584,-3.359657049179077,7.824896335601807,3.464101791381836,-0.11922633647918701,-1.639988899230957,4.126573149854096e-08,5.502591626793674e-07,4.867226799376567e-08,1.3938396792312346e-07,5.27466775146479e-07,1.7624408066296837e-07,1.4575772325220449e-08,1.514366494426156e-07,,,,,,,,
foc_bus_6.0,55,,,,,,,,,,,,,,,,,,,,,,,,,,1.9999999494757503e-05,,,,,,,,,,,0.30490842461586,-5.831418514251709,-0.49387821555137634,-1.5187981128692627,20.0,True,True,1.8109205065929532,-7.31965998751978,0.8319526155314751,-3.3627153976377984,7.5403484942074765,3.4641016151377544,-0.14107823466082622,-1.5720932718479217,1.8109204769134521,-7.31965970993042,0.8319526314735413,-3.362715244293213,7.540348052978516,3.464101552963257,-0.14107821881771088,-1.5720934867858887,2.967950107901629e-08,2.775893603867985e-07,1.594206611166271e-08,1.5334458547400232e-07,4.4122896092346764e-07,6.217449755041571e-08,1.5843115347413672e-08,2.1493796698024425e-07,,,,,,,,
foc_bus_6.0,56,,,,,,,,,,,,,,,,,,,,,,,,,,3.9999998989515007e-05,,,,,,,,,,,0.3358982801437378,-5.680882453918457,-0.44188663363456726,-1.4240654706954956,20.0,True,True,1.7490368546928892,-7.231349866482832,0.8143754765456888,-3.3670153820855915,7.439862284381027,3.4641016151377544,-0.18223298781937233,-1.44118155855893,1.7490367889404297,-7.231349468231201,0.8143754601478577,-3.3670153617858887,7.43986177444458,3.464101552963257,-0.18223297595977783,-1.4411817789077759,6.575245947715302e-08,3.982516307843298e-07,1.6397831092973547e-08,2.0299702807591302e-08,5.099364468463818e-07,6.217449755041571e-08,1.1859594500895909e-08,2.2034884583632675e-07,,,,,,,,
foc_bus_6.0,57,,,,,,,,,,,,,,,,,,,,,,,,,,1.9999999494757503e-05,,,,,,,,,,,0.3612194359302521,-5.484362602233887,-0.3854798674583435,-1.3223576545715332,20.0,True,True,1.6150447412975109,-6.852283199924158,0.7946942892537138,-3.3717148436111164,7.040039386846895,3.464101615137755,-0.19908679919489317,-1.3884064683413309,1.6150448322296143,-6.852283477783203,0.7946943044662476,-3.3717148303985596,7.040039539337158,3.464101552963257,-0.19908678531646729,-1.3884066343307495,9.093210340260782e-08,2.778590451057994e-07,1.5212533788222515e-08,1.3212556826402988e-08,1.5249026308339353e-07,6.217449799450492e-08,1.3878425880742284e-08,1.6598941865453298e-07,,,,,,,,
foc_bus_6.0,58,,,,,,,,,,,,,,,,,,,,,,,,,,3.9999998989515007e-05,,,,,,,,,,,0.38044455647468567,-5.243449687957764,-0.32522153854370117,-1.2141729593276978,20.0,True,True,1.5101694175444944,-6.642155593008809,0.7680026533874653,-3.377894599360645,6.811669589126067,3.4641016151377544,-0.2284461759448273,-1.2941625526311362,1.5101693868637085,-6.642155647277832,0.7680025696754456,-3.377894401550293,6.811669826507568,3.4641013145446777,-0.22844617068767548,-1.2941627502441406,3.068078591184076e-08,5.4269023053166165e-08,8.37120197605401e-08,1.9781035209831543e-07,2.3738150112251333e-07,3.005930766519782e-07,5.257151824977768e-09,1.976130044045732e-07,,,,,,,,
foc_bus_6.0,59,,,,,,,,,,,,,,,,,,,,,,,,,,1.9999999494757503e-05,,,,,,,,,,,0.3932492136955261,-4.960093021392822,-0.2617136538028717,-1.1000412702560425,20.0,True,True,1.3437187120323533,-6.175812930751014,0.7364800814139318,-3.384907249789945,6.32030421203737,3.4641016151377544,-0.23899477222317592,-1.2616963700123391,1.3437187671661377,-6.175812721252441,0.736480176448822,-3.3849072456359863,6.320303916931152,3.464101552963257,-0.238994762301445,-1.2616965770721436,5.513378442678629e-08,2.0949857226781887e-07,9.503489017959055e-08,4.153958510499933e-09,2.9510621768480405e-07,6.217449755041571e-08,9.92173090907933e-09,2.070598044134897e-07,,,,,,,,
foc_bus_6.0,60,,,,,,,,,,,,,,,,,,,,,,,,,,3.9999998989515007e-05,,,,,,,,,,,0.39941734075546265,-4.636587142944336,-0.19559085369110107,-0.9805216193199158,20.0,True,True,1.1991151908185649,-5.85625487965536,0.6948853431025429,-3.3936903747898484,5.977758648217495,3.4641016151377544,-0.2545851576724255,-1.213831491151546,1.1991151571273804,-5.856255054473877,0.69488525390625,-3.3936901092529297,5.977758884429932,3.4641013145446777,-0.2545851469039917,-1.2138316631317139,3.369118450891051e-08,1.7481851699585604e-07,8.91962929072676e-08,2.655369186754797e-07,2.3621243627758304e-07,3.005930766519782e-07,1.0768433811314537e-08,1.719801678845556e-07,,,,,,,,
foc_bus_6.0,61,,,,,,,,,,,,,,,,,,,,,,,,,,1.9999999494757503e-05,,,,,,,,,,,0.39884480834007263,-4.27554988861084,-0.12751375138759613,-0.8561993837356567,20.0,True,True,1.0068761208966563,-5.327202282264022,0.6433474238912105,-3.4038366723702453,5.421520421338547,3.464101615137755,-0.25836984771800064,-1.2057651201460475,1.0068761110305786,-5.327202796936035,0.6433473825454712,-3.403836727142334,5.421520709991455,3.464101552963257,-0.2583698332309723,-1.2057652473449707,9.866077732567646e-09,5.146720134519001e-07,4.134573927672136e-08,5.4772088642351946e-08,2.8865290779833686e-07,6.217449799450492e-08,1.4487028354714937e-08,1.2719892317214487e-07,,,,,,,,
foc_bus_6.0,62,,,,,,,,,,,,,,,,,,,,,,,,,,3.9999998989515007e-05,,,,,,,,,,,0.3915412724018097,-3.87990403175354,-0.05816258117556572,-0.727683424949646,20.0,True,True,0.8275822486808101,-4.914004368910863,0.5752982363669005,-3.415996478223175,4.983204924143361,3.4641016151377544,-0.26044092282772424,-1.211634664487006,0.8275821805000305,-4.914004325866699,0.5752981901168823,-3.415996551513672,4.9832048416137695,3.464101791381836,-0.2604408860206604,-1.2116347551345825,6.818077957770896e-08,4.304416378886344e-08,4.6250018148619176e-08,7.329049678261867e-08,8.25295911610624e-08,1.762440815511468e-07,3.6807063841237664e-08,9.064757655607991e-08,,,,,,,,
foc_bus_6.0,63,,,,,,,,,,,,,,,,,,,,,,,,,,1.9999999494757503e-05,,,,,,,,,,,0.37762999534606934,-3.452852249145508,0.011769730597734451,-0.5956032872200012,20.0,True,True,0.6164074685415044,-4.348146556961179,0.4862209231047307,-3.4298089179916693,4.391621186769996,3.464101615137755,-0.25845365295776335,-1.2308633055204747,0.6164074540138245,-4.348146915435791,0.4862208366394043,-3.4298086166381836,4.3916215896606445,3.4641013145446777,-0.2584536075592041,-1.230863332748413,1.4527679947917704e-08,3.58474611772408e-07,8.646532639877691e-08,3.0135348572102316e-07,4.028906488429129e-07,3.005930770960674e-07,4.5398559245235504e-08,2.7227938348417524e-08,,,,,,,,
foc_bus_6.0,64,,,,,,,,,,,,,,,,,,,,,,,,,,3.9999998989515007e-05,,,,,,,,,,,0.3573457896709442,-2.9978513717651367,0.08158444613218307,-0.4606058895587921,400.0,True,True,1.0381529024888885,29.72785634898098,0.12089927423465108,3.4619912428383666,29.745977955928677,3.4641016151377553,-0.3172186710132938,-3.3068992414990452,1.0381529331207275,29.727853775024414,0.12089928984642029,3.461991310119629,29.745975494384766,3.464101791381836,-0.3172186315059662,-3.306899070739746,3.06318390652649e-08,2.573956564333457e-06,1.5611769210721604e-08,6.728126233923604e-08,2.4615439109254567e-06,1.7624408066296837e-07,3.950732763158271e-08,1.707592991451179e-07,,,,,,,,
foc_bus_6.0,65,,,,,,,,,,,,,,,,,,,,,,,,,,1.9999999494757503e-05,,,,,,,,,,,0.3310309052467346,-2.5185840129852295,0.15058399736881256,-0.3233524262905121,400.0,True,True,0.5594132733215359,28.418288827386647,0.06817754175870157,3.463430643567118,28.423794311934095,3.4641016151377544,-0.33233702798952647,-4.289047647951596,0.5594133138656616,28.418292999267578,0.06817753612995148,3.463430643081665,28.423797607421875,3.464101552963257,-0.33233699202537537,-4.289047718048096,4.0544125723407376e-08,4.171880931380656e-06,5.6287500910245925e-09,4.85453011123127e-10,3.295487779553241e-06,6.217449755041571e-08,3.596415110163065e-08,7.009649927169903e-08,,,,,,,,
foc_bus_6.0,66,,,,,,,,,,,,,,,,,,,,,,,,,,3.9999998989515007e-05,,,,,,,,,,,0.2991294860839844,-2.018930196762085,0.21807895600795746,-0.18451520800590515,400.0,True,True,0.11946100583288743,28.149560698640343,0.014700809766703474,3.464070421656033,28.149814181595435,3.4641016151377553,-0.3371807222344861,-6.219434336882366,0.1194610446691513,28.14956283569336,0.014700813218951225,3.4640703201293945,28.149816513061523,3.464101552963257,-0.3371807038784027,-6.21943473815918,3.883626387146677e-08,2.1370530163267176e-06,3.452247751556392e-09,1.0152663865170553e-07,2.3314660886342153e-06,6.217449843859413e-08,1.8356083375525856e-08,4.0127681355528466e-07,,,,,,,,
foc_bus_6.0,67,,,,,,,,,,,,,,,,,,,,,,,,,,1.9999999494757503e-05,,,,,,,,,,,0.2621798813343048,-1.5029338598251343,0.2833949327468872,-0.044774219393730164,400.0,True,True,-0.3211126205883601,27.024021039819452,-0.0411592421720309,3.4638570866569864,27.025928781000395,3.464101615137755,-0.32702655832515676,-7.135112781612392,-0.32111260294914246,27.02402114868164,-0.041159242391586304,3.4638571739196777,27.025928497314453,3.464101791381836,-0.3270265460014343,-7.13511323928833,1.763921764208476e-08,1.0886218859695873e-07,2.1955540163709486e-10,8.726269129510911e-08,2.8368594229277733e-07,1.7624408110705758e-07,1.2323722431428763e-08,4.5767593803702766e-07,,,,,,,,
foc_bus_6.0,68,,,,,,,,,,,,,,,,,,,,,,,,,,3.9999998989515007e-05,,,,,,,,,,,0.22080570459365845,-0.9747720956802368,0.34587934613227844,0.09518606960773468,400.0,True,True,-0.7514649752506491,26.873495527443957,-0.09682900701643508,3.4627480623632168,26.884000101781336,3.4641016151377544,-0.2823825721361006,-8.940571452385727,-0.7514649033546448,26.873493194580078,-0.09682900458574295,3.4627480506896973,26.883996963500977,3.464101552963257,-0.2823825478553772,-8.940571784973145,7.189600437218502e-08,2.3328638789621436e-06,2.4306921336814113e-09,1.1673519484389772e-08,3.1382803591384345e-06,6.217449755041571e-08,2.4280723376346458e-08,3.325874171622445e-07,,,,,,,,
foc_bus_6.0,69,,,,,,,,,,,,,,,,,,,,,,,,,,1.9999999494757503e-05,,,,,,,,,,,0.17570513486862183,-0.4387199580669403,0.40490782260894775,0.23468013107776642,400.0,True,True,-1.1425587352783135,25.88121198998541,-0.15277833167028182,3.460730960559062,25.90641956222676,3.464101615137755,-0.24938840027664236,-9.798494890300244,-1.1425586938858032,25.88121223449707,-0.15277832746505737,3.460731029510498,25.90641975402832,3.464101791381836,-0.24938836693763733,-9.798495292663574,4.139251030821356e-08,2.445116606963893e-07,4.205224446440781e-09,6.895143611629351e-08,1.9180156130005344e-07,1.7624408110705758e-07,3.3339005028887314e-08,4.023633302097096e-07,,,,,,,,
foc_bus_6.0,70,,,,,,,,,,,,,,,,,,,,,,,,,,3.9999998989515007e-05,,,,,,,,,,,0.12763933837413788,0.10088340193033218,0.4598906338214874,0.37302473187446594,400.0,True,True,-1.5498043350935222,25.81146381909381,-0.20762201882229442,3.4578740719262977,25.857949608610955,3.4641016151377544,-0.16071379095134478,-11.494173632905623,-1.5498043298721313,25.811466217041016,-0.2076219916343689,3.457873821258545,25.857952117919922,3.4641013145446777,-0.16071376204490662,-11.494174003601074,5.221390875220777e-09,2.3979472061341767e-06,2.7187925522031975e-08,2.506677527769341e-07,2.509308966835988e-06,3.005930766519782e-07,2.8906438159781445e-08,3.7069545122392356e-07,,,,,,,,
foc_bus_6.0,71,,,,,,,,,,,,,,,,,,,,,,,,,,1.9999999494757503e-05,,,,,,,,,,,0.07741948217153549,0.6396701335906982,0.5102783441543579,0.5095422863960266,400.0,True,True,-1.8806524125610053,24.90713238823759,-0.2608200270969931,3.454268795775037,24.978032294439558,3.4641016151377544,-0.10780542642997964,-12.300475061430046,-1.8806521892547607,24.90713119506836,-0.2608200013637543,3.454268455505371,24.978031158447266,3.4641013145446777,-0.10780540853738785,-12.300475120544434,2.2330624460664694e-07,1.1931692291966556e-06,2.5733238817604587e-08,3.402696657772708e-07,1.1359922922338228e-06,3.005930766519782e-07,1.789259179707514e-08,5.911438805128455e-08,,,,,,,,
foc_bus_6.0,72,,,,,,,,,,,,,,,,,,,,,,,,,,3.9999998989515007e-05,,,,,,,,,,,0.025893066078424454,1.173279047012329,0.5555675029754639,0.6435640454292297,400.0,True,True,-2.251275621677123,24.882651570023583,-0.31214208968694035,3.4500097559058975,24.98428688355853,3.464101615137755,0.01843677106567057,-13.896491590674776,-2.2512755393981934,24.882652282714844,-0.3121420741081238,3.450009822845459,24.98428726196289,3.464101791381836,0.018436789512634277,-13.896492004394531,8.227892944745463e-08,7.126912606736369e-07,1.5578816570105403e-08,6.693956144943058e-08,3.7840436206693084e-07,1.7624408110705758e-07,1.844696370656429e-08,4.137197553433225e-07,,,,,,,,
foc_bus_6.0,73,,,,,,,,,,,,,,,,,,,,,,,,,,1.9999999494757503e-05,,,,,,,,,,,-0.02607032284140587,1.6973909139633179,0.5953056216239929,0.7744336724281311,400.0,True,True,-2.51240639266374,24.02696119356856,-0.36026348678212516,3.445317143615604,24.157960387399164,3.4641016151377544,0.08785988100647676,-14.655006754834577,-2.512406349182129,24.026958465576172,-0.36026352643966675,3.445317268371582,24.157957077026367,3.464101791381836,0.08785989135503769,-14.655007362365723,4.348161120049099e-08,2.7279923884293567e-06,3.965754158397061e-08,1.2475597799266325e-07,3.3103727972161323e-06,1.762440815511468e-07,1.0348560924855477e-08,6.075311453912491e-07,,,,,,,,
foc_bus_6.0,74,,,,,,,,,,,,,,,,,,,,,,,,,,3.9999998989515007e-05,,,,,,,,,,,-0.07759374380111694,2.2077629566192627,0.6290956735610962,0.9015101194381714,400.0,True,True,-2.8336372872055167,24.014910275654554,-0.4059302991308224,3.440235543134737,24.181509792053518,3.4641016151377544,0.2442674212839299,-16.1570640451857,-2.833637237548828,24.014907836914062,-0.4059303104877472,3.4402353763580322,24.181507110595703,3.464101552963257,0.24426743388175964,-16.15706443786621,4.965668853884608e-08,2.438740491328417e-06,1.1356924789485134e-08,1.6677670489073648e-07,2.681457814901478e-06,6.217449755041571e-08,1.259782975160384e-08,3.926805121068355e-07,,,,,,,,
foc_bus_6.0,75,,,,,,,,,,,,,,,,,,,,,,,,,,1.9999999494757503e-05,,,,,,,,,,,-0.12780767679214478,2.7002644538879395,0.6565999984741211,1.024170994758606,400.0,True,True,-3.017578973992018,23.17495559389468,-0.4472801677590984,3.4351041398375965,23.370587276388008,3.464101615137755,0.32638205874183013,-16.869650392312245,-3.0175790786743164,23.17495346069336,-0.44728022813796997,3.4351041316986084,23.37058448791504,3.464101552963257,0.3263820707798004,-16.869651794433594,1.0468229838522802e-07,2.133201320475564e-06,6.037887156917776e-08,8.138988150108162e-09,2.7884729689731103e-06,6.217449799450492e-08,1.2037970287259725e-08,1.4021213488035755e-06,,,,,,,,
foc_bus_6.0,76,,,,,,,,,,,,,,,,,,,,,,,,,,3.9999998989515007e-05,,,,,,,,,,,-0.17586469650268555,3.1709084510803223,0.6775437593460083,1.141815423965454,400.0,True,True,-3.278125535968747,23.145874967351062,-0.4857692362412936,3.429872920258352,23.376861103104044,3.4641016151377557,0.5047532268485534,-18.279719268265694,-3.278125286102295,23.145875930786133,-0.4857691824436188,3.429872989654541,23.376861572265625,3.464101791381836,0.5047532320022583,-18.279720306396484,2.4986645197344615e-07,9.63435070389096e-07,5.379767481494824e-08,6.939618879542309e-08,4.6916158069620906e-07,1.7624408021887916e-07,5.153704907279177e-09,1.0381307902207482e-06,,,,,,,,
foc_bus_6.0,77,,,,,,,,,,,,,,,,,,,,,,,,,,1.9999999494757503e-05,,,,,,,,,,,-0.2209537923336029,3.6158854961395264,0.6917177438735962,1.253867268562317,400.0,True,True,-3.380002925183211,22.29542902567956,-0.5192275221422102,3.424967559006955,22.550179050583207,3.4641016151377544,0.5954012483934918,-18.946603102071087,-3.380002975463867,22.295429229736328,-0.5192275047302246,3.4249675273895264,22.55017852783203,3.464101552963257,0.5954012274742126,-18.946603775024414,5.0280656083145914e-08,2.0405676792734084e-07,1.741198563109947e-08,3.161742867519024e-08,5.227511756800141e-07,6.217449755041571e-08,2.0919279197784135e-08,6.729533268412524e-07,,,,,,,,
foc_bus_6.0,78,,,,,,,,,,,,,,,,,,,,,,,,,,3.9999998989515007e-05,,,,,,,,,,,-0.2623140215873718,4.031593322753906,0.6989803314208984,1.3597776889801025,400.0,True,True,-3.5707119541661427,22.223858028827685,-0.5495300949671289,3.420236347787302,22.508883791630222,3.4641016151377553,0.7869589128332697,-20.26365397269269,-3.570712089538574,22.223861694335938,-0.5495299696922302,3.420236110687256,22.508888244628906,3.4641013145446777,0.7869589328765869,-20.263656616210938,1.353724314867577e-07,3.6655082524816862e-06,1.252748986768637e-07,2.3710004626309455e-07,4.452998684456588e-06,3.0059307754015663e-07,2.0043317228157775e-08,2.643518246969734e-06,,,,,,,,
foc_bus_6.0,79,,,,,,,,,,,,,,,,,,,,,,,,,,1.9999999494757503e-05,,,,,,,,,,,-0.2992473840713501,4.41466760635376,0.6992589235305786,1.459027886390686,400.0,True,True,-3.5886818024194636,21.343488625851293,-0.5743893822214055,3.416149416754383,21.643085357703974,3.4641016151377544,0.8817767040833084,-20.88379524619311,-3.588681936264038,21.343486785888672,-0.5743893980979919,3.416149139404297,21.643083572387695,3.4641013145446777,0.8817766904830933,-20.88379669189453,1.3384457453469167e-07,1.8399626213749798e-06,1.587658648993795e-08,2.773500860087097e-07,1.785316278812843e-06,3.005930766519782e-07,1.3600215176268193e-08,1.4457014216873176e-06,,,,,,,,
foc_bus_6.0,80,,,,,,,,,,,,,,,,,,,,,,,,,,3.9999998989515007e-05,,,,,,,,,,,-0.33113059401512146,4.762007236480713,0.692550778388977,1.5511317253112793,400.0,True,True,-3.7030793200195764,21.208486804005105,-0.5958306151826447,3.4124750369799153,21.529345298127748,3.464101615137755,1.0774721012378563,-22.104555332954742,-3.7030794620513916,21.208486557006836,-0.5958306789398193,3.412475109100342,21.52934455871582,3.464101791381836,1.0774720907211304,-22.104557037353516,1.420318151978961e-07,2.46998268949028e-07,6.375717465090247e-08,7.212042651971728e-08,7.394119272419175e-07,1.7624408110705758e-07,1.0516725934550664e-08,1.704398773227922e-06,,,,,,,,
foc_bus_6.0,81,,,,,,,,,,,,,,,,,,,,,,,,,,1.9999999494757503e-05,,,,,,,,,,,-0.3574255704879761,5.070800304412842,0.6789228916168213,1.6356382369995117,400.0,True,True,-3.6385687534604974,20.285510123349788,-0.6115881515681223,3.4096861927252906,20.609248010012056,3.4641016151377544,1.1720550333466062,-22.67601809560828,-3.63856840133667,20.285511016845703,-0.6115880608558655,3.4096860885620117,20.609249114990234,3.464101552963257,1.1720551252365112,-22.6760196685791,3.521238274295513e-07,8.934959154771605e-07,9.071225681722694e-08,1.0416327889117838e-07,1.1049781782901391e-06,6.217449755041571e-08,9.188990501840522e-08,1.5729708202627535e-06,,,,,,,,
foc_bus_6.0,82,,,,,,,,,,,,,,,,,,,,,,,,,,3.9999998989515007e-05,,,,,,,,,,,-0.37768852710723877,5.338548183441162,0.6585114002227783,1.7121332883834839,400.0,True,True,-3.673250137693402,20.0710495167523,-0.6236158781440471,3.407506894567732,20.404406271146126,3.4641016151377544,1.3629345417906928,-23.79572909344203,-3.673250198364258,20.071048736572266,-0.6236159205436707,3.4075069427490234,20.40440559387207,3.464101552963257,1.3629345893859863,-23.795730590820312,6.067085589478438e-08,7.801800343543164e-07,4.2399623589872704e-08,4.818129140105043e-08,6.77274055504995e-07,6.217449755041571e-08,4.759529348419278e-08,1.4973782818117343e-06,,,,,,,,
foc_bus_6.0,83,,,,,,,,,,,,,,,,,,,,,,,,,,1.9999999494757503e-05,,,,,,,,,,,-0.3915775716304779,5.563082218170166,0.6315202713012695,1.7802423238754272,400.0,True,True,-3.530981997243062,19.099326065368516,-0.6297530783551246,3.4063779972725055,19.42297840229762,3.4641016151377544,1.4530264751022326,-24.316045976286293,-3.530982255935669,19.09932518005371,-0.6297531723976135,3.4063780307769775,19.422977447509766,3.464101552963257,1.453026533126831,-24.31604766845703,2.586926068914863e-07,8.853148045773196e-07,9.404248890731992e-08,3.350447208561036e-08,9.547878541127375e-07,6.217449755041571e-08,5.8024598459383014e-08,1.69217073775485e-06,,,,,,,,
foc_bus_6.0,84,,,,,,,,,,,,,,,,,,,,,,,,,,3.9999998989515007e-05,,,,,,,,,,,-0.3988582491874695,5.742586135864258,0.5982192158699036,1.8396317958831787,400.0,True,True,-3.4858265482793964,18.794550919076517,-0.631713803696616,3.40601492513159,19.11507601278241,3.464101615137754,1.6306386522683836,-25.32920013817236,-3.4858264923095703,18.79454803466797,-0.6317139267921448,3.406015157699585,19.11507225036621,3.464101791381836,1.6306387186050415,-25.32920265197754,5.5969826107116205e-08,2.884408548453621e-06,1.2309552877010077e-07,2.3256799508430959e-07,3.7624161990379434e-06,1.76244081995236e-07,6.633665794453236e-08,2.5138051782391813e-06,,,,,,,,
foc_bus_6.0,85,,,,,,,,,,,,,,,,,,,,,,,,,,1.9999999494757503e-05,,,,,,,,,,,-0.3994077146053314,5.875606536865234,0.5589410066604614,1.8900107145309448,400.0,True,True,-3.2736327667985035,17.77412240139148,-0.6274635354678694,3.4068004801658356,18.073076623295304,3.4641016151377557,1.7123353567047757,-25.795720853530643,-3.273632764816284,17.77412223815918,-0.6274635195732117,3.4068005084991455,18.073076248168945,3.464101552963257,1.712335467338562,-25.79572296142578,1.9822192776075553e-09,1.6323230056514149e-07,1.5894657701132076e-08,2.8333309920469674e-08,3.751263584206299e-07,6.217449888268334e-08,1.1063378635434162e-07,2.1078951384367883e-06,,,,,,,,
foc_bus_6.0,86,,,,,,,,,,,,,,,,,,,,,,,,,,3.9999998989515007e-05,,,,,,,,,,,-0.39321669936180115,5.961066722869873,0.5140779614448547,1.931132435798645,400.0,True,True,-3.15182823959361,17.37346258543498,-0.6183511200391179,3.4084662081860766,17.657044584510988,3.464101615137755,1.8691563618333729,-26.696756403562656,-3.1518280506134033,17.373462677001953,-0.6183510422706604,3.40846586227417,17.657045364379883,3.4641013145446777,1.8691564798355103,-26.696758270263672,1.8898020659463555e-07,9.15669744472325e-08,7.77684574515547e-08,3.459119066739902e-07,7.798688947957544e-07,3.005930770960674e-07,1.1800213739476817e-07,1.8667010159845177e-06,,,,,,,,
foc_bus_6.0,87,,,,,,,,,,,,,,,,,,,,,,,,,,1.9999999494757503e-05,,,,,,,,,,,-0.38038966059684753,5.998274803161621,0.46407845616340637,1.962795376777649,400.0,True,True,-2.8802539089762824,16.310035603682216,-0.6024182285549317,3.4113182610106523,16.562400912112793,3.464101615137755,1.9391134701388744,-27.106971900524357,-2.880253791809082,16.310035705566406,-0.6024182438850403,3.411318302154541,16.562400817871094,3.464101552963257,1.9391136169433594,-27.10697364807129,1.1716720038634776e-07,1.0188418997358895e-07,1.533010862697637e-08,4.114388874043584e-08,9.424169888916367e-08,6.217449799450492e-08,1.4680448501280807e-07,1.7475469320515913e-06,,,,,,,,
foc_bus_6.0,88,,,,,,,,,,,,,,,,,,,,,,,,,,3.9999998989515007e-05,,,,,,,,,,,-0.3611430823802948,5.986929416656494,0.4094420373439789,1.9848445653915405,400.0,True,True,-2.6881280297251187,15.813159843629002,-0.5805449119380169,3.415108725241831,16.040014231426188,3.4641016151377553,2.068975818647566,-27.890912293406824,-2.6881279945373535,15.81315803527832,-0.5805449485778809,3.4151086807250977,16.04001235961914,3.464101552963257,2.0689759254455566,-27.890914916992188,3.518776514610522e-08,1.8083506816424233e-06,3.663986392066221e-08,4.451673341065998e-08,1.8718070471379633e-06,6.217449843859413e-08,1.0679799045121285e-07,2.6235853631817463e-06,,,,,,,,
foc_bus_6.0,89,,,,,,,,,,,,,,,,,,,,,,,,,,1.9999999494757503e-05,,,,,,,,,,,-0.33580178022384644,5.927122592926025,0.3507145941257477,1.9971719980239868,400.0,True,True,-2.369843024196485,14.717454667139528,-0.5507049686245522,3.420047373580114,14.907032831473867,3.4641016151377553,2.124617272447738,-28.242748674783915,-2.369843006134033,14.717453002929688,-0.5507050156593323,3.4200472831726074,14.907031059265137,3.464101552963257,2.124617338180542,-28.24275016784668,1.8062451978551053e-08,1.6642098401575822e-06,4.7034780070731586e-08,9.040750637012707e-08,1.7722087299887335e-06,6.217449843859413e-08,6.573280408872506e-08,1.4930627649789585e-06,,,,,,,,
foc_bus_6.0,90,,,,,,,,,,,,,,,,,,,,,,,,,,3.9999998989515007e-05,,,,,,,,,,,-0.30479344725608826,5.819338798522949,0.2884829342365265,1.9997172355651855,400.0,True,True,-2.1165003512036646,14.129071486271027,-0.51318809942252,3.425877694053176,14.286715325812374,3.4641016151377553,2.2231417939937215,-28.905777429225843,-2.1165003776550293,14.129070281982422,-0.5131881237030029,3.425877571105957,14.286714553833008,3.464101552963257,2.223141670227051,-28.905778884887695,2.6451364654178633e-08,1.204288604839121e-06,2.4280482957550475e-08,1.229472190722447e-07,7.719793657656737e-07,6.217449843859413e-08,1.2376667068991765e-07,1.4556618523897669e-06,,,,,,,,
foc_bus_6.0,91,,,,,,,,,,,,,,,,,,,,,,,,,,1.9999999494757503e-05,,,,,,,,,,,-0.26864132285118103,5.664450168609619,0.22336885333061218,1.992467999458313,400.0,True,True,-1.7655221485335848,13.01603822996681,-0.4656140163249384,3.432667124526024,13.135231998747498,3.4641016151377553,2.262874503145053,-29.19785797320171,-1.7655222415924072,13.01603889465332,-0.4656140208244324,3.4326670169830322,13.135232925415039,3.464101552963257,2.2628743648529053,-29.197858810424805,9.305882242571784e-08,6.646865102766242e-07,4.499493999610138e-09,1.0754299184512206e-07,9.266675409236313e-07,6.217449843859413e-08,1.3829214751126528e-07,8.372230944075909e-07,,,,,,,,
foc_bus_6.0,92,,,,,,,,,,,,,,,,,,,,,,,,,,3.9999998989515007e-05,,,,,,,,,,,-0.22795554995536804,5.463710308074951,0.15602293610572815,1.9754594564437866,400.0,True,True,-1.462287996728973,12.345533304322167,-0.40746317106471525,3.4400543257666567,12.431833282082955,3.4641016151377544,2.327933115270399,-29.737832586187373,-1.4622880220413208,12.345535278320312,-0.40746310353279114,3.440054178237915,12.431835174560547,3.464101552963257,2.3279330730438232,-29.73783302307129,2.5312347773365218e-08,1.973998145388123e-06,6.753192410835496e-08,1.4752874166745755e-07,1.8924775915252212e-06,6.217449755041571e-08,4.2226575569515035e-08,4.3688391571095053e-07,,,,,,,,
foc_bus_6.0,93,,,,,,,,,,,,,,,,,,,,,,,,,,1.9999999494757503e-05,,,,,,,,,,,-0.1834227591753006,5.218744277954102,0.08711809664964676,1.948775291442871,400.0,True,True,-1.0930086047327796,11.23343726539143,-0.3354713468252145,3.4478194522711423,11.286486636925806,3.4641016151377553,2.351392847083124,-29.96971597243047,-1.0930087566375732,11.233436584472656,-0.33547142148017883,3.447819471359253,11.28648567199707,3.464101552963257,2.3513927459716797,-29.969715118408203,1.519047936326956e-07,6.809187738099354e-07,7.465496432157437e-08,1.908811064765814e-08,9.649287360247172e-07,6.217449843859413e-08,1.0111144410629436e-07,8.54022268015342e-07,,,,,,,,
foc_bus_6.0,94,,,,,,,,,,,,,,,,,,,,,,,,,,3.9999998989515007e-05,,,,,,,,,,,-0.1357944905757904,4.931534767150879,0.01734279841184616,1.912545919418335,400.0,True,True,-0.7526750331303085,10.494352886638058,-0.24781541655288353,3.4552261169594565,10.521309909644629,3.464101615137755,2.383686159413771,-30.386658843961683,-0.75267493724823,10.494354248046875,-0.2478153556585312,3.455226182937622,10.521310806274414,3.464101791381836,2.383686065673828,-30.38665771484375,9.58820784990877e-08,1.3614088167912541e-06,6.089435233835871e-08,6.597816559761327e-08,8.966297855295124e-07,1.7624408110705758e-07,9.373994291905774e-08,1.129117933373891e-06,,,,,,,,
foc_bus_6.0,95,,,,,,,,,,,,,,,,,,,,,,,,,,1.9999999494757503e-05,,,,,,,,,,,-0.0858745127916336,4.604406833648682,-0.05260578542947769,1.8669489622116089,400.0,True,True,-0.37863692136594373,9.40371471124179,-0.13936777793271302,3.461296956701939,9.411334458441413,3.4641016151377553,2.3920793941869523,-30.559091199575306,-0.37863707542419434,9.403717041015625,-0.13936778903007507,3.461296796798706,9.411336898803711,3.464101552963257,2.3920793533325195,-30.55908966064453,1.5405825060099687e-07,2.3297738351857333e-06,1.1097362057066462e-08,1.5990323287695674e-07,2.4403622980173623e-06,6.217449843859413e-08,4.08544327257232e-08,1.538930774813707e-06,,,,,,,,
foc_bus_6.0,96,,,,,,,,,,,,,,,,,,,,,,,,,,3.9999998989515007e-05,,,,,,,,,,,-0.03450530767440796,4.240008354187012,-0.12202874571084976,1.812207579612732,400.0,True,True,-0.01447151765319088,8.613037811380906,-0.005820331689411872,3.464096725517206,8.613049968803175,3.4641016151377553,2.396030699846233,-30.85580108828679,-0.01447153091430664,8.613040924072266,-0.005820334888994694,3.4640965461730957,8.613053321838379,3.464101552963257,2.3960306644439697,-30.85580062866211,1.3261115761054043e-08,3.1126913597745443e-06,3.19958282177929e-09,1.7934411022935137e-07,3.3530352041566402e-06,6.217449843859413e-08,3.540226334308727e-08,4.5962467964955067e-07,,,,,,,,
foc_bus_6.0,97,,,,,,,,,,,,,,,,,,,,,,,,,,1.9999999494757503e-05,,,,,,,,,,,0.01744621805846691,3.8412892818450928,-0.19023244082927704,1.748590111732483,400.0,True,True,0.35327341994124506,7.565297678838601,0.16158557026299136,3.4603309239844076,7.573541514950433,3.4641016151377544,2.3927182549861024,-30.97111462224453,0.3532733917236328,7.565298080444336,0.16158553957939148,3.4603307247161865,7.57354211807251,3.4641013145446777,2.3927183151245117,-30.971113204956055,2.8217612246805857e-08,4.0160573533398747e-07,3.068359988311897e-08,1.992682210349983e-07,6.031220767255263e-07,3.005930766519782e-07,6.013840936347492e-08,1.4172884768015592e-06,,,,,,,,
foc_bus_6.0,98,,,,,,,,,,,,,,,,,,,,,,,,,,3.9999998989515007e-05,,,,,,,,,,,0.06910331547260284,3.4114766120910645,-0.2565353810787201,1.676408052444458,400.0,True,True,0.7288614448141741,6.742440031463733,0.37230228054696807,3.4440370224345043,6.7817207686265935,3.4641016151377544,2.3781086299276075,-31.15440839131517,0.7288613319396973,6.742441177368164,0.3723021447658539,3.4440369606018066,6.781722068786621,3.464101552963257,2.3781087398529053,-31.154407501220703,1.1287447687635677e-07,1.145904430899236e-06,1.357811141855514e-07,6.183269762871646e-08,1.300160027639663e-06,6.217449755041571e-08,1.0992529775322168e-07,8.900944656886622e-07,,,,,,,,
foc_bus_6.0,99,,,,,,,,,,,,,,,,,,,,,,,,,,1.9999999494757503e-05,,,,,,,,,,,0.11959421634674072,2.954049587249756,-0.32027512788772583,1.5960149765014648,400.0,True,True,1.084192083627935,5.7578616641714575,0.6410173718769565,3.4042762415749928,5.859047995872435,3.4641016151377544,2.369691336608609,-31.21754226465211,1.0841920375823975,5.757865905761719,0.6410168409347534,3.404276132583618,5.8590521812438965,3.4641013145446777,2.3696913719177246,-31.217540740966797,4.604553760501062e-08,4.24159026124471e-06,5.309422030919109e-07,1.0899137459219332e-07,4.185371461851162e-06,3.005930766519782e-07,3.530911563132122e-08,1.5236853130318195e-06,,,,,,,,
foc_bus_6.0,100,,,,,,,,,,,,,,,,,,,,,,,,,,3.9999998989515007e-05,,,,,,,,,,,0.1680668145418167,2.4727108478546143,-0.380814790725708,1.5078045129776,400.0,True,True,1.4615501419965513,4.922881861231268,0.9859205313868198,3.3208373500955948,5.13525993862141,3.4641016151377544,2.3545187082999326,-31.301963350124,1.461549997329712,4.922883987426758,0.9859200119972229,3.3208372592926025,5.1352620124816895,3.4641013145446777,2.3545186519622803,-31.301963806152344,1.446668393967343e-07,2.1261954898932345e-06,5.1938959688691e-07,9.080299223640509e-08,2.0738602790615346e-06,3.005930766519782e-07,5.6337652321047926e-08,4.560283421994882e-07,,,,,,,,
foc_bus_6.0,101,,,,,,,,,,,,,,,,,,,,,,,,,,1.9999999494757503e-05,,,,,,,,,,,0.21370308101177216,1.971356749534607,-0.4375494420528412,1.412208914756775,400.0,True,True,1.806951608895802,4.015896825338398,1.4214128230830265,3.159048208934954,4.403691795375121,3.4641016151377544,2.3522580720347643,-31.323727799317563,1.8069515228271484,4.015895843505859,1.4214129447937012,3.159048080444336,4.403690814971924,3.464101552963257,2.3522579669952393,-31.323728561401367,8.606865353755211e-08,9.818325388266658e-07,1.217106746498331e-07,1.2849061814534934e-07,9.80403196848556e-07,6.217449755041571e-08,1.0503952507789904e-07,7.620838040622857e-07,,,,,,,,
foc_bus_6.0,102,,,,,,,,,,,,,,,,,,,,,,,,,,3.9999998989515007e-05,,,,,,,,,,,0.25573286414146423,1.4540454149246216,-0.4899122714996338,1.3096961975097656,400.0,True,True,2.181428984694443,3.185367673935758,1.9573243716865587,2.8581254877982216,3.8607252729791495,3.4641016151377553,2.363466590538618,-31.342960322084863,2.181428909301758,3.185365676879883,1.9573252201080322,2.8581249713897705,3.8607234954833984,3.464101552963257,2.363466501235962,-31.342960357666016,7.539268498391039e-08,1.997055875335718e-06,8.484214735204887e-07,5.164084511122269e-07,1.7774957510319211e-06,6.217449843859413e-08,8.930265593676268e-08,3.558115224677749e-08,,,,,,,,
foc_bus_6.0,103,,,,,,,,,,,,,,,,,,,,,,,,,,1.9999999494757503e-05,,,,,,,,,,,0.293446809053421,0.9249643087387085,-0.537380039691925,1.2007687091827393,400.0,False,False,2.5295039006853326,2.35214385566708,2.5295039006853326,2.35214385566708,3.4541237240919314,3.4541237240919314,2.3791247719301896,-31.3481582707757,2.52950382232666,2.352144241333008,2.52950382232666,2.352144241333008,3.4541239738464355,3.4541239738464355,2.379124641418457,-31.34815788269043,7.835867243954908e-08,3.8566592763800145e-07,7.835867243954908e-08,3.8566592763800145e-07,2.497545041890703e-07,2.497545041890703e-07,1.305117325323124e-07,3.8808526880984573e-07,,,,,,,,
foc_bus_6.0,104,,,,,,,,,,,,,,,,,,,,,,,,,,3.9999998989515007e-05,,,,,,,,,,,0.32620853185653687,0.3883959949016571,-0.5794785022735596,1.085959792137146,400.0,False,False,2.898085117599162,1.5300793803835617,2.898085117599162,1.5300793803835617,3.2772000639455463,3.2772000639455463,2.413262840255303,-31.374451548336,2.898084878921509,1.5300827026367188,2.898084878921509,1.5300827026367188,3.2772014141082764,3.2772014141082764,2.4132626056671143,-31.37445068359375,2.3867765319707246e-07,3.3222531570231695e-06,2.3867765319707246e-07,3.3222531570231695e-06,1.3501627300627206e-06,1.3501627300627206e-06,2.3458818887434063e-07,8.647422511387504e-07,,,,,,,,
foc_bus_6.0,105,,,,,,,,,,,,,,,,,,,,,,,,,,1.9999999494757503e-05,,,,,,,,,,,0.3534650504589081,-0.15131619572639465,-0.6157870292663574,0.9658318758010864,400.0,False,False,3.2329142391511025,0.7280517695421196,3.2329142391511025,0.7280517695421196,3.31387897438023,3.31387897438023,2.431529853293477,-31.39550588375094,3.2329137325286865,0.7280540466308594,3.2329137325286865,0.7280540466308594,3.3138790130615234,3.3138790130615234,2.4315295219421387,-31.395505905151367,5.066224160188426e-07,2.277088739788269e-06,5.066224160188426e-07,2.277088739788269e-06,3.8681293279552165e-08,3.8681293279552165e-08,3.313513383673694e-07,2.1400428096285395e-08,,,,,,,,
foc_bus_6.0,106,,,,,,,,,,,,,,,,,,,,,,,,,,3.9999998989515007e-05,,,,,,,,,,,0.37475642561912537,-0.6898035407066345,-0.6459428071975708,0.8409733176231384,400.0,True,True,3.5673619049731466,-0.08871829400601428,3.4630308573218933,-0.08612363924262294,3.568464921607746,3.4641016151377544,2.46213670183646,-31.45300983525946,3.567361354827881,-0.08871841430664062,3.4630308151245117,-0.08612377196550369,3.5684642791748047,3.464101552963257,2.4621362686157227,-31.4530086517334,5.501452657874495e-07,1.203006263494899e-07,4.21973815889487e-08,1.3272288075516503e-07,6.424329415111174e-07,6.217449755041571e-08,4.332207375057351e-07,1.1835260629311506e-06,,,,,,,,
foc_bus_6.0,107,,,,,,,,,,,,,,,,,,,,,,,,,,1.9999999494757503e-05,,,,,,,,,,,0.3897233307361603,-1.2227072715759277,-0.6696445345878601,0.7119956612586975,400.0,True,True,3.8524742094456093,-0.8552220771617414,3.3817752892438513,-0.7507302398729292,3.946259283892585,3.4641016151377544,2.464357151584739,-31.48553297214269,3.8524739742279053,-0.8552169799804688,3.3817760944366455,-0.7507259845733643,3.946258068084717,3.464101552963257,2.4643568992614746,-31.485532760620117,2.352177039810499e-07,5.09718127261749e-06,8.051927942176462e-07,4.255299564936976e-06,1.2158078681601125e-06,6.217449755041571e-08,2.5232326450463916e-07,2.1152257190237833e-07,,,,,,,,
foc_bus_6.0,108,,,,,,,,,,,,,,,,,,,,,,,,,,3.9999998989515007e-05,,,,,,,,,,,0.3981131911277771,-1.745713710784912,-0.6866553425788879,0.579530656337738,400.0,True,True,4.123654069747666,-1.633635542611259,3.220582093930761,-1.2758726332407,4.435458034186466,3.464101615137755,2.437155319129908,-31.546203738724017,4.123653888702393,-1.6336326599121094,3.220582962036133,-1.275870680809021,4.4354567527771,3.464101791381836,2.43715500831604,-31.54620361328125,1.810452729955614e-07,2.882699149608925e-06,8.681053720316356e-07,1.9524316789976126e-06,1.2814093661717152e-06,1.7624408110705758e-07,3.1081386797637833e-07,1.254427672847669e-07,,,,,,,,
foc_bus_6.0,109,,,,,,,,,,,,,,,,,,,,,,,,,,1.9999999494757503e-05,,,,,,,,,,,0.3997844159603119,-2.254589557647705,-0.6968053579330444,0.44422709941864014,400.0,True,True,4.297653111094477,-2.310299007099026,3.051173294074179,-1.6402260604954806,4.879272872621779,3.464101615137755,2.4108310216647433,-31.571805842884036,4.2976531982421875,-2.3102989196777344,3.051173210144043,-1.6402260065078735,4.879272937774658,3.464101552963257,2.4108307361602783,-31.571805953979492,8.714771038142999e-08,8.742129153915812e-08,8.39301361743594e-08,5.3987607051553255e-08,6.515287953590132e-08,6.217449799450492e-08,2.8550446495856363e-07,1.1109545638987584e-07,,,,,,,,
foc_bus_6.0,110,,,,,,,,,,,,,,,,,,,,,,,,,,3.9999998989515007e-05,,,,,,,,,,,0.3947087824344635,-2.74521541595459,-0.6999931335449219,0.3067477345466614,400.0,True,True,4.4854854794363535,-3.004863495483697,2.877993790368421,-1.9279916344737633,5.398961438343941,3.4641016151377553,2.330891614497202,-31.605649289921285,4.485485076904297,-3.0048675537109375,2.8779923915863037,-1.9279934167861938,5.398963451385498,3.464101552963257,2.3308913707733154,-31.605649948120117,4.025320565759216e-07,4.058227240477663e-06,1.398782117245645e-06,1.7823124305316185e-06,2.0130415574470817e-06,6.217449843859413e-08,2.437238864061442e-07,6.581988323262067e-07,,,,,,,,
foc_bus_6.0,111,,,,,,,,,,,,,,,,,,,,,,,,,,1.9999999494757503e-05,,,,,,,,,,,0.38297197222709656,-3.2136199474334717,-0.6961868405342102,0.16776590049266815,400.0,True,True,4.549474369164976,-3.5385456205830224,2.734377196673368,-2.126777220658689,5.763594550680707,3.4641016151377553,2.282802435617905,-31.616154177813,4.549473762512207,-3.5385475158691406,2.7343764305114746,-2.1267781257629395,5.763595104217529,3.464101552963257,2.282802104949951,-31.616153717041016,6.066527689085888e-07,1.8952861182697234e-06,7.661618934839964e-07,9.0510425065915e-07,5.535368226006199e-07,6.217449843859413e-08,3.306679539072377e-07,4.6077198589955515e-07,,,,,,,,
foc_bus_6.0,112,,,,,,,,,,,,,,,,,,,,,,,,,,3.9999998989515007e-05,,,,,,,,,,,0.3647720217704773,-3.6560118198394775,-0.6854243874549866,0.02796235680580139,400.0,True,True,4.656329814874937,-4.1164929488713256,2.5953104101244158,-2.2944201609774613,6.215056036996015,3.4641016151377553,2.166990298751817,-31.617633196550017,4.65632963180542,-4.116493225097656,2.5953104496002197,-2.2944204807281494,6.2150559425354,3.464101791381836,2.166990041732788,-31.617633819580078,1.8306951687918627e-07,2.76226330697682e-07,3.9475803959021505e-08,3.197506881491563e-07,9.44606144415161e-08,1.7624408066296837e-07,2.5701902872654614e-07,6.23030061319696e-07,,,,,,,,
foc_bus_6.0,113,,,,,,,,,,,,,,,,,,,,,,,,,,1.9999999494757503e-05,,,,,,,,,,,0.3404161334037781,-4.068809986114502,-0.6678134799003601,-0.11197814345359802,400.0,True,True,4.626430196708492,-4.482451394513795,2.487896632603224,-2.410470980012317,6.441756504960028,3.4641016151377553,2.1053710880493592,-31.614093823639735,4.626430034637451,-4.482448577880859,2.4878971576690674,-2.4104702472686768,6.441754341125488,3.464101552963257,2.1053709983825684,-31.614093780517578,1.6207104103216352e-07,2.8166329357759423e-06,5.250658432487398e-07,7.327436404303e-07,2.1638345399921377e-06,6.217449843859413e-08,8.966679088118212e-08,4.312215651225415e-08,,,,,,,,
foc_bus_6.0,114,,,,,,,,,,,,,,,,,,,,,,,,,,3.9999998989515007e-05,,,,,,,,,,,0.3103152811527252,-4.448673248291016,-0.6435299515724182,-0.2513701915740967,400.0,True,True,4.659397011023008,-4.923608164971476,2.381050537144842,-2.5160680315846506,6.778782919411413,3.4641016151377544,1.9695411109911256,-31.590778555029836,4.659397125244141,-4.923606872558594,2.3810510635375977,-2.5160677433013916,6.778781890869141,3.464101791381836,1.969541072845459,-31.590778350830078,1.142211329963061e-07,1.2924128824920444e-06,5.263927556065084e-07,2.882832590422879e-07,1.028542272685229e-06,1.762440815511468e-07,3.814566662541097e-08,2.041997575474852e-07,,,,,,,,
foc_bus_6.0,115,,,,,,,,,,,,,,,,,,,,,,,,,,1.9999999494757503e-05,,,,,,,,,,,0.2749774754047394,-4.7925262451171875,-0.6128165125846863,-0.3895309865474701,400.0,True,True,4.553832862787111,-5.114826931021149,2.3034915374319795,-2.5872624020340993,6.8482733792175,3.4641016151377553,1.901437056624434,-31.578472686596726,4.5538330078125,-5.114826202392578,2.3034915924072266,-2.5872621536254883,6.848272800445557,3.464101552963257,1.9014370441436768,-31.578472137451172,1.4502538903116147e-07,7.286285708119067e-07,5.4975247021360474e-08,2.484086110143835e-07,5.787719432603922e-07,6.217449843859413e-08,1.2480757316524205e-08,5.491455539186063e-07,,,,,,,,
foc_bus_6.0,116,,,,,,,,,,,,,,,,,,,,,,,,,,3.9999998989515007e-05,,,,,,,,,,,0.23499912023544312,-5.097586154937744,-0.575980007648468,-0.525783896446228,400.0,True,True,4.521973849952984,-5.407347551207387,2.2222576965445455,-2.6573616107237896,7.048947087275314,3.4641016151377553,1.7586107905438533,-31.543453614360548,4.521974086761475,-5.4073486328125,2.222257375717163,-2.6573615074157715,7.048948287963867,3.4641013145446777,1.758610725402832,-31.543453216552734,2.3680849103868695e-07,1.081605113029127e-06,3.208273824384378e-07,1.0330801814006918e-07,1.2006885530269074e-06,3.0059307754015663e-07,6.51410212437753e-08,3.9780781335707616e-07,,,,,,,,
foc_bus_6.0,117,,,,,,,,,,,,,,,,,,,,,,,,,,1.9999999494757503e-05,,,,,,,,,,,0.19105485081672668,-5.361383438110352,-0.5333884954452515,-0.659461498260498,400.0,True,True,4.3589592936161585,-5.427472752407866,2.1691558359911998,-2.7008818854561785,6.961177098848477,3.4641016151377553,1.6897103714699504,-31.529278352787635,4.358959197998047,-5.427471160888672,2.169156074523926,-2.7008814811706543,6.961175918579102,3.464101552963257,1.6897103786468506,-31.529277801513672,9.561811165070822e-08,1.591519193766544e-06,2.385327260157055e-07,4.042855241692678e-07,1.1802693755669225e-06,6.217449843859413e-08,7.1769001852572956e-09,5.512739633672936e-07,,,,,,,,
foc_bus_6.0,118,,,,,,,,,,,,,,,,,,,,,,,,,,3.9999998989515007e-05,,,,,,,,,,,0.14388631284236908,-5.581782817840576,-0.4854675531387329,-0.7899090647697449,400.0,True,True,4.272869341916238,-5.5658359388665914,2.109449387691459,-2.747766962602202,7.016832769239029,3.464101615137755,1.5503145940532113,-31.49742109725348,4.27286958694458,-5.565837860107422,2.1094489097595215,-2.747767210006714,7.016834259033203,3.464101552963257,1.5503146648406982,-31.497421264648438,2.450283425048383e-07,1.9212408304269957e-06,4.779319375813884e-07,2.474045119882362e-07,1.4897941742475496e-06,6.217449799450492e-08,7.07874869831926e-08,1.6739495833917317e-07,,,,,,,,
foc_bus_6.0,119,,,,,,,,,,,,,,,,,,,,,,,,,,1.9999999494757503e-05,,,,,,,,,,,0.09428951144218445,-5.756999969482422,-0.43269598484039307,-0.9164876937866211,400.0,True,True,4.070401933711019,-5.4257740511745,2.0788111454905276,-2.7710186252323097,6.782860455320967,3.4641016151377544,1.4851652262561328,-31.488565911233163,4.070402145385742,-5.425777435302734,2.078810453414917,-2.771019220352173,6.782863140106201,3.464101791381836,1.4851652383804321,-31.48856544494629,2.116747230829219e-07,3.384128234529271e-06,6.920756105976977e-07,5.951198631670707e-07,2.6847852341305156e-06,1.762440815511468e-07,1.2124299342275435e-08,4.662868740012982e-07,,,,,,,,
foc_bus_6.0,120,,,,,,,,,,,,,,,,,,,,,,,,,,3.9999998989515007e-05,,,,,,,,,,,0.04310145974159241,-5.885617256164551,-0.37560105323791504,-1.0385773181915283,400.0,True,True,3.9419909475809103,-5.409895787546169,2.0400315018501307,-2.7996913171739304,6.693748207314019,3.464101615137754,1.357543023181287,-31.474460649245458,3.941990852355957,-5.4098968505859375,2.0400311946868896,-2.7996914386749268,6.693748950958252,3.464101552963257,1.3575429916381836,-31.47446060180664,9.522495325597902e-08,1.063039768212093e-06,3.071632410645009e-07,1.2150099637509015e-07,7.436442333030868e-07,6.21744971063265e-08,3.154310346253908e-08,4.743881731883448e-08,,,,,,,,
foc_bus_6.0,121,,,,,,,,,,,,,,,,,,,,,,,,,,1.9999999494757503e-05,,,,,,,,,,,-0.008813979104161263,-5.966593265533447,-0.3147532343864441,-1.1555800437927246,400.0,True,True,3.717792073976675,-5.1259241436037115,2.033852094902643,-2.8041835988501416,6.332225219565649,3.464101615137755,1.2998258685249902,-31.47760387412582,3.71779203414917,-5.125923156738281,2.0338523387908936,-2.8041832447052,6.332224369049072,3.464101552963257,1.29982590675354,-31.477603912353516,3.982750529374357e-08,9.86865430263606e-07,2.4388825048404783e-07,3.5414494137242514e-07,8.505165771666157e-07,6.217449799450492e-08,3.822854988122515e-08,3.822769656380842e-08,,,,,,,,
foc_bus_6.0,122,,,,,,,,,,,,,,,,,,,,,,,,,,3.9999998989515007e-05,,,,,,,,,,,-0.060580674558877945,-5.999272346496582,-0.2507604956626892,-1.2669225931167603,400.0,True,True,3.559998797856518,-4.960620658299305,2.019736279027509,-2.814367666666904,6.105845457943206,3.4641016151377553,1.1908612629844488,-31.49415671062029,3.5599989891052246,-4.960620880126953,2.0197362899780273,-2.8143675327301025,6.105845928192139,3.464101552963257,1.1908612251281738,-31.494157791137695,1.9124870664910532e-07,2.2182764780609432e-07,1.0950518269936538e-08,1.339368016495257e-07,4.702489322383485e-07,6.217449843859413e-08,3.7856275003633755e-08,1.0805174035510845e-06,,,,,,,,
foc_bus_6.0,123,,,,,,,,,,,,,,,,,,,,,,,,,,1.9999999494757503e-05,,,,,,,,,,,-0.11132499575614929,-5.9833903312683105,-0.1842622607946396,-1.372059941291809,400.0,True,True,3.331479670986562,-4.552940388850381,2.0456105697227804,-2.7956175341127127,5.641633006729681,3.4641016151377553,1.1437597535902617,-31.514814657330504,3.331479549407959,-4.552944183349609,2.04560923576355,-2.7956182956695557,5.641635894775391,3.464101552963257,1.1437596082687378,-31.514816284179688,1.215786031849575e-07,3.794499228604309e-06,1.3339592306316206e-06,7.615568429208963e-07,2.888045709248388e-06,6.217449843859413e-08,1.4532152392554565e-07,1.626849183367085e-06,,,,,,,,
foc_bus_6.0,124,,,,,,,,,,,,,,,,,,,,,,,,,,3.9999998989515007e-05,,,,,,,,,,,-0.16019056737422943,-5.919075012207031,-0.11592292040586472,-1.4704768657684326,400.0,True,True,3.1579888910357665,-4.24736121449552,2.066910322387165,-2.7799067824676045,5.292728136066141,3.4641016151377553,1.0598257889335614,-31.57185224666982,3.157989025115967,-4.2473602294921875,2.0669105052948,-2.7799065113067627,5.292727470397949,3.464101552963257,1.0598256587982178,-31.571853637695312,1.3408020027583234e-07,9.850033322322815e-07,1.8290763481587646e-07,2.7116084178047117e-07,6.656681916794582e-07,6.217449843859413e-08,1.3013534361228096e-07,1.3910254921256637e-06,,,,,,,,
foc_bus_6.0,125,,,,,,,,,,,,,,,,,,,,,,,,,,1.9999999494757503e-05,,,,,,,,,,,-0.20635274052619934,-5.806848049163818,-0.04642532765865326,-1.561691403388977,400.0,True,True,2.9424924434646718,-3.7384785138852763,2.1424992869246906,-2.722075826557224,4.7575711638007645,3.4641016151377544,1.0266526856133247,-31.6135411300578,2.9424922466278076,-3.738475799560547,2.142500162124634,-2.7220752239227295,4.757568836212158,3.464101791381836,1.0266525745391846,-31.613542556762695,1.968368641414031e-07,2.7143247294247885e-06,8.751999431844126e-07,6.02634494306642e-07,2.3275886062990025e-06,1.762440815511468e-07,1.1107414010780303e-07,1.4267048946692285e-06,,,,,,,,
foc_bus_6.0,126,,,,,,,,,,,,,,,,,,,,,,,,,,3.9999998989515007e-05,,,,,,,,,,,-0.24903245270252228,-5.647617340087891,0.023536132648587227,-1.645256757736206,400.0,True,True,2.767659673853788,-3.3051705666550646,2.2239889709162735,-2.6559128482016825,4.310927109678314,3.4641016151377544,0.975386951598623,-31.715449260741774,2.7676596641540527,-3.3051719665527344,2.2239882946014404,-2.6559131145477295,4.3109283447265625,3.4641013145446777,0.9753867983818054,-31.715452194213867,9.699735237234108e-09,1.3998976697848775e-06,6.763148330257707e-07,2.6634604699538045e-07,1.2350482485601333e-06,3.005930766519782e-07,1.5321681756663708e-07,2.9334720927920444e-06,,,,,,,,
foc_bus_6.0,127,,,,,,,,,,,,,,,,,,,,,,,,,,1.9999999494757503e-05,,,,,,,,,,,-0.2875094413757324,-5.442671298980713,0.09326242655515671,-1.7207636833190918,400.0,True,True,2.583528735590834,-2.717124645924038,2.3869955962997493,-2.510428653287244,3.7493182139038828,3.464101615137755,0.9608016085173517,-31.777801951748888,2.583528518676758,-2.7171249389648438,2.386995315551758,-2.5104289054870605,3.7493183612823486,3.464101552963257,0.9608014225959778,-31.77780532836914,2.1691407603441348e-07,2.9304080584324765e-07,2.807479915212241e-07,2.5219981658608503e-07,1.4737846587564718e-07,6.217449799450492e-08,1.85921373963005e-07,3.376620252737439e-06,,,,,,,,
foc_bus_6.0,128,,,,,,,,,,,,,,,,,,,,,,,,,,3.9999998989515007e-05,,,,,,,,,,,-0.3211343586444855,-5.19366979598999,0.16205687820911407,-1.7878422737121582,0.0,True,True,-0.1497618973995859,-37.679899445421455,-0.01376825152415385,-3.4640742537148315,37.68019706481091,3.4641016151377544,0.9528423565925856,-29.32636545843354,-0.1497620940208435,-37.679901123046875,-0.013768268749117851,-3.46407413482666,37.680198669433594,3.464101552963257,0.9528421759605408,-29.32636833190918,1.9662125760877558e-07,1.6776254199157847e-06,1.7224964002013343e-08,1.1888817130767393e-07,1.6046226818389187e-06,6.217449755041571e-08,1.8063204487717144e-07,2.873475640541301e-06,,,,,,,,
foc_bus_6.0,129,,,,,,,,,,,,,,,,,,,,,,,,,,1.9999999494757503e-05,,,,,,,,,,,-0.3493397533893585,-4.902627944946289,0.22923210263252258,-1.8461639881134033,0.0,True,True,-0.3660392695579475,-34.56543291351378,-0.03668191096167395,-3.463907394461953,34.56737099123219,3.464101615137754,0.9543547794733127,-28.21146925870604,-0.3660394549369812,-34.56543731689453,-0.036681924015283585,-3.463907480239868,34.56737518310547,3.464101791381836,0.9543545842170715,-28.211471557617188,1.853790336792116e-07,4.403380749806729e-06,1.305360963765878e-08,8.577791499320142e-08,4.191873280490199e-06,1.76244081995236e-07,1.952562411755565e-07,2.298911148557181e-06,,,,,,,,
foc_bus_6.0,130,,,,,,,,,,,,,,,,,,,,,,,,,,3.9999998989515007e-05,,,,,,,,,,,-0.3716495931148529,-4.571901321411133,0.29411691427230835,-1.8954432010650635,0.0,True,True,-0.5758385066892455,-32.84961275266936,-0.06071477026681804,-3.4635695051018462,32.85465945624948,3.4641016151377544,0.9680994511268437,-26.09669760910876,-0.5758386254310608,-32.849613189697266,-0.060714781284332275,-3.463569402694702,32.85466003417969,3.464101552963257,0.9680992364883423,-26.096698760986328,1.187418152692743e-07,4.370279071963523e-07,1.1017514234268333e-08,1.0240714409803786e-07,5.779302085784366e-07,6.217449755041571e-08,2.146385014167862e-07,1.151877569327553e-06,,,,,,,,
foc_bus_6.0,131,,,,,,,,,,,,,,,,,,,,,,,,,,1.9999999494757503e-05,,,,,,,,,,,-0.38768741488456726,-4.20416784286499,0.35606303811073303,-1.9354385137557983,0.0,True,True,-0.7273145180924608,-29.985513626699987,-0.08399891387437455,-3.463083045852052,29.99433302917801,3.464101615137755,0.9783347816629094,-25.139583173552925,-0.7273147106170654,-29.98551368713379,-0.08399893343448639,-3.463083028793335,29.994333267211914,3.464101552963257,0.9783345460891724,-25.139583587646484,1.925246045919593e-07,6.043380196274484e-08,1.9560111835792426e-08,1.7058717105555843e-08,2.380339054752767e-07,6.217449799450492e-08,2.3557373707294715e-07,4.14093559442108e-07,,,,,,,,
foc_bus_6.0,132,,,,,,,,,,,,,,,,,,,,,,,,,,3.9999998989515007e-05,,,,,,,,,,,-0.39718255400657654,-3.802402973175049,0.4144514501094818,-1.9659541845321655,0.0,True,True,-0.8871193830317935,-28.322040218664267,-0.10845141348184216,-3.4624035424707205,28.335930246727155,3.4641016151377553,1.0064520351818362,-23.334432052313332,-0.8871195316314697,-28.322040557861328,-0.10845143347978592,-3.4624035358428955,28.33592987060547,3.464101552963257,1.0064518451690674,-23.33443260192871,1.4859967623070958e-07,3.3919706154961204e-07,1.9997943759286763e-08,6.627824955529604e-09,3.7612168668488266e-07,6.217449843859413e-08,1.9001276885255436e-07,5.496153789863456e-07,,,,,,,,
foc_bus_6.0,133,,,,,,,,,,,,,,,,,,,,,,,,,,1.9999999494757503e-05,,,,,,,,,,,-0.3999747335910797,-3.3698596954345703,0.4686988294124603,-1.9868404865264893,0.0,True,True,-0.9737300103906641,-25.705057398947286,-0.13112914390395813,-3.46161886226936,25.723493658838606,3.4641016151377553,1.0218458790471312,-22.521939273153595,-0.973730206489563,-25.705059051513672,-0.1311291605234146,-3.4616189002990723,25.723495483398438,3.464101552963257,1.0218456983566284,-22.521940231323242,1.9609889889693477e-07,1.6525663859567885e-06,1.661945647768448e-08,3.802971226818386e-08,1.8245598312205402e-06,6.217449843859413e-08,1.8069050278235466e-07,9.581696467364509e-07,,,,,,,,
foc_bus_6.0,134,,,,,,,,,,,,,,,,,,,,,,,,,,3.9999998989515007e-05,,,,,,,,,,,-0.3960168659687042,-2.910039186477661,0.5182631015777588,-1.9979952573776245,0.0,True,True,-1.0795290812269647,-24.102457415323183,-0.15499884745341774,-3.4606322193044603,24.12662090916758,3.464101615137755,1.0570918528265376,-20.999960037866526,-1.0795291662216187,-24.102458953857422,-0.15499883890151978,-3.460631847381592,24.126623153686523,3.4641013145446777,1.0570917129516602,-20.999961853027344,8.4994653981596e-08,1.5385342386764478e-06,8.551897967556954e-09,3.719228685028497e-07,2.24451894226263e-06,3.005930770960674e-07,1.3987487745836802e-07,1.8151608180971834e-06,,,,,,,,
foc_bus_6.0,135,,,,,,,,,,,,,,,,,,,,,,,,,,1.9999999494757503e-05,,,,,,,,,,,-0.3853757083415985,-2.4266629219055176,0.5626490712165833,-1.999363899230957,0.0,True,True,-1.1039750049561354,-21.732390858219325,-0.1757448997215956,-3.4596406938035993,21.760412983810365,3.4641016151377553,1.0742183498517208,-20.319146695809604,-1.1039749383926392,-21.732393264770508,-0.17574486136436462,-3.4596405029296875,21.76041603088379,3.4641013145446777,1.0742181539535522,-20.319149017333984,6.656349627043312e-08,2.4065511823323504e-06,3.835723097478372e-08,1.9087391178729263e-07,3.047073423800839e-06,3.0059307754015663e-07,1.958981685756811e-07,2.3215243807328534e-06,,,,,,,,
foc_bus_6.0,136,,,,,,,,,,,,,,,,,,,,,,,,,,3.9999998989515007e-05,,,,,,,,,,,-0.3682309091091156,-1.9236440658569336,0.6014132499694824,-1.9909396171569824,0.0,True,True,-1.154405297816956,-20.202527488857605,-0.1976220322897698,-3.458459994326039,20.235482908240044,3.4641016151377553,1.109809301976285,-19.054137209602196,-1.1544054746627808,-20.202529907226562,-0.19762203097343445,-3.4584598541259766,20.235485076904297,3.464101552963257,1.1098090410232544,-19.05413818359375,1.7684582465093968e-07,2.418368957535222e-06,1.316335346279729e-09,1.4020006222636994e-07,2.1686642526219657e-06,6.217449843859413e-08,2.6095303051754115e-07,9.739915540762922e-07,,,,,,,,
foc_bus_6.0,137,,,,,,,,,,,,,,,,,,,,,,,,,,1.9999999494757503e-05,,,,,,,,,,,-0.34487172961235046,-1.4050542116165161,0.6341683268547058,-1.9727637767791748,0.0,True,True,-1.1219583312059063,-18.08102947831935,-0.21454070129248798,-3.457451704288714,18.11580573678178,3.4641016151377553,1.1255666576512027,-18.492141988982652,-1.1219583749771118,-18.081029891967773,-0.21454069018363953,-3.457451581954956,18.115806579589844,3.464101552963257,1.1255664825439453,-18.492141723632812,4.37712055489925e-08,4.136484221817227e-07,1.110884845223481e-08,1.223337577904715e-07,8.42808063339362e-07,6.217449843859413e-08,1.75107257360807e-07,2.653498398785814e-07,,,,,,,,
foc_bus_6.0,138,,,,,,,,,,,,,,,,,,,,,,,,,,3.9999998989515007e-05,,,,,,,,,,,-0.3156924545764923,-0.8750911355018616,0.660586953163147,-1.9449251890182495,0.0,True,True,-1.118307401145831,-16.63818290132996,-0.23230959435883836,-3.456303263946732,16.675723123797844,3.464101615137755,1.1555704095800923,-17.457926441401007,-1.1183075904846191,-16.63818359375,-0.23230960965156555,-3.456303119659424,16.675724029541016,3.464101552963257,1.155570149421692,-17.45792579650879,1.8933878820348582e-07,6.924200413038761e-07,1.5292727195692635e-08,1.4428730832349856e-07,9.057431711312347e-07,6.217449799450492e-08,2.6015840037807436e-07,6.448922178492467e-07,,,,,,,,
foc_bus_6.0,139,,,,,,,,,,,,,,,,,,,,,,,,,,1.9999999494757503e-05,,,,,,,,,,,-0.28118544816970825,-0.33804458379745483,0.6804052591323853,-1.9075604677200317,0.0,True,True,-1.0364206154549438,-14.767628206636036,-0.24252079439118326,-3.45560178033984,14.803952531049681,3.464101615137755,1.167377104017081,-17.001893215631004,-1.0364209413528442,-14.767627716064453,-0.24252086877822876,-3.455601692199707,14.80395221710205,3.464101552963257,1.1673767566680908,-17.001893997192383,3.2589790044390554e-07,4.905715833558588e-07,7.438704549556086e-08,8.814013296998269e-08,3.1394763055914154e-07,6.217449799450492e-08,3.4734899023725063e-07,7.815613791706255e-07,,,,,,,,
foc_bus_6.0,140,,,,,,,,,,,,,,,,,,,,,,,,,,3.9999998989515007e-05,,,,,,,,,,,-0.24193312227725983,0.20173828303813934,0.693425178527832,-1.860852599143982,0.0,True,True,-0.9824441563907254,-13.42754530853052,-0.252779886202835,-3.454866470521152,13.463438250798578,3.4641016151377544,1.187136024879191,-16.17222571090324,-0.9824444055557251,-13.427545547485352,-0.2527799606323242,-3.454866409301758,13.463438034057617,3.464101552963257,1.1871356964111328,-16.172225952148438,2.491649997438117e-07,2.3895483103331117e-07,7.442948923852555e-08,6.121939399861276e-08,2.1674096117862973e-07,6.217449755041571e-08,3.284680580861732e-07,2.412451962641171e-07,,,,,,,,
foc_bus_6.0,141,,,,,,,,,,,,,,,,,,,,,,,,,,1.9999999494757503e-05,,,,,,,,,,,-0.19859787821769714,0.7398881912231445,0.6995165944099426,-1.805030107498169,0.0,True,True,-0.8601579521781257,-11.809995754007335,-0.25163453470216457,-3.454950080818133,11.841278284558918,3.4641016151377544,1.1931504988210602,-15.809285105094611,-0.8601582050323486,-11.809996604919434,-0.2516345977783203,-3.4549500942230225,11.841279029846191,3.464101552963257,1.1931501626968384,-15.809286117553711,2.528542228930064e-07,8.509120981159413e-07,6.307615574296932e-08,1.3404889642743001e-08,7.452872736735117e-07,6.217449755041571e-08,3.361242217891913e-07,1.012459099669627e-06,,,,,,,,
foc_bus_6.0,142,,,,,,,,,,,,,,,,,,,,,,,,,,3.9999998989515007e-05,,,,,,,,,,,-0.15191106498241425,1.272049069404602,0.6986186504364014,-1.7403666973114014,0.0,True,True,-0.761701308493993,-10.58894689644005,-0.24854317089146707,-3.4551738439915316,10.616307515279916,3.464101615137755,1.1997826868011543,-15.157864291744195,-0.7617017030715942,-10.588947296142578,-0.24854327738285065,-3.4551737308502197,10.616308212280273,3.464101552963257,1.199782371520996,-15.157864570617676,3.9457760125927166e-07,3.9970252885268565e-07,1.0649138357243793e-07,1.1314131187489807e-07,6.970003578743444e-07,6.217449799450492e-08,3.152801582029241e-07,2.7887348075239515e-07,,,,,,,,
foc_bus_6.0,143,,,,,,,,,,,,,,,,,,,,,,,,,,1.9999999494757503e-05,,,,,,,,,,,-0.10266055166721344,1.7939132452011108,0.6907403469085693,-1.6671788692474365,0.0,True,True,-0.6088117970331037,-9.225226016947857,-0.22811455271921857,-3.456582669463833,9.24529322779858,3.4641016151377553,1.1991818013521829,-14.875162080688186,-0.6088119745254517,-9.225227355957031,-0.22811457514762878,-3.456582546234131,9.245294570922852,3.464101552963257,1.1991815567016602,-14.875162124633789,1.77492347930297e-07,1.3390091737619514e-06,2.2428410212382843e-08,1.2322970199818428e-07,1.343124271357965e-06,6.217449843859413e-08,2.446505227293727e-07,4.394560271236969e-08,,,,,,,,
foc_bus_6.0,144,,,,,,,,,,,,,,,,,,,,,,,,,,3.9999998989515007e-05,,,,,,,,,,,-0.05167751759290695,2.3012564182281494,0.6759604215621948,-1.5858253240585327,0.0,True,True,-0.4732163696252121,-8.139079510803093,-0.20106768758668736,-3.4582613818230317,8.152824603513556,3.464101615137755,1.192274465615667,-14.375720915350442,-0.47321653366088867,-8.139080047607422,-0.2010677307844162,-3.458261013031006,8.152825355529785,3.4641013145446777,1.1922742128372192,-14.375720977783203,1.6403567659750706e-07,5.368043289877278e-07,4.319772883842887e-08,3.687920258066413e-07,7.520162288443544e-07,3.005930770960674e-07,2.527784477290851e-07,6.243276118311769e-08,,,,,,,,
foc_bus_6.0,145,,,,,,,,,,,,,,,,,,,,,,,,,,1.9999999494757503e-05,,,,,,,,,,,0.00017763137293513864,2.7899723052978516,0.6544265151023865,-1.496704339981079,0.0,True,True,-0.29911648729587026,-7.027952899788888,-0.14730216846934266,-3.460968371881522,7.034315363603145,3.4641016151377553,1.1856674263592841,-14.160459902250299,-0.29911673069000244,-7.027953624725342,-0.1473022699356079,-3.460968255996704,7.034316062927246,3.464101552963257,1.1856671571731567,-14.160460472106934,2.433941321822175e-07,7.249364539774206e-07,1.0146626525098235e-07,1.1588481774182924e-07,6.993241008501627e-07,6.217449843859413e-08,2.691861273884655e-07,5.698566347689393e-07,,,,,,,,
foc_bus_6.0,146,,,,,,,,,,,,,,,,,,,,,,,,,,3.9999998989515007e-05,,,,,,,,,,,0.05202978476881981,3.2561044692993164,0.6263538002967834,-1.4002524614334106,0.0,True,True,-0.1343550483245457,-6.091268966784995,-0.07638906899913758,-3.463259261178326,6.092750520473346,3.4641016151377544,1.1683899586012265,-13.78680054611355,-0.1343553066253662,-6.091269493103027,-0.07638920843601227,-3.463259220123291,6.0927510261535645,3.464101552963257,1.1683896780014038,-13.786800384521484,2.5830082051037095e-07,5.263180327119699e-07,1.3943687468542798e-07,4.105503492723983e-08,5.056802185876563e-07,6.217449755041571e-08,2.8059982271066986e-07,1.6159206595034448e-07,,,,,,,,
foc_bus_6.0,147,,,,,,,,,,,,,,,,,,,,,,,,,,1.9999999494757503e-05,,,,,,,,,,,0.10300387442111969,3.6958799362182617,0.5920227766036987,-1.2969422340393066,0.0,True,True,0.05364848229872776,-5.228632509247769,0.03554160900962031,-3.463919282262363,5.228907732635524,3.464101615137754,1.1584910489615672,-13.626175184297045,0.05364823341369629,-5.228632926940918,0.03554144129157066,-3.463919162750244,5.228908061981201,3.464101552963257,1.158490777015686,-13.626174926757812,2.488850314730229e-07,4.1769314940154345e-07,1.6771804964982318e-07,1.1951211886795932e-07,3.293456769526415e-07,6.21744971063265e-08,2.7194588114731744e-07,2.5753923260651845e-07,,,,,,,,
foc_bus_6.0,148,,,,,,,,,,,,,,,,,,,,,,,,,,3.9999998989515007e-05,,,,,,,,,,,0.15223965048789978,4.105739116668701,0.5517764687538147,-1.187279462814331,0.0,True,True,0.24019829902344847,-4.453687297700904,0.1865563894731501,-3.459074545820998,4.460159836660133,3.4641016151377544,1.139386800012716,-13.351673361524245,0.2401980757713318,-4.45368766784668,0.18655619025230408,-3.4590744972229004,4.460160255432129,3.464101552963257,1.139386534690857,-13.351673126220703,2.2325211668228206e-07,3.7014577536353954e-07,1.9922084601442513e-07,4.8598097546204144e-08,4.1877199574713586e-07,6.217449755041571e-08,2.653218591497364e-07,2.3530354198442183e-07,,,,,,,,
foc_bus_6.0,149,,,,,,,,,,,,,,,,,,,,,,,,,,1.9999999494757503e-05,,,,,,,,,,,0.19890618324279785,4.482364177703857,0.5060169696807861,-1.0718015432357788,0.0,True,True,0.43931338785147056,-3.831309542528256,0.39462210490435756,-3.441551015795183,3.8564140160793956,3.464101615137755,1.1319140137664967,-13.232303206041266,0.4393131136894226,-3.8313093185424805,0.394621878862381,-3.4415509700775146,3.8564138412475586,3.464101552963257,1.1319137811660767,-13.232303619384766,2.7416204795294163e-07,2.239857757047048e-07,2.260419765809374e-07,4.571766831773516e-08,1.7483183700761629e-07,6.217449799450492e-08,2.3260042003592218e-07,4.133434998720986e-07,,,,,,,,
foc_bus_6.0,150,,,,,,,,,,,,,,,,,,,,,,,,,,3.9999998989515007e-05,,,,,,,,,,,0.24221594631671906,4.822706699371338,0.45520147681236267,-0.9510738849639893,0.0,False,False,0.64238949548868,-3.226683222963036,0.64238949548868,-3.226683222963036,3.2900074293632415,3.2900074293632415,1.1238859485316837,-13.014672050184464,0.6423892974853516,-3.2266836166381836,0.6423892974853516,-3.2266836166381836,3.2900078296661377,3.2900078296661377,1.1238857507705688,-13.01467227935791,1.9800332839992052e-07,3.936751475919209e-07,1.9800332839992052e-07,3.936751475919209e-07,4.003028961641064e-07,4.003028961641064e-07,1.9776111481739633e-07,2.2917344644213244e-07,,,,,,,,
foc_bus_6.0,151,,,,,,,,,,,,,,,,,,,,,,,,,,1.9999999494757503e-05,,,,,,,,,,,0.28143802285194397,5.124011516571045,0.39983782172203064,-0.825687825679779,0.0,False,False,0.8539880652447884,-2.8163263043383626,0.8539880652447884,-2.8163263043383626,2.9429559065824815,2.9429559065824815,1.121654526268148,-12.90254101871026,0.8539878129959106,-2.816326141357422,0.8539878129959106,-2.816326141357422,2.942955732345581,2.942955732345581,1.1216542720794678,-12.902541160583496,2.5224887778563243e-07,1.6298094074329583e-07,2.5224887778563243e-07,1.6298094074329583e-07,1.7423690046314277e-07,1.7423690046314277e-07,2.5418868032645037e-07,1.4187323671421836e-07,,,,,,,,
foc_bus_6.0,152,,,,,,,,,,,,,,,,,,,,,,,,,,3.9999998989515007e-05,,,,,,,,,,,0.3159104883670807,5.3838396072387695,0.3404790759086609,-0.6962575912475586,0.0,False,False,1.0651862490426,-2.3660924752233807,1.0651862490426,-2.3660924752233807,2.5948054544528283,2.5948054544528283,1.1207284623094744,-12.673363868366467,1.0651860237121582,-2.3660926818847656,1.0651860237121582,-2.3660926818847656,2.5948054790496826,2.5948054790496826,1.1207282543182373,-12.67336368560791,2.2533044186090478e-07,2.066613848938914e-07,2.2533044186090478e-07,2.066613848938914e-07,2.459685433109371e-08,2.459685433109371e-08,2.0799123712222922e-07,1.8275855673266506e-07,,,,,,,,
foc_bus_6.0,153,,,,,,,,,,,,,,,,,,,,,,,,,,1.9999999494757503e-05,,,,,,,,,,,0.3450515866279602,5.600088596343994,0.2777183949947357,-0.5634170770645142,0.0,False,False,1.274217624201535,-2.1085339083832473,1.274217624201535,-2.1085339083832473,2.4636448194956464,2.4636448194956464,1.121997457563851,-12.557203335052032,1.2742173671722412,-2.1085338592529297,1.2742173671722412,-2.1085338592529297,2.4636447429656982,2.4636447429656982,1.1219972372055054,-12.55720329284668,2.570292938486318e-07,4.913031759201658e-08,2.570292938486318e-07,4.913031759201658e-08,7.65299481564341e-08,7.65299481564341e-08,2.2035834557065925e-07,4.220535210208709e-08,,,,,,,,
foc_bus_6.0,154,,,,,,,,,,,,,,,,,,,,,,,,,,3.9999998989515007e-05,,,,,,,,,,,0.36836951971054077,5.771007061004639,0.21218284964561462,-0.4278169274330139,0.0,False,False,1.4809758550494638,-1.815008292419229,1.4809758550494638,-1.815008292419229,2.3425508713345065,2.3425508713345065,1.1278846029167373,-12.323551014903835,1.48097562789917,-1.8150091171264648,1.48097562789917,-1.8150091171264648,2.3425514698028564,2.3425514698028564,1.1278843879699707,-12.323551177978516,2.2715029390774077e-07,8.247072358358309e-07,2.2715029390774077e-07,8.247072358358309e-07,5.984683499882237e-07,5.984683499882237e-07,2.1494676660793743e-07,1.6307468087006782e-07,,,,,,,,
foc_bus_6.0,155,,,,,,,,,,,,,,,,,,,,,,,,,,1.9999999494757503e-05,,,,,,,,,,,0.38547074794769287,5.895212173461914,0.14452724158763885,-0.2901213467121124,0.0,False,False,1.6771266031472867,-1.7213060671377374,1.6771266031472867,-1.7213060671377374,2.4032578346381275,2.4032578346381275,1.132425545633507,-12.20697910299161,1.677126407623291,-1.7213058471679688,1.677126407623291,-1.7213058471679688,2.4032576084136963,2.4032576084136963,1.132425308227539,-12.206978797912598,1.955239956608068e-07,2.1996976862226347e-07,1.955239956608068e-07,2.1996976862226347e-07,2.262244311879158e-07,2.262244311879158e-07,2.374059679954854e-07,3.050790127190339e-07,,,,,,,,
foc_bus_6.0,156,,,,,,,,,,,,,,,,,,,,,,,,,,3.9999998989515007e-05,,,,,,,,,,,0.39606672525405884,5.971697807312012,0.07542755454778671,-0.15100473165512085,0.0,False,False,1.8693804702977297,-1.5966980264055106,1.8693804702977297,-1.5966980264055106,2.458460479702249,2.458460479702249,1.144511400354605,-11.976196029222244,1.8693801164627075,-1.5966978073120117,1.8693801164627075,-1.5966978073120117,2.4584600925445557,2.4584600925445557,1.144511103630066,-11.976195335388184,3.538350221710118e-07,2.190934988988147e-07,3.538350221710118e-07,2.190934988988147e-07,3.8715769345998297e-07,3.8715769345998297e-07,2.967245391616302e-07,6.938340604278892e-07,,,,,,,,
foc_bus_6.0,157,,,,,,,,,,,,,,,,,,,,,,,,,,1.9999999494757503e-05,,,,,,,,,,,0.3999785780906677,5.9998459815979,0.005574228707700968,-0.011148517020046711,0.0,False,False,2.04357457506834,-1.672784605058835,2.04357457506834,-1.672784605058835,2.6409099527980104,2.6409099527980104,1.1519445434380158,-11.862909798348465,2.043574333190918,-1.6727848052978516,2.043574333190918,-1.6727848052978516,2.6409099102020264,2.6409099102020264,1.1519442796707153,-11.862909317016602,2.418774220913633e-07,2.002390164790313e-07,2.418774220913633e-07,2.002390164790313e-07,4.259598407330145e-08,4.259598407330145e-08,2.637673004457497e-07,4.813318632557184e-07,,,,,,,,
foc_bus_6.0,158,,,,,,,,,,,,,,,,,,,,,,,,,,3.9999998989515007e-05,,,,,,,,,,,0.3971402943134308,5.979427814483643,-0.06433479487895966,0.12876230478286743,0.0,False,False,2.21259580086575,-1.7240527906903385,2.21259580086575,-1.7240527906903385,2.8049845281384163,2.8049845281384163,1.1693389275149824,-11.642380618410067,2.2125954627990723,-1.7240524291992188,2.2125954627990723,-1.7240524291992188,2.8049840927124023,2.8049840927124023,1.1693387031555176,-11.642379760742188,3.380666777630381e-07,3.614911197047377e-07,3.380666777630381e-07,3.614911197047377e-07,4.3542601391166613e-07,4.3542601391166613e-07,2.2435946478438495e-07,8.576678798277726e-07,,,,,,,,
foc_bus_6.0,159,,,,,,,,,,,,,,,,,,,,,,,,,,1.9999999494757503e-05,,,,,,,,,,,0.38759979605674744,5.910609245300293,-0.13360100984573364,0.2680424451828003,0.0,False,False,2.357440559637295,-1.970489013235115,2.357440559637295,-1.970489013235115,3.072515735273507,3.072515735273507,1.1791617405025243,-11.536037961569207,2.357440233230591,-1.9704885482788086,2.357440233230591,-1.9704885482788086,3.0725152492523193,3.0725152492523193,1.179161548614502,-11.53603744506836,3.264067043318164e-07,4.649563063452433e-07,3.264067043318164e-07,4.649563063452433e-07,4.860211877399934e-07,4.860211877399934e-07,1.9188802236058677e-07,5.165008474250499e-07,,,,,,,,
foc_bus_6.0,160,,,,,,,,,,,,,,,,,,,,,,,,,,3.9999998989515007e-05,,,,,,,,,,,0.3715181052684784,5.793946743011475,-0.20153231918811798,0.4060097336769104,0.0,False,False,2.496257001989086,-2.1990620545828303,2.496257001989086,-2.1990620545828303,3.326736079084964,3.326736079084964,1.2007617345475141,-11.332950410544766,2.4962568283081055,-2.199061393737793,2.4962568283081055,-2.199061393737793,3.326735496520996,3.326735496520996,1.2007615566253662,-11.3329496383667,1.7368098070846827e-07,6.608450373590813e-07,1.7368098070846827e-07,6.608450373590813e-07,5.825639677325967e-07,5.825639677325967e-07,1.7792214790368632e-07,7.721780672653722e-07,,,,,,,,
foc_bus_6.0,161,,,,,,,,,,,,,,,,,,,,,,,,,,1.9999999494757503e-05,,,,,,,,,,,0.3491665720939636,5.630384922027588,-0.2674500048160553,0.5419883728027344,0.0,True,True,2.6063680826649813,-2.610958875198781,2.447333458097428,-2.451644130961279,3.689208699750397,3.4641016151377544,1.2063873372822875,-11.231045901253374,2.606368064880371,-2.6109580993652344,2.447333812713623,-2.451643705368042,3.6892080307006836,3.464101552963257,1.2063872814178467,-11.23104476928711,1.778461022894362e-08,7.758335467400457e-07,3.546161950751525e-07,4.255932370966775e-07,6.690497134087536e-07,6.217449755041571e-08,5.586444085103892e-08,1.1319662647224504e-06,,,,,,,,
foc_bus_6.0,162,,,,,,,,,,,,,,,,,,,,,,,,,,3.9999998989515007e-05,,,,,,,,,,,0.3209224343299866,5.421247959136963,-0.33069539070129395,0.675312340259552,0.0,True,True,2.704061386582086,-3.006620401698454,2.3164638407744707,-2.5756543390727704,4.043725290164208,3.464101615137755,1.2017246072390972,-11.019663238794191,2.704061269760132,-3.006620407104492,2.3164639472961426,-2.5756545066833496,4.04372501373291,3.464101791381836,1.2017245292663574,-11.019662857055664,1.1682195433238007e-07,5.406038283695125e-09,1.0652167192759521e-07,1.6761057919367772e-07,2.76431297407953e-07,1.7624408110705758e-07,7.797273982035335e-08,3.8173852701106625e-07,,,,,,,,
foc_bus_6.0,163,,,,,,,,,,,,,,,,,,,,,,,,,,1.9999999494757503e-05,,,,,,,,,,,0.28726232051849365,5.168228626251221,-0.3906365931034088,0.8053286671638489,0.0,True,True,2.7470269102421003,-3.5412412752940634,2.1232488541537835,-2.7371178826156988,4.481801715319475,3.4641016151377544,1.1909847536071296,-10.907123091030652,2.7470266819000244,-3.54124116897583,2.123248815536499,-2.7371180057525635,4.481801509857178,3.464101791381836,1.1909847259521484,-10.907122611999512,2.2834207591415634e-07,1.0631823332829526e-07,3.8617284481290426e-08,1.2313686470477592e-07,2.0546229695384e-07,1.762440815511468e-07,2.7654981193947492e-08,4.790311400881819e-07,,,,,,,,
foc_bus_6.0,164,,,,,,,,,,,,,,,,,,,,,,,,,,3.9999998989515007e-05,,,,,,,,,,,0.2487543374300003,4.8733744621276855,-0.4466746747493744,0.9314004778862,0.0,True,True,2.7893541423224324,-4.075915515095094,1.9563946870691264,-2.8587619397927657,4.938986112299185,3.4641016151377553,1.1543939029558041,-10.666767020190509,2.789354085922241,-4.0759148597717285,1.956394910812378,-2.858761787414551,4.938985347747803,3.464101552963257,1.1543939113616943,-10.666766166687012,5.640019118402506e-08,6.553233653505686e-07,2.2374325148177832e-07,1.5237821493485626e-07,7.645513822041039e-07,6.217449843859413e-08,8.405890206120148e-09,8.535034972112499e-07,,,,,,,,
foc_bus_6.0,165,,,,,,,,,,,,,,,,,,,,,,,,,,1.9999999494757503e-05,,,,,,,,,,,0.20604832470417023,4.5390729904174805,-0.49824973940849304,1.0529102087020874,0.0,True,True,2.759874305128101,-4.69115525746501,1.7565447620168642,-2.9857244512900247,5.442779053916108,3.4641016151377544,1.1298428274168024,-10.53677181487506,2.7598743438720703,-4.691154479980469,1.756544828414917,-2.9857242107391357,5.442778587341309,3.464101552963257,1.1298428773880005,-10.536770820617676,3.8743969366095143e-08,7.774845416363974e-07,6.639805283370492e-08,2.405508889857799e-07,4.665747992405045e-07,6.217449755041571e-08,4.997119806837702e-08,9.942573839794022e-07,,,,,,,,
foc_bus_6.0,166,,,,,,,,,,,,,,,,,,,,,,,,,,3.9999998989515007e-05,,,,,,,,,,,0.15986497700214386,4.16802978515625,-0.5448464751243591,1.1692628860473633,0.0,True,True,2.7495469140009527,-5.340086285861055,1.5857670126033632,-3.079828401346252,6.006374095303545,3.4641016151377553,1.0686585864773908,-10.253319845883118,2.749547004699707,-5.340085506439209,1.5857672691345215,-3.0798282623291016,6.006373405456543,3.464101552963257,1.0686585903167725,-10.253318786621094,9.069875428480145e-08,7.794218461754099e-07,2.565311583158092e-07,1.390171502357873e-07,6.898470017446812e-07,6.217449843859413e-08,3.8393817014537035e-09,1.0592620238725203e-06,,,,,,,,
foc_bus_6.0,167,,,,,,,,,,,,,,,,,,,,,,,,,,1.9999999494757503e-05,,,,,,,,,,,0.1109837219119072,3.7632479667663574,-0.5859992504119873,1.2798885107040405,0.0,True,True,2.6574638945306144,-5.996607550475144,1.4035104258619675,-3.1670425454194264,6.559071311180365,3.4641016151377544,1.0345213478714788,-10.099845117471256,2.657463788986206,-5.996606826782227,1.403510570526123,-3.1670427322387695,6.559070587158203,3.464101791381836,1.0345213413238525,-10.099843978881836,1.0554440832422074e-07,7.236929171483553e-07,1.4466415554359457e-07,1.868193431064924e-07,7.240221622240028e-07,1.762440815511468e-07,6.547626218988967e-09,1.1385894200799385e-06,,,,,,,,
foc_bus_6.0,168,,,,,,,,,,,,,,,,,,,,,,,,,,3.9999998989515007e-05,,,,,,,,,,,0.06022948399186134,3.328004837036133,-0.6212969422340393,1.3842451572418213,0.0,True,True,2.6009371260487666,-6.7314246500886,1.248526311521947,-3.231281796661721,7.216436222504794,3.464101615137754,0.9582407581499878,-9.762674421820538,2.6009368896484375,-6.731423377990723,1.2485264539718628,-3.2312817573547363,7.216434955596924,3.464101552963257,0.9582407474517822,-9.762673377990723,2.3640032909000297e-07,1.2720978777025493e-06,1.4244991586309652e-07,3.930698477816463e-08,1.2669078701676995e-06,6.21744971063265e-08,1.0698205543668848e-08,1.0438298154724635e-06,,,,,,,,
foc_bus_6.0,169,,,,,,,,,,,,,,,,,,,,,,,,,,1.9999999494757503e-05,,,,,,,,,,,0.008458799682557583,2.8658227920532227,-0.6503868103027344,1.481821894645691,0.0,True,True,2.4601101637138134,-7.390366368522564,1.0941060213777185,-3.2867814064803613,7.789072928057446,3.464101615137755,0.9191605528265141,-9.581889339065606,2.4601101875305176,-7.390364646911621,1.0941061973571777,-3.2867813110351562,7.789071083068848,3.464101552963257,0.9191605448722839,-9.581888198852539,2.381670416440329e-08,1.7216109426954063e-06,1.7597945922709357e-07,9.544520507276388e-08,1.8449885983429226e-06,6.217449799450492e-08,7.954230163420561e-09,1.1402130670745692e-06,,,,,,,,
foc_bus_6.0,170,,,,,,,,,,,,,,,,,,,,,,,,,,3.9999998989515007e-05,,,,,,,,,,,-0.04345463961362839,2.3804433345794678,-0.6729782223701477,1.5721405744552612,0.0,True,True,2.3660533435070232,-8.181148501940932,0.9624055407456419,-3.3277282904621415,8.516419390514486,3.4641016151377544,0.8370566417248886,-9.185482723424064,2.366053342819214,-8.181147575378418,0.9624056220054626,-3.327728271484375,8.51641845703125,3.464101552963257,0.8370566368103027,-9.185482025146484,6.878093650186656e-10,9.265625138255018e-07,8.125982076112592e-08,1.8977766469419066e-08,9.33483235598942e-07,6.217449755041571e-08,4.9145858493915284e-09,6.982775797581553e-07,,,,,,,,
foc_bus_6.0,171,,,,,,,,,,,,,,,,,,,,,,,,,,1.9999999494757503e-05,,,,,,,,,,,-0.09463472664356232,1.8757954835891724,-0.6888455152511597,1.6547589302062988,0.0,True,True,2.19158794669272,-8.806605226562866,0.8365522319061633,-3.361574090109099,9.075205416111153,3.4641016151377544,0.7971717959588959,-8.976044124556351,2.1915879249572754,-8.806604385375977,0.8365522623062134,-3.3615739345550537,9.075204849243164,3.464101552963257,0.7971718311309814,-8.976043701171875,2.1735444555304184e-08,8.411868890334517e-07,3.040005003285273e-08,1.5555404520029015e-07,5.668679889936357e-07,6.217449755041571e-08,3.517208557735074e-08,4.233844759227168e-07,,,,,,,,
foc_bus_6.0,172,,,,,,,,,,,,,,,,,,,,,,,,,,3.9999998989515007e-05,,,,,,,,,,,-0.14421774446964264,1.3559637069702148,-0.6978300213813782,1.7292723655700684,0.0,True,True,2.069590549182349,-9.62296593250947,0.7283623770277534,-3.3866632911658767,9.843001492405795,3.4641016151377557,0.7169128885757426,-8.51990912104048,2.0695905685424805,-9.622965812683105,0.7283623814582825,-3.3866634368896484,9.843001365661621,3.464101791381836,0.7169128656387329,-8.519908905029297,1.936013127590286e-08,1.198263639423658e-07,4.43052905474417e-09,1.4572377171617745e-07,1.2674417426694617e-07,1.7624408021887916e-07,2.2937009735990443e-08,2.1601118227465577e-07,,,,,,,,
foc_bus_6.0,173,,,,,,,,,,,,,,,,,,,,,,,,,,1.9999999494757503e-05,,,,,,,,,,,-0.19136689603328705,0.8251561522483826,-0.699842095375061,1.7953157424926758,0.0,True,True,1.8760059049144655,-10.182854147472133,0.6276352755984336,-3.4067688446421602,10.354222169915245,3.464101615137755,0.679433405583128,-8.282740846242781,1.87600576877594,-10.182853698730469,0.6276353001594543,-3.406769037246704,10.35422134399414,3.464101791381836,0.6794334053993225,-8.282740592956543,1.3613852556382255e-07,4.4874166427177897e-07,2.4561020772750908e-08,1.9260454386937909e-07,8.259211039529646e-07,1.7624408110705758e-07,1.8380552635477443e-10,2.5328623820541907e-07,,,,,,,,
foc_bus_6.0,174,,,,,,,,,,,,,,,,,,,,,,,,,,3.9999998989515007e-05,,,,,,,,,,,-0.23528651893138885,0.28766927123069763,-0.6948615908622742,1.8525656461715698,0.0,True,True,1.735717676049385,-10.99461363251313,0.5401870180770908,-3.4217244169425722,11.130779163167052,3.4641016151377553,0.6066152865985807,-7.770744116706128,1.735717535018921,-10.994613647460938,0.5401869416236877,-3.421724319458008,11.130779266357422,3.464101552963257,0.6066153049468994,-7.7707438468933105,1.4103046419577936e-07,1.4947808324450307e-08,7.64534030528452e-08,9.748456442082443e-08,1.031903700265957e-07,6.217449843859413e-08,1.8348318753247383e-08,2.698128174216663e-07,,,,,,,,
foc_bus_6.0,175,,,,,,,,,,,,,,,,,,,,,,,,,,1.9999999494757503e-05,,,,,,,,,,,-0.2752353847026825,-0.2521461248397827,-0.6829382181167603,1.900741696357727,0.0,True,True,1.535992978103511,-11.460996865559718,0.4601419851982402,-3.4334049212782674,11.563465033507603,3.464101615137755,0.5737404337288661,-7.508685446392974,1.5359928607940674,-11.460996627807617,0.46014195680618286,-3.4334049224853516,11.563465118408203,3.464101552963257,0.5737404227256775,-7.508685111999512,1.1730944371457497e-07,2.3775210067356056e-07,2.8392057316306563e-08,1.2070842103639734e-09,8.490060032784186e-08,6.217449799450492e-08,1.1003188582492385e-08,3.3439346225350164e-07,,,,,,,,
foc_bus_6.0,176,,,,,,,,,,,,,,,,,,,,,,,,,,3.9999998989515007e-05,,,,,,,,,,,-0.3105393350124359,-0.7899205088615417,-0.6641911268234253,1.9396079778671265,0.0,True,True,1.386571345864009,-12.238796743883096,0.389964165707412,-3.4420819207950477,12.317090802427925,3.4641016151377553,0.5119282242320901,-6.948312929402584,1.3865714073181152,-12.23879623413086,0.38996419310569763,-3.442081928253174,12.317090034484863,3.464101552963257,0.5119282603263855,-6.948312759399414,6.145410624824876e-08,5.097522368657792e-07,2.739828564024549e-08,7.45812611668839e-09,7.679430620299854e-07,6.217449843859413e-08,3.60942954413801e-08,1.7000316976378826e-07,,,,,,,,
foc_bus_6.0,177,,,,,,,,,,,,,,,,,,,,,,,,,,1.9999999494757503e-05,,,,,,,,,,,-0.3406025469303131,-1.3213008642196655,-0.6388077139854431,1.968973994255066,0.0,True,True,1.1917008601780859,-12.58815431891654,0.32648135810463735,-3.448682345883737,12.644436725177059,3.4641016151377553,0.48493034310330196,-6.665773139748928,1.1917009353637695,-12.588153839111328,0.3264814019203186,-3.4486825466156006,12.64443588256836,3.464101791381836,0.4849303662776947,-6.665772914886475,7.518568367892442e-08,4.798052124499463e-07,4.3815681249892435e-08,2.0073186357549844e-07,8.426086992585624e-07,1.7624408066296837e-07,2.3174392738134486e-08,2.2486245310204822e-07,,,,,,,,
foc_bus_6.0,178,,,,,,,,,,,,,,,,,,,,,,,,,,3.9999998989515007e-05,,,,,,,,,,,-0.36491766571998596,-1.8419859409332275,-0.6070415377616882,1.9886959791183472,0.0,True,True,1.0414262306358983,-13.304118156196562,0.2703376458237522,-3.453536963353726,13.344816540810724,3.4641016151377553,0.4359180119387352,-6.067446757293107,1.041426181793213,-13.304117202758789,0.27033764123916626,-3.4535369873046875,13.344815254211426,3.464101552963257,0.43591803312301636,-6.067446708679199,4.8842685451688794e-08,9.534377731768018e-07,4.5845859331095085e-09,2.395096165841437e-08,1.2865992982113994e-06,6.217449843859413e-08,2.1184281162600627e-08,4.8613907566164016e-08,,,,,,,,
foc_bus_6.0,179,,,,,,,,,,,,,,,,,,,,,,,,,,1.9999999494757503e-05,,,,,,,,,,,-0.3830743730068207,-2.3477609157562256,-0.5692099928855896,1.998677372932434,0.0,True,True,0.8602228696243188,-13.517651865348448,0.2200000358093842,-3.4571086162057263,13.54499521366409,3.464101615137755,0.4152901860059573,-5.770088387601641,0.8602228760719299,-13.51765251159668,0.2200000286102295,-3.457108497619629,13.54499626159668,3.464101552963257,0.4152902066707611,-5.7700886726379395,6.447611111681795e-09,6.46248231817026e-07,7.199154716808209e-09,1.1858609738624182e-07,1.0479325904810821e-06,6.217449799450492e-08,2.0664803812575627e-08,2.8503629856402313e-07,,,,,,,,
foc_bus_6.0,180,,,,,,,,,,,,,,,,,,,,,,,,,,3.9999998989515007e-05,,,,,,,,,,,-0.3947662115097046,-2.8345320224761963,-0.5256910920143127,1.9988691806793213,0.0,True,True,0.7162070553841329,-14.146086567327153,0.1751608316935333,-3.459670314212097,14.164205509540439,3.4641016151377544,0.37943121536332786,-5.146537033528747,0.7162070870399475,-14.146086692810059,0.17516084015369415,-3.459670305252075,14.164205551147461,3.464101552963257,0.37943124771118164,-5.146537780761719,3.1655814636266655e-08,1.2548290584390998e-07,8.460160849654841e-09,8.960021613546587e-09,4.1607021827871904e-08,6.217449755041571e-08,3.234785378447569e-08,7.472329714985904e-07,,,,,,,,
foc_bus_6.0,181,,,,,,,,,,,,,,,,,,,,,,,,,,1.9999999494757503e-05,,,,,,,,,,,-0.39979591965675354,-3.298358678817749,-0.47691962122917175,1.989270567893982,0.0,True,True,0.5552383029115554,-14.21003220056582,0.13525200184900305,-3.461460225973403,14.220875666221739,3.4641016151377553,0.365051617364486,-4.840978751620937,0.5552383661270142,-14.21003246307373,0.13525201380252838,-3.4614603519439697,14.22087574005127,3.464101791381836,0.36505165696144104,-4.84097957611084,6.321545875653811e-08,2.6250791052007116e-07,1.1953525336227955e-08,1.2597056686658448e-07,7.382953093326705e-08,1.7624408066296837e-07,3.959695504818228e-08,8.244899030174224e-07,,,,,,,,
foc_bus_6.0,182,,,,,,,,,,,,,,,,,,,,,,,,,,3.9999998989515007e-05,,,,,,,,,,,-0.398078590631485,-3.7354867458343506,-0.423382967710495,1.969928503036499,0.0,True,True,0.42321102833994645,-14.72812565511435,0.09949949933790934,-3.4626723566678246,14.734204861048529,3.4641016151377544,0.34159814178693515,-4.20663786609896,0.42321106791496277,-14.728126525878906,0.09949949383735657,-3.462671995162964,14.734206199645996,3.4641013145446777,0.34159818291664124,-4.206638336181641,3.957501631957072e-08,8.707645555716681e-07,5.500552777149004e-09,3.6150486071306887e-07,1.3385974675372836e-06,3.005930766519782e-07,4.1129706085385465e-08,4.700826803372138e-07,,,,,,,,
foc_bus_6.0,183,,,,,,,,,,,,,,,,,,,,,,,,,,1.9999999494757503e-05,,,,,,,,,,,-0.38964319229125977,-4.142377853393555,-0.3656160235404968,1.9409377574920654,0.0,True,True,0.28682708601577256,-14.634014496771588,0.06788344895042195,-3.4634364202852916,14.636825136244312,3.4641016151377544,0.3328913332063724,-3.9001662354736055,0.2868271470069885,-14.634016036987305,0.0678834542632103,-3.4634363651275635,14.636826515197754,3.464101552963257,0.3328913748264313,-3.9001667499542236,6.099121596658819e-08,1.540215716744342e-06,5.312788348144082e-09,5.515772816266917e-08,1.3789534420993732e-06,6.217449755041571e-08,4.162005889929432e-08,5.14480618107882e-07,,,,,,,,
foc_bus_6.0,184,,,,,,,,,,,,,,,,,,,,,,,,,,3.9999998989515007e-05,,,,,,,,,,,-0.3746320903301239,-4.515738487243652,-0.30419594049453735,1.9024401903152466,0.0,True,True,0.17100135768845856,-15.022489970008564,0.039429395984224194,-3.4638772095344716,15.023463194727746,3.4641016151377544,0.3203160909215,-3.2705878452015913,0.17100141942501068,-15.022489547729492,0.03942940756678581,-3.463876962661743,15.023463249206543,3.4641013145446777,0.3203161358833313,-3.2705881595611572,6.173655212049489e-08,4.222790721541969e-07,1.1582561618150855e-08,2.4687272848211705e-07,5.447879658504462e-08,3.005930766519782e-07,4.496183131363907e-08,3.143595659338416e-07,,,,,,,,
foc_bus_6.0,185,,,,,,,,,,,,,,,,,,,,,,,,,,1.9999999494757503e-05,,,,,,,,,,,-0.3532986044883728,-4.852546215057373,-0.2397364377975464,1.854624629020691,0.0,True,True,0.06144581661505205,-14.767311176853074,0.0144137756317924,-3.4640716278783903,14.767439012313178,3.4641016151377553,0.3164027749829413,-2.970872485059171,0.06144586205482483,-14.767311096191406,0.014413786120712757,-3.46407151222229,14.767438888549805,3.464101552963257,0.3164028227329254,-2.970872640609741,4.5439772777822185e-08,8.066166756748316e-08,1.0488920357265563e-08,1.15656100252437e-07,1.237633728834453e-07,6.217449843859413e-08,4.7749984133371726e-08,1.5555057020222307e-07,,,,,,,,
foc_bus_6.0,186,,,,,,,,,,,,,,,,,,,,,,,,,,3.9999998989515007e-05,,,,,,,,,,,-0.3260027766227722,-5.150074481964111,-0.17288155853748322,1.7977250814437866,0.0,True,True,-0.0355300081825648,-15.010997864721311,-0.008199269300638048,-3.464091911595727,15.011039913215512,3.4641016151377553,0.3126918648467089,-2.3621397713570715,-0.0355299711227417,-15.010997772216797,-0.00819926057010889,-3.4640917778015137,15.011039733886719,3.464101552963257,0.31269189715385437,-2.362139940261841,3.705982309920586e-08,9.250451427078588e-08,8.730529157258138e-09,1.3379421348602705e-07,1.7932879359250364e-07,6.217449843859413e-08,3.230714545887636e-08,1.6890476928210774e-07,,,,,,,,
foc_bus_6.0,187,,,,,,,,,,,,,,,,,,,,,,,,,,1.9999999494757503e-05,,,,,,,,,,,-0.29320529103279114,-5.4059157371521,-0.10429932177066803,1.7320201396942139,0.0,True,True,-0.11792813392583618,-14.597234991516348,-0.02798486897121235,-3.4639885749102386,14.597711342615339,3.464101615137755,0.3125224288918463,-2.07695141600477,-0.11792808771133423,-14.597234725952148,-0.0279848575592041,-3.4639885425567627,14.597710609436035,3.464101552963257,0.3125224709510803,-2.076951503753662,4.6214501947527964e-08,2.655641999638192e-07,1.1412008248112837e-08,3.235347589836124e-08,7.331793039355716e-07,6.217449799450492e-08,4.205923403999279e-08,8.774889215246162e-08,,,,,,,,
foc_bus_6.0,188,,,,,,,,,,,,,,,,,,,,,,,,,,3.9999998989515007e-05,,,,,,,,,,,-0.25545957684516907,-5.6179986000061035,-0.03467494994401932,1.6578319072723389,0.0,True,True,-0.19492748038329805,-14.685535004135005,-0.0459764743526416,-3.4637964957263443,14.686828625686456,3.464101615137755,0.31543103324365995,-1.5051002222992218,-0.1949274241924286,-14.685534477233887,-0.045976463705301285,-3.463796615600586,14.686827659606934,3.464101791381836,0.3154310882091522,-1.5051002502441406,5.619086945740648e-08,5.269011182917893e-07,1.0647340314973164e-08,1.1987424164416893e-07,9.6607952215777e-07,1.7624408110705758e-07,5.496549226879921e-08,2.7944918823408216e-08,,,,,,,,
foc_bus_6.0,189,,,,,,,,,,,,,,,,,,,,,,,,,,1.9999999494757503e-05,,,,,,,,,,,-0.21340268850326538,-5.784605979919434,0.03529588133096695,1.5755236148834229,0.0,True,True,-0.2514889971559513,-14.121056428522811,-0.061684146523995766,-3.463552376688941,14.123295698002499,3.4641016151377553,0.31789940880494916,-1.2420345058695885,-0.25148892402648926,-14.121055603027344,-0.06168413162231445,-3.463552236557007,14.123294830322266,3.464101552963257,0.3178994655609131,-1.2420344352722168,7.312946204152126e-08,8.254954675379622e-07,1.490168131251801e-08,1.4013193405659763e-07,8.676802334406375e-07,6.217449843859413e-08,5.675596392862303e-08,7.059737172632197e-08,,,,,,,,
foc_bus_6.0,190,,,,,,,,,,,,,,,,,,,,,,,,,,3.9999998989515007e-05,,,,,,,,,,,-0.16774436831474304,-5.90438985824585,0.10491404682397842,1.485498309135437,0.0,True,True,-0.3087768682856472,-14.0482732674999,-0.07612153801703629,-3.463265151767898,14.051666269618725,3.4641016151377544,0.32516389126175166,-0.722490827783264,-0.30877676606178284,-14.048273086547852,-0.0761215090751648,-3.4632649421691895,14.051666259765625,3.4641013145446777,0.32516396045684814,-0.722490668296814,1.0222386437330755e-07,1.8095204801227283e-07,2.8941871496601657e-08,2.0959870861148033e-07,9.853099669498988e-09,3.005930766519782e-07,6.919509648595223e-08,1.5948645004648654e-07,,,,,,,,
foc_bus_6.0,191,,,,,,,,,,,,,,,,,,,,,,,,,,1.9999999494757503e-05,,,,,,,,,,,-0.11925515532493591,-5.976380825042725,0.1734839528799057,1.3881971836090088,0.0,True,True,-0.3421486076933598,-13.346072034841653,-0.08877879886910144,-3.4629638064628057,13.350457086891403,3.4641016151377553,0.3291985990553742,-0.4887029824240353,-0.34214845299720764,-13.34607219696045,-0.08877875655889511,-3.462963581085205,13.350457191467285,3.4641013145446777,0.3291986882686615,-0.48870283365249634,1.5469615216590071e-07,1.6211879660943396e-07,4.231020632461391e-08,2.2537760058227718e-07,1.0457588217605007e-07,3.0059307754015663e-07,8.921328731315015e-08,1.4877153897696616e-07,,,,,,,,
foc_bus_6.0,192,,,,,,,,,,,,,,,,,,,,,,,,,,3.9999998989515007e-05,,,,,,,,,,,-0.06875336915254593,-5.999995231628418,0.24032044410705566,1.2840964794158936,-300.0,True,True,1.004658633831041,-39.856768544833656,0.08729093235895849,-3.463001630540752,39.869428611493454,3.4641016151377553,0.24838078403051506,1.9807630021000526,1.004658818244934,-39.85676956176758,0.0872909426689148,-3.463001251220703,39.86943054199219,3.4641013145446777,0.2483808398246765,1.98076331615448,1.8441389304513223e-07,1.016933921960117e-06,1.0309956305354362e-08,3.793200487045567e-07,1.930498733315744e-06,3.0059307754015663e-07,5.579416145762295e-08,3.1405442735277234e-07,,,,,,,,
foc_bus_6.0,193,,,,,,,,,,,,,,,,,,,,,,,,,,1.9999999494757503e-05,,,,,,,,,,,-0.017091287299990654,-5.975042819976807,0.3047557473182678,1.1737064123153687,-300.0,True,True,0.7814125427616041,-37.11076883413293,0.07292472417125598,-3.4633339406711197,37.11899471998719,3.464101615137755,0.21560573182035567,3.114512451510973,0.7814127206802368,-37.11077117919922,0.07292474061250687,-3.463334083557129,37.118995666503906,3.464101791381836,0.21560578048229218,3.1145129203796387,1.7791863271554575e-07,2.345066292264164e-06,1.644125088851034e-08,1.4288600924672323e-07,9.465167138955621e-07,1.7624408110705758e-07,4.866193650809869e-08,4.688686656706409e-07,,,,,,,,
foc_bus_6.0,194,,,,,,,,,,,,,,,,,,,,,,,,,,3.9999998989515007e-05,,,,,,,,,,,0.03485923260450363,-5.9017252922058105,0.3661460280418396,1.0575674772262573,-300.0,True,True,0.5955350943216293,-35.871784770735864,0.05750229195818611,-3.4636243281308032,35.87672789827085,3.464101615137755,0.16255181954030412,5.2957134443469815,0.595535159111023,-35.871788024902344,0.05750228837132454,-3.4636240005493164,35.876731872558594,3.4641013145446777,0.1625518649816513,5.295714378356934,6.478939362786207e-08,3.2541664793939162e-06,3.5868615716472263e-09,3.275814868253235e-07,3.974287743346849e-06,3.005930770960674e-07,4.5441347185093406e-08,9.340099520471767e-07,,,,,,,,
foc_bus_6.0,195,,,,,,,,,,,,,,,,,,,,,,,,,,1.9999999494757503e-05,,,,,,,,,,,0.08622145652770996,-5.780635833740234,0.42387789487838745,0.9362486004829407,-300.0,True,True,0.4032741195389149,-33.227002772367136,0.04204049514515872,-3.4638465030610046,33.22944993902823,3.4641016151377544,0.14256998971634788,6.291168184748667,0.40327417850494385,-33.22700500488281,0.042040493339300156,-3.463846206665039,33.229454040527344,3.4641013145446777,0.14257003366947174,6.291169166564941,5.896602894850389e-08,2.2325156763258747e-06,1.805858566850116e-09,2.9639596554886793e-07,4.101499115449769e-06,3.005930766519782e-07,4.395312386273886e-08,9.818162745034442e-07,,,,,,,,
foc_bus_6.0,196,,,,,,,,,,,,,,,,,,,,,,,,,,3.9999998989515007e-05,,,,,,,,,,,0.13612858951091766,-5.612754821777344,0.47737452387809753,0.8103439807891846,-300.0,True,True,0.23279874809669543,-31.926017407517513,0.025258931310600634,-3.4640095245811677,31.926866159431096,3.464101615137755,0.1140592709599856,8.195047055013674,0.23279881477355957,-31.926015853881836,0.02525893971323967,-3.4640095233917236,31.926864624023438,3.464101552963257,0.11405929923057556,8.195047378540039,6.667686414107976e-08,1.5536356769985105e-06,8.40263903595373e-09,1.1894440987703092e-09,1.5354076587925647e-06,6.217449799450492e-08,2.8270589966239434e-08,3.235263648093678e-07,,,,,,,,
foc_bus_6.0,197,,,,,,,,,,,,,,,,,,,,,,,,,,1.9999999494757503e-05,,,,,,,,,,,0.18373839557170868,-5.399441242218018,0.5261014103889465,0.6804702877998352,-300.0,True,True,0.06800952425241646,-29.382958284717763,0.00801795617226108,-3.4640923360064786,29.383036991721145,3.464101615137755,0.10534529631051422,9.057580180605399,0.06800961494445801,-29.382957458496094,0.008017967455089092,-3.464092493057251,29.38303565979004,3.464101791381836,0.10534532368183136,9.057580947875977,9.069204154332766e-08,8.262216688592616e-07,1.1282828012160184e-08,1.570507723869241e-07,1.3319311058523908e-06,1.7624408110705758e-07,2.737131714336538e-08,7.672705777395095e-07,,,,,,,,
foc_bus_6.0,198,,,,,,,,,,,,,,,,,,,,,,,,,,3.9999998989515007e-05,,,,,,,,,,,0.22824738919734955,-5.142421722412109,0.5695716142654419,0.5472636222839355,-300.0,True,True,-0.08852964775383543,-28.021333955212434,-0.01094430999313828,-3.464084326640848,28.02147380363982,3.464101615137755,0.098329556180147,10.694691781098546,-0.08852958679199219,-28.021333694458008,-0.010944303125143051,-3.4640843868255615,28.021472930908203,3.464101791381836,0.0983295813202858,10.694692611694336,6.096184324011489e-08,2.6075442605133503e-07,6.8679952280881196e-09,6.018471365720757e-08,8.727316185286327e-07,1.7624408110705758e-07,2.5140138790180622e-08,8.30595789480526e-07,,,,,,,,
foc_bus_6.0,199,,,,,,,,,,,,,,,,,,,,,,,,,,1.9999999494757503e-05,,,,,,,,,,,0.2689044177532196,-4.843776702880859,0.6073508858680725,0.4113765060901642,-300.0,True,True,-0.22920585493382784,-25.58653479351129,-0.031030404190006022,-3.4639626317291308,25.58756139344857,3.464101615137755,0.09942206181409548,11.429651817104112,-0.22920575737953186,-25.58653450012207,-0.03103039041161537,-3.4639625549316406,25.587560653686523,3.464101552963257,0.09942208230495453,11.42965316772461,9.75542959746889e-08,2.933892204737276e-07,1.3778390650642791e-08,7.679749014499748e-08,7.397620471749633e-07,6.217449799450492e-08,2.049085905120318e-08,1.350620497220234e-06,,,,,,,,
foc_bus_6.0,200,,,,,,,,,,,,,,,,,,,,,,,,,,3.9999998989515007e-05,,,,,,,,,,,0.3050233721733093,-4.505923271179199,0.639061689376831,0.27347442507743835,-300.0,True,True,-0.37318804142588025,-24.171798275549648,-0.05347584143708331,-3.4636888333657514,24.174678926267628,3.4641016151377553,0.1109368843222761,12.81085657147173,-0.3731880187988281,-24.171794891357422,-0.053475845605134964,-3.463688850402832,24.17467498779297,3.464101552963257,0.11093690246343613,12.810857772827148,2.262705212086047e-08,3.3841922260080537e-06,4.168051653818949e-09,1.7037080635162738e-08,3.938474659292979e-06,6.217449843859413e-08,1.8141160032514314e-08,1.2013554187007003e-06,,,,,,,,
foc_bus_6.0,201,,,,,,,,,,,,,,,,,,,,,,,,,,1.9999999494757503e-05,,,,,,,,,,,0.335994690656662,-4.13159704208374,0.6643871665000916,0.13423289358615875,-300.0,True,True,-0.49278120170209005,-21.856663603232306,-0.07808192903426565,-3.4632215078389494,21.862218029687902,3.4641016151377544,0.12038162813332572,13.42387700444348,-0.4927811622619629,-21.85666275024414,-0.07808192819356918,-3.463221549987793,21.86221694946289,3.464101552963257,0.12038164585828781,13.42387866973877,3.944012716416978e-08,8.529881654339988e-07,8.406964707718956e-10,4.214884352649051e-08,1.0802250116626055e-06,6.217449755041571e-08,1.7724962095289065e-08,1.665295290109725e-06,,,,,,,,
foc_bus_6.0,202,,,,,,,,,,,,,,,,,,,,,,,,,,3.9999998989515007e-05,,,,,,,,,,,0.3612957000732422,-3.7238271236419678,0.6830743551254272,-0.005666110198944807,-300.0,True,True,-0.6253073060232387,-20.401856050209332,-0.10612325349969463,-3.462475682956726,20.411436488410832,3.4641016151377553,0.1473983771575909,14.560927490611466,-0.6253072619438171,-20.40185546875,-0.10612324625253677,-3.4624757766723633,20.411436080932617,3.464101791381836,0.14739838242530823,14.560928344726562,4.407942155726374e-08,5.814593322384098e-07,7.247157859935349e-09,9.371563747251344e-08,4.0747821472564283e-07,1.7624408066296837e-07,5.267717317902765e-09,8.541150968710554e-07,,,,,,,,
foc_bus_6.0,203,,,,,,,,,,,,,,,,,,,,,,,,,,1.9999999494757503e-05,,,,,,,,,,,0.38049939274787903,-3.285914659500122,0.6949364542961121,-0.1455373615026474,-300.0,True,True,-0.7264436565930634,-18.22142746371788,-0.1379956186479519,-3.4613519337440932,18.235902478400583,3.4641016151377553,0.16365630570699566,15.05818408197948,-0.7264436483383179,-18.22142791748047,-0.1379956156015396,-3.4613521099090576,18.235902786254883,3.464101791381836,0.1636563092470169,15.058184623718262,8.254745553770704e-09,4.537625883926921e-07,3.046412289098299e-09,1.7616496439387674e-07,3.0785430027435723e-07,1.7624408066296837e-07,3.540021248360503e-09,5.417387818340558e-07,,,,,,,,
foc_bus_6.0,204,,,,,,,,,,,,,,,,,,,,,,,,,,3.9999998989515007e-05,,,,,,,,,,,0.3932816982269287,-2.821404218673706,0.6998550295829773,-0.2846957743167877,-300.0,True,True,-0.8482215152916153,-16.74431246056095,-0.17525727975675112,-3.4596654297622864,16.7657829973998,3.464101615137755,0.20284094145825868,15.964206674243151,-0.8482215404510498,-16.744312286376953,-0.17525728046894073,-3.459665298461914,16.765783309936523,3.464101552963257,0.20284095406532288,15.96420669555664,2.5159434535737546e-08,1.7418399522739492e-07,7.121896128392535e-10,1.3130037235242753e-07,3.125367236123111e-07,6.217449799450492e-08,1.2607064198144613e-08,2.131348963985147e-08,,,,,,,,
foc_bus_6.0,205,,,,,,,,,,,,,,,,,,,,,,,,,,1.9999999494757503e-05,,,,,,,,,,,0.3994268774986267,-2.3340556621551514,0.6977808475494385,-0.42245975136756897,-300.0,True,True,-0.9332014035964897,-14.71599477419063,-0.21923248577708607,-3.4571573752405316,14.745554145357861,3.464101615137755,0.22413400562273877,16.352627934182017,-0.9332013726234436,-14.715993881225586,-0.2192324846982956,-3.4571573734283447,14.745553016662598,3.464101552963257,0.22413402795791626,16.352628707885742,3.0973046127869e-08,8.929650441302783e-07,1.078790473618696e-09,1.8121868450293732e-09,1.1286952634748104e-06,6.217449799450492e-08,2.2335177485288682e-08,7.73703725087671e-07,,,,,,,,
foc_bus_6.0,206,,,,,,,,,,,,,,,,,,,,,,,,,,3.9999998989515007e-05,,,,,,,,,,,0.3988312780857086,-1.8278142213821411,0.6887347102165222,-0.5581545233726501,-300.0,True,True,-1.044554242607993,-13.238143695791825,-0.2724876139772279,-3.4533679937459607,13.279289968826767,3.4641016151377553,0.2714191242270914,17.04252532990967,-1.0445542335510254,-13.238142013549805,-0.2724876403808594,-3.4533679485321045,13.279288291931152,3.464101552963257,0.27141913771629333,17.042526245117188,9.056967620324485e-09,1.6822420203510546e-06,2.6403631447902143e-08,4.521385621458762e-08,1.6768956143664582e-06,6.217449843859413e-08,1.3489201922123328e-08,9.152075186591446e-07,,,,,,,,
foc_bus_6.0,207,,,,,,,,,,,,,,,,,,,,,,,,,,1.9999999494757503e-05,,,,,,,,,,,0.3915048837661743,-1.3067773580551147,0.6728069186210632,-0.6911154389381409,-300.0,True,True,-1.115693348775628,-11.380380405483871,-0.33798825976621777,-3.4475736302884394,11.434938995115951,3.4641016151377553,0.29543635473908714,17.32998201748235,-1.1156933307647705,-11.380380630493164,-0.3379882574081421,-3.447573661804199,11.43493938446045,3.464101552963257,0.2954363524913788,17.32998275756836,1.8010857472106068e-08,2.2500929297564198e-07,2.358075679165239e-09,3.1515759779665586e-08,3.893444979752303e-07,6.217449843859413e-08,2.247708352776101e-09,7.400860084771921e-07,,,,,,,,
foc_bus_6.0,208,,,,,,,,,,,,,,,,,,,,,,,,,,3.9999998989515007e-05,,,,,,,,,,,0.3775714039802551,-0.7751628160476685,0.6501566767692566,-0.8206912875175476,-300.0,True,True,-1.2167850491518948,-9.926124608277917,-0.4214887596486336,-3.4383640332998278,10.000425770680966,3.464101615137755,0.3451257219787326,17.820863733203772,-1.216784954071045,-9.926122665405273,-0.42148882150650024,-3.438364267349243,10.000423431396484,3.464101791381836,0.3451257050037384,17.820865631103516,9.508084986009635e-08,1.9428726432124677e-06,6.185786666224047e-08,2.3404941540405844e-07,2.3392844816783054e-06,1.7624408110705758e-07,1.6974994188068138e-08,1.8978997431418065e-06,,,,,,,,
foc_bus_6.0,209,,,,,,,,,,,,,,,,,,,,,,,,,,1.9999999494757503e-05,,,,,,,,,,,0.3572659194469452,-0.23727364838123322,0.6210102438926697,-0.946247398853302,-300.0,True,True,-1.2773087515275474,-8.256945436139013,-0.5295803259787377,-3.423382052639795,8.355158022569396,3.464101615137755,0.3683437603873635,18.016446451703214,-1.2773088216781616,-8.256942749023438,-0.5295805335044861,-3.42338228225708,8.355154991149902,3.464101791381836,0.3683437407016754,18.016447067260742,7.015061420645452e-08,2.687115575383814e-06,2.075257483635795e-07,2.2961728518566815e-07,3.031419494092802e-06,1.7624408110705758e-07,1.968568807964033e-08,6.155575285049508e-07,,,,,,,,
foc_bus_6.0,210,,,,,,,,,,,,,,,,,,,,,,,,,,3.9999998989515007e-05,,,,,,,,,,,0.330931156873703,0.30253612995147705,0.5856589674949646,-1.0671688318252563,-300.0,True,True,-1.3688397051487353,-6.85211517567382,-0.6786114475240357,-3.396981969821055,6.987503453959157,3.464101615137755,0.41078428631576586,18.328585651073947,-1.3688397407531738,-6.852115631103516,-0.6786113977432251,-3.396981954574585,6.987504005432129,3.464101552963257,0.4107842743396759,18.32858657836914,3.560443850858519e-08,4.554296957337556e-07,4.9780810584820756e-08,1.524646986439393e-08,5.514729721767253e-07,6.217449799450492e-08,1.1976089953069646e-08,9.272951935201945e-07,,,,,,,,
foc_bus_6.0,211,,,,,,,,,,,,,,,,,,,,,,,,,,1.9999999494757503e-05,,,,,,,,,,,0.2990115284919739,0.8398970365524292,0.544455885887146,-1.1828631162643433,-300.0,True,True,-1.4252969266130595,-5.387092200410372,-0.8860322886099669,-3.348872464508105,5.57245311373141,3.4641016151377553,0.4264883156802207,18.44354667989587,-1.4252970218658447,-5.387092590332031,-0.8860322833061218,-3.348872423171997,5.572453498840332,3.464101552963257,0.42648831009864807,18.44354820251465,9.525278521493874e-08,3.8992165940499035e-07,5.303845029835941e-09,4.133610786993813e-08,3.8510892164111965e-07,6.217449843859413e-08,5.581572648516442e-09,1.5226187777273026e-06,,,,,,,,
foc_bus_6.0,212,,,,,,,,,,,,,,,,,,,,,,,,,,3.9999998989515007e-05,,,,,,,,,,,0.2620457112789154,1.3704593181610107,0.4978128671646118,-1.2927638292312622,-300.0,True,True,-1.5105846061626473,-4.05699581991982,-1.2087552115546212,-3.2463688697588795,4.329097011528207,3.464101615137755,0.4403589420996319,18.605051400990714,-1.5105845928192139,-4.05699348449707,-1.2087558507919312,-3.246368646621704,4.329094886779785,3.464101552963257,0.44035887718200684,18.605052947998047,1.334343346925948e-08,2.335422749411009e-06,6.392373099739501e-07,2.2313717540356492e-07,2.1247484216502244e-06,6.217449799450492e-08,6.491762505334009e-08,1.5470073329026945e-06,,,,,,,,
foc_bus_6.0,213,,,,,,,,,,,,,,,,,,,,,,,,,,1.9999999494757503e-05,,,,,,,,,,,0.2206575572490692,1.8899283409118652,0.4461958110332489,-1.3963326215744019,-300.0,False,False,-1.5807277003925717,-2.8034503715282995,-1.5807277003925717,-2.8034503715282995,3.2183899776768117,3.2183899776768117,0.4361083345346211,18.666985930824886,-1.5807278156280518,-2.8034496307373047,-1.5807278156280518,-2.8034496307373047,3.2183892726898193,3.2183892726898193,0.436108261346817,18.666988372802734,1.1523548004710449e-07,7.407909947687585e-07,1.1523548004710449e-07,7.407909947687585e-07,7.049869923392293e-07,7.049869923392293e-07,7.318780409493186e-08,2.441977848377519e-06,,,,,,,,
foc_bus_6.0,214,,,,,,,,,,,,,,,,,,,,,,,,,,3.9999998989515007e-05,,,,,,,,,,,0.17554554343223572,2.394099473953247,0.3901205360889435,-1.493062138557434,-300.0,False,False,-1.6684242585646207,-1.5575521538760952,-1.6684242585646207,-1.5575521538760952,2.2824566192177604,2.2824566192177604,0.42802035769037805,18.813504743304193,-1.6684242486953735,-1.5575504302978516,-1.6684242486953735,-1.5575504302978516,2.2824554443359375,2.2824554443359375,0.42802029848098755,18.813507080078125,9.869247197258346e-09,1.7235782436841873e-06,9.869247197258346e-09,1.7235782436841873e-06,1.1748818229406766e-06,1.1748818229406766e-06,5.920939050163554e-08,2.3367739316881853e-06,,,,,,,,
foc_bus_6.0,215,,,,,,,,,,,,,,,,,,,,,,,,,,1.9999999494757503e-05,,,,,,,,,,,0.1274709850549698,2.8788912296295166,0.33014729619026184,-1.582478642463684,-300.0,False,False,-1.7418454641650367,-0.41373176389856425,-1.7418454641650367,-0.41373176389856425,1.7903071226722327,1.7903071226722327,0.4242006178151881,18.897585967710484,-1.7418454885482788,-0.4137306213378906,-1.7418454885482788,-0.4137306213378906,1.7903069257736206,1.7903069257736206,0.42420056462287903,18.8975887298584,2.438324209208531e-08,1.142560673628168e-06,2.438324209208531e-08,1.142560673628168e-06,1.968986120814975e-07,1.968986120814975e-07,5.3192309057426e-08,2.7621479148365324e-06,,,,,,,,
foc_bus_6.0,216,,,,,,,,,,,,,,,,,,,,,,,,,,3.9999998989515007e-05,,,,,,,,,,,0.07724519819021225,3.3403797149658203,0.26687535643577576,-1.6641442775726318,-300.0,False,False,-1.8076356153245492,0.7867460122047873,-1.8076356153245492,0.7867460122047873,1.9714248160936538,1.9714248160936538,0.41705288680575947,19.086221528951615,-1.8076356649398804,0.7867488861083984,-1.8076356649398804,0.7867488861083984,1.971426010131836,1.971426010131836,0.41705283522605896,19.086223602294922,4.961533117686656e-08,2.8739036110891902e-06,4.961533117686656e-08,2.8739036110891902e-06,1.1940381821062829e-06,1.1940381821062829e-06,5.15797005107288e-08,2.0733433068187423e-06,,,,,,,,
foc_bus_6.0,217,,,,,,,,,,,,,,,,,,,,,,,,,,1.9999999494757503e-05,,,,,,,,,,,0.02571580559015274,3.774829626083374,0.20093685388565063,-1.7376587390899658,-300.0,False,False,-1.8577021252395132,1.8466617522022517,-1.8577021252395132,1.8466617522022517,2.6193924511546745,2.6193924511546745,0.4137505826469862,19.190112662069374,-1.8577022552490234,1.8466644287109375,-1.8577022552490234,1.8466644287109375,2.619394540786743,2.619394540786743,0.4137505292892456,19.190114974975586,1.3000951026853613e-07,2.6765086857949427e-06,1.3000951026853613e-07,2.6765086857949427e-06,2.0896320687135983e-06,2.0896320687135983e-06,5.3357740614767835e-08,2.312906211443533e-06,,,,,,,,
foc_bus_6.0,218,,,,,,,,,,,,,,,,,,,,,,,,,,3.9999998989515007e-05,,,,,,,,,,,-0.026247574016451836,4.1787238121032715,0.13299067318439484,-1.8026622533798218,-300.0,True,True,-1.897725600589396,2.964804563128695,-1.8675117835163937,2.9176017100398433,3.520146098201198,3.4641016151377544,0.4100264822542406,19.41201008173374,-1.8977255821228027,2.9648075103759766,-1.867510437965393,2.9176025390625,3.520148515701294,3.464101552963257,0.41002655029296875,19.412012100219727,1.8466593365573658e-08,2.9472472817815287e-06,1.345551000619949e-06,8.290226567453374e-07,2.4175000961079718e-06,6.217449755041571e-08,6.803872815153156e-08,2.01848598635479e-06,,,,,,,,
foc_bus_6.0,219,,,,,,,,,,,,,,,,,,,,,,,,,,1.9999999494757503e-05,,,,,,,,,,,-0.0777679905295372,4.548793315887451,0.06371568888425827,-1.85883629322052,-300.0,True,True,-1.9186008601801983,3.904296405579675,-1.5277854373600603,3.108998497489269,4.35023673876567,3.4641016151377553,0.4220934035101975,19.502789473710433,-1.9186007976531982,3.904298782348633,-1.5277847051620483,3.108999013900757,4.350238800048828,3.464101791381836,0.4220935106277466,19.502792358398438,6.252700002207234e-08,2.376768957645936e-06,7.321980119989746e-07,5.164114877942438e-07,2.061283158383276e-06,1.7624408066296837e-07,1.0711754910852633e-07,2.8846880049115953e-06,,,,,,,,
foc_bus_6.0,220,,,,,,,,,,,,,,,,,,,,,,,,,,3.9999998989515007e-05,,,,,,,,,,,-0.12797598540782928,4.882042407989502,-0.006195916328579187,-1.905905842781067,-300.0,True,True,-1.9147125539100676,4.875524144665203,-1.266272004598803,3.224368963125859,5.238020604132268,3.4641016151377544,0.46639441078124866,19.634153494624726,-1.9147124290466309,4.875524520874023,-1.2662718296051025,3.2243688106536865,5.238020896911621,3.4641013145446777,0.4663945436477661,19.6341552734375,1.2486343670126132e-07,3.762088205405689e-07,1.7499370041917928e-07,1.5247217266534108e-07,2.9277935276184053e-07,3.005930766519782e-07,1.328665174549215e-07,1.7788127735229864e-06,,,,,,,,
foc_bus_6.0,221,,,,,,,,,,,,,,,,,,,,,,,,,,1.9999999494757503e-05,,,,,,,,,,,-0.17602422833442688,5.175773620605469,-0.07604561746120453,-1.9436402320861816,-300.0,True,True,-1.8591429933001664,5.5476505173506965,-1.1007329291091732,3.284568010983292,5.850883602687594,3.4641016151377544,0.49310154861852445,19.683013356744084,-1.859142780303955,5.547651290893555,-1.100732684135437,3.2845680713653564,5.850884437561035,3.464101552963257,0.49310168623924255,19.683015823364258,2.129962113350814e-07,7.73542858212295e-07,2.449737361853721e-07,6.038206423752968e-08,8.348734414909131e-07,6.217449755041571e-08,1.3762071809919618e-07,2.4666201738909876e-06,,,,,,,,
foc_bus_6.0,222,,,,,,,,,,,,,,,,,,,,,,,,,,3.9999998989515007e-05,,,,,,,,,,,-0.22110185027122498,5.427609443664551,-0.14513549208641052,-1.971854567527771,-300.0,True,True,-1.809580210182793,6.3154313849538894,-0.9541826069090287,3.3300954269618597,6.5695703143467306,3.4641016151377544,0.5547336062996598,19.736832387827466,-1.8095802068710327,6.315431594848633,-0.9541825652122498,3.3300955295562744,6.569570541381836,3.464101791381836,0.5547337532043457,19.736835479736328,3.311760199409264e-09,2.098947433637477e-07,4.169677891852075e-08,1.0259441474147479e-07,2.2703510538235605e-07,1.762440815511468e-07,1.4690468586042726e-07,3.09190886227384e-06,,,,,,,,
foc_bus_6.0,223,,,,,,,,,,,,,,,,,,,,,,,,,,1.9999999494757503e-05,,,,,,,,,,,-0.26244810223579407,5.63551139831543,-0.21277523040771484,-1.9904109239578247,-300.0,True,True,-1.7066057638187109,6.715314841835902,-0.8532321673749252,3.357379166635292,6.928777428816774,3.464101615137755,0.5859688721737732,19.753963172740644,-1.7066056728363037,6.715320587158203,-0.8532314300537109,3.357379198074341,6.928782939910889,3.464101552963257,0.5859690308570862,19.75396728515625,9.098240716376438e-08,5.745322301464739e-06,7.373212143058083e-07,3.1439048697734506e-08,5.511094114396542e-06,6.217449799450492e-08,1.5868331293411586e-07,4.1124156062721795e-06,,,,,,,,
foc_bus_6.0,224,,,,,,,,,,,,,,,,,,,,,,,,,,3.9999998989515007e-05,,,,,,,,,,,-0.29936522245407104,5.797796249389648,-0.27828899025917053,-1.9992181062698364,-300.0,True,True,-1.6200852928229215,7.266947797155723,-0.7537780758638606,3.3810972497618255,7.445347986669766,3.4641016151377553,0.6504924692671099,19.754869873278547,-1.6200852394104004,7.2669525146484375,-0.7537775635719299,3.3810973167419434,7.445352554321289,3.464101552963257,0.6504926681518555,19.75487518310547,5.3412521072715435e-08,4.717492714689797e-06,5.122919306543849e-07,6.698011789652014e-08,4.567651522791039e-06,6.217449843859413e-08,1.9888474556140068e-07,5.309826921262584e-06,,,,,,,,
foc_bus_6.0,225,,,,,,,,,,,,,,,,,,,,,,,,,,1.9999999494757503e-05,,,,,,,,,,,-0.33123019337654114,5.913150787353516,-0.34102216362953186,-1.9982331991195679,-300.0,True,True,-1.4837360305190699,7.407234360921105,-0.6803755236330534,3.3966290858498294,7.554375783999019,3.4641016151377544,0.6809629905063599,19.75277554892045,-1.4837357997894287,7.4072418212890625,-0.6803746819496155,3.3966288566589355,7.554383277893066,3.4641013145446777,0.6809632182121277,19.752779006958008,2.3072964117076822e-07,7.460367957179415e-06,8.416834379465499e-07,2.2919089381900903e-07,7.4938940475277604e-06,3.005930766519782e-07,2.277057677968486e-07,3.458037557635407e-06,,,,,,,,
foc_bus_6.0,226,,,,,,,,,,,,,,,,,,,,,,,,,,3.9999998989515007e-05,,,,,,,,,,,-0.35750526189804077,5.980640888214111,-0.4003479480743408,-1.9874608516693115,-300.0,True,True,-1.3654915986481093,7.737912529822747,-0.6020004884514771,3.4113920050185063,7.857471452392712,3.464101615137755,0.7401437322598154,19.726905314855138,-1.3654913902282715,7.7379150390625,-0.6020001769065857,3.4113919734954834,7.857473850250244,3.464101552963257,0.7401439547538757,19.726909637451172,2.0841983783270734e-07,2.5092397528680976e-06,3.115448914403629e-07,3.1523022858692684e-08,2.39785753208821e-06,6.217449799450492e-08,2.224940602868486e-07,4.322596034000981e-06,,,,,,,,
foc_bus_6.0,227,,,,,,,,,,,,,,,,,,,,,,,,,,1.9999999494757503e-05,,,,,,,,,,,-0.3777469992637634,5.999720573425293,-0.45567360520362854,-1.966953992843628,-300.0,True,True,-1.2050112727923288,7.639050171583047,-0.5397656168462212,3.421790916884113,7.733507593034326,3.464101615137755,0.7666915460906345,19.718062353327245,-1.2050111293792725,7.639055252075195,-0.5397651791572571,3.4217910766601562,7.7335124015808105,3.464101791381836,0.7666918039321899,19.718067169189453,1.4341305631937473e-07,5.080492147868654e-06,4.376889640722581e-07,1.5977604306272042e-07,4.808546484547094e-06,1.7624408110705758e-07,2.578415554399527e-07,4.8158622085736624e-06,,,,,,,,
foc_bus_6.0,228,,,,,,,,,,,,,,,,,,,,,,,,,,3.9999998989515007e-05,,,,,,,,,,,-0.39161378145217896,5.970235824584961,-0.5064463019371033,-1.9368129968643188,-300.0,True,True,-1.059641492935489,7.750095682244087,-0.4692676608962525,3.432169556189927,7.822200660778845,3.4641016151377544,0.815533066288219,19.690538853522085,-1.0596413612365723,7.750099182128906,-0.4692673683166504,3.4321694374084473,7.822204113006592,3.464101552963257,0.8155333399772644,19.69054412841797,1.316989166610938e-07,3.49988481929131e-06,2.925796021013838e-07,1.1878147976318587e-07,3.4522277472248675e-06,6.217449755041571e-08,2.7368904542690586e-07,5.274895883644604e-06,,,,,,,,
foc_bus_6.0,229,,,,,,,,,,,,,,,,,,,,,,,,,,1.9999999494757503e-05,,,,,,,,,,,-0.39887163043022156,5.8924241065979,-0.552158772945404,-1.8971855640411377,-300.0,True,True,-0.8825380077835523,7.4380398630987195,-0.4081593948514252,3.439971788895153,7.490214305360573,3.464101615137755,0.8363056449406877,19.686622150379318,-0.882537841796875,7.438047409057617,-0.40815889835357666,3.439971685409546,7.490221977233887,3.464101552963257,0.8363059163093567,19.686626434326172,1.6598667729184058e-07,7.545958897736682e-06,4.96497848556654e-07,1.0348560719464217e-07,7.671873313519484e-06,6.217449799450492e-08,2.7136866898036516e-07,4.28394685414446e-06,,,,,,,,
foc_bus_6.0,230,,,,,,,,,,,,,,,,,,,,,,,,,,3.9999998989515007e-05,,,,,,,,,,,-0.39939799904823303,5.766916275024414,-0.5923542976379395,-1.8482656478881836,-300.0,True,True,-0.714905423128464,7.336506767517136,-0.3359678306442215,3.4477711085239138,7.371256427085088,3.4641016151377544,0.8721499688230735,19.680457507350603,-0.7149051427841187,7.336509704589844,-0.3359675705432892,3.4477710723876953,7.3712592124938965,3.464101552963257,0.872150182723999,19.680461883544922,2.8034434529367047e-07,2.937072707709376e-06,2.6010093229222875e-07,3.6136218461990666e-08,2.785408808492207e-06,6.217449755041571e-08,2.139009255275326e-07,4.376194318922444e-06,,,,,,,,
foc_bus_6.0,231,,,,,,,,,,,,,,,,,,,,,,,,,,1.9999999494757503e-05,,,,,,,,,,,-0.3931840658187866,5.594727993011475,-0.6266311407089233,-1.7902928590774536,-300.0,True,True,-0.5278311586473463,6.841636244686963,-0.2664630633311971,3.45383807319917,6.86196708216043,3.464101615137755,0.8864029748240116,19.691922352222957,-0.527830958366394,6.841636657714844,-0.26646295189857483,3.4538381099700928,6.86196756362915,3.464101552963257,0.8864032030105591,19.691926956176758,2.0028095226720666e-07,4.1302788034158766e-07,1.1143262229618145e-07,3.677092275111704e-08,4.814687200038748e-07,6.217449799450492e-08,2.2818654743517186e-07,4.603953801307625e-06,,,,,,,,
foc_bus_6.0,232,,,,,,,,,,,,,,,,,,,,,,,,,,3.9999998989515007e-05,,,,,,,,,,,-0.38033467531204224,5.37725305557251,-0.6546469330787659,-1.7235512733459473,-300.0,True,True,-0.34322482258126974,6.540073013257384,-0.1815471665199764,3.4593410682279613,6.549073086901188,3.4641016151377553,0.9089328366291113,19.727291313823628,-0.34322452545166016,6.540077209472656,-0.1815469115972519,3.459341287612915,6.549077033996582,3.464101791381836,0.9089331030845642,19.727294921875,2.9712960958327983e-07,4.1962152721453094e-06,2.549227245129959e-07,2.1938495375906086e-07,3.947095393641575e-06,1.7624408066296837e-07,2.664554529241414e-07,3.608051372339105e-06,,,,,,,,
foc_bus_6.0,233,,,,,,,,,,,,,,,,,,,,,,,,,,1.9999999494757503e-05,,,,,,,,,,,-0.36106666922569275,5.116251468658447,-0.676121711730957,-1.6483677625656128,-300.0,True,True,-0.15184953288392578,5.896270319465703,-0.08918313277557058,3.4629534170745546,5.898225322997525,3.4641016151377544,0.9172329902629087,19.763046852375545,-0.1518493890762329,5.896272659301758,-0.089183010160923,3.4629533290863037,5.898227691650391,3.464101552963257,0.9172332882881165,19.763050079345703,1.4380769286503892e-07,2.339836054687794e-06,1.2261464757412632e-07,8.798825090750029e-08,2.3686528658473094e-06,6.217449755041571e-08,2.9802520773447583e-07,3.2269701577547494e-06,,,,,,,,
foc_bus_6.0,234,,,,,,,,,,,,,,,,,,,,,,,,,,3.9999998989515007e-05,,,,,,,,,,,-0.3357052505016327,4.813836574554443,-0.6908408999443054,-1.5651105642318726,-300.0,True,True,0.04436282758200538,5.412352324864042,0.028392863468674378,3.4639852547757837,5.412534133742924,3.464101615137755,0.9294150141255864,19.85658514334942,0.04436314105987549,5.412355422973633,0.02839304693043232,3.4639852046966553,5.412537097930908,3.464101552963257,0.9294152855873108,19.85658836364746,3.134778701063823e-07,3.0981095910931344e-06,1.8346175794173303e-07,5.0079128399715955e-08,2.9641879839559238e-06,6.217449799450492e-08,2.7146172443259786e-07,3.220298040673697e-06,,,,,,,,
foc_bus_6.0,235,,,,,,,,,,,,,,,,,,,,,,,,,,1.9999999494757503e-05,,,,,,,,,,,-0.30467838048934937,4.4724555015563965,-0.6986573934555054,-1.4741873741149902,-300.0,True,True,0.23652392827989766,4.655909038002136,0.1757525134565118,3.4596403070281334,4.661912969886818,3.4641016151377544,0.9345491127981735,19.923560303570422,0.23652422428131104,4.655912399291992,0.17575260996818542,3.4596402645111084,4.661916255950928,3.464101552963257,0.9345493912696838,19.92356300354004,2.960014133801536e-07,3.3612898562296323e-06,9.651167362512147e-08,4.251702501179011e-08,3.286064109708775e-06,6.217449755041571e-08,2.784715102954749e-07,2.699969616770659e-06,,,,,,,,
foc_bus_6.0,236,,,,,,,,,,,,,,,,,,,,,,,,,,3.9999998989515007e-05,,,,,,,,,,,-0.2685096859931946,4.09487247467041,-0.6994931697845459,-1.376043677330017,-300.0,True,True,0.4400534339759392,4.011754228472956,0.37771529383990904,3.443447568469633,4.035817019442861,3.4641016151377544,0.9460939916434349,20.086926276465114,0.44005370140075684,4.011756896972656,0.3777152895927429,3.4434475898742676,4.0358195304870605,3.464101552963257,0.946094274520874,20.086929321289062,2.674248176237626e-07,2.668499700320126e-06,4.2471661187981624e-09,2.1404634509281095e-08,2.5110441992381993e-06,6.217449755041571e-08,2.8287743913946173e-07,3.0448239485281192e-06,,,,,,,,
foc_bus_6.0,237,,,,,,,,,,,,,,,,,,,,,,,,,,1.9999999494757503e-05,,,,,,,,,,,-0.22780956327915192,3.684142827987671,-0.6933398842811584,-1.2711601257324219,-300.0,False,False,0.635420207064,3.179347064947706,0.635420207064,3.179347064947706,3.242222478322061,3.242222478322061,0.9548676106237722,20.180316412588798,0.635420560836792,3.179349899291992,0.635420560836792,3.179349899291992,3.242225408554077,3.242225408554077,0.9548678994178772,20.18031883239746,3.537727919500355e-07,2.834344286384294e-06,3.537727919500355e-07,2.834344286384294e-06,2.9302320161406215e-06,2.9302320161406215e-06,2.8879410496340796e-07,2.4198086627791326e-06,,,,,,,,
foc_bus_6.0,238,,,,,,,,,,,,,,,,,,,,,,,,,,3.9999998989515007e-05,,,,,,,,,,,-0.18326488137245178,3.2435920238494873,-0.6802589297294617,-1.160050392150879,-300.0,False,False,0.845196230781625,2.3913060850106937,0.845196230781625,2.3913060850106937,2.5362770867428184,2.5362770867428184,0.9736008111010015,20.346302939956036,0.8451963663101196,2.391307830810547,0.8451963663101196,2.391307830810547,2.53627872467041,2.53627872467041,0.9736011028289795,20.34630584716797,1.3552849464915084e-07,1.745799853125618e-06,1.3552849464915084e-07,1.745799853125618e-06,1.6379275917799418e-06,1.6379275917799418e-06,2.9172797799681405e-07,2.9072119325235235e-06,,,,,,,,
foc_bus_6.0,239,,,,,,,,,,,,,,,,,,,,,,,,,,1.9999999494757503e-05,,,,,,,,,,,-0.1356273889541626,2.7767858505249023,-0.660381019115448,-1.0432586669921875,-300.0,False,False,1.043887028289507,1.4453490973962921,1.043887028289507,1.4453490973962921,1.7829004854941775,1.7829004854941775,0.9834905824045642,20.41829742360746,1.0438872575759888,1.4453506469726562,1.0438872575759888,1.4453506469726562,1.7829018831253052,1.7829018831253052,0.9834908843040466,20.41830062866211,2.292864818009832e-07,1.5495763641126814e-06,2.292864818009832e-07,1.5495763641126814e-06,1.397631127719734e-06,1.397631127719734e-06,3.0189948241332587e-07,3.205054650123884e-06,,,,,,,,
foc_bus_6.0,240,,,,,,,,,,,,,,,,,,,,,,,,,,3.9999998989515007e-05,,,,,,,,,,,-0.08570101857185364,2.2875030040740967,-0.6339048743247986,-0.9213571548461914,-300.0,False,False,1.249123970303719,0.49208710933691435,1.249123970303719,0.49208710933691435,1.3425574164120082,1.3425574164120082,1.004154034544806,20.539249014193242,1.2491240501403809,0.49208831787109375,1.2491240501403809,0.49208831787109375,1.3425579071044922,1.3425579071044922,1.0041543245315552,20.53925132751465,7.983666194810723e-08,1.2085341793977022e-06,7.983666194810723e-08,1.2085341793977022e-06,4.906924839787052e-07,4.906924839787052e-07,2.8998674928004675e-07,2.313321406433033e-06,,,,,,,,
foc_bus_6.0,241,,,,,,,,,,,,,,,,,,,,,,,,,,1.9999999494757503e-05,,,,,,,,,,,-0.03432833403348923,1.7797037363052368,-0.6010949015617371,-0.7949428558349609,-300.0,False,False,1.43820015165928,-0.5817592833788012,1.43820015165928,-0.5817592833788012,1.5514069550025205,1.5514069550025205,1.0148356028335985,20.587772101067245,1.4382003545761108,-0.5817584991455078,1.4382003545761108,-0.5817584991455078,1.5514068603515625,1.5514068603515625,1.0148358345031738,20.5877742767334,2.0291683089368462e-07,7.842332934160368e-07,2.0291683089368462e-07,7.842332934160368e-07,9.465095796024059e-08,9.465095796024059e-08,2.316695753012965e-07,2.1756661539029665e-06,,,,,,,,
foc_bus_6.0,242,,,,,,,,,,,,,,,,,,,,,,,,,,3.9999998989515007e-05,,,,,,,,,,,0.017623677849769592,1.2574986219406128,-0.5622789859771729,-0.6646348834037781,-300.0,False,False,1.6303872514578552,-1.671343783051178,1.6303872514578552,-1.671343783051178,2.3348560192997176,2.3348560192997176,1.0366938783897393,20.660223094029135,1.630387306213379,-1.6713428497314453,1.630387306213379,-1.6713428497314453,2.334855318069458,2.334855318069458,1.036694049835205,20.66022491455078,5.475552367073533e-08,9.333197326100162e-07,5.475552367073533e-08,9.333197326100162e-07,7.012302596365316e-07,7.012302596365316e-07,1.7144546582414932e-07,1.820521646322959e-06,,,,,,,,
foc_bus_6.0,243,,,,,,,,,,,,,,,,,,,,,,,,,,1.9999999494757503e-05,,,,,,,,,,,0.06927827000617981,0.725114643573761,-0.5178450345993042,-0.5310715436935425,-300.0,False,False,1.8019215096234271,-2.840564422594351,1.8019215096234271,-2.840564422594351,3.363885753968519,3.363885753968519,1.0477591000019375,20.683897811825656,1.8019217252731323,-2.840564727783203,1.8019217252731323,-2.840564727783203,3.3638861179351807,3.3638861179351807,1.0477592945098877,20.68389892578125,2.1564970520415727e-07,3.051888519678414e-07,2.1564970520415727e-07,3.051888519678414e-07,3.639666616983561e-07,3.639666616983561e-07,1.9450795019082534e-07,1.1139555944339463e-06,,,,,,,,
foc_bus_6.0,244,,,,,,,,,,,,,,,,,,,,,,,,,,3.9999998989515007e-05,,,,,,,,,,,0.11976370960474014,0.18686123192310333,-0.46823686361312866,-0.39490699768066406,-300.0,True,True,1.9730208882964804,-4.033337789259299,1.5221950621115783,-3.1117394159670777,4.49005847934315,3.464101615137755,1.0359311444913823,20.77531328470983,1.973021149635315,-4.03333854675293,1.5221949815750122,-3.11173939704895,4.4900593757629395,3.464101552963257,1.0359313488006592,20.775314331054688,2.6133883457291063e-07,7.574936304877156e-07,8.053656608275617e-08,1.8918127508982252e-08,8.964197890648506e-07,6.217449799450492e-08,2.0430927683001698e-07,1.0463448560926736e-06,,,,,,,,
foc_bus_6.0,245,,,,,,,,,,,,,,,,,,,,,,,,,,1.9999999494757503e-05,,,,,,,,,,,0.16822798550128937,-0.3529047667980194,-0.41395026445388794,-0.25680822134017944,-300.0,True,True,2.0858790225189545,-5.192940389532641,1.2911777976057561,-3.2144766129138267,5.596205963492056,3.4641016151377544,1.0169436395091547,20.848088526105297,2.08587908744812,-5.192941665649414,1.2911776304244995,-3.2144768238067627,5.596207141876221,3.464101791381836,1.0169438123703003,20.84808921813965,6.492916559963646e-08,1.2761167731412115e-06,1.67181256616189e-07,2.1089293600340397e-07,1.1783841644685822e-06,1.762440815511468e-07,1.7286114561976262e-07,6.920343516014782e-07,,,,,,,,
foc_bus_6.0,246,,,,,,,,,,,,,,,,,,,,,,,,,,3.9999998989515007e-05,,,,,,,,,,,0.21385322511196136,-0.8898141384124756,-0.3555276095867157,-0.11745157837867737,-300.0,True,True,2.1988476769552885,-6.3779874701407415,1.1290545108197454,-3.2749405966517293,6.746380902063266,3.4641016151377544,0.9577448132786972,21.05294007457056,2.198847770690918,-6.377985000610352,1.1290549039840698,-3.2749404907226562,6.746378421783447,3.464101552963257,0.9577450752258301,21.052942276000977,9.373562948056247e-08,2.469530389959118e-06,3.9316432443037286e-07,1.0592907306872235e-07,2.480279818861675e-06,6.217449755041571e-08,2.619471328735301e-07,2.2014304157380593e-06,,,,,,,,
foc_bus_6.0,247,,,,,,,,,,,,,,,,,,,,,,,,,,1.9999999494757503e-05,,,,,,,,,,,0.25586941838264465,-1.4195208549499512,-0.2935526371002197,0.02248033694922924,-300.0,True,True,2.2344395198363305,-7.39559813548064,1.0018834411386561,-3.316056327985423,7.725774508056207,3.464101615137755,0.9216332298648484,21.17955849256062,2.2344398498535156,-7.395595550537109,1.001883864402771,-3.316056251525879,7.725771903991699,3.464101552963257,0.9216334819793701,21.179561614990234,3.300171851350342e-07,2.5849435303371138e-06,4.232641148682603e-07,7.645954402946131e-08,2.604064508027193e-06,6.217449799450492e-08,2.5211452170381676e-07,3.1224296144216623e-06,,,,,,,,
foc_bus_6.0,248,,,,,,,,,,,,,,,,,,,,,,,,,,3.9999998989515007e-05,,,,,,,,,,,0.2935675084590912,-1.937737226486206,-0.22864459455013275,0.1623021364212036,-300.0,True,True,2.2970430870408545,-8.529913674822833,0.9007675363824773,-3.3449391392668777,8.833789347932843,3.4641016151377544,0.8360402810329981,21.491339552707807,2.2970433235168457,-8.529911041259766,0.9007678627967834,-3.3449389934539795,8.833786964416504,3.464101552963257,0.8360404968261719,21.491342544555664,2.3647599123322038e-07,2.633563067178102e-06,3.264143061398883e-07,1.458128982001483e-07,2.383516338966274e-06,6.217449755041571e-08,2.1579317377451446e-07,2.9918478574586516e-06,,,,,,,,
foc_bus_6.0,249,,,,,,,,,,,,,,,,,,,,,,,,,,1.9999999494757503e-05,,,,,,,,,,,0.32631129026412964,-2.4402685165405273,-0.16145199537277222,0.30132898688316345,-300.0,True,True,2.2731222812242824,-9.37494939458988,0.8162805638566157,-3.366554030617945,9.646593235776008,3.4641016151377553,0.7903112762133355,21.6661811879456,2.2731223106384277,-9.374948501586914,0.8162806034088135,-3.366554021835327,9.646592140197754,3.464101552963257,0.7903115153312683,21.666183471679688,2.9414145341633002e-08,8.930029657960858e-07,3.955219773921215e-08,8.782617744174104e-09,1.0955782538957237e-06,6.217449843859413e-08,2.391179327876358e-07,2.2837340871717515e-06,,,,,,,,
foc_bus_6.0,250,,,,,,,,,,,,,,,,,,,,,,,,,,3.9999998989515007e-05,,,,,,,,,,,0.35354816913604736,-2.9230470657348633,-0.09264622628688812,0.43887993693351746,-300.0,True,True,2.2894931234610727,-10.425797300901746,0.7430083785742616,-3.3834802422015784,10.67422260035201,3.4641016151377553,0.690527485206247,22.070438231091288,2.2894933223724365,-10.42579460144043,0.7430086135864258,-3.3834800720214844,10.674220085144043,3.464101552963257,0.6905277371406555,22.0704402923584,1.9891136382454988e-07,2.699461315813778e-06,2.3501216417365356e-07,1.701800940168141e-07,2.5152079672352556e-06,6.217449843859413e-08,2.519344085571973e-07,2.0612671107755887e-06,,,,,,,,
foc_bus_6.0,251,,,,,,,,,,,,,,,,,,,,,,,,,,1.9999999494757503e-05,,,,,,,,,,,0.37481850385665894,-3.38216495513916,-0.022914765402674675,0.5742812156677246,-300.0,True,True,2.21695961024813,-11.077599579165943,0.6797906924270607,-3.396746180462935,11.297261719098527,3.464101615137755,0.6400734653001746,22.28543439717101,2.2169599533081055,-11.077598571777344,0.6797908544540405,-3.3967459201812744,11.297261238098145,3.4641013145446777,0.6400737166404724,22.285436630249023,3.430599755382957e-07,1.007388599205683e-06,1.6202697983302983e-07,2.602816606689373e-07,4.810003826349885e-07,3.005930770960674e-07,2.513402977966095e-07,2.23307801405781e-06,,,,,,,,
foc_bus_6.0,252,,,,,,,,,,,,,,,,,,,,,,,,,,3.9999998989515007e-05,,,,,,,,,,,0.38976332545280457,-3.8139054775238037,0.04704565182328224,0.7068697214126587,-300.0,True,True,2.1906472584169006,-12.015804880241516,0.621312303843579,-3.4079276725148646,12.213865167539936,3.4641016151377544,0.5346664602470471,22.76405141769356,2.190647602081299,-12.015802383422852,0.6213124990463257,-3.4079275131225586,12.213862419128418,3.464101552963257,0.5346667170524597,22.764053344726562,3.436643982723808e-07,2.4968186647100765e-06,1.9520274663342718e-07,1.593923060205782e-07,2.748411517927707e-06,6.217449755041571e-08,2.5680541260175715e-07,1.9270330007259417e-06,,,,,,,,
foc_bus_6.0,253,,,,,,,,,,,,,,,,,,,,,,,,,,1.9999999494757503e-05,,,,,,,,,,,0.3981303870677948,-4.2147746086120605,0.11653599888086319,0.8359959125518799,-300.0,True,True,2.0788044689409593,-12.460459974893766,0.57004471513046,-3.416877086280956,12.632675520491233,3.4641016151377553,0.48309462869773223,23.009797085861088,2.0788047313690186,-12.46045970916748,0.5700448155403137,-3.416877031326294,12.632675170898438,3.464101552963257,0.48309487104415894,23.009798049926758,2.6242805928333723e-07,2.657262854199871e-07,1.0040985376491562e-07,5.4954662154216294e-08,3.4959279560098366e-07,6.217449843859413e-08,2.423464267042874e-07,9.640656699616557e-07,,,,,,,,
foc_bus_6.0,254,,,,,,,,,,,,,,,,,,,,,,,,,,3.9999998989515007e-05,,,,,,,,,,,0.3997785449028015,-4.581526756286621,0.184861958026886,0.9610274434089661,-300.0,True,True,2.0142254571704616,-13.260470842587647,0.5202193622655475,-3.4248170484164593,13.412575858478142,3.4641016151377544,0.37855007836904286,23.54247235403262,2.014225721359253,-13.260470390319824,0.5202193856239319,-3.424816846847534,13.412575721740723,3.4641013145446777,0.37855032086372375,23.54247283935547,2.641887912879781e-07,4.522678231921873e-07,2.3358384337868188e-08,2.0156892510669877e-07,1.3673741960928965e-07,3.005930766519782e-07,2.4249468089099224e-07,4.853228503520768e-07,,,,,,,,
foc_bus_6.0,255,,,,,,,,,,,,,,,,,,,,,,,,,,1.9999999494757503e-05,,,,,,,,,,,0.3946799635887146,-4.91119384765625,0.2513408362865448,1.08135187625885,-300.0,True,True,1.8723238404929137,-13.490342547864293,0.4762177275051402,-3.4312121292642113,13.619652661591475,3.464101615137755,0.32861956061279496,23.808754091177036,1.8723241090774536,-13.49034309387207,0.47621771693229675,-3.4312117099761963,13.619653701782227,3.4641013145446777,0.3286197781562805,23.80875587463379,2.6858453994194065e-07,5.460077776575645e-07,1.057284343408682e-08,4.1928801497448376e-07,1.0401907513113429e-06,3.005930770960674e-07,2.1754348555891312e-07,1.783456752946222e-06,,,,,,,,
foc_bus_None,0,,,,,,,,,,,,,,,,,,,,,,,,,,3.9999998989515007e-05,,,,,,,,,,,0.0,0.0,0.0,2.0,20.0,False,False,-0.14389710238332443,-1.7059286099665685,-0.14389710238332443,-1.7059286099665685,1.7119867985404518,1.7119867985404518,0.0,-0.07538601534227028,-0.14389710128307343,-1.7059285640716553,-0.14389710128307343,-1.7059285640716553,1.711986780166626,1.711986780166626,0.0,-0.07538601011037827,1.1002510014179734e-09,4.589491320317052e-08,1.1002510014179734e-09,4.589491320317052e-08,1.837382579417124e-08,1.837382579417124e-08,0.0,5.231892016843709e-09,,,,,,,,
foc_bus_None,1,,,,,,,,,,,,,,,,,,,,,,,,,,1.9999999494757503e-05,,,,,,,,,,,0.05185365676879883,0.5392712950706482,0.06988339126110077,1.995102047920227,20.0,False,False,-0.18464432549343232,-0.8041591025624522,-0.18464432549343232,-0.8041591025624522,0.8250850799590144,0.8250850799590144,-0.00033979746026343346,-0.10282333520978709,-0.18464432656764984,-0.8041591644287109,-0.18464432656764984,-0.8041591644287109,0.8250851631164551,0.8250851631164551,-0.00033979746513068676,-0.10282333195209503,1.0742175204914162e-09,6.186625878257246e-08,1.0742175204914162e-09,6.186625878257246e-08,8.315744071119013e-08,8.315744071119013e-08,4.867253301787944e-12,3.2576920605542625e-09,,,,,,,,
foc_bus_None,2,,,,,,,,,,,,,,,,,,,,,,,,,,3.9999998989515007e-05,,,,,,,,,,,0.10283222049474716,1.0741773843765259,0.13906852900981903,1.9804320335388184,20.0,False,False,-0.22611430205322794,0.09998722750956013,-0.22611430205322794,0.09998722750956013,0.24723495557478709,0.24723495557478709,-0.001705652915095657,-0.13698279865266327,-0.22611430287361145,0.09998738765716553,-0.22611430287361145,0.09998738765716553,0.2472350150346756,0.2472350150346756,-0.0017056528013199568,-0.13698279857635498,8.203835111242341e-10,1.601476053991746e-07,8.203835111242341e-10,1.601476053991746e-07,5.945988851285833e-08,5.945988851285833e-08,1.1377570023271555e-10,7.630829301774611e-11,,,,,,,,
foc_bus_None,3,,,,,,,,,,,,,,,,,,,,,,,,,,1.9999999494757503e-05,,,,,,,,,,,0.1520753651857376,1.6003886461257935,0.2068641483783722,1.956061840057373,20.0,False,False,-0.2673350640528683,1.033160824541941,-0.2673350640528683,1.033160824541941,1.0671875776265083,1.0671875776265083,-0.002738229927681725,-0.14368599486630335,-0.26733505725860596,1.033160924911499,-0.26733505725860596,1.033160924911499,1.0671876668930054,1.0671876668930054,-0.0027382299304008484,-0.14368599653244019,6.7942623194205964e-09,1.0036955799819225e-07,6.7942623194205964e-09,1.0036955799819225e-07,8.926649708307366e-08,8.926649708307366e-08,2.719123537442414e-12,1.6661368396064802e-09,,,,,,,,
foc_bus_None,4,,,,,,,,,,,,,,,,,,,,,,,,,,3.9999998989515007e-05,,,,,,,,,,,0.19875206053256989,2.113645315170288,0.27259284257888794,1.922110915184021,20.0,False,False,-0.3107464849166809,1.9743392789539613,-0.3107464849166809,1.9743392789539613,1.9986442820843635,1.9986442820843635,-0.005521511091796209,-0.1364664872583347,-0.3107464611530304,1.9743393659591675,-0.3107464611530304,1.9743393659591675,1.9986443519592285,1.9986443519592285,-0.005521511193364859,-0.13646648824214935,2.376365049183704e-08,8.700520615079199e-08,2.376365049183704e-08,8.700520615079199e-08,6.98748650052039e-08,6.98748650052039e-08,1.0156864932442389e-10,9.83814640864722e-10,,,,,,,,
foc_bus_None,5,,,,,,,,,,,,,,,,,,,,,,,,,,1.9999999494757503e-05,,,,,,,,,,,0.24207456409931183,2.609793186187744,0.3355978727340698,1.878745436668396,20.0,False,False,-0.353885282756777,2.908770941446844,-0.353885282756777,2.908770941446844,2.930218965053193,2.930218965053193,-0.007284098486696145,-0.12268879304303527,-0.353885293006897,2.90877103805542,-0.353885293006897,2.90877103805542,2.9302191734313965,2.9302191734313965,-0.00728409830480814,-0.12268879264593124,1.0250119975019345e-08,9.660857580584548e-08,1.0250119975019345e-08,9.660857580584548e-08,2.0837820358110548e-07,2.0837820358110548e-07,1.8188800552515483e-10,3.971040302142015e-10,,,,,,,,
foc_bus_None,6,,,,,,,,,,,,,,,,,,,,,,,,,,3.9999998989515007e-05,,,,,,,,,,,0.2813117802143097,3.0848159790039062,0.39524972438812256,1.8261778354644775,20.0,False,False,-0.40054915653595036,3.8563326750781126,-0.40054915653595036,3.8563326750781126,3.877078968460247,3.877078968460247,-0.01157876229047304,-0.07524693584342029,-0.40054917335510254,3.856332540512085,-0.40054917335510254,3.856332540512085,3.8770787715911865,3.8770787715911865,-0.011578761972486973,-0.07524693757295609,1.6819152182101504e-08,1.3456602765415937e-07,1.6819152182101504e-08,1.3456602765415937e-07,1.9686906060911724e-07,1.9686906060911724e-07,3.179860680324609e-10,1.7295357923607924e-09,,,,,,,,
foc_bus_None,7,,,,,,,,,,,,,,,,,,,,,,,,,,1.9999999494757503e-05,,,,,,,,,,,0.3158015012741089,3.5348684787750244,0.4509523808956146,1.7646657228469849,20.0,False,False,-0.4466266602894716,4.762268099677216,-0.4466266602894716,4.762268099677216,4.783165565489509,4.783165565489509,-0.01412588386164008,-0.04188480281409021,-0.4466266334056854,4.76226806640625,-0.4466266334056854,4.76226806640625,4.783165454864502,4.783165454864502,-0.01412588357925415,-0.041884806007146835,2.6883786197196002e-08,3.327096642635752e-08,2.6883786197196002e-08,3.327096642635752e-08,1.1062500693270749e-07,1.1062500693270749e-07,2.8238592887641634e-10,3.1930566246618497e-09,,,,,,,,
foc_bus_None,8,,,,,,,,,,,,,,,,,,,,,,,,,,3.9999998989515007e-05,,,,,,,,,,,0.3449617028236389,3.956308126449585,0.5021492838859558,1.6945102214813232,20.0,False,False,-0.4973223239019464,5.6858098542552025,-0.4973223239019464,5.6858098542552025,5.707518128976623,5.707518128976623,-0.020050756560429168,0.04336916296843586,-0.49732232093811035,5.685810089111328,-0.49732232093811035,5.685810089111328,5.707518577575684,5.707518577575684,-0.020050756633281708,0.04336915537714958,2.963836065461578e-09,2.3485612565821157e-07,2.963836065461578e-09,2.3485612565821157e-07,4.485990610092472e-07,4.485990610092472e-07,7.285253997291186e-11,7.59128628013972e-09,,,,,,,,
foc_bus_None,9,,,,,,,,,,,,,,,,,,,,,,,,,,1.9999999494757503e-05,,,,,,,,,,,0.3683002293109894,4.3457231521606445,0.5483288168907166,1.6160550117492676,20.0,False,False,-0.5467071650189929,6.53484133446938,-0.5467071650189929,6.53484133446938,6.557670317343855,6.557670317343855,-0.02344366602676231,0.09481386404652548,-0.5467071533203125,6.534841060638428,-0.5467071533203125,6.534841060638428,6.5576701164245605,6.5576701164245605,-0.023443665355443954,0.09481385350227356,1.1698680357774549e-08,2.738309525796012e-07,1.1698680357774549e-08,2.738309525796012e-07,2.0091929453514012e-07,2.0091929453514012e-07,6.713183550721702e-10,1.05442519160448e-08,,,,,,,,
foc_bus_None,10,,,,,,,,,,,,,,,,,,,,,,,,,,3.9999998989515007e-05,,,,,,,,,,,0.3854232728481293,4.6999616622924805,0.5890296697616577,1.5296844244003296,20.0,False,False,-0.6014698245480774,7.405185350250552,-0.6014698245480774,7.405185350250552,7.429571725302023,7.429571725302023,-0.031118203507516123,0.21431114829401943,-0.6014698147773743,7.405185222625732,-0.6014698147773743,7.405185222625732,7.429571628570557,7.429571628570557,-0.031118202954530716,0.2143111228942871,9.770703135458803e-09,1.276248191572904e-07,9.770703135458803e-09,1.276248191572904e-07,9.673146639244123e-08,9.673146639244123e-08,5.529854074648455e-10,2.539973231741044e-08,,,,,,,,
foc_bus_None,11,,,,,,,,,,,,,,,,,,,,,,,,,,1.9999999494757503e-05,,,,,,,,,,,0.3960418105125427,5.01615571975708,0.6238451600074768,1.435821294784546,20.0,False,False,-0.6537118630622143,8.171151125916255,-0.6537118630622143,8.171151125916255,8.197258683393537,8.197258683393537,-0.035411500207527535,0.2817879347668789,-0.6537118554115295,8.171151161193848,-0.6537118554115295,8.171151161193848,8.197258949279785,8.197258949279785,-0.03541149944067001,0.2817879021167755,7.650684752391612e-09,3.527759240284922e-08,7.650684752391612e-09,3.527759240284922e-08,2.6588624812973194e-07,2.6588624812973194e-07,7.668575219277329e-10,3.2650103398701447e-08,,,,,,,,
foc_bus_None,12,,,,,,,,,,,,,,,,,,,,,,,,,,3.9999998989515007e-05,,,,,,,,,,,0.3999767005443573,5.291746616363525,0.6524273753166199,1.334925651550293,20.0,False,False,-0.7116884086205664,8.961275967588241,-0.7116884086205664,8.961275967588241,8.989492052293024,8.989492052293024,-0.04492712542830167,0.4309324177468924,-0.7116883993148804,8.961276054382324,-0.7116883993148804,8.961276054382324,8.989492416381836,8.989492416381836,-0.04492712393403053,0.4309324026107788,9.30568599954995e-09,8.67940830318048e-08,9.30568599954995e-09,8.67940830318048e-08,3.6408881243232827e-07,3.6408881243232827e-07,1.494271137381098e-09,1.5136113584723887e-08,,,,,,,,
foc_bus_None,13,,,,,,,,,,,,,,,,,,,,,,,,,,1.9999999494757503e-05,,,,,,,,,,,0.39716145396232605,5.524503707885742,0.674490749835968,1.2274914979934692,20.0,False,False,-0.7654284707910886,9.62108500094433,-0.7654284707910886,9.62108500094433,9.651484722015237,9.651484722015237,-0.05015381306669952,0.5119160748421078,-0.7654284238815308,9.621085166931152,-0.7654284238815308,9.621085166931152,9.651484489440918,9.651484489440918,-0.050153810530900955,0.5119160413742065,4.690955779373951e-08,1.659868225090122e-07,4.690955779373951e-08,1.659868225090122e-07,2.3257431891465785e-07,2.3257431891465785e-07,2.5357985641849545e-09,3.3467901228156904e-08,,,,,,,,
foc_bus_None,14,,,,,,,,,,,,,,,,,,,,,,,,,,3.9999998989515007e-05,,,,,,,,,,,0.3876436650753021,5.7125420570373535,0.6898148059844971,1.1140451431274414,20.0,False,False,-0.8248158756187209,10.30697776005875,-0.8248158756187209,10.30697776005875,10.339928035292044,10.339928035292044,-0.06154355219898546,0.6852472542938053,-0.8248158097267151,10.306977272033691,-0.8248158097267151,10.306977272033691,10.339927673339844,10.339927673339844,-0.061543550342321396,0.6852471828460693,6.589200585160881e-08,4.880250585870272e-07,6.589200585160881e-08,4.880250585870272e-07,3.619521997677566e-07,3.619521997677566e-07,1.8566640655470756e-09,7.144773594980336e-08,,,,,,,,
foc_bus_None,15,,,,,,,,,,,,,,,,,,,,,,,,,,1.9999999494757503e-05,,,,,,,,,,,0.37158387899398804,5.854340076446533,0.6982464790344238,0.9951421022415161,20.0,False,False,-0.877785271085647,10.841318546550617,-0.877785271085647,10.841318546550617,10.87679616476825,10.87679616476825,-0.06770000014358402,0.7768261475524423,-0.8777852058410645,10.84131908416748,-0.8777852058410645,10.84131908416748,10.87679672241211,10.87679672241211,-0.06769999861717224,0.7768260836601257,6.524458251444543e-08,5.376168630277789e-07,6.524458251444543e-08,5.376168630277789e-07,5.576438599774747e-07,5.576438599774747e-07,1.5264117747548767e-09,6.389231654857497e-08,,,,,,,,
foc_bus_None,16,,,,,,,,,,,,,,,,,,,,,,,,,,3.9999998989515007e-05,,,,,,,,,,,0.34925317764282227,5.948750019073486,0.6997015476226807,0.8713648915290833,20.0,False,False,-0.9358616304798533,11.402721364182925,-0.9358616304798533,11.402721364182925,11.441061642199037,11.441061642199037,-0.08090945324157163,0.968208064114281,-0.9358615279197693,11.402721405029297,-0.9358615279197693,11.402721405029297,11.441061973571777,11.441061973571777,-0.08090945333242416,0.9682080149650574,1.0256008398101812e-07,4.0846371618386e-08,1.0256008398101812e-07,4.0846371618386e-08,3.313727408027489e-07,3.313727408027489e-07,9.085253382945524e-11,4.914922357990292e-08,,,,,,,,
foc_bus_None,17,,,,,,,,,,,,,,,,,,,,,,,,,,1.9999999494757503e-05,,,,,,,,,,,0.3210284411907196,5.995007514953613,0.6941653490066528,0.7433197498321533,20.0,False,False,-0.9849732785424552,11.796652298288924,-0.9849732785424552,11.796652298288924,11.837701542367421,11.837701542367421,-0.08794177940591644,1.0671840177228458,-0.9849732518196106,11.796652793884277,-0.9849732518196106,11.796652793884277,11.837701797485352,11.837701797485352,-0.08794178068637848,1.0671839714050293,2.672284460381036e-08,4.955953532004287e-07,2.672284460381036e-08,4.955953532004287e-07,2.551179303367235e-07,2.551179303367235e-07,1.2804620419526458e-09,4.631781647113087e-08,,,,,,,,
foc_bus_None,18,,,,,,,,,,,,,,,,,,,,,,,,,,3.9999998989515007e-05,,,,,,,,,,,0.2873859107494354,5.992738246917725,0.6816933155059814,0.611633837223053,20.0,False,False,-1.0382214487703154,12.2176789344881,-1.0382214487703154,12.2176789344881,12.261712046974559,12.261712046974559,-0.10280441143819032,1.270014027516646,-1.0382213592529297,12.21767807006836,-1.0382213592529297,12.21767807006836,12.261711120605469,12.261711120605469,-0.10280441492795944,1.2700140476226807,8.951738572626766e-08,8.644197411200594e-07,8.951738572626766e-08,8.644197411200594e-07,9.263690898819732e-07,9.263690898819732e-07,3.48976912645238e-09,2.010603461499727e-08,,,,,,,,
foc_bus_None,19,,,,,,,,,,,,,,,,,,,,,,,,,,1.9999999494757503e-05,,,,,,,,,,,0.24889342486858368,5.94196081161499,0.6624100804328918,0.47695210576057434,20.0,False,False,-1.079750995650746,12.461063644913159,-1.079750995650746,12.461063644913159,12.50775636855728,12.50775636855728,-0.11059775467335413,1.3730103350529415,-1.0797510147094727,12.461063385009766,-1.0797510147094727,12.461063385009766,12.507756233215332,12.507756233215332,-0.11059775948524475,1.3730103969573975,1.9058726596909992e-08,2.599033930295036e-07,1.9058726596909992e-08,2.599033930295036e-07,1.3534194742703676e-07,1.3534194742703676e-07,4.811890622069548e-09,6.190445600573469e-08,,,,,,,,
foc_bus_None,20,,,,,,,,,,,,,,,,,,,,,,,,,,3.9999998989515007e-05,,,,,,,,,,,0.20620055496692657,5.843085765838623,0.6365082263946533,0.3399342894554138,20.0,False,False,-1.1240718072680065,12.73067021571338,-1.1240718072680065,12.73067021571338,12.7801995903486,12.7801995903486,-0.12681734503342773,1.5804406658676724,-1.1240718364715576,12.730669975280762,-1.1240718364715576,12.730669975280762,12.78019905090332,12.78019905090332,-0.12681734561920166,1.5804407596588135,2.9203551132894745e-08,2.40432617815145e-07,2.9203551132894745e-08,2.40432617815145e-07,5.394452795570714e-07,5.394452795570714e-07,5.85773929362432e-10,9.379114107588293e-08,,,,,,,,
foc_bus_None,21,,,,,,,,,,,,,,,,,,,,,,,,,,1.9999999494757503e-05,,,,,,,,,,,0.16002778708934784,5.696913719177246,0.6042465567588806,0.20125146210193634,20.0,False,False,-1.1539145735029905,12.818452739305437,-1.1539145735029905,12.818452739305437,12.870285524134639,12.870285524134639,-0.13518931577983567,1.684014685674626,-1.153914451599121,12.818452835083008,-1.153914451599121,12.818452835083008,12.870285987854004,12.870285987854004,-0.13518930971622467,1.6840147972106934,1.2190386944332943e-07,9.577757076328908e-08,1.2190386944332943e-07,9.577757076328908e-08,4.637193651291227e-07,4.637193651291227e-07,6.0636110021938805e-09,1.1153606727098975e-07,,,,,,,,
foc_bus_None,22,,,,,,,,,,,,,,,,,,,,,,,,,,3.9999998989515007e-05,,,,,,,,,,,0.11115437000989914,5.504627704620361,0.5659474730491638,0.06158291921019554,20.0,False,False,-1.1849135427554376,12.930743129085707,-1.1849135427554376,12.930743129085707,12.984919636801857,12.984919636801857,-0.15233183570147402,1.8891794145254237,-1.1849133968353271,12.930742263793945,-1.1849133968353271,12.930742263793945,12.984918594360352,12.984918594360352,-0.15233182907104492,1.8891794681549072,1.4592011043923492e-07,8.652917617979483e-07,1.4592011043923492e-07,8.652917617979483e-07,1.042441505560987e-06,1.042441505560987e-06,6.630429094656165e-09,5.362948352072294e-08,,,,,,,,
foc_bus_None,23,,,,,,,,,,,,,,,,,,,,,,,,,,1.9999999494757503e-05,,,,,,,,,,,0.06040508300065994,5.267784595489502,0.5219936370849609,-0.07838726043701172,20.0,False,False,-1.1989046998022903,12.86305891386075,-1.1989046998022903,12.86305891386075,12.918810204529693,12.918810204529693,-0.1610311661564779,1.9899360629137461,-1.1989047527313232,12.863058090209961,-1.1989047527313232,12.863058090209961,12.918808937072754,12.918808937072754,-0.16103115677833557,1.989936113357544,5.292903293430129e-08,8.23650788461805e-07,5.292903293430129e-08,8.23650788461805e-07,1.2674569394022228e-06,1.2674569394022228e-06,9.378142318272609e-09,5.044379780549946e-08,,,,,,,,
foc_bus_None,24,,,,,,,,,,,,,,,,,,,,,,,,,,3.9999998989515007e-05,,,,,,,,,,,0.00863638985902071,4.988300800323486,0.47282421588897705,-0.2179735004901886,20.0,False,False,-1.2122344822232347,12.817420365225729,-1.2122344822232347,12.817420365225729,12.874617557768243,12.874617557768243,-0.1785278014438726,2.18617620007235,-1.212234377861023,12.81742000579834,-1.212234377861023,12.81742000579834,12.874617576599121,12.874617576599121,-0.17852778732776642,2.186176300048828,1.0436221176135518e-07,3.594273891849298e-07,1.0436221176135518e-07,3.594273891849298e-07,1.883087819010143e-08,1.883087819010143e-08,1.4116106172856746e-08,9.99764782072532e-08,,,,,,,,
foc_bus_None,25,,,,,,,,,,,,,,,,,,,,,,,,,,1.9999999494757503e-05,,,,,,,,,,,-0.043278053402900696,4.6684393882751465,0.4189305007457733,-0.3564921021461487,20.0,False,False,-1.2065047442704853,12.599530809942797,-1.2065047442704853,12.599530809942797,12.657165177425986,12.657165177425986,-0.18723881673246773,2.280878590680039,-1.2065047025680542,12.599531173706055,-1.2065047025680542,12.599531173706055,12.65716552734375,12.65716552734375,-0.18723879754543304,2.280878782272339,4.1702431063939116e-08,3.6376325773801454e-07,4.1702431063939116e-08,3.6376325773801454e-07,3.499177640975404e-07,3.499177640975404e-07,1.9187034683287862e-08,1.9159229980303394e-07,,,,,,,,
foc_bus_None,26,,,,,,,,,,,,,,,,,,,,,,,,,,3.9999998989515007e-05,,,,,,,,,,,-0.09446212649345398,4.310788631439209,0.3608509600162506,-0.4932646155357361,20.0,False,False,-1.198237693980262,12.400594106248311,-1.198237693980262,12.400594106248311,12.458350924548382,12.458350924548382,-0.20440093639504625,2.4619578065708074,-1.198237657546997,12.400594711303711,-1.198237657546997,12.400594711303711,12.458351135253906,12.458351135253906,-0.2044009119272232,2.4619579315185547,3.6433264849478064e-08,6.050553995606833e-07,3.6433264849478064e-08,6.050553995606833e-07,2.107055241395983e-07,2.107055241395983e-07,2.4467823045437598e-08,1.2494774725979596e-07,,,,,,,,
foc_bus_None,27,,,,,,,,,,,,,,,,,,,,,,,,,,1.9999999494757503e-05,,,,,,,,,,,-0.14405204355716705,3.9182446002960205,0.29916590452194214,-0.6276211142539978,20.0,False,False,-1.1695805642139672,12.042657433578496,-1.1695805642139672,12.042657433578496,12.09931885515505,12.09931885515505,-0.21275404515351157,2.5476314821960493,-1.1695804595947266,12.042656898498535,-1.1695804595947266,12.042656898498535,12.099318504333496,12.099318504333496,-0.212754026055336,2.5476315021514893,1.0461924060400918e-07,5.350799607839463e-07,1.0461924060400918e-07,5.350799607839463e-07,3.5082155314114516e-07,3.5082155314114516e-07,1.909817556877691e-08,1.9955439967134225e-08,,,,,,,,
foc_bus_None,28,,,,,,,,,,,,,,,,,,,,,,,,,,3.9999998989515007e-05,,,,,,,,,,,-0.19121089577674866,3.4939839839935303,0.23449170589447021,-0.7589035034179688,20.0,False,False,-1.13658404903887,11.700085557716324,-1.13658404903887,11.700085557716324,11.755161647481147,11.755161647481147,-0.22880005658392702,2.7079356028835257,-1.136583924293518,11.700085639953613,-1.136583924293518,11.700085639953613,11.75516128540039,11.75516128540039,-0.22880004346370697,2.7079355716705322,1.2474535182604995e-07,8.223728897860383e-08,1.2474535182604995e-07,8.223728897860383e-08,3.6208075648858085e-07,3.6208075648858085e-07,1.31202200492897e-08,3.121299352315532e-08,,,,,,,,
foc_bus_None,29,,,,,,,,,,,,,,,,,,,,,,,,,,1.9999999494757503e-05,,,,,,,,,,,-0.23514284193515778,3.0414412021636963,0.16747452318668365,-0.8864688277244568,20.0,False,False,-1.0828050372574407,11.216765505203082,-1.0828050372574407,11.216765505203082,11.268908338762182,11.268908338762182,-0.2363879862999619,2.7819629743275773,-1.0828049182891846,11.216766357421875,-1.0828049182891846,11.216766357421875,11.268909454345703,11.268909454345703,-0.2363879680633545,2.7819628715515137,1.1896825613533224e-07,8.522187933124314e-07,1.1896825613533224e-07,8.522187933124314e-07,1.1155835206722031e-06,1.1155835206722031e-06,1.823660741862021e-08,1.0277606365960423e-07,,,,,,,,
foc_bus_None,30,,,,,,,,,,,,,,,,,,,,,,,,,,3.9999998989515007e-05,,,,,,,,,,,-0.2751064598560333,2.564279317855835,0.09878400713205338,-1.0096921920776367,20.0,False,False,-1.0230894436825695,10.744875087960876,-1.0230894436825695,10.744875087960876,10.793472687956225,10.793472687956225,-0.2504810425403082,2.916676709867918,-1.0230894088745117,10.744874954223633,-1.0230894088745117,10.744874954223633,10.793472290039062,10.793472290039062,-0.2504810094833374,2.9166765213012695,3.480805776945317e-08,1.3373724350174143e-07,3.480805776945317e-08,1.3373724350174143e-07,3.9791716233139596e-07,3.9791716233139596e-07,3.3056970771827565e-08,1.8856664851796268e-07,,,,,,,,
foc_bus_None,31,,,,,,,,,,,,,,,,,,,,,,,,,,1.9999999494757503e-05,,,,,,,,,,,-0.31042733788490295,2.0663607120513916,0.029106464236974716,-1.1279700994491577,20.0,False,False,-0.9433084220857625,10.154806639212147,-0.9433084220857625,10.154806639212147,10.198525808123692,10.198525808123692,-0.256880067644303,2.976878677758935,-0.9433082938194275,10.154806137084961,-0.9433082938194275,10.154806137084961,10.198525428771973,10.198525428771973,-0.2568800449371338,2.9768784046173096,1.2826633499773976e-07,5.021271860528032e-07,1.2826633499773976e-07,5.021271860528032e-07,3.793517198147356e-07,3.793517198147356e-07,2.2707169200497646e-08,2.731416253176633e-07,,,,,,,,
foc_bus_None,32,,,,,,,,,,,,,,,,,,,,,,,,,,3.9999998989515007e-05,,,,,,,,,,,-0.3405093550682068,1.5517160892486572,-0.04086190089583397,-1.2407232522964478,20.0,False,False,-0.8563195310428737,9.57204318509537,-0.8563195310428737,9.57204318509537,9.61027022911303,9.61027022911303,-0.26817468143305834,3.082134115280974,-0.8563194274902344,9.572042465209961,-0.8563194274902344,9.572042465209961,9.610269546508789,9.610269546508789,-0.2681746482849121,3.0821337699890137,1.0355263935224457e-07,7.198854099499385e-07,1.0355263935224457e-07,7.198854099499385e-07,6.826042415752909e-07,6.826042415752909e-07,3.314814622790152e-08,3.4529196035748555e-07,,,,,,,,
foc_bus_None,33,,,,,,,,,,,,,,,,,,,,,,,,,,1.9999999494757503e-05,,,,,,,,,,,-0.3648448884487152,1.0245109796524048,-0.11042198538780212,-1.3473992347717285,20.0,False,False,-0.7512001745346231,8.89717023446664,-0.7512001745346231,8.89717023446664,8.928826344111528,8.928826344111528,-0.2729696636514521,3.1268363302347404,-0.7512001395225525,8.89716911315918,-0.7512001395225525,8.89716911315918,8.928825378417969,8.928825378417969,-0.27296963334083557,3.126836061477661,3.501207057610145e-08,1.1213074611049478e-06,3.501207057610145e-08,1.1213074611049478e-06,9.656935588964188e-07,9.656935588964188e-07,3.0310616516704414e-08,2.6875707925810843e-07,,,,,,,,
foc_bus_None,34,,,,,,,,,,,,,,,,,,,,,,,,,,3.9999998989515007e-05,,,,,,,,,,,-0.383023202419281,0.4890128970146179,-0.1788787692785263,-1.447475790977478,20.0,False,False,-0.6380300768757172,8.22544670319647,-0.6380300768757172,8.22544670319647,8.250154898310923,8.250154898310923,-0.2806644813358461,3.199828413206293,-0.6380299925804138,8.225446701049805,-0.6380299925804138,8.225446701049805,8.250154495239258,8.250154495239258,-0.28066444396972656,3.1998281478881836,8.429530340414715e-08,2.1466650679258237e-09,8.429530340414715e-08,2.1466650679258237e-09,4.0307166493391833e-07,4.0307166493391833e-07,3.7366119531867525e-08,2.653181092604484e-07,,,,,,,,
foc_bus_None,35,,,,,,,,,,,,,,,,,,,,,,,,,,1.9999999494757503e-05,,,,,,,,,,,-0.3947375416755676,-0.050443485379219055,-0.24554826319217682,-1.5404624938964844,20.0,False,False,-0.5099143799175034,7.4902548660770885,-0.5099143799175034,7.4902548660770885,7.507591533483835,7.507591533483835,-0.2834761776450089,3.2279100621653822,-0.5099143385887146,7.490254878997803,-0.5099143385887146,7.490254878997803,7.507591724395752,7.507591724395752,-0.2834761440753937,3.227909803390503,4.1328788835670593e-08,1.2920714276276613e-08,4.1328788835670593e-08,1.2920714276276613e-08,1.909119173859608e-07,1.909119173859608e-07,3.356961519873636e-08,2.5877487930259235e-07,,,,,,,,
foc_bus_None,36,,,,,,,,,,,,,,,,,,,,,,,,,,3.9999998989515007e-05,,,,,,,,,,,-0.3997901976108551,-0.5894915461540222,-0.3097642958164215,-1.6259040832519531,20.0,False,False,-0.3734096648302178,6.754183657371969,-0.3734096648302178,6.754183657371969,6.76449788641398,6.76449788641398,-0.2868695246519473,3.266975567876675,-0.373409628868103,6.754183769226074,-0.373409628868103,6.754183769226074,6.764498233795166,6.764498233795166,-0.28686949610710144,3.2669754028320312,3.596211478607003e-08,1.1185410553338215e-07,3.596211478607003e-08,1.1185410553338215e-07,3.4738118603883095e-07,3.4738118603883095e-07,2.854484587588857e-08,1.6504464372957273e-07,,,,,,,,
foc_bus_None,37,,,,,,,,,,,,,,,,,,,,,,,,,,1.9999999494757503e-05,,,,,,,,,,,-0.3980959355831146,-1.1237679719924927,-0.37088531255722046,-1.7033820152282715,20.0,False,False,-0.22634154532485265,5.98485633002499,-0.22634154532485265,5.98485633002499,5.989134811154298,5.989134811154298,-0.287382349763173,3.277899266165667,-0.22634153068065643,5.984856128692627,-0.22634153068065643,5.984856128692627,5.989134788513184,5.989134788513184,-0.2873823344707489,3.2778990268707275,1.4644196216773153e-08,2.0133236322550374e-07,1.4644196216773153e-08,2.0133236322550374e-07,2.2641114760801884e-08,2.2641114760801884e-08,1.5292424104806912e-08,2.392949394192101e-07,,,,,,,,
foc_bus_None,38,,,,,,,,,,,,,,,,,,,,,,,,,,3.9999998989515007e-05,,,,,,,,,,,-0.3896833062171936,-1.648948073387146,-0.42830052971839905,-1.7725167274475098,20.0,False,False,-0.07109477113980792,5.210895238402673,-0.07109477113980792,5.210895238402673,5.211380206057804,5.211380206057804,-0.2859267504615041,3.282556940391076,-0.07109475135803223,5.210895538330078,-0.07109475135803223,5.210895538330078,5.211380481719971,5.211380481719971,-0.2859267294406891,3.2825567722320557,1.9781775689731163e-08,2.9992740468998136e-07,1.9781775689731163e-08,2.9992740468998136e-07,2.756621668709158e-07,2.756621668709158e-07,2.1020815033079288e-08,1.6815902048605835e-07,,,,,,,,
foc_bus_None,39,,,,,,,,,,,,,,,,,,,,,,,,,,1.9999999494757503e-05,,,,,,,,,,,-0.374694287776947,-2.160780668258667,-0.4814363121986389,-1.8329696655273438,20.0,False,False,0.0892762021351978,4.434418553139178,0.0892762021351978,4.434418553139178,4.435317141388274,4.435317141388274,-0.28391503648882443,3.276378849070759,0.08927620947360992,4.434418678283691,0.08927620947360992,4.434418678283691,4.435317039489746,4.435317039489746,-0.2839150130748749,3.276378631591797,7.338412127966265e-09,1.251445134187179e-07,7.338412127966265e-09,1.251445134187179e-07,1.0189852783781816e-07,1.0189852783781816e-07,2.3413949556960745e-08,2.1747896195023486e-07,,,,,,,,
foc_bus_None,40,,,,,,,,,,,,,,,,,,,,,,,,,,3.9999998989515007e-05,,,,,,,,,,,-0.353381872177124,-2.655122756958008,-0.5297617316246033,-1.8844447135925293,20.0,False,False,0.2570583193116912,3.649963319988496,0.2570583193116912,3.649963319988496,3.6590041291024527,3.6590041291024527,-0.27726674909363686,3.2473296756702084,0.257058322429657,3.64996337890625,0.257058322429657,3.64996337890625,3.6590042114257812,3.6590042114257812,-0.2772667407989502,3.2473294734954834,3.117965774457332e-09,5.891775378685793e-08,3.117965774457332e-09,5.891775378685793e-08,8.232332859847702e-08,8.232332859847702e-08,8.294686659748862e-09,2.0217472496142364e-07,,,,,,,,
foc_bus_None,41,,,,,,,,,,,,,,,,,,,,,,,,,,1.9999999494757503e-05,,,,,,,,,,,-0.32610568404197693,-3.1279728412628174,-0.5727939605712891,-1.9266897439956665,20.0,False,False,0.42369325930093554,2.8932122460373986,0.42369325930093554,2.8932122460373986,2.9240713189999004,2.9240713189999004,-0.2726175375438376,3.2246896891699603,0.4236932396888733,2.893212080001831,0.4236932396888733,2.893212080001831,2.9240710735321045,2.9240710735321045,-0.27261751890182495,3.224689483642578,1.961206225198353e-08,1.6603556751704218e-07,1.961206225198353e-08,1.6603556751704218e-07,2.4546779586742673e-07,2.4546779586742673e-07,1.8642012655778473e-08,2.055273822243464e-07,,,,,,,,
foc_bus_None,42,,,,,,,,,,,,,,,,,,,,,,,,,,3.9999998989515007e-05,,,,,,,,,,,-0.29332607984542847,-3.575503349304199,-0.6101030111312866,-1.9594978094100952,20.0,False,False,0.5964434703277213,2.1256631335531386,0.5964434703277213,2.1256631335531386,2.2077564563700234,2.2077564563700234,-0.2606772622428411,3.163777579958135,0.5964434742927551,2.1256630420684814,0.5964434742927551,2.1256630420684814,2.207756280899048,2.207756280899048,-0.2606772482395172,3.1637773513793945,3.965033856800915e-09,9.148465718311627e-08,3.965033856800915e-09,9.148465718311627e-08,1.7547097552750301e-07,1.7547097552750301e-07,1.4003323889344443e-08,2.2857874037995884e-07,,,,,,,,
foc_bus_None,43,,,,,,,,,,,,,,,,,,,,,,,,,,1.9999999494757503e-05,,,,,,,,,,,-0.25559625029563904,-3.9940919876098633,-0.6413161754608154,-1.9827083349227905,20.0,False,False,0.7612423531208958,1.4144968957391797,0.7612423531208958,1.4144968957391797,1.6063285430573704,1.6063285430573704,-0.25340779019376075,3.1258700302329703,0.7612423300743103,1.4144970178604126,0.7612423300743103,1.4144970178604126,1.6063286066055298,1.6063286066055298,-0.2534077763557434,3.1258697509765625,2.3046585528874175e-08,1.2212123290389343e-07,2.3046585528874175e-08,1.2212123290389343e-07,6.354815940134984e-08,6.354815940134984e-08,1.3838017343115183e-08,2.792564077758186e-07,,,,,,,,
foc_bus_None,44,,,,,,,,,,,,,,,,,,,,,,,,,,3.9999998989515007e-05,,,,,,,,,,,-0.21355290710926056,-4.380350112915039,-0.6661214232444763,-1.996207594871521,20.0,False,False,0.9303969036389974,0.6903327558738956,0.9303969036389974,0.6903327558738956,1.158532568438834,1.158532568438834,-0.2363491216433618,3.0360045280112766,0.9303969740867615,0.6903326511383057,0.9303969740867615,0.6903326511383057,1.1585326194763184,1.1585326194763184,-0.23634910583496094,3.0360043048858643,7.044776406672781e-08,1.0473558997858845e-07,7.044776406672781e-08,1.0473558997858845e-07,5.1037484460891847e-08,5.1037484460891847e-08,1.5808400866124117e-08,2.2312541236857442e-07,,,,,,,,
foc_bus_None,45,,,,,,,,,,,,,,,,,,,,,,,,,,1.9999999494757503e-05,,,,,,,,,,,-0.16790561378002167,-4.731151580810547,-0.6842710971832275,-1.9999293088912964,20.0,False,False,1.0846221827826066,0.04873116743782324,1.0846221827826066,0.04873116743782324,1.0857163561740972,1.0857163561740972,-0.2266174375798486,2.984530536987763,1.0846221446990967,0.048731088638305664,1.0846221446990967,0.048731088638305664,1.0857163667678833,1.0857163667678833,-0.22661742568016052,2.984530210494995,3.808350990119891e-08,7.879951757772119e-08,3.808350990119891e-08,7.879951757772119e-08,1.0593786070600686e-08,1.0593786070600686e-08,1.1899688068250924e-08,3.264927679325069e-07,,,,,,,,
foc_bus_None,46,,,,,,,,,,,,,,,,,,,,,,,,,,3.9999998989515007e-05,,,,,,,,,,,-0.11942469328641891,-5.043656349182129,-0.695583701133728,-1.9938554763793945,20.0,False,False,1.2410775839845176,-0.6073800837479599,1.2410775839845176,-0.6073800837479599,1.381732295201399,1.381732295201399,-0.20490027167726635,2.8695743692937747,1.2410775423049927,-0.6073799133300781,1.2410775423049927,-0.6073799133300781,1.3817322254180908,1.3817322254180908,-0.20490026473999023,2.8695740699768066,4.167952494249505e-08,1.7041788180627293e-07,4.167952494249505e-08,1.7041788180627293e-07,6.978330824303214e-08,6.978330824303214e-08,6.93727611467132e-09,2.9931696809981645e-07,,,,,,,,
foc_bus_None,47,,,,,,,,,,,,,,,,,,,,,,,,,,1.9999999494757503e-05,,,,,,,,,,,-0.06892835348844528,-5.315335273742676,-0.6999462842941284,-1.978015661239624,20.0,False,False,1.3758499977686363,-1.1581109784657664,1.3758499977686363,-1.1581109784657664,1.7983837896297028,1.7983837896297028,-0.19300778982402514,2.8066775624162212,1.375849962234497,-1.1581110954284668,1.375849962234497,-1.1581110954284668,1.7983838319778442,1.7983838319778442,-0.19300778210163116,2.8066773414611816,3.5534139186665925e-08,1.1696270041383627e-07,3.5534139186665925e-08,1.1696270041383627e-07,4.234814143799781e-08,4.234814143799781e-08,7.722393974285424e-09,2.2095503959818075e-07,,,,,,,,
foc_bus_None,48,,,,,,,,,,,,,,,,,,,,,,,,,,3.9999998989515007e-05,,,,,,,,,,,-0.017268754541873932,-5.543989181518555,-0.6973152160644531,-1.952487587928772,20.0,False,False,1.5104851005522648,-1.724134476185621,1.5104851005522648,-1.724134476185621,2.292205254980943,2.292205254980943,-0.16737479333312624,2.6713030652981473,1.5104849338531494,-1.7241346836090088,1.5104849338531494,-1.7241346836090088,2.292205333709717,2.292205333709717,-0.16737478971481323,2.6713027954101562,1.6669911540034832e-07,2.0742338779911051e-07,1.6669911540034832e-07,2.0742338779911051e-07,7.872877372250286e-08,7.872877372250286e-08,3.6183130103228933e-09,2.698879910667529e-07,,,,,,,,
foc_bus_None,49,,,,,,,,,,,,,,,,,,,,,,,,,,1.9999999494757503e-05,,,,,,,,,,,0.034682273864746094,-5.727766513824463,-0.6877168416976929,-1.9173961877822876,20.0,False,False,1.617321680619164,-2.166062435906931,1.617321680619164,-2.166062435906931,2.7032491366590436,2.7032491366590436,-0.15376009563086812,2.5994909063334606,1.6173216104507446,-2.166062355041504,1.6173216104507446,-2.166062355041504,2.703248977661133,2.703248977661133,-0.15376009047031403,2.5994906425476074,7.016841929718964e-08,8.086542724328183e-08,7.016841929718964e-08,8.086542724328183e-08,1.5899791083739956e-07,1.5899791083739956e-07,5.160554095162695e-09,2.637858531606696e-07,,,,,,,,
foc_bus_None,50,,,,,,,,,,,,,,,,,,,,,,,,,,3.9999998989515007e-05,,,,,,,,,,,0.08604799211025238,-5.865180492401123,-0.6712470054626465,-1.8729133605957031,20.0,False,False,1.721555062791121,-2.623322918100893,1.721555062791121,-2.623322918100893,3.1377659197038783,3.1377659197038783,-0.12521536947804057,2.449010350709098,1.7215549945831299,-2.6233224868774414,1.7215549945831299,-2.6233224868774414,3.137765407562256,3.137765407562256,-0.12521536648273468,2.449010133743286,6.820799103302022e-08,4.3122345161350495e-07,6.820799103302022e-08,4.3122345161350495e-07,5.121416224440622e-07,5.121416224440622e-07,2.9953058922060904e-09,2.169658119832718e-07,,,,,,,,
foc_bus_None,51,,,,,,,,,,,,,,,,,,,,,,,,,,1.9999999494757503e-05,,,,,,,,,,,0.13596154749393463,-5.955118656158447,-0.6480702757835388,-1.8192570209503174,20.0,False,False,1.7929147755920432,-2.942473976089276,1.7929147755920432,-2.942473976089276,3.445677943815832,3.445677943815832,-0.11043911071343464,2.3710638185377713,1.7929147481918335,-2.9424734115600586,1.7929147481918335,-2.9424734115600586,3.4456775188446045,3.4456775188446045,-0.11043910682201385,2.371063709259033,2.7400209656747165e-08,5.645292175948669e-07,2.7400209656747165e-08,5.645292175948669e-07,4.249712275417039e-07,4.249712275417039e-07,3.891420782831112e-09,1.0927873805854915e-07,,,,,,,,
foc_bus_None,52,,,,,,,,,,,,,,,,,,,,,,,,,,3.9999998989515007e-05,,,,,,,,,,,0.18358059227466583,-5.996853351593018,-0.618418276309967,-1.7566900253295898,20.0,False,False,1.8592610251565462,-3.2762706736800604,1.8592610251565462,-3.2762706736800604,3.7670679695065457,3.7670679695065457,-0.08020936120763236,2.211239309754058,1.8592609167099,-3.276270866394043,1.8592609167099,-3.276270866394043,3.7670681476593018,3.7670681476593018,-0.08020935952663422,2.2112390995025635,1.0844664632969625e-07,1.9271398254971928e-07,1.0844664632969625e-07,1.9271398254971928e-07,1.781527561028895e-07,1.781527561028895e-07,1.6809981462362344e-09,2.1025149443687496e-07,,,,,,,,
foc_bus_None,53,,,,,,,,,,,,,,,,,,,,,,,,,,1.9999999494757503e-05,,,,,,,,,,,0.22810149192810059,-5.990045547485352,-0.5825871825218201,-1.685518741607666,20.0,False,False,1.889064048359891,-3.4630701122201164,1.889064048359891,-3.4630701122201164,3.944796266090064,3.944796266090064,-0.06493071399516075,2.130114028796781,1.889064073562622,-3.4630701541900635,1.889064073562622,-3.4630701541900635,3.944796323776245,3.944796323776245,-0.06493071466684341,2.1301138401031494,2.5202731013251878e-08,4.196994707328372e-08,2.5202731013251878e-08,4.196994707328372e-08,5.7686181165195194e-08,5.7686181165195194e-08,6.71682667818807e-10,1.886936313866272e-07,,,,,,,,
foc_bus_None,54,,,,,,,,,,,,,,,,,,,,,,,,,,3.9999998989515007e-05,,,,,,,,,,,0.2687729001045227,-5.934751510620117,-0.5409351587295532,-1.6060917377471924,20.0,False,False,1.911652844561085,-3.6631452865018215,1.911652844561085,-3.6631452865018215,4.131954741782513,4.131954741782513,-0.03441038192214797,1.9669538227721475,1.9116528034210205,-3.6631457805633545,1.9116528034210205,-3.6631457805633545,4.131955146789551,4.131955146789551,-0.03441038355231285,1.9669536352157593,4.114006446620522e-08,4.940615330184528e-07,4.114006446620522e-08,4.940615330184528e-07,4.05007037684868e-07,4.05007037684868e-07,1.6301648780858713e-09,1.8755638819811793e-07,,,,,,,,
foc_bus_None,55,,,,,,,,,,,,,,,,,,,,,,,,,,1.9999999494757503e-05,,,,,,,,,,,0.30490842461586,-5.831418514251709,-0.49387821555137634,-1.5187981128692627,20.0,False,False,1.8957364757257646,-3.7127174169533257,1.8957364757257646,-3.7127174169533257,4.168703324002047,4.168703324002047,-0.01935604644443602,1.8856760058361464,1.8957364559173584,-3.712717056274414,1.8957364559173584,-3.712717056274414,4.168703079223633,4.168703079223633,-0.019356047734618187,1.8856757879257202,1.9808406248600363e-08,3.606789116261666e-07,1.9808406248600363e-08,3.606789116261666e-07,2.447784144266052e-07,2.447784144266052e-07,1.2901821659638824e-09,2.179104261479381e-07,,,,,,,,
foc_bus_None,56,,,,,,,,,,,,,,,,,,,,,,,,,,3.9999998989515007e-05,,,,,,,,,,,0.3358982801437378,-5.680882453918457,-0.44188663363456726,-1.4240654706954956,20.0,False,False,1.8707590429092793,-3.773580588798764,1.8707590429092793,-3.773580588798764,4.211846371460582,4.211846371460582,0.009961006277102818,1.725223770632905,1.8707590103149414,-3.7735800743103027,1.8707590103149414,-3.7735800743103027,4.211845874786377,4.211845874786377,0.009961005300283432,1.7252235412597656,3.259433789537525e-08,5.144884611674172e-07,3.259433789537525e-08,5.144884611674172e-07,4.966742048750916e-07,4.966742048750916e-07,9.768193857950802e-10,2.293731393709919e-07,,,,,,,,
foc_bus_None,57,,,,,,,,,,,,,,,,,,,,,,,,,,1.9999999494757503e-05,,,,,,,,,,,0.3612194359302521,-5.484362602233887,-0.3854798674583435,-1.3223576545715332,20.0,False,False,1.807238735393986,-3.685877870732324,1.807238735393986,-3.685877870732324,4.105095312494304,4.105095312494304,0.02403367756243162,1.6467845284231353,1.8072388172149658,-3.685878038406372,1.8072388172149658,-3.685878038406372,4.105095386505127,4.105095386505127,0.024033676832914352,1.6467843055725098,8.182097976927594e-08,1.6767404797946028e-07,8.182097976927594e-08,1.6767404797946028e-07,7.401082324776098e-08,7.401082324776098e-08,7.295172660404248e-10,2.2285062550864154e-07,,,,,,,,
foc_bus_None,58,,,,,,,,,,,,,,,,,,,,,,,,,,3.9999998989515007e-05,,,,,,,,,,,0.38044455647468567,-5.243449687957764,-0.32522153854370117,-1.2141729593276978,20.0,False,False,1.7332898943018193,-3.6069645962443424,1.7332898943018193,-3.6069645962443424,4.001810522282249,4.001810522282249,0.050632355095219655,1.494908969781756,1.7332898378372192,-3.6069648265838623,1.7332898378372192,-3.6069648265838623,4.001810550689697,4.001810550689697,0.05063235014677048,1.4949088096618652,5.6464600106664875e-08,2.3033951990214518e-07,5.6464600106664875e-08,2.3033951990214518e-07,2.8407447949518883e-08,2.8407447949518883e-08,4.9484491781992546e-09,1.6011989067976629e-07,,,,,,,,
foc_bus_None,59,,,,,,,,,,,,,,,,,,,,,,,,,,1.9999999494757503e-05,,,,,,,,,,,0.3932492136955261,-4.960093021392822,-0.2617136538028717,-1.1000412702560425,20.0,False,False,1.6227972430724003,-3.3867414083381213,1.6227972430724003,-3.3867414083381213,3.7554611246923413,3.7554611246923413,0.06297611528968254,1.4221604896484672,1.6227972507476807,-3.3867416381835938,1.6227972507476807,-3.3867416381835938,3.7554614543914795,3.7554614543914795,0.06297610700130463,1.4221603870391846,7.675280411234553e-09,2.2984547243254383e-07,7.675280411234553e-09,2.2984547243254383e-07,3.296991382129022e-07,3.296991382129022e-07,8.288377914555944e-09,1.0260928262617597e-07,,,,,,,,
foc_bus_None,60,,,,,,,,,,,,,,,,,,,,,,,,,,3.9999998989515007e-05,,,,,,,,,,,0.39941734075546265,-4.636587142944336,-0.19559085369110107,-0.9805216193199158,20.0,False,False,1.5010860783314233,-3.1723980199945534,1.5010860783314233,-3.1723980199945534,3.5096108917978035,3.5096108917978035,0.08540376372734514,1.2843523838203192,1.5010861158370972,-3.172398090362549,1.5010861158370972,-3.172398090362549,3.509610891342163,3.509610891342163,0.08540375530719757,1.2843523025512695,3.750567389992909e-08,7.036799543058692e-08,3.750567389992909e-08,7.036799543058692e-08,4.556404142874726e-10,4.556404142874726e-10,8.420147565302294e-09,8.126904971206272e-08,,,,,,,,
foc_bus_None,61,,,,,,,,,,,,,,,,,,,,,,,,,,1.9999999494757503e-05,,,,,,,,,,,0.39884480834007263,-4.27554988861084,-0.12751375138759613,-0.8561993837356567,20.0,False,False,1.346865042296427,-2.8290184072921565,1.346865042296427,-2.8290184072921565,3.133271547593347,3.133271547593347,0.09532378234213647,1.2199095814150391,1.3468650579452515,-2.8290185928344727,1.3468650579452515,-2.8290185928344727,3.1332716941833496,3.1332716941833496,0.09532377123832703,1.2199095487594604,1.5648824458480703e-08,1.8554231617784467e-07,1.5648824458480703e-08,1.8554231617784467e-07,1.4659000280303758e-07,1.4659000280303758e-07,1.110380944135958e-08,3.265557868559199e-08,,,,,,,,
foc_bus_None,62,,,,,,,,,,,,,,,,,,,,,,,,,,3.9999998989515007e-05,,,,,,,,,,,0.3915412724018097,-3.87990403175354,-0.05816258117556572,-0.727683424949646,20.0,False,False,1.1812758787409472,-2.488329667349777,1.1812758787409472,-2.488329667349777,2.754486746221199,2.754486746221199,0.11227447314476752,1.1010929059016696,1.181275725364685,-2.4883298873901367,1.181275725364685,-2.4883298873901367,2.7544867992401123,2.7544867992401123,0.11227446049451828,1.10109281539917,1.5337626213529632e-07,2.200403597107936e-07,1.5337626213529632e-07,2.200403597107936e-07,5.301891325970587e-08,5.301891325970587e-08,1.2650249237022848e-08,9.050249971664925e-08,,,,,,,,
foc_bus_None,63,,,,,,,,,,,,,,,,,,,,,,,,,,1.9999999494757503e-05,,,,,,,,,,,0.37762999534606934,-3.452852249145508,0.011769730597734451,-0.5956032872200012,20.0,False,False,0.9891228645139961,-2.035418986572503,0.9891228645139961,-2.035418986572503,2.263027726742253,2.263027726742253,0.11916966002762877,1.0472437523815692,0.9891228079795837,-2.035419464111328,0.9891228079795837,-2.035419464111328,2.263028144836426,2.263028144836426,0.11916964501142502,1.0472437143325806,5.653441237374324e-08,4.775388249278478e-07,5.653441237374324e-08,4.775388249278478e-07,4.180941726161791e-07,4.180941726161791e-07,1.5016203752660218e-08,3.8048988626471214e-08,,,,,,,,
foc_bus_None,64,,,,,,,,,,,,,,,,,,,,,,,,,,3.9999998989515007e-05,,,,,,,,,,,0.3573457896709442,-2.9978513717651367,0.08158444613218307,-0.4606058895587921,400.0,False,False,1.4157762154742806,32.005963406883026,1.4157762154742806,32.005963406883026,32.037261366962035,32.037261366962035,0.12956393446503783,0.9516073389572125,1.415776252746582,32.00596237182617,1.415776252746582,32.00596237182617,32.037261962890625,32.037261962890625,0.12956391274929047,0.9516072869300842,3.7272301467439206e-08,1.0350568544481575e-06,3.7272301467439206e-08,1.0350568544481575e-06,5.959285900303257e-07,5.959285900303257e-07,2.1715747366979343e-08,5.202712827223621e-08,,,,,,,,
foc_bus_None,65,,,,,,,,,,,,,,,,,,,,,,,,,,1.9999999494757503e-05,,,,,,,,,,,0.3310309052467346,-2.5185840129852295,0.15058399736881256,-0.3233524262905121,400.0,False,False,1.0061958787998675,32.6767954078429,1.0061958787998675,32.6767954078429,32.69228331384238,32.69228331384238,0.1329647278064754,0.9102348984386114,1.0061957836151123,32.67679977416992,1.0061957836151123,32.67679977416992,32.69228744506836,32.69228744506836,0.13296470046043396,0.9102348685264587,9.518475518888181e-08,4.366327019056371e-06,9.518475518888181e-08,4.366327019056371e-06,4.131225978198927e-06,4.131225978198927e-06,2.7346041431286494e-08,2.991215264369629e-08,,,,,,,,
foc_bus_None,66,,,,,,,,,,,,,,,,,,,,,,,,,,3.9999998989515007e-05,,,,,,,,,,,0.2991294860839844,-2.018930196762085,0.21807895600795746,-0.18451520800590515,400.0,False,False,0.5847627616288893,33.34884324503055,0.5847627616288893,33.34884324503055,33.35396967782108,33.35396967782108,0.13601976605838065,0.8410902801953795,0.5847627520561218,33.348846435546875,0.5847627520561218,33.348846435546875,33.353973388671875,33.353973388671875,0.1360197365283966,0.8410902619361877,9.572767467602716e-09,3.1905163240253387e-06,9.572767467602716e-09,3.1905163240253387e-06,3.710850798199772e-06,3.710850798199772e-06,2.9529984041376522e-08,1.8259191714165013e-08,,,,,,,,
foc_bus_None,67,,,,,,,,,,,,,,,,,,,,,,,,,,1.9999999494757503e-05,,,,,,,,,,,0.2621798813343048,-1.5029338598251343,0.2833949327468872,-0.044774219393730164,400.0,False,False,0.1520878677045066,34.0845456568972,0.1520878677045066,34.0845456568972,34.08488496909756,34.08488496909756,0.13561993651056165,0.8136090689391192,0.15208783745765686,34.08454513549805,0.15208783745765686,34.08454513549805,34.08488464355469,34.08488464355469,0.1356199085712433,0.8136090636253357,3.0246849747062043e-08,5.213991514096961e-07,3.0246849747062043e-08,5.213991514096961e-07,3.2554287088260025e-07,3.2554287088260025e-07,2.7939318358871645e-08,5.31378352430778e-09,,,,,,,,
foc_bus_None,68,,,,,,,,,,,,,,,,,,,,,,,,,,3.9999998989515007e-05,,,,,,,,,,,0.22080570459365845,-0.9747720956802368,0.34587934613227844,0.09518606960773468,400.0,False,False,-0.2888184804149308,34.82221737799547,-0.2888184804149308,34.82221737799547,34.82341510011617,34.82341510011617,0.13090553478058964,0.773279127607126,-0.28881847858428955,34.82221603393555,-0.28881847858428955,34.82221603393555,34.82341384887695,34.82341384887695,0.13090550899505615,0.7732791304588318,1.8306412497004487e-09,1.344059924690555e-06,1.8306412497004487e-09,1.344059924690555e-06,1.2512392189023558e-06,1.2512392189023558e-06,2.5785533486200052e-08,2.8517057604204865e-09,,,,,,,,
foc_bus_None,69,,,,,,,,,,,,,,,,,,,,,,,,,,1.9999999494757503e-05,,,,,,,,,,,0.17570513486862183,-0.4387199580669403,0.40490782260894775,0.23468013107776642,400.0,False,False,-0.7292706283616233,35.59506256997826,-0.7292706283616233,35.59506256997826,35.602532424113576,35.602532424113576,0.1265858654469692,0.7605878902441887,-0.7292706370353699,35.595062255859375,-0.7292706370353699,35.595062255859375,35.60253143310547,35.60253143310547,0.12658584117889404,0.7605878710746765,8.673746609844102e-09,3.1411888556931444e-07,8.673746609844102e-09,3.1411888556931444e-07,9.91008107575908e-07,9.91008107575908e-07,2.4268075160538416e-08,1.9169512199823657e-08,,,,,,,,
foc_bus_None,70,,,,,,,,,,,,,,,,,,,,,,,,,,3.9999998989515007e-05,,,,,,,,,,,0.12763933837413788,0.10088340193033218,0.4598906338214874,0.37302473187446594,400.0,False,False,-1.1738300693699109,36.37054659963824,-1.1738300693699109,36.37054659963824,36.389483879112845,36.389483879112845,0.11406231481892767,0.7503300650069715,-1.1738300323486328,36.370548248291016,-1.1738300323486328,36.370548248291016,36.38948440551758,36.38948440551758,0.11406229436397552,0.7503300309181213,3.7021278043170014e-08,1.6486527769643544e-06,3.7021278043170014e-08,1.6486527769643544e-06,5.264047331365873e-07,5.264047331365873e-07,2.0454952148751815e-08,3.408885018707508e-08,,,,,,,,
foc_bus_None,71,,,,,,,,,,,,,,,,,,,,,,,,,,1.9999999494757503e-05,,,,,,,,,,,0.07741948217153549,0.6396701335906982,0.5102783441543579,0.5095422863960266,400.0,False,False,-1.6058763067907327,37.151636086150184,-1.6058763067907327,37.151636086150184,37.18632682304678,37.18632682304678,0.105904438616309,0.7527825199782401,-1.6058762073516846,37.151634216308594,-1.6058762073516846,37.151634216308594,37.18632507324219,37.18632507324219,0.10590441524982452,0.7527824640274048,9.94390481068308e-08,1.8698415900075815e-06,9.94390481068308e-08,1.8698415900075815e-06,1.7498045892239134e-06,1.7498045892239134e-06,2.33664844695447e-08,5.595083529819078e-08,,,,,,,,
foc_bus_None,72,,,,,,,,,,,,,,,,,,,,,,,,,,3.9999998989515007e-05,,,,,,,,,,,0.025893066078424454,1.173279047012329,0.5555675029754639,0.6435640454292297,400.0,False,False,-2.037565756630834,37.93590915143187,-2.037565756630834,37.93590915143187,37.99058932628299,37.99058932628299,0.0859394160031447,0.7727490715964273,-2.0375657081604004,37.935909271240234,-2.0375657081604004,37.935909271240234,37.9905891418457,37.9905891418457,0.08593939244747162,0.7727490067481995,4.847043344469171e-08,1.198083623421553e-07,4.847043344469171e-08,1.198083623421553e-07,1.844372903292424e-07,1.844372903292424e-07,2.3555673078767825e-08,6.484822778762833e-08,,,,,,,,
foc_bus_None,73,,,,,,,,,,,,,,,,,,,,,,,,,,1.9999999494757503e-05,,,,,,,,,,,-0.02607032284140587,1.6973909139633179,0.5953056216239929,0.7744336724281311,400.0,False,False,-2.444903747726266,38.69620185583977,-2.444903747726266,38.69620185583977,38.77336189194255,38.77336189194255,0.07422865188244814,0.790143588789085,-2.444903612136841,38.69620132446289,-2.444903612136841,38.69620132446289,38.77336120605469,38.77336120605469,0.07422862946987152,0.7901435494422913,1.355894250210099e-07,5.313768767223337e-07,1.355894250210099e-07,5.313768767223337e-07,6.85887862061918e-07,6.85887862061918e-07,2.2412576614061486e-08,3.934679371209171e-08,,,,,,,,
foc_bus_None,74,,,,,,,,,,,,,,,,,,,,,,,,,,3.9999998989515007e-05,,,,,,,,,,,-0.07759374380111694,2.2077629566192627,0.6290956735610962,0.9015101194381714,400.0,False,False,-2.847268516329545,39.46006061927822,-2.847268516329545,39.46006061927822,39.562650594736354,39.562650594736354,0.04759140225270421,0.8393801870013939,-2.847268581390381,39.460060119628906,-2.847268581390381,39.460060119628906,39.56264877319336,39.56264877319336,0.04759138077497482,0.839380145072937,6.506083582991096e-08,4.99649310370387e-07,6.506083582991096e-08,4.99649310370387e-07,1.8215429946621953e-06,1.8215429946621953e-06,2.1477729386654154e-08,4.192845692863045e-08,,,,,,,,
foc_bus_None,75,,,,,,,,,,,,,,,,,,,,,,,,,,1.9999999494757503e-05,,,,,,,,,,,-0.12780767679214478,2.7002644538879395,0.6565999984741211,1.024170994758606,400.0,False,False,-3.2142549930232436,40.171399826081775,-3.2142549930232436,40.171399826081775,40.299786589349296,40.299786589349296,0.03280805999214989,0.8709686888076447,-3.214254856109619,40.17140197753906,-3.214254856109619,40.17140197753906,40.29978942871094,40.29978942871094,0.03280803933739662,0.8709686398506165,1.3691362443779553e-07,2.151457287880021e-06,1.3691362443779553e-07,2.151457287880021e-06,2.8393616418043166e-06,2.8393616418043166e-06,2.0654753268845027e-08,4.895702820917336e-08,,,,,,,,
foc_bus_None,76,,,,,,,,,,,,,,,,,,,,,,,,,,3.9999998989515007e-05,,,,,,,,,,,-0.17586469650268555,3.1709084510803223,0.6775437593460083,1.141815423965454,400.0,False,False,-3.571699534718427,40.88649404847095,-3.571699534718427,40.88649404847095,41.042203073689386,41.042203073689386,0.000640528519233477,0.9474513078441322,-3.571699619293213,40.886497497558594,-3.571699619293213,40.886497497558594,41.042205810546875,41.042205810546875,0.0006405077874660492,0.9474512338638306,8.457478584134037e-08,3.4490876430481876e-06,8.457478584134037e-08,3.4490876430481876e-06,2.7368574890829223e-06,2.7368574890829223e-06,2.0731767427784042e-08,7.39803016625018e-08,,,,,,,,
foc_bus_None,77,,,,,,,,,,,,,,,,,,,,,,,,,,1.9999999494757503e-05,,,,,,,,,,,-0.2209537923336029,3.6158854961395264,0.6917177438735962,1.253867268562317,400.0,False,False,-3.884115623512531,41.52259960178939,-3.884115623512531,41.52259960178939,41.70386830819576,41.70386830819576,-0.016560139088508848,0.9919670934298466,-3.884115695953369,41.52260208129883,-3.884115695953369,41.52260208129883,41.70387268066406,41.70387268066406,-0.016560159623622894,0.9919670224189758,7.244083821689173e-08,2.479509440433958e-06,7.244083821689173e-08,2.479509440433958e-06,4.3724683038703915e-06,4.3724683038703915e-06,2.0535114046704717e-08,7.101087073912993e-08,,,,,,,,
foc_bus_None,78,,,,,,,,,,,,,,,,,,,,,,,,,,3.9999998989515007e-05,,,,,,,,,,,-0.2623140215873718,4.031593322753906,0.6989803314208984,1.3597776889801025,400.0,False,False,-4.182673341648144,42.16242822432862,-4.182673341648144,42.16242822432862,42.36938883267727,42.36938883267727,-0.05279421451066847,1.0926758606095412,-4.182673454284668,42.16243362426758,-4.182673454284668,42.16243362426758,42.36939239501953,42.36939239501953,-0.052794232964515686,1.092675805091858,1.1263652410775649e-07,5.399938956429651e-06,1.1263652410775649e-07,5.399938956429651e-06,3.562342264729068e-06,3.562342264729068e-06,1.8453847214217056e-08,5.551768333944551e-08,,,,,,,,
foc_bus_None,79,,,,,,,,,,,,,,,,,,,,,,,,,,1.9999999494757503e-05,,,,,,,,,,,-0.2992473840713501,4.41466760635376,0.6992589235305786,1.459027886390686,400.0,False,False,-4.428434929763402,42.699818459153526,-4.428434929763402,42.699818459153526,42.92884266285101,42.92884266285101,-0.07161256746672663,1.1483793359283812,-4.428435325622559,42.6998176574707,-4.428435325622559,42.6998176574707,42.92884063720703,42.92884063720703,-0.07161258161067963,1.1483793258666992,3.9585915700968144e-07,8.016828232371154e-07,3.9585915700968144e-07,8.016828232371154e-07,2.0256439796639825e-06,2.0256439796639825e-06,1.4143952994927211e-08,1.006168193207202e-08,,,,,,,,
foc_bus_None,80,,,,,,,,,,,,,,,,,,,,,,,,,,3.9999998989515007e-05,,,,,,,,,,,-0.33113059401512146,4.762007236480713,0.692550778388977,1.5511317253112793,400.0,False,False,-4.656468591569611,43.2406613861266,-4.656468591569611,43.2406613861266,43.49065988064488,43.49065988064488,-0.11019819728955246,1.2694068912019505,-4.656468868255615,43.24066162109375,-4.656468868255615,43.24066162109375,43.49066162109375,43.49066162109375,-0.11019821465015411,1.2694069147109985,2.766860038860841e-07,2.349671532897446e-07,2.766860038860841e-07,2.349671532897446e-07,1.7404488730221601e-06,1.7404488730221601e-06,1.736060165069553e-08,2.3509048041603364e-08,,,,,,,,
foc_bus_None,81,,,,,,,,,,,,,,,,,,,,,,,,,,1.9999999494757503e-05,,,,,,,,,,,-0.3574255704879761,5.070800304412842,0.6789228916168213,1.6356382369995117,400.0,False,False,-4.826239051987907,43.65947234750648,-4.826239051987907,43.65947234750648,43.9254152974063,43.9254152974063,-0.12972974255559508,1.334147686281252,-4.826238632202148,43.65947723388672,-4.826238632202148,43.65947723388672,43.925418853759766,43.925418853759766,-0.129729762673378,1.3341476917266846,4.197857581544895e-07,4.886380239099708e-06,4.197857581544895e-07,4.886380239099708e-06,3.5563534623861415e-06,3.5563534623861415e-06,2.0117782911777127e-08,5.445432549322504e-09,,,,,,,,
foc_bus_None,82,,,,,,,,,,,,,,,,,,,,,,,,,,3.9999998989515007e-05,,,,,,,,,,,-0.37768852710723877,5.338548183441162,0.6585114002227783,1.7121332883834839,400.0,False,False,-4.975034913595604,44.08121529864183,-4.975034913595604,44.08121529864183,44.36106980897451,44.36106980897451,-0.1687872343652751,1.4708381707393798,-4.975034713745117,44.08121871948242,-4.975034713745117,44.08121871948242,44.3610725402832,44.3610725402832,-0.16878725588321686,1.470838189125061,1.9985048638204717e-07,3.4208405921276608e-06,1.9985048638204717e-07,3.4208405921276608e-06,2.731308690329115e-06,2.731308690329115e-06,2.1517941761750592e-08,1.8385681199717396e-08,,,,,,,,
foc_bus_None,83,,,,,,,,,,,,,,,,,,,,,,,,,,1.9999999494757503e-05,,,,,,,,,,,-0.3915775716304779,5.563082218170166,0.6315202713012695,1.7802423238754272,400.0,False,False,-5.06270377339903,44.36589332954993,-5.06270377339903,44.36589332954993,44.65381798263382,44.65381798263382,-0.1880690517862492,1.5421314773165435,-5.062704086303711,44.36589431762695,-5.062704086303711,44.36589431762695,44.6538200378418,44.6538200378418,-0.18806907534599304,1.5421315431594849,3.1290468083255973e-07,9.88077026420342e-07,3.1290468083255973e-07,9.88077026420342e-07,2.0552079789126765e-06,2.0552079789126765e-06,2.355974385026549e-08,6.584294132139235e-08,,,,,,,,
foc_bus_None,84,,,,,,,,,,,,,,,,,,,,,,,,,,3.9999998989515007e-05,,,,,,,,,,,-0.3988582491874695,5.742586135864258,0.5982192158699036,1.8396317958831787,400.0,False,False,-5.126922075167879,44.652728372679356,-5.126922075167879,44.652728372679356,44.94609528189437,44.94609528189437,-0.22565190032537275,1.6892455651935405,-5.126922130584717,44.65272903442383,-5.126922130584717,44.65272903442383,44.94609451293945,44.94609451293945,-0.22565191984176636,1.689245581626892,5.541683822940513e-08,6.617444725520727e-07,5.541683822940513e-08,6.617444725520727e-07,7.689549192946288e-07,7.689549192946288e-07,1.9516393612306615e-08,1.6433351568423404e-08,,,,,,,,
foc_bus_None,85,,,,,,,,,,,,,,,,,,,,,,,,,,1.9999999494757503e-05,,,,,,,,,,,-0.3994077146053314,5.875606536865234,0.5589410066604614,1.8900107145309448,400.0,False,False,-5.12992331939226,44.79256810475738,-5.12992331939226,44.79256810475738,45.08536648051308,45.08536648051308,-0.24371342317651978,1.7643601121461858,-5.129923343658447,44.79256820678711,-5.129923343658447,44.79256820678711,45.085365295410156,45.085365295410156,-0.24371343851089478,1.7643600702285767,2.4266187281796192e-08,1.0202973044215469e-07,2.4266187281796192e-08,1.0202973044215469e-07,1.1851029242393452e-06,1.1851029242393452e-06,1.5334374992015398e-08,4.1917609161501446e-08,,,,,,,,
foc_bus_None,86,,,,,,,,,,,,,,,,,,,,,,,,,,3.9999998989515007e-05,,,,,,,,,,,-0.39321669936180115,5.961066722869873,0.5140779614448547,1.931132435798645,400.0,False,False,-5.1078770194749055,44.93354355111181,-5.1078770194749055,44.93354355111181,45.22293382461759,45.22293382461759,-0.277912087786285,1.9162604561429322,-5.107876777648926,44.93354415893555,-5.107876777648926,44.93354415893555,45.22293472290039,45.22293472290039,-0.27791211009025574,1.9162604808807373,2.418259796854727e-07,6.078237362316941e-07,2.418259796854727e-07,6.078237362316941e-07,8.982827992554121e-07,8.982827992554121e-07,2.2303970725889855e-08,2.473780513767565e-08,,,,,,,,
foc_bus_None,87,,,,,,,,,,,,,,,,,,,,,,,,,,1.9999999494757503e-05,,,,,,,,,,,-0.38038966059684753,5.998274803161621,0.46407845616340637,1.962795376777649,400.0,False,False,-5.02732235859594,44.923052463387805,-5.02732235859594,44.923052463387805,45.2034800952928,45.2034800952928,-0.2938273593878217,1.9923151346306318,-5.027322292327881,44.92305374145508,-5.027322292327881,44.92305374145508,45.2034797668457,45.2034797668457,-0.2938273847103119,1.9923151731491089,6.626805948428682e-08,1.2780672733470055e-06,6.626805948428682e-08,1.2780672733470055e-06,3.284470935227546e-07,3.284470935227546e-07,2.532249021580668e-08,3.851847707458944e-08,,,,,,,,
foc_bus_None,88,,,,,,,,,,,,,,,,,,,,,,,,,,3.9999998989515007e-05,,,,,,,,,,,-0.3611430823802948,5.986929416656494,0.4094420373439789,1.9848445653915405,400.0,False,False,-4.921068859251815,44.91244687878399,-4.921068859251815,44.91244687878399,45.18124393326385,45.18124393326385,-0.3228730302168513,2.1431657496298953,-4.921069145202637,44.91244888305664,-4.921069145202637,44.91244888305664,45.18124771118164,45.18124771118164,-0.322873055934906,2.1431658267974854,2.859508221320084e-07,2.00427265184544e-06,2.859508221320084e-07,2.00427265184544e-06,3.7779177901597905e-06,3.7779177901597905e-06,2.5718054685874847e-08,7.716759009568364e-08,,,,,,,,
foc_bus_None,89,,,,,,,,,,,,,,,,,,,,,,,,,,1.9999999494757503e-05,,,,,,,,,,,-0.33580178022384644,5.927122592926025,0.3507145941257477,1.9971719980239868,400.0,False,False,-4.761691873060903,44.75153271017625,-4.761691873060903,44.75153271017625,45.004148579924816,45.004148579924816,-0.3358114636992109,2.2172315785903076,-4.761692047119141,44.75153350830078,-4.761692047119141,44.75153350830078,45.004150390625,45.004150390625,-0.3358114957809448,2.2172317504882812,1.7405823804494958e-07,7.981245317978392e-07,1.7405823804494958e-07,7.981245317978392e-07,1.8107001835687697e-06,1.8107001835687697e-06,3.20817339360957e-08,1.7189797363315051e-07,,,,,,,,
foc_bus_None,90,,,,,,,,,,,,,,,,,,,,,,,,,,3.9999998989515007e-05,,,,,,,,,,,-0.30479344725608826,5.819338798522949,0.2884829342365265,1.9997172355651855,400.0,False,False,-4.576929087350614,44.58905173964525,-4.576929087350614,44.58905173964525,44.823340068667314,44.823340068667314,-0.3581738348979153,2.3612046034637078,-4.576929092407227,44.589054107666016,-4.576929092407227,44.589054107666016,44.823341369628906,44.823341369628906,-0.3581738770008087,2.3612048625946045,5.056612906173541e-09,2.3680207661413988e-06,5.056612906173541e-09,2.3680207661413988e-06,1.3009615926762308e-06,1.3009615926762308e-06,4.210289339390272e-08,2.5913089674034495e-07,,,,,,,,
foc_bus_None,91,,,,,,,,,,,,,,,,,,,,,,,,,,1.9999999494757503e-05,,,,,,,,,,,-0.26864132285118103,5.664450168609619,0.22336885333061218,1.992467999458313,400.0,False,False,-4.346837777425222,44.28302026265636,-4.346837777425222,44.28302026265636,44.4958524162206,44.4958524162206,-0.36744650657046374,2.4304086294987535,-4.346837997436523,44.28302001953125,-4.346837997436523,44.28302001953125,44.495853424072266,44.495853424072266,-0.36744654178619385,2.4304089546203613,2.200113016215255e-07,2.4312510760182704e-07,2.200113016215255e-07,2.4312510760182704e-07,1.0078516652356484e-06,1.0078516652356484e-06,3.5215730109783294e-08,3.251216078581365e-07,,,,,,,,
foc_bus_None,92,,,,,,,,,,,,,,,,,,,,,,,,,,3.9999998989515007e-05,,,,,,,,,,,-0.22795554995536804,5.463710308074951,0.15602293610572815,1.9754594564437866,400.0,False,False,-4.092609006444489,43.97379990702263,-4.092609006444489,43.97379990702263,44.16383731903846,44.16383731903846,-0.3819198105911155,2.5618912956081306,-4.09260892868042,43.97380447387695,-4.09260892868042,43.97380447387695,44.163841247558594,44.163841247558594,-0.38191986083984375,2.561891555786133,7.776406896198296e-08,4.566854322263225e-06,7.776406896198296e-08,4.566854322263225e-06,3.928520136753377e-06,3.928520136753377e-06,5.024872823389259e-08,2.6017800225375254e-07,,,,,,,,
foc_bus_None,93,,,,,,,,,,,,,,,,,,,,,,,,,,1.9999999494757503e-05,,,,,,,,,,,-0.1834227591753006,5.218744277954102,0.08711809664964676,1.948775291442871,400.0,False,False,-3.802861530594294,43.53316114718693,-3.802861530594294,43.53316114718693,43.69894592879581,43.69894592879581,-0.38701855986809813,2.6235187786546015,-3.8028616905212402,43.53316116333008,-3.8028616905212402,43.53316116333008,43.698944091796875,43.698944091796875,-0.387018620967865,2.623518943786621,1.599269463525843e-07,1.6143147263392166e-08,1.599269463525843e-07,1.6143147263392166e-08,1.8369989334132697e-06,1.8369989334132697e-06,6.109976685708673e-08,1.6513201961387836e-07,,,,,,,,
foc_bus_None,94,,,,,,,,,,,,,,,,,,,,,,,,,,3.9999998989515007e-05,,,,,,,,,,,-0.1357944905757904,4.931534767150879,0.01734279841184616,1.912545919418335,400.0,False,False,-3.4910864400815305,43.08758763772313,-3.4910864400815305,43.08758763772313,43.228785467216085,43.228785467216085,-0.39279076487664594,2.737313548451256,-3.491086483001709,43.087589263916016,-3.491086483001709,43.087589263916016,43.22878646850586,43.22878646850586,-0.392790824174881,2.737313747406006,4.2920178522365404e-08,1.6261928834637729e-06,4.2920178522365404e-08,1.6261928834637729e-06,1.0012897746491944e-06,1.0012897746491944e-06,5.9298235044469294e-08,1.989547500080846e-07,,,,,,,,
foc_bus_None,95,,,,,,,,,,,,,,,,,,,,,,,,,,1.9999999494757503e-05,,,,,,,,,,,-0.0858745127916336,4.604406833648682,-0.05260578542947769,1.8669489622116089,400.0,False,False,-3.155113845656361,42.52768710365473,-3.155113845656361,42.52768710365473,42.64456487954137,42.64456487954137,-0.39341776407448126,2.7889050587249993,-3.155113935470581,42.527687072753906,-3.155113935470581,42.527687072753906,42.64456558227539,42.64456558227539,-0.3934178352355957,2.788905143737793,8.981422006115736e-08,3.090082145718043e-08,8.981422006115736e-08,3.090082145718043e-08,7.027340203080712e-07,7.027340203080712e-07,7.116111444549489e-08,8.501279369355075e-08,,,,,,,,
foc_bus_None,96,,,,,,,,,,,,,,,,,,,,,,,,,,3.9999998989515007e-05,,,,,,,,,,,-0.03450530767440796,4.240008354187012,-0.12202874571084976,1.812207579612732,400.0,False,False,-2.799968675914624,41.96103406968121,-2.799968675914624,41.96103406968121,42.0543482268249,42.0543482268249,-0.3901187424531695,2.8804161719450154,-2.799968719482422,41.961036682128906,-2.799968719482422,41.961036682128906,42.054351806640625,42.054351806640625,-0.390118807554245,2.88041615486145,4.356779781389264e-08,2.6124476946165487e-06,4.356779781389264e-08,2.6124476946165487e-06,3.579815725629487e-06,3.579815725629487e-06,6.510107547486044e-08,1.7083565229114583e-08,,,,,,,,
foc_bus_None,97,,,,,,,,,,,,,,,,,,,,,,,,,,1.9999999494757503e-05,,,,,,,,,,,0.01744621805846691,3.8412892818450928,-0.19023244082927704,1.748590111732483,400.0,False,False,-2.4328760223581574,41.30151493907041,-2.4328760223581574,41.30151493907041,41.37310747336271,41.37310747336271,-0.38620472581187615,2.9198562348812316,-2.4328761100769043,41.301513671875,-2.4328761100769043,41.301513671875,41.37310791015625,41.37310791015625,-0.3862047791481018,2.919856309890747,8.771874693280779e-08,1.2671954081611148e-06,8.771874693280779e-08,1.2671954081611148e-06,4.367935417803892e-07,4.367935417803892e-07,5.3336225658284775e-08,7.500951548777834e-08,,,,,,,,
foc_bus_None,98,,,,,,,,,,,,,,,,,,,,,,,,,,3.9999998989515007e-05,,,,,,,,,,,0.06910331547260284,3.4114766120910645,-0.2565353810787201,1.676408052444458,400.0,False,False,-2.0500615359838044,40.633410888589495,-2.0500615359838044,40.633410888589495,40.6850934955576,40.6850934955576,-0.3739304239247487,2.9852561874099366,-2.0500617027282715,40.6334114074707,-2.0500617027282715,40.6334114074707,40.68509292602539,40.68509292602539,-0.3739304840564728,2.9852561950683594,1.6674446712272584e-07,5.188812082224104e-07,1.6674446712272584e-07,5.188812082224104e-07,5.695322116139323e-07,5.695322116139323e-07,6.013172410002099e-08,7.658422784828645e-09,,,,,,,,
foc_bus_None,99,,,,,,,,,,,,,,,,,,,,,,,,,,1.9999999494757503e-05,,,,,,,,,,,0.11959421634674072,2.954049587249756,-0.32027512788772583,1.5960149765014648,400.0,False,False,-1.6678469702244214,39.89752624289656,-1.6678469702244214,39.89752624289656,39.932371752986406,39.932371752986406,-0.3656404246414852,3.0108503919102376,-1.6678471565246582,39.89752960205078,-1.6678471565246582,39.89752960205078,39.932376861572266,39.932376861572266,-0.3656404912471771,3.010850429534912,1.8630023679300223e-07,3.3591542205613223e-06,1.8630023679300223e-07,3.3591542205613223e-06,5.10858586011409e-06,5.10858586011409e-06,6.660569190630738e-08,3.762467448709117e-08,,,,,,,,
foc_bus_None,100,,,,,,,,,,,,,,,,,,,,,,,,,,3.9999998989515007e-05,,,,,,,,,,,0.1680668145418167,2.4727108478546143,-0.380814790725708,1.5078045129776,400.0,False,False,-1.2737816192535432,39.15127451779362,-1.2737816192535432,39.15127451779362,39.171990196838145,39.171990196838145,-0.3449514260835914,3.0472206137926836,-1.2737817764282227,39.151275634765625,-1.2737817764282227,39.151275634765625,39.17198944091797,39.17198944091797,-0.34495148062705994,3.0472207069396973,1.5717467949372121e-07,1.1169720082193635e-06,1.5717467949372121e-07,1.1169720082193635e-06,7.55920176231939e-07,7.55920176231939e-07,5.454346851951897e-08,9.314701365781275e-08,,,,,,,,
foc_bus_None,101,,,,,,,,,,,,,,,,,,,,,,,,,,1.9999999494757503e-05,,,,,,,,,,,0.21370308101177216,1.971356749534607,-0.4375494420528412,1.412208914756775,400.0,False,False,-0.8925185254877219,38.36508078925508,-0.8925185254877219,38.36508078925508,38.37546108236887,38.37546108236887,-0.33267759290973115,3.057758595605473,-0.8925185203552246,38.365081787109375,-0.8925185203552246,38.365081787109375,38.37546157836914,38.37546157836914,-0.3326776623725891,3.0577588081359863,5.132497316040485e-09,9.97854293416367e-07,5.132497316040485e-09,9.97854293416367e-07,4.960002684128995e-07,4.960002684128995e-07,6.946285796560758e-08,2.1253051318836924e-07,,,,,,,,
foc_bus_None,102,,,,,,,,,,,,,,,,,,,,,,,,,,3.9999998989515007e-05,,,,,,,,,,,0.25573286414146423,1.4540454149246216,-0.4899122714996338,1.3096961975097656,400.0,False,False,-0.5035066802500527,37.566854068858795,-0.5035066802500527,37.566854068858795,37.57022815485673,37.57022815485673,-0.3045719850920666,3.063199551764814,-0.5035068988800049,37.56685256958008,-0.5035068988800049,37.56685256958008,37.57022476196289,37.57022476196289,-0.30457204580307007,3.063199758529663,2.1862995214227965e-07,1.4992787171763666e-06,2.1862995214227965e-07,1.4992787171763666e-06,3.3928938378835483e-06,3.3928938378835483e-06,6.071100344673397e-08,2.0676484924209149e-07,,,,,,,,
foc_bus_None,103,,,,,,,,,,,,,,,,,,,,,,,,,,1.9999999494757503e-05,,,,,,,,,,,0.293446809053421,0.9249643087387085,-0.537380039691925,1.2007687091827393,400.0,False,False,-0.138534674945352,36.758303729516754,-0.138534674945352,36.758303729516754,36.75856478329326,36.75856478329326,-0.28891380370049496,3.058001603073979,-0.1385347843170166,36.758304595947266,-0.1385347843170166,36.758304595947266,36.75856399536133,36.75856399536133,-0.28891387581825256,3.058001756668091,1.093716646138887e-07,8.664305113370574e-07,1.093716646138887e-07,8.664305113370574e-07,7.879319312564803e-07,7.879319312564803e-07,7.211775759907724e-08,1.535941116515005e-07,,,,,,,,
foc_bus_None,104,,,,,,,,,,,,,,,,,,,,,,,,,,3.9999998989515007e-05,,,,,,,,,,,0.32620853185653687,0.3883959949016571,-0.5794785022735596,1.085959792137146,400.0,False,False,0.23004654196847718,35.936239254233236,0.23004654196847718,35.936239254233236,35.93697557042002,35.93697557042002,-0.2547757353753816,3.0317083255136756,0.23004627227783203,35.93624496459961,0.23004627227783203,35.93624496459961,35.936981201171875,35.936981201171875,-0.2547758221626282,3.0317084789276123,2.6969064514936747e-07,5.7103663735347254e-06,2.6969064514936747e-07,5.7103663735347254e-06,5.630751857665928e-06,5.630751857665928e-06,8.678724655597492e-08,1.5341393666545855e-07,,,,,,,,
foc_bus_None,105,,,,,,,,,,,,,,,,,,,,,,,,,,1.9999999494757503e-05,,,,,,,,,,,0.3534650504589081,-0.15131619572639465,-0.6157870292663574,0.9658318758010864,400.0,False,False,0.564875663520418,35.134211643391794,0.564875663520418,35.134211643391794,35.13875228743737,35.13875228743737,-0.23650872233720754,3.010653990098736,0.564875602722168,35.134212493896484,0.564875602722168,35.134212493896484,35.13875198364258,35.13875198364258,-0.2365088164806366,3.0106542110443115,6.079824999005723e-08,8.505046906748248e-07,6.079824999005723e-08,8.505046906748248e-07,3.0379479198927584e-07,3.0379479198927584e-07,9.414342905245121e-08,2.2094557561302963e-07,,,,,,,,
foc_bus_None,106,,,,,,,,,,,,,,,,,,,,,,,,,,3.9999998989515007e-05,,,,,,,,,,,0.37475642561912537,-0.6898035407066345,-0.6459428071975708,0.8409733176231384,400.0,False,False,0.8993233293424621,34.31744157984366,0.8993233293424621,34.31744157984366,34.32922339693519,34.32922339693519,-0.19803549832472606,2.9529544062349156,0.8993231058120728,34.31744384765625,0.8993231058120728,34.31744384765625,34.329227447509766,34.329227447509766,-0.1980355978012085,2.9529545307159424,2.2353038930944535e-07,2.267812590162066e-06,2.2353038930944535e-07,2.267812590162066e-06,4.050574574421262e-06,4.050574574421262e-06,9.947648244024165e-08,1.2448102681972273e-07,,,,,,,,
foc_bus_None,107,,,,,,,,,,,,,,,,,,,,,,,,,,1.9999999494757503e-05,,,,,,,,,,,0.3897233307361603,-1.2227072715759277,-0.6696445345878601,0.7119956612586975,400.0,False,False,1.1923020092844225,33.55074216433263,1.1923020092844225,33.55074216433263,33.571921062978674,33.571921062978674,-0.17807011778761989,2.916492019990564,1.1923017501831055,33.55074691772461,1.1923017501831055,33.55074691772461,33.57192611694336,33.57192611694336,-0.17807021737098694,2.916492223739624,2.5910131706829986e-07,4.7533919769193744e-06,2.5910131706829986e-07,4.7533919769193744e-06,5.053964684975654e-06,5.053964684975654e-06,9.95833670525137e-08,2.0374905984610336e-07,,,,,,,,
foc_bus_None,108,,,,,,,,,,,,,,,,,,,,,,,,,,3.9999998989515007e-05,,,,,,,,,,,0.3981131911277771,-1.745713710784912,-0.6866553425788879,0.579530656337738,400.0,False,False,1.4812268003753064,32.76838944952199,1.4812268003753064,32.76838944952199,32.80185025192472,32.80185025192472,-0.13718192912520855,2.8288465662233464,1.4812266826629639,32.76839065551758,1.4812266826629639,32.76839065551758,32.80185317993164,32.80185317993164,-0.13718202710151672,2.8288466930389404,1.1771234253998841e-07,1.2059955878385153e-06,1.1771234253998841e-07,1.2059955878385153e-06,2.9280069213655224e-06,2.9280069213655224e-06,9.797630817764968e-08,1.268155940259419e-07,,,,,,,,
foc_bus_None,109,,,,,,,,,,,,,,,,,,,,,,,,,,1.9999999494757503e-05,,,,,,,,,,,0.3997844159603119,-2.254589557647705,-0.6968053579330444,0.44422709941864014,400.0,False,False,1.723315862839361,32.06475129784834,1.723315862839361,32.06475129784834,32.111027597322085,32.111027597322085,-0.11651504574548323,2.777983307744452,1.723315715789795,32.06475067138672,1.723315715789795,32.06475067138672,32.111026763916016,32.111026763916016,-0.1165151447057724,2.7779834270477295,1.4704956607936026e-07,6.26461620356622e-07,1.4704956607936026e-07,6.26461620356622e-07,8.334060694892287e-07,8.334060694892287e-07,9.896028917155686e-08,1.1930327747933234e-07,,,,,,,,
foc_bus_None,110,,,,,,,,,,,,,,,,,,,,,,,,,,3.9999998989515007e-05,,,,,,,,,,,0.3947087824344635,-2.74521541595459,-0.6999931335449219,0.3067477345466614,400.0,False,False,1.9581394120261277,31.344925655144795,1.9581394120261277,31.344925655144795,31.40602926642406,31.40602926642406,-0.07525243802886591,2.6629456373005866,1.9581390619277954,31.344924926757812,1.9581390619277954,31.344924926757812,31.406028747558594,31.406028747558594,-0.07525253295898438,2.6629457473754883,3.5009833232457765e-07,7.283869827290346e-07,3.5009833232457765e-07,7.283869827290346e-07,5.188654661480996e-07,5.188654661480996e-07,9.493011846051225e-08,1.1007490163805755e-07,,,,,,,,
foc_bus_None,111,,,,,,,,,,,,,,,,,,,,,,,,,,1.9999999494757503e-05,,,,,,,,,,,0.38297197222709656,-3.2136199474334717,-0.6961868405342102,0.16776590049266815,400.0,False,False,2.1433303166389073,30.73004930663885,2.1433303166389073,30.73004930663885,30.804704108864257,30.804704108864257,-0.0549140673249734,2.599218335948113,2.1433300971984863,30.73004913330078,2.1433300971984863,30.73004913330078,30.804704666137695,30.804704666137695,-0.05491416156291962,2.5992183685302734,2.1944042094546035e-07,1.7333806923147677e-07,2.1944042094546035e-07,1.7333806923147677e-07,5.572734380621114e-07,5.572734380621114e-07,9.423794621737924e-08,3.258216052515195e-08,,,,,,,,
foc_bus_None,112,,,,,,,,,,,,,,,,,,,,,,,,,,3.9999998989515007e-05,,,,,,,,,,,0.3647720217704773,-3.6560118198394775,-0.6854243874549866,0.02796235680580139,400.0,False,False,2.3186133119320584,30.09887956488979,2.3186133119320584,30.09887956488979,30.188052582967465,30.188052582967465,-0.015329006015839412,2.4603582690475587,2.318613290786743,30.098878860473633,2.318613290786743,30.098878860473633,30.188051223754883,30.188051223754883,-0.01532910019159317,2.4603583812713623,2.11453152765273e-08,7.04416155627996e-07,2.11453152765273e-08,7.04416155627996e-07,1.3592125824857249e-06,1.3592125824857249e-06,9.417575375786358e-08,1.1222380358333339e-07,,,,,,,,
foc_bus_None,113,,,,,,,,,,,,,,,,,,,,,,,,,,1.9999999494757503e-05,,,,,,,,,,,0.3404161334037781,-4.068809986114502,-0.6678134799003601,-0.11197814345359802,400.0,False,False,2.4441108919408365,29.595540071083782,2.4441108919408365,29.595540071083782,29.696290511631748,29.696290511631748,0.0036725972584298362,2.3857858225481543,2.444110870361328,29.595542907714844,2.444110870361328,29.595542907714844,29.696292877197266,29.696292877197266,0.0036725029349327087,2.3857860565185547,2.1579508402425063e-08,2.8366310615979273e-06,2.1579508402425063e-08,2.8366310615979273e-06,2.365565517692403e-06,2.365565517692403e-06,9.432349712748533e-08,2.3397040038730665e-07,,,,,,,,
foc_bus_None,114,,,,,,,,,,,,,,,,,,,,,,,,,,3.9999998989515007e-05,,,,,,,,,,,0.3103152811527252,-4.448673248291016,-0.6435299515724182,-0.2513701915740967,400.0,False,False,2.5576985202320786,29.07627148121641,2.5576985202320786,29.07627148121641,29.188548867146444,29.188548867146444,0.03962589293261436,2.2275768462332444,2.5576984882354736,29.076274871826172,2.5576984882354736,29.076274871826172,29.188552856445312,29.188552856445312,0.03962579742074013,2.2275772094726562,3.199660492114731e-08,3.3906097627323106e-06,3.199660492114731e-08,3.3906097627323106e-06,3.989298868134483e-06,3.989298868134483e-06,9.551187422907059e-08,3.6323941188243225e-07,,,,,,,,
foc_bus_None,115,,,,,,,,,,,,,,,,,,,,,,,,,,1.9999999494757503e-05,,,,,,,,,,,0.2749774754047394,-4.7925262451171875,-0.6128165125846863,-0.3895309865474701,400.0,False,False,2.6239176447286,28.70352847024193,2.6239176447286,28.70352847024193,28.823210967002048,28.823210967002048,0.0563577057324509,2.144595779204624,2.623917579650879,28.703529357910156,2.623917579650879,28.703529357910156,28.823211669921875,28.823211669921875,0.05635761097073555,2.1445960998535156,6.507772098984788e-08,8.876682251468537e-07,6.507772098984788e-08,8.876682251468537e-07,7.029198272334725e-07,7.029198272334725e-07,9.476171534961164e-08,3.206488914386796e-07,,,,,,,,
foc_bus_None,116,,,,,,,,,,,,,,,,,,,,,,,,,,3.9999998989515007e-05,,,,,,,,,,,0.23499912023544312,-5.097586154937744,-0.575980007648468,-0.525783896446228,400.0,False,False,2.6768944990610013,28.31572091459396,2.6768944990610013,28.31572091459396,28.44197277040179,28.44197277040179,0.08692594822090965,1.9722708016043906,2.676894426345825,28.31572151184082,2.676894426345825,28.31572151184082,28.441972732543945,28.441972732543945,0.08692584931850433,1.9722710847854614,7.271517610263345e-08,5.972468599679814e-07,7.271517610263345e-08,5.972468599679814e-07,3.7857844858990575e-08,3.7857844858990575e-08,9.890240532106631e-08,2.831810708148197e-07,,,,,,,,
foc_bus_None,117,,,,,,,,,,,,,,,,,,,,,,,,,,1.9999999494757503e-05,,,,,,,,,,,0.19105485081672668,-5.361383438110352,-0.5333884954452515,-0.659461498260498,400.0,False,False,2.6872744512932147,28.08825166355707,2.6872744512932147,28.08825166355707,28.21650803150329,28.21650803150329,0.10057917252488743,1.883656011730471,2.687274217605591,28.088253021240234,2.687274217605591,28.088253021240234,28.216508865356445,28.216508865356445,0.10057907551527023,1.8836562633514404,2.3368762391839937e-07,1.357683164115997e-06,2.3368762391839937e-07,1.357683164115997e-06,8.3385315363671e-07,8.3385315363671e-07,9.700961720038315e-08,2.516209693936844e-07,,,,,,,,
foc_bus_None,118,,,,,,,,,,,,,,,,,,,,,,,,,,3.9999998989515007e-05,,,,,,,,,,,0.14388631284236908,-5.581782817840576,-0.4854675531387329,-0.7899090647697449,400.0,False,False,2.6837381429711744,27.84709842565151,2.6837381429711744,27.84709842565151,27.976120909589326,27.976120909589326,0.12430141262317167,1.703035877596861,2.6837382316589355,27.847097396850586,2.6837382316589355,27.847097396850586,27.976119995117188,27.976119995117188,0.12430131435394287,1.7030360698699951,8.868776113502008e-08,1.0288009235637219e-06,8.868776113502008e-08,1.0288009235637219e-06,9.14472138902056e-07,9.14472138902056e-07,9.826922879596633e-08,1.922731340808781e-07,,,,,,,,
foc_bus_None,119,,,,,,,,,,,,,,,,,,,,,,,,,,1.9999999494757503e-05,,,,,,,,,,,0.09428951144218445,-5.756999969482422,-0.43269598484039307,-0.9164876937866211,400.0,False,False,2.6443887522809795,27.77468292367584,2.6443887522809795,27.77468292367584,27.900283213328148,27.900283213328148,0.13423324680014975,1.6118091444268483,2.6443886756896973,27.774681091308594,2.6443886756896973,27.774681091308594,27.90028190612793,27.90028190612793,0.13423314690589905,1.6118093729019165,7.659128220538491e-08,1.8323672463793628e-06,7.659128220538491e-08,1.8323672463793628e-06,1.307200218292337e-06,1.307200218292337e-06,9.989425070466851e-08,2.2847506819800856e-07,,,,,,,,
foc_bus_None,120,,,,,,,,,,,,,,,,,,,,,,,,,,3.9999998989515007e-05,,,,,,,,,,,0.04310145974159241,-5.885617256164551,-0.37560105323791504,-1.0385773181915283,400.0,False,False,2.591058968124927,27.690479268113847,2.591058968124927,27.690479268113847,27.811440607673372,27.811440607673372,0.1500154038338099,1.4291096308625328,2.5910587310791016,27.69047737121582,2.5910587310791016,27.69047737121582,27.811439514160156,27.811439514160156,0.15001530945301056,1.429109811782837,2.3704582563510712e-07,1.8968980270983593e-06,2.3704582563510712e-07,1.8968980270983593e-06,1.093513215977282e-06,1.093513215977282e-06,9.438079934254162e-08,1.8092030407146353e-07,,,,,,,,
foc_bus_None,121,,,,,,,,,,,,,,,,,,,,,,,,,,1.9999999494757503e-05,,,,,,,,,,,-0.008813979104161263,-5.966593265533447,-0.3147532343864441,-1.1555800437927246,400.0,False,False,2.510264454629198,27.77764613650428,2.510264454629198,27.77764613650428,27.890841731956137,27.890841731956137,0.15578128918193812,1.33843885172603,2.5102643966674805,27.77764892578125,2.5102643966674805,27.77764892578125,27.890844345092773,27.890844345092773,0.15578119456768036,1.3384389877319336,5.7961717647714295e-08,2.789276969394905e-06,5.7961717647714295e-08,2.789276969394905e-06,2.6131366368531417e-06,2.6131366368531417e-06,9.461425776180477e-08,1.3600590365037135e-07,,,,,,,,
foc_bus_None,122,,,,,,,,,,,,,,,,,,,,,,,,,,3.9999998989515007e-05,,,,,,,,,,,-0.060580674558877945,-5.999272346496582,-0.2507604956626892,-1.2669225931167603,400.0,False,False,2.415954218513466,27.85542206755255,2.415954218513466,27.85542206755255,27.959995946842458,27.959995946842458,0.16294973863769918,1.16006235616939,2.415954113006592,27.855422973632812,2.415954113006592,27.855422973632812,27.959997177124023,27.959997177124023,0.16294965147972107,1.160062551498413,1.0550687434829342e-07,9.060802632632203e-07,1.0550687434829342e-07,9.060802632632203e-07,1.2302815655118593e-06,1.2302815655118593e-06,8.715797811253978e-08,1.9532902317820344e-07,,,,,,,,
foc_bus_None,123,,,,,,,,,,,,,,,,,,,,,,,,,,1.9999999494757503e-05,,,,,,,,,,,-0.11132499575614929,-5.9833903312683105,-0.1842622607946396,-1.372059941291809,400.0,False,False,2.303568146639812,28.1012786779393,2.303568146639812,28.1012786779393,28.195536695395948,28.195536695395948,0.1643243510830029,1.0731549002876284,2.303568124771118,28.10127830505371,2.303568124771118,28.10127830505371,28.19553565979004,28.19553565979004,0.16432426869869232,1.0731550455093384,2.1868693966808905e-08,3.728855872964232e-07,2.1868693966808905e-08,3.728855872964232e-07,1.0356059085836478e-06,1.0356059085836478e-06,8.238431056795115e-08,1.4522170999065054e-07,,,,,,,,
foc_bus_None,124,,,,,,,,,,,,,,,,,,,,,,,,,,3.9999998989515007e-05,,,,,,,,,,,-0.16019056737422943,-5.919075012207031,-0.11592292040586472,-1.4704768657684326,400.0,False,False,2.1785534885285074,28.340608343122614,2.1785534885285074,28.340608343122614,28.424218134552987,28.424218134552987,0.1626557703262412,0.9054738562281207,2.178553581237793,28.34061050415039,2.178553581237793,28.34061050415039,28.42422103881836,28.42422103881836,0.16265568137168884,0.9054740071296692,9.270928558180458e-08,2.1610277762817987e-06,9.270928558180458e-08,2.1610277762817987e-06,2.904265372194459e-06,2.904265372194459e-06,8.895455236301864e-08,1.5090154847907655e-07,,,,,,,,
foc_bus_None,125,,,,,,,,,,,,,,,,,,,,,,,,,,1.9999999494757503e-05,,,,,,,,,,,-0.20635274052619934,-5.806848049163818,-0.04642532765865326,-1.561691403388977,400.0,False,False,2.045322424857351,28.73884758901267,2.045322424857351,28.73884758901267,28.811537698743603,28.811537698743603,0.1596416977262206,0.82546749522094,2.0453221797943115,28.738849639892578,2.0453221797943115,28.738849639892578,28.811540603637695,28.811540603637695,0.15964160859584808,0.8254676461219788,2.450630396388931e-07,2.05087990678976e-06,2.450630396388931e-07,2.05087990678976e-06,2.9048940923814826e-06,2.9048940923814826e-06,8.913037252700207e-08,1.5090103877568595e-07,,,,,,,,
foc_bus_None,126,,,,,,,,,,,,,,,,,,,,,,,,,,3.9999998989515007e-05,,,,,,,,,,,-0.24903245270252228,-5.647617340087891,0.023536132648587227,-1.645256757736206,400.0,False,False,1.9006486859666838,29.133838058623677,1.9006486859666838,29.133838058623677,29.195769992476244,29.195769992476244,0.1493677679476708,0.6746064870877091,1.900648832321167,29.133838653564453,1.900648832321167,29.133838653564453,29.195770263671875,29.195770263671875,0.14936767518520355,0.6746066808700562,1.4635448319921807e-07,5.949407757555036e-07,1.4635448319921807e-07,5.949407757555036e-07,2.711956312850816e-07,2.711956312850816e-07,9.276246723532999e-08,1.937823470576916e-07,,,,,,,,
foc_bus_None,127,,,,,,,,,,,,,,,,,,,,,,,,,,1.9999999494757503e-05,,,,,,,,,,,-0.2875094413757324,-5.442671298980713,0.09326242655515671,-1.7207636833190918,400.0,False,False,1.7575095519398818,29.672931101905448,1.7575095519398818,29.672931101905448,29.724933641702002,29.724933641702002,0.14219154947823506,0.6044615409335142,1.757509469985962,29.672935485839844,1.757509469985962,29.672935485839844,29.724937438964844,29.724937438964844,0.14219145476818085,0.6044617295265198,8.1953919872646e-08,4.3839343959461985e-06,8.1953919872646e-08,4.3839343959461985e-06,3.7972628419424836e-06,3.7972628419424836e-06,9.471005421590739e-08,1.8859300554563418e-07,,,,,,,,
foc_bus_None,128,,,,,,,,,,,,,,,,,,,,,,,,,,3.9999998989515007e-05,,,,,,,,,,,-0.3211343586444855,-5.19366979598999,0.16205687820911407,-1.7878422737121582,0.0,False,False,-0.9683719564387026,-5.297635952739058,-0.9683719564387026,-5.297635952739058,5.385414648267149,5.385414648267149,0.12397861848088707,0.47608565800973274,-0.968372106552124,-5.297636032104492,-0.968372106552124,-5.297636032104492,5.3854146003723145,5.3854146003723145,0.12397852540016174,0.4760858416557312,1.501134214709765e-07,7.936543422459863e-08,1.501134214709765e-07,7.936543422459863e-08,4.7894834764861116e-08,4.7894834764861116e-08,9.308072532188127e-08,1.836459984638772e-07,,,,,,,,
foc_bus_None,129,,,,,,,,,,,,,,,,,,,,,,,,,,1.9999999494757503e-05,,,,,,,,,,,-0.3493397533893585,-4.902627944946289,0.22923210263252258,-1.8461639881134033,0.0,False,False,-1.194903007669646,-4.762981797070507,-1.194903007669646,-4.762981797070507,4.9105792730555695,4.9105792730555695,0.11307456177721924,0.41848199832400773,-1.1949031352996826,-4.762981414794922,-1.1949031352996826,-4.762981414794922,4.910578727722168,4.910578727722168,0.11307446658611298,0.4184821844100952,1.2763003653937233e-07,3.8227558540882e-07,1.2763003653937233e-07,3.8227558540882e-07,5.453334015470546e-07,5.453334015470546e-07,9.519110626132754e-08,1.8608608748360567e-07,,,,,,,,
foc_bus_None,130,,,,,,,,,,,,,,,,,,,,,,,,,,3.9999998989515007e-05,,,,,,,,,,,-0.3716495931148529,-4.571901321411133,0.29411691427230835,-1.8954432010650635,0.0,False,False,-1.4171187243853391,-4.219661495639312,-1.4171187243853391,-4.219661495639312,4.451265956644753,4.451265956644753,0.08797981970709012,0.31759824186233143,-1.417118787765503,-4.219661235809326,-1.417118787765503,-4.219661235809326,4.451265811920166,4.451265811920166,0.08797972649335861,0.317598432302475,6.338016378393263e-08,2.598299859712938e-07,6.338016378393263e-08,2.598299859712938e-07,1.4472458698122637e-07,1.4472458698122637e-07,9.321373151127688e-08,1.904401435437464e-07,,,,,,,,
foc_bus_None,131,,,,,,,,,,,,,,,,,,,,,,,,,,1.9999999494757503e-05,,,,,,,,,,,-0.38768741488456726,-4.20416784286499,0.35606303811073303,-1.9354385137557983,0.0,False,False,-1.6074341495122144,-3.571217775728898,-1.6074341495122144,-3.571217775728898,3.916304501274143,3.916304501274143,0.07396272394200908,0.2748406258594104,-1.6074342727661133,-3.5712172985076904,-1.6074342727661133,-3.5712172985076904,3.916304111480713,3.916304111480713,0.07396262884140015,0.2748408317565918,1.2325389886491678e-07,4.772212074399818e-07,1.2325389886491678e-07,4.772212074399818e-07,3.897934299779138e-07,3.897934299779138e-07,9.510060892947703e-08,2.058971814156152e-07,,,,,,,,
foc_bus_None,132,,,,,,,,,,,,,,,,,,,,,,,,,,3.9999998989515007e-05,,,,,,,,,,,-0.39718255400657654,-3.802402973175049,0.4144514501094818,-1.9659541845321655,0.0,False,False,-1.7914914407526938,-2.907616419251932,-1.7914914407526938,-2.907616419251932,3.4152122662864732,3.4152122662864732,0.04336979719870836,0.20561934758144734,-1.7914915084838867,-2.907616138458252,-1.7914915084838867,-2.907616138458252,3.4152121543884277,3.4152121543884277,0.043369702994823456,0.20561954379081726,6.773119287650786e-08,2.807936798632227e-07,6.773119287650786e-08,2.807936798632227e-07,1.1189804549616156e-07,1.1189804549616156e-07,9.420388490111176e-08,1.962093699181544e-07,,,,,,,,
foc_bus_None,133,,,,,,,,,,,,,,,,,,,,,,,,,,1.9999999494757503e-05,,,,,,,,,,,-0.3999747335910797,-3.3698596954345703,0.4686988294124603,-1.9868404865264893,0.0,False,False,-1.936812248373792,-2.165005999052507,-1.936812248373792,-2.165005999052507,2.904908374008393,2.904908374008393,0.026998337561705995,0.17955427075609756,-1.9368122816085815,-2.165005683898926,-1.9368122816085815,-2.165005683898926,2.9049081802368164,2.9049081802368164,0.02699824422597885,0.17955446243286133,3.32347895870555e-08,3.1515358100975277e-07,3.32347895870555e-08,3.1515358100975277e-07,1.937715765620851e-07,1.937715765620851e-07,9.333572714362304e-08,1.91676763766635e-07,,,,,,,,
foc_bus_None,134,,,,,,,,,,,,,,,,,,,,,,,,,,3.9999998989515007e-05,,,,,,,,,,,-0.3960168659687042,-2.910039186477661,0.5182631015777588,-1.9979952573776245,0.0,False,False,-2.0743766227123897,-1.4009638714134909,-2.0743766227123897,-1.4009638714134909,2.50314564935034,2.50314564935034,-0.0074636242685880184,0.14517659194011764,-2.0743765830993652,-1.4009636640548706,-2.0743765830993652,-1.4009636640548706,2.503145456314087,2.503145456314087,-0.007463715970516205,0.14517678320407867,3.9613024416240705e-08,2.0735862027443375e-07,3.9613024416240705e-08,2.0735862027443375e-07,1.9303625320432616e-07,1.9303625320432616e-07,9.170192818638845e-08,1.9126396103019694e-07,,,,,,,,
foc_bus_None,135,,,,,,,,,,,,,,,,,,,,,,,,,,1.9999999494757503e-05,,,,,,,,,,,-0.3853757083415985,-2.4266629219055176,0.5626490712165833,-1.999363899230957,0.0,False,False,-2.168530482051261,-0.5872542284126849,-2.168530482051261,-0.5872542284126849,2.2466401537349174,2.2466401537349174,-0.02533057691274439,0.13712349927034725,-2.1685304641723633,-0.587253987789154,-2.1685304641723633,-0.587253987789154,2.2466399669647217,2.2466399669647217,-0.025330668315291405,0.1371236890554428,1.7878897917711356e-08,2.4062353087828114e-07,1.7878897917711356e-08,2.4062353087828114e-07,1.867701957536383e-07,1.867701957536383e-07,9.140254701375805e-08,1.8978509555567236e-07,,,,,,,,
foc_bus_None,136,,,,,,,,,,,,,,,,,,,,,,,,,,3.9999998989515007e-05,,,,,,,,,,,-0.3682309091091156,-1.9236440658569336,0.6014132499694824,-1.9909396171569824,0.0,False,False,-2.2539542245814213,0.2537427062223462,-2.2539542245814213,0.2537427062223462,2.268192012918985,2.268192012918985,-0.06187938163916537,0.13966007100173328,-2.2539541721343994,0.25374287366867065,-2.2539541721343994,0.25374287366867065,2.2681920528411865,2.2681920528411865,-0.0618794709444046,0.13966025412082672,5.2447021836599106e-08,1.67446324472742e-07,5.2447021836599106e-08,1.67446324472742e-07,3.992220154458437e-08,3.992220154458437e-08,8.930523923145195e-08,1.831190934442617e-07,,,,,,,,
foc_bus_None,137,,,,,,,,,,,,,,,,,,,,,,,,,,1.9999999494757503e-05,,,,,,,,,,,-0.34487172961235046,-1.4050542116165161,0.6341683268547058,-1.9727637767791748,0.0,False,False,-2.2936470148213566,1.112767802284579,-2.2936470148213566,1.112767802284579,2.5493271289499457,2.5493271289499457,-0.08033086381854604,0.1503594114990597,-2.293646812438965,1.1127679347991943,-2.293646812438965,1.1127679347991943,2.5493268966674805,2.5493268966674805,-0.08033095300197601,0.1503596007823944,2.0238239173409056e-07,1.3251461528085429e-07,2.0238239173409056e-07,1.3251461528085429e-07,2.3228246526230123e-07,2.3228246526230123e-07,8.91834299743266e-08,1.8928333470058512e-07,,,,,,,,
foc_bus_None,138,,,,,,,,,,,,,,,,,,,,,,,,,,3.9999998989515007e-05,,,,,,,,,,,-0.3156924545764923,-0.8750911355018616,0.660586953163147,-1.9449251890182495,0.0,False,False,-2.3242049226155794,2.004318499151753,-2.3242049226155794,2.004318499151753,3.069074969490388,3.069074969490388,-0.11712977102364752,0.19068467468509454,-2.324204921722412,2.0043184757232666,-2.324204921722412,2.0043184757232666,3.069074869155884,3.069074869155884,-0.1171298623085022,0.19068485498428345,8.931673178835808e-10,2.3428486262133674e-08,8.931673178835808e-10,2.3428486262133674e-08,1.0033450426050194e-07,1.0033450426050194e-07,9.128485467524428e-08,1.8029918891215857e-07,,,,,,,,
foc_bus_None,139,,,,,,,,,,,,,,,,,,,,,,,,,,1.9999999494757503e-05,,,,,,,,,,,-0.28118544816970825,-0.33804458379745483,0.6804052591323853,-1.9075604677200317,0.0,False,False,-2.3091207960586835,2.8809829094500645,-2.3091207960586835,2.8809829094500645,3.6921675714049123,3.6921675714049123,-0.13525239397706257,0.22026456181142562,-2.3091208934783936,2.8809831142425537,-2.3091208934783936,2.8809831142425537,3.6921677589416504,3.6921677589416504,-0.13525249063968658,0.2202647477388382,9.741971007670713e-08,2.047924891890318e-07,9.741971007670713e-08,2.047924891890318e-07,1.8753673813876048e-07,1.8753673813876048e-07,9.666262401619719e-08,1.8592741257705825e-07,,,,,,,,
foc_bus_None,140,,,,,,,,,,,,,,,,,,,,,,,,,,3.9999998989515007e-05,,,,,,,,,,,-0.24193312227725983,0.20173828303813934,0.693425178527832,-1.860852599143982,0.0,False,False,-2.285073654384869,3.79461246891191,-2.285073654384869,3.79461246891191,4.429519770266926,4.429519770266926,-0.17050886158456882,0.2980098157559297,-2.2850735187530518,3.794612407684326,-2.2850735187530518,3.794612407684326,4.4295196533203125,4.4295196533203125,-0.1705089509487152,0.298009991645813,1.3563181733289298e-07,6.122758389182081e-08,1.3563181733289298e-07,6.122758389182081e-08,1.1694661328220946e-07,1.1694661328220946e-07,8.936414638838208e-08,1.758898832693312e-07,,,,,,,,
foc_bus_None,141,,,,,,,,,,,,,,,,,,,,,,,,,,1.9999999494757503e-05,,,,,,,,,,,-0.19859787821769714,0.7398881912231445,0.6995165944099426,-1.805030107498169,0.0,False,False,-2.2178028386418855,4.660239772651835,-2.2178028386418855,4.660239772651835,5.161054559844725,5.161054559844725,-0.1874351794377244,0.34597262823398706,-2.2178030014038086,4.660240173339844,-2.2178030014038086,4.660240173339844,5.161055088043213,5.161055088043213,-0.18743526935577393,0.34597280621528625,1.6276192305042514e-07,4.0068800899462076e-07,1.6276192305042514e-07,4.0068800899462076e-07,5.281984876148726e-07,5.281984876148726e-07,8.991804953395466e-08,1.7798129919865957e-07,,,,,,,,
foc_bus_None,142,,,,,,,,,,,,,,,,,,,,,,,,,,3.9999998989515007e-05,,,,,,,,,,,-0.15191106498241425,1.272049069404602,0.6986186504364014,-1.7403666973114014,0.0,False,False,-2.1422869867527776,5.566310836888549,-2.1422869867527776,5.566310836888549,5.964328115259354,5.964328115259354,-0.2194942025255342,0.45951963883746183,-2.142287015914917,5.566311359405518,-2.142287015914917,5.566311359405518,5.964328765869141,5.964328765869141,-0.2194942831993103,0.45951980352401733,2.9162139369987017e-08,5.225169683598097e-07,2.9162139369987017e-08,5.225169683598097e-07,6.506097864900084e-07,6.506097864900084e-07,8.067377610387894e-08,1.646865555038346e-07,,,,,,,,
foc_bus_None,143,,,,,,,,,,,,,,,,,,,,,,,,,,1.9999999494757503e-05,,,,,,,,,,,-0.10266055166721344,1.7939132452011108,0.6907403469085693,-1.6671788692474365,0.0,False,False,-2.0280886863597924,6.392157913633799,-2.0280886863597924,6.392157913633799,6.706178234476906,6.706178234476906,-0.23444703560368543,0.5247491246476691,-2.0280885696411133,6.392157554626465,-2.0280885696411133,6.392157554626465,6.706177711486816,6.706177711486816,-0.23444712162017822,0.5247492790222168,1.1671867916618339e-07,3.590073340831168e-07,1.1671867916618339e-07,3.590073340831168e-07,5.229900894576645e-07,5.229900894576645e-07,8.601649278960899e-08,1.5437454770061976e-07,,,,,,,,
foc_bus_None,144,,,,,,,,,,,,,,,,,,,,,,,,,,3.9999998989515007e-05,,,,,,,,,,,-0.05167751759290695,2.3012564182281494,0.6759604215621948,-1.5858253240585327,0.0,False,False,-1.9068452065810804,7.260831694532763,-1.9068452065810804,7.260831694532763,7.507045726395488,7.507045726395488,-0.26187389802606764,0.6712649265780104,-1.906845211982727,7.260831356048584,-1.906845211982727,7.260831356048584,7.507045269012451,7.507045269012451,-0.2618739902973175,0.6712650656700134,5.4016466854989176e-09,3.3848417935189445e-07,5.4016466854989176e-09,3.3848417935189445e-07,4.573830372223142e-07,4.573830372223142e-07,9.227124986299629e-08,1.3909200302641977e-07,,,,,,,,
foc_bus_None,145,,,,,,,,,,,,,,,,,,,,,,,,,,1.9999999494757503e-05,,,,,,,,,,,0.00017763137293513864,2.7899723052978516,0.6544265151023865,-1.496704339981079,0.0,False,False,-1.7532648509376048,8.019032942139564,-1.7532648509376048,8.019032942139564,8.208460693982325,8.208460693982325,-0.27420420212269053,0.7520537944150977,-1.7532649040222168,8.01903247833252,-1.7532649040222168,8.01903247833252,8.208459854125977,8.208459854125977,-0.274204283952713,0.7520539164543152,5.308461203945569e-08,4.6380704432635866e-07,5.308461203945569e-08,4.6380704432635866e-07,8.398563480227494e-07,8.398563480227494e-07,8.183002248030036e-08,1.220392175094176e-07,,,,,,,,
foc_bus_None,146,,,,,,,,,,,,,,,,,,,,,,,,,,3.9999998989515007e-05,,,,,,,,,,,0.05202978476881981,3.2561044692993164,0.6263538002967834,-1.4002524614334106,0.0,False,False,-1.5942266768065203,8.821244729880402,-1.5942266768065203,8.821244729880402,8.964146210403104,8.964146210403104,-0.2958522016457032,0.9275658919247496,-1.5942267179489136,8.821244239807129,-1.5942267179489136,8.821244239807129,8.96414566040039,8.96414566040039,-0.29585227370262146,0.9275659918785095,4.114239327002167e-08,4.900732726298429e-07,4.114239327002167e-08,4.900732726298429e-07,5.500027135951768e-07,5.500027135951768e-07,7.20569182655062e-08,9.99537599355449e-08,,,,,,,,
foc_bus_None,147,,,,,,,,,,,,,,,,,,,,,,,,,,1.9999999494757503e-05,,,,,,,,,,,0.10300387442111969,3.6958799362182617,0.5920227766036987,-1.2969422340393066,0.0,False,False,-1.410593677948202,9.48573392879053,-1.410593677948202,9.48573392879053,9.590042893130107,9.590042893130107,-0.30506849826135224,1.0216631341068156,-1.4105937480926514,9.485733032226562,-1.4105937480926514,9.485733032226562,9.590042114257812,9.590042114257812,-0.30506858229637146,1.0216631889343262,7.014444936004338e-08,8.96563967955899e-07,7.014444936004338e-08,8.96563967955899e-07,7.788722946600046e-07,7.788722946600046e-07,8.40350192210515e-08,5.4827510531652024e-08,,,,,,,,
foc_bus_None,148,,,,,,,,,,,,,,,,,,,,,,,,,,3.9999998989515007e-05,,,,,,,,,,,0.15223965048789978,4.105739116668701,0.5517764687538147,-1.187279462814331,0.0,False,False,-1.223361248199471,10.194151020702956,-1.223361248199471,10.194151020702956,10.267294082497846,10.267294082497846,-0.3201282426171503,1.2211729240267304,-1.2233612537384033,10.194150924682617,-1.2233612537384033,10.194150924682617,10.267293930053711,10.267293930053711,-0.32012832164764404,1.2211729288101196,5.538932423831966e-09,9.602033834710255e-08,5.538932423831966e-09,9.602033834710255e-08,1.524441355371664e-07,1.524441355371664e-07,7.903049376034588e-08,4.783389240259339e-09,,,,,,,,
foc_bus_None,149,,,,,,,,,,,,,,,,,,,,,,,,,,1.9999999494757503e-05,,,,,,,,,,,0.19890618324279785,4.482364177703857,0.5060169696807861,-1.0718015432357788,0.0,False,False,-1.0202016547783956,10.74153674302272,-1.0202016547783956,10.74153674302272,10.78987595008023,10.78987595008023,-0.325916207231698,1.3258495295897972,-1.0202016830444336,10.741537094116211,-1.0202016830444336,10.741537094116211,10.789875984191895,10.789875984191895,-0.3259162902832031,1.3258495330810547,2.8266037954693957e-08,3.510934902806184e-07,2.8266037954693957e-08,3.510934902806184e-07,3.4111664604097314e-08,3.4111664604097314e-08,8.305150511755954e-08,3.4912575053169803e-09,,,,,,,,
foc_bus_None,150,,,,,,,,,,,,,,,,,,,,,,,,,,3.9999998989515007e-05,,,,,,,,,,,0.24221594631671906,4.822706699371338,0.45520147681236267,-0.9510738849639893,0.0,False,False,-0.8154407255095149,11.331469512668027,-0.8154407255095149,11.331469512668027,11.360772196173308,11.360772196173308,-0.3339442724665111,1.5434806854465997,-0.8154407739639282,11.331469535827637,-0.8154407739639282,11.331469535827637,11.360772132873535,11.360772132873535,-0.3339443504810333,1.543480634689331,4.8454413370535576e-08,2.3159609341405485e-08,4.8454413370535576e-08,2.3159609341405485e-08,6.329977253471952e-08,6.329977253471952e-08,7.801452223121785e-08,5.0757268610368556e-08,,,,,,,,
foc_bus_None,151,,,,,,,,,,,,,,,,,,,,,,,,,,1.9999999494757503e-05,,,,,,,,,,,0.28143802285194397,5.124011516571045,0.39983782172203064,-0.825687825679779,0.0,False,False,-0.6038421557534063,11.7418264312927,-0.6038421557534063,11.7418264312927,11.75734295203082,11.75734295203082,-0.3361756947300466,1.6556117169208036,-0.6038422584533691,11.741827011108398,-0.6038422584533691,11.741827011108398,11.757343292236328,11.757343292236328,-0.3361757695674896,1.6556116342544556,1.0269996286726979e-07,5.798156976766222e-07,1.0269996286726979e-07,5.798156976766222e-07,3.4020550820912376e-07,3.4020550820912376e-07,7.483744302039241e-08,8.266634798914652e-08,,,,,,,,
foc_bus_None,152,,,,,,,,,,,,,,,,,,,,,,,,,,3.9999998989515007e-05,,,,,,,,,,,0.3159104883670807,5.3838396072387695,0.3404790759086609,-0.6962575912475586,0.0,False,False,-0.39264397195559464,12.192060260407683,-0.39264397195559464,12.192060260407683,12.198381150059435,12.198381150059435,-0.33710175868872033,1.884788867264596,-0.3926440477371216,12.192059516906738,-0.3926440477371216,12.192059516906738,12.198380470275879,12.198380470275879,-0.33710184693336487,1.8847887516021729,7.578152694254214e-08,7.43500944366815e-07,7.578152694254214e-08,7.43500944366815e-07,6.79783555668223e-07,6.79783555668223e-07,8.824464453605074e-08,1.1566242319460684e-07,,,,,,,,
foc_bus_None,153,,,,,,,,,,,,,,,,,,,,,,,,,,1.9999999494757503e-05,,,,,,,,,,,0.3450515866279602,5.600088596343994,0.2777183949947357,-0.5634170770645142,0.0,False,False,-0.18361259679665953,12.449618827247816,-0.18361259679665953,12.449618827247816,12.45097275434597,12.45097275434597,-0.33583276343434376,2.000949400579032,-0.18361270427703857,12.44961929321289,-0.18361270427703857,12.44961929321289,12.450973510742188,12.450973510742188,-0.3358328640460968,2.0009493827819824,1.0748037904129149e-07,4.6596507452534297e-07,1.0748037904129149e-07,4.6596507452534297e-07,7.563962167722593e-07,7.563962167722593e-07,1.0061175303999192e-07,1.779704961180073e-08,,,,,,,,
foc_bus_None,154,,,,,,,,,,,,,,,,,,,,,,,,,,3.9999998989515007e-05,,,,,,,,,,,0.36836951971054077,5.771007061004639,0.21218284964561462,-0.4278169274330139,0.0,False,False,0.023145634051269126,12.743144443211834,0.023145634051269126,12.743144443211834,12.74316546313891,12.74316546313891,-0.32994561808145745,2.234601720727229,0.02314552664756775,12.743144035339355,0.02314552664756775,12.743144035339355,12.743165016174316,12.743165016174316,-0.32994571328163147,2.2346017360687256,1.0740370137707345e-07,4.0787247890250455e-07,1.0740370137707345e-07,4.0787247890250455e-07,4.469645933369293e-07,4.469645933369293e-07,9.520017402175895e-08,1.5341496517606856e-08,,,,,,,,
foc_bus_None,155,,,,,,,,,,,,,,,,,,,,,,,,,,1.9999999494757503e-05,,,,,,,,,,,0.38547074794769287,5.895212173461914,0.14452724158763885,-0.2901213467121124,0.0,False,False,0.21929638214909192,12.836846668493326,0.21929638214909192,12.836846668493326,12.838719690593447,12.838719690593447,-0.3254046753646876,2.3511736326394534,0.21929627656936646,12.836846351623535,0.21929627656936646,12.836846351623535,12.838719367980957,12.838719367980957,-0.3254047632217407,2.3511736392974854,1.0557972546232364e-07,3.1686979085066014e-07,1.0557972546232364e-07,3.1686979085066014e-07,3.226124896116289e-07,3.226124896116289e-07,8.785705313263392e-08,6.6580319035836055e-09,,,,,,,,
foc_bus_None,156,,,,,,,,,,,,,,,,,,,,,,,,,,3.9999998989515007e-05,,,,,,,,,,,0.39606672525405884,5.971697807312012,0.07542755454778671,-0.15100473165512085,0.0,False,False,0.41155024929953504,12.961454709225553,0.41155024929953504,12.961454709225553,12.967986805476158,12.967986805476158,-0.3133188206435897,2.5819567064088202,0.4115501046180725,12.961454391479492,0.4115501046180725,12.961454391479492,12.967986106872559,12.967986106872559,-0.3133189082145691,2.581956624984741,1.446814625327697e-07,3.177460605741089e-07,1.446814625327697e-07,3.177460605741089e-07,6.986035998579609e-07,6.986035998579609e-07,8.75709794123658e-08,8.142407903477533e-08,,,,,,,,
foc_bus_None,157,,,,,,,,,,,,,,,,,,,,,,,,,,1.9999999494757503e-05,,,,,,,,,,,0.3999785780906677,5.9998459815979,0.005574228707700968,-0.011148517020046711,0.0,False,False,0.5857443540701451,12.885368130572228,0.5857443540701451,12.885368130572228,12.898674672565841,12.898674672565841,-0.30588567756017904,2.695242937282599,0.5857442617416382,12.885367393493652,0.5857442617416382,12.885367393493652,12.898674011230469,12.898674011230469,-0.30588576197624207,2.6952428817749023,9.232850695095607e-08,7.370785759519549e-07,9.232850695095607e-08,7.370785759519549e-07,6.613353722428883e-07,6.613353722428883e-07,8.441606302866944e-08,5.5507696661294403e-08,,,,,,,,
foc_bus_None,158,,,,,,,,,,,,,,,,,,,,,,,,,,3.9999998989515007e-05,,,,,,,,,,,0.3971402943134308,5.979427814483643,-0.06433479487895966,0.12876230478286743,0.0,False,False,0.7547655798675554,12.834099944940725,0.7547655798675554,12.834099944940725,12.856274440026564,12.856274440026564,-0.2884912934832125,2.915772117220996,0.7547653913497925,12.834098815917969,0.7547653913497925,12.834098815917969,12.856273651123047,12.856273651123047,-0.2884913682937622,2.915771961212158,1.8851776295569778e-07,1.129022756174436e-06,1.8851776295569778e-07,1.129022756174436e-06,7.889035167352176e-07,7.889035167352176e-07,7.481054969948886e-08,1.5600883784827602e-07,,,,,,,,
foc_bus_None,159,,,,,,,,,,,,,,,,,,,,,,,,,,1.9999999494757503e-05,,,,,,,,,,,0.38759979605674744,5.910609245300293,-0.13360100984573364,0.2680424451828003,0.0,False,False,0.8996103386391003,12.587663722395948,0.8996103386391003,12.587663722395948,12.619769282736883,12.619769282736883,-0.2786684804956705,3.0221147740618566,0.899610161781311,12.587663650512695,0.899610161781311,12.587663650512695,12.619769096374512,12.619769096374512,-0.2786685526371002,3.0221145153045654,1.7685778930243146e-07,7.188325312768029e-08,1.7685778930243146e-07,7.188325312768029e-08,1.8636237086866458e-07,1.8636237086866458e-07,7.214142971889714e-08,2.5875729114943624e-07,,,,,,,,
foc_bus_None,160,,,,,,,,,,,,,,,,,,,,,,,,,,3.9999998989515007e-05,,,,,,,,,,,0.3715181052684784,5.793946743011475,-0.20153231918811798,0.4060097336769104,0.0,False,False,1.0384267809908911,12.359090681048233,1.0384267809908911,12.359090681048233,12.402638938623198,12.402638938623198,-0.25706848645068076,3.2252023250862973,1.0384267568588257,12.359090805053711,1.0384267568588257,12.359090805053711,12.402639389038086,12.402639389038086,-0.25706854462623596,3.2252020835876465,2.413206545703872e-08,1.2400547788615768e-07,2.413206545703872e-08,1.2400547788615768e-07,4.504148876094405e-07,4.504148876094405e-07,5.817555520648554e-08,2.4149865085476563e-07,,,,,,,,
foc_bus_None,161,,,,,,,,,,,,,,,,,,,,,,,,,,1.9999999494757503e-05,,,,,,,,,,,0.3491665720939636,5.630384922027588,-0.2674500048160553,0.5419883728027344,0.0,False,False,1.148537861666786,11.947193860432282,1.148537861666786,11.947193860432282,12.002273966146287,12.002273966146287,-0.24544741976887155,3.3211008101681525,1.1485377550125122,11.947193145751953,1.1485377550125122,11.947193145751953,12.002273559570312,12.002273559570312,-0.24544747173786163,3.3211004734039307,1.0665427385703197e-07,7.146803291391279e-07,1.0665427385703197e-07,7.146803291391279e-07,4.06575974665202e-07,4.06575974665202e-07,5.196899008352851e-08,3.3676422184214516e-07,,,,,,,,
foc_bus_None,162,,,,,,,,,,,,,,,,,,,,,,,,,,3.9999998989515007e-05,,,,,,,,,,,0.3209224343299866,5.421247959136963,-0.33069539070129395,0.675312340259552,0.0,False,False,1.252226629530927,11.545526309723073,1.252226629530927,11.545526309723073,11.613235953006985,11.613235953006985,-0.2208859840913191,3.4999893978572123,1.2522265911102295,11.545524597167969,1.2522265911102295,11.545524597167969,11.613234519958496,11.613234519958496,-0.22088603675365448,3.4999890327453613,3.8420697512364654e-08,1.7125551039498532e-06,3.8420697512364654e-08,1.7125551039498532e-06,1.4330484887636885e-06,1.4330484887636885e-06,5.266233538137044e-08,3.6511185097509724e-07,,,,,,,,
foc_bus_None,163,,,,,,,,,,,,,,,,,,,,,,,,,,1.9999999494757503e-05,,,,,,,,,,,0.28726232051849365,5.168228626251221,-0.3906365931034088,0.8053286671638489,0.0,False,False,1.3244163189116838,10.97841136135734,1.3244163189116838,10.97841136135734,11.058010427060534,11.058010427060534,-0.20810995961561682,3.5822148086703502,1.324416160583496,10.978410720825195,1.324416160583496,10.978410720825195,11.05801010131836,11.05801010131836,-0.2081100195646286,3.58221435546875,1.5832818767158585e-07,6.405321446578682e-07,1.5832818767158585e-07,6.405321446578682e-07,3.257421745672673e-07,3.257421745672673e-07,5.994901178252299e-08,4.532016002478656e-07,,,,,,,,
foc_bus_None,164,,,,,,,,,,,,,,,,,,,,,,,,,,3.9999998989515007e-05,,,,,,,,,,,0.2487543374300003,4.8733744621276855,-0.4466746747493744,0.9314004778862,0.0,False,False,1.390259429099686,10.413422384605909,1.390259429099686,10.413422384605909,10.505816819286922,10.505816819286922,-0.1818971485248097,3.7307996642977796,1.3902593851089478,10.413421630859375,1.3902593851089478,10.413421630859375,10.505816459655762,10.505816459655762,-0.18189720809459686,3.7307991981506348,4.399073816330201e-08,7.537465336326932e-07,4.399073816330201e-08,7.537465336326932e-07,3.596311604070479e-07,3.596311604070479e-07,5.956978715859762e-08,4.6614714488413256e-07,,,,,,,,
foc_bus_None,165,,,,,,,,,,,,,,,,,,,,,,,,,,1.9999999494757503e-05,,,,,,,,,,,0.20604832470417023,4.5390729904174805,-0.49824973940849304,1.0529102087020874,0.0,False,False,1.423583253647487,9.706411427023278,1.423583253647487,9.706411427023278,9.810250357188323,9.810250357188323,-0.16862359235812757,3.796501644534792,1.4235831499099731,9.70641040802002,1.4235831499099731,9.70641040802002,9.810249328613281,9.810249328613281,-0.1686236560344696,3.7965011596679688,1.0373751391234975e-07,1.01900325866211e-06,1.0373751391234975e-07,1.01900325866211e-06,1.0285750420280237e-06,1.0285750420280237e-06,6.367634203252592e-08,4.848668231360875e-07,,,,,,,,
foc_bus_None,166,,,,,,,,,,,,,,,,,,,,,,,,,,3.9999998989515007e-05,,,,,,,,,,,0.15986497700214386,4.16802978515625,-0.5448464751243591,1.1692628860473633,0.0,False,False,1.4510804942260227,8.993187173548797,1.4510804942260227,8.993187173548797,9.109503287183436,9.109503287183436,-0.1420608981871865,3.9095341882668495,1.451080322265625,8.993186950683594,1.451080322265625,8.993186950683594,9.109502792358398,9.109502792358398,-0.14206096529960632,3.909533739089966,1.719603976990669e-07,2.228652036251333e-07,1.719603976990669e-07,2.228652036251333e-07,4.948250378333796e-07,4.948250378333796e-07,6.711241981594007e-08,4.491768836878407e-07,,,,,,,,
foc_bus_None,167,,,,,,,,,,,,,,,,,,,,,,,,,,1.9999999494757503e-05,,,,,,,,,,,0.1109837219119072,3.7632479667663574,-0.5859992504119873,1.2798885107040405,0.0,False,False,1.4467444098660371,8.166246483674824,1.4467444098660371,8.166246483674824,8.29341009595028,8.29341009595028,-0.12892520592595894,3.956336831780621,1.4467442035675049,8.16624641418457,1.4467442035675049,8.16624641418457,8.293410301208496,8.293410301208496,-0.12892527878284454,3.956336498260498,2.062985322570654e-07,6.949025355140748e-08,2.062985322570654e-07,6.949025355140748e-08,2.052582157574534e-07,2.052582157574534e-07,7.285688560787484e-08,3.3352012307474865e-07,,,,,,,,
foc_bus_None,168,,,,,,,,,,,,,,,,,,,,,,,,,,3.9999998989515007e-05,,,,,,,,,,,0.06022948399186134,3.328004837036133,-0.6212969422340393,1.3842451572418213,0.0,False,False,1.437490572251329,7.324757299163277,1.437490572251329,7.324757299163277,7.464479126969085,7.464479126969085,-0.10323642511414474,4.029602980301951,1.437490463256836,7.324756622314453,1.437490463256836,7.324756622314453,7.464478492736816,7.464478492736816,-0.10323649644851685,4.029602527618408,1.0899449298662489e-07,6.76848824099352e-07,1.0899449298662489e-07,6.76848824099352e-07,6.342322684815827e-07,6.342322684815827e-07,7.133437210371518e-08,4.526835430951337e-07,,,,,,,,
foc_bus_None,169,,,,,,,,,,,,,,,,,,,,,,,,,,1.9999999494757503e-05,,,,,,,,,,,0.008458799682557583,2.8658227920532227,-0.6503868103027344,1.481821894645691,0.0,False,False,1.3986329804496809,6.401911033599925,1.3986329804496809,6.401911033599925,6.552910734637701,6.552910734637701,-0.09081948879851008,4.055686558523371,1.3986327648162842,6.401910781860352,1.3986327648162842,6.401910781860352,6.552910327911377,6.552910327911377,-0.09081955999135971,4.055685997009277,2.1563339669405934e-07,2.5173957318713747e-07,2.1563339669405934e-07,2.5173957318713747e-07,4.06726323731732e-07,4.06726323731732e-07,7.119284962942007e-08,5.615140938886043e-07,,,,,,,,
foc_bus_None,170,,,,,,,,,,,,,,,,,,,,,,,,,,3.9999998989515007e-05,,,,,,,,,,,-0.04345463961362839,2.3804433345794678,-0.6729782223701477,1.5721405744552612,0.0,False,False,1.356073301881999,5.456427395648044,1.356073301881999,5.456427395648044,5.622413603076142,5.622413603076142,-0.06709085156450813,4.086153920661332,1.356073260307312,5.456427097320557,1.356073260307312,5.456427097320557,5.622413158416748,5.622413158416748,-0.06709092110395432,4.086153507232666,4.1574687026368906e-08,2.983274871581898e-07,4.1574687026368906e-08,2.983274871581898e-07,4.446593937501575e-07,4.446593937501575e-07,6.95394461874832e-08,4.1342866641258524e-07,,,,,,,,
foc_bus_None,171,,,,,,,,,,,,,,,,,,,,,,,,,,1.9999999494757503e-05,,,,,,,,,,,-0.09463472664356232,1.8757954835891724,-0.6888455152511597,1.6547589302062988,0.0,False,False,1.287440453403323,4.465031417522531,1.287440453403323,4.465031417522531,4.646935385877731,4.646935385877731,-0.055892055657879414,4.090319686912463,1.2874404191970825,4.465030670166016,1.2874404191970825,4.465030670166016,4.646934509277344,4.646934509277344,-0.05589212477207184,4.0903191566467285,3.420624050676224e-08,7.473565153404138e-07,3.420624050676224e-08,7.473565153404138e-07,8.766003869453698e-07,8.766003869453698e-07,6.911419242472405e-08,5.302657344330441e-07,,,,,,,,
foc_bus_None,172,,,,,,,,,,,,,,,,,,,,,,,,,,3.9999998989515007e-05,,,,,,,,,,,-0.14421774446964264,1.3559637069702148,-0.6978300213813782,1.7292723655700684,0.0,False,False,1.216526697565574,3.443397878959344,1.216526697565574,3.443397878959344,3.651975651440123,3.651975651440123,-0.03502474385741078,4.076248560780157,1.2165266275405884,3.4433975219726562,1.2165266275405884,3.4433975219726562,3.651975393295288,3.651975393295288,-0.03502481430768967,4.0762481689453125,7.002498558783543e-08,3.569866877661809e-07,7.002498558783543e-08,3.569866877661809e-07,2.5814483484154493e-07,2.5814483484154493e-07,7.045027888841204e-08,3.918348445708375e-07,,,,,,,,
foc_bus_None,173,,,,,,,,,,,,,,,,,,,,,,,,,,1.9999999494757503e-05,,,,,,,,,,,-0.19136689603328705,0.8251561522483826,-0.699842095375061,1.7953157424926758,0.0,False,False,1.124068272481312,2.413303534348504,1.124068272481312,2.413303534348504,2.662247815305349,2.662247815305349,-0.025441764062725053,4.057964444341505,1.124068021774292,2.4133028984069824,1.124068021774292,2.4133028984069824,2.6622471809387207,2.6622471809387207,-0.025441834703087807,4.057963848114014,2.5070702003304746e-07,6.359415216650177e-07,2.5070702003304746e-07,6.359415216650177e-07,6.34366628116112e-07,6.34366628116112e-07,7.064036275372665e-08,5.962274913784427e-07,,,,,,,,
foc_bus_None,174,,,,,,,,,,,,,,,,,,,,,,,,,,3.9999998989515007e-05,,,,,,,,,,,-0.23528651893138885,0.28766927123069763,-0.6948615908622742,1.8525656461715698,0.0,False,False,1.030842506403532,1.3460916580711584,1.030842506403532,1.3460916580711584,1.6954642505629767,1.6954642505629767,-0.00811899735097171,3.998978793276327,1.0308423042297363,1.3460910320281982,1.0308423042297363,1.3460910320281982,1.6954636573791504,1.6954636573791504,-0.008119069039821625,3.9989781379699707,2.0217379570475202e-07,6.260429601390172e-07,2.0217379570475202e-07,6.260429601390172e-07,5.931838262807076e-07,5.931838262807076e-07,7.168884991540225e-08,6.553063562897421e-07,,,,,,,,
foc_bus_None,175,,,,,,,,,,,,,,,,,,,,,,,,,,1.9999999494757503e-05,,,,,,,,,,,-0.2752353847026825,-0.2521461248397827,-0.6829382181167603,1.900741696357727,0.0,False,False,0.9212586941539588,0.3087260444227362,0.9212586941539588,0.3087260444227362,0.9716117290662802,0.9716117290662802,-0.00043522433726152655,3.9584043846965815,0.9212585687637329,0.30872559547424316,0.9212585687637329,0.30872559547424316,0.9716114401817322,0.9716114401817322,-0.0004352959804236889,3.9584038257598877,1.253902258691042e-07,4.489484930481069e-07,1.253902258691042e-07,4.489484930481069e-07,2.888845480608637e-07,2.888845480608637e-07,7.164316216234229e-08,5.589366938174578e-07,,,,,,,,
foc_bus_None,176,,,,,,,,,,,,,,,,,,,,,,,,,,3.9999998989515007e-05,,,,,,,,,,,-0.3105393350124359,-0.7899205088615417,-0.6641911268234253,1.9396079778671265,0.0,False,False,0.8123956877978815,-0.7717069127935399,0.8123956877978815,-0.7717069127935399,1.1204991355667924,1.1204991355667924,0.012894975364380785,3.855520246507736,0.8123956322669983,-0.7717070579528809,0.8123956322669983,-0.7717070579528809,1.1204992532730103,1.1204992532730103,0.012894904240965843,3.8555197715759277,5.553088322507449e-08,1.4515934099179617e-07,5.553088322507449e-08,1.4515934099179617e-07,1.1770621788365077e-07,1.1770621788365077e-07,7.112341494225349e-08,4.7493180810320723e-07,,,,,,,,
foc_bus_None,177,,,,,,,,,,,,,,,,,,,,,,,,,,1.9999999494757503e-05,,,,,,,,,,,-0.3406025469303131,-1.3213008642196655,-0.6388077139854431,1.968973994255066,0.0,False,False,0.6926676113103766,-1.78432114300622,0.6926676113103766,-1.78432114300622,1.9140507728734486,1.9140507728734486,0.018515100189071362,3.79351006876742,0.692667543888092,-1.7843217849731445,0.692667543888092,-1.7843217849731445,1.9140512943267822,1.9140512943267822,0.018515028059482574,3.7935094833374023,6.742228453315846e-08,6.419669245083526e-07,6.742228453315846e-08,6.419669245083526e-07,5.214533336239668e-07,5.214533336239668e-07,7.212958878788367e-08,5.854300177965399e-07,,,,,,,,
foc_bus_None,178,,,,,,,,,,,,,,,,,,,,,,,,,,3.9999998989515007e-05,,,,,,,,,,,-0.36491766571998596,-1.8419859409332275,-0.6070415377616882,1.9886959791183472,0.0,False,False,0.5750109877216677,-2.844834947680213,0.5750109877216677,-2.844834947680213,2.902365158890819,2.902365158890819,0.02764147715530419,3.6491201457692375,0.5750108957290649,-2.844835042953491,0.5750108957290649,-2.844835042953491,2.902365207672119,2.902365207672119,0.027641404420137405,3.6491196155548096,9.199260275760679e-08,9.527327815561648e-08,9.199260275760679e-08,9.527327815561648e-08,4.878130033247885e-08,4.878130033247885e-08,7.273516678535374e-08,5.302144279184517e-07,,,,,,,,
foc_bus_None,179,,,,,,,,,,,,,,,,,,,,,,,,,,1.9999999494757503e-05,,,,,,,,,,,-0.3830743730068207,-2.3477609157562256,-0.5692099928855896,1.998677372932434,0.0,False,False,0.45194633484088786,-3.8010849622861045,0.45194633484088786,-3.8010849622861045,3.827858719975656,3.827858719975656,0.031149482829285157,3.567204979890409,0.4519462585449219,-3.8010854721069336,0.4519462585449219,-3.8010854721069336,3.8278591632843018,3.8278591632843018,0.03114940971136093,3.567204475402832,7.629596598945909e-08,5.098208291087758e-07,7.629596598945909e-08,5.098208291087758e-07,4.433086457922286e-07,4.433086457922286e-07,7.311792422567964e-08,5.044875770465751e-07,,,,,,,,
foc_bus_None,180,,,,,,,,,,,,,,,,,,,,,,,,,,3.9999998989515007e-05,,,,,,,,,,,-0.3947662115097046,-2.8345320224761963,-0.5256910920143127,1.9988691806793213,0.0,False,False,0.3320663522074608,-4.808793199835103,0.3320663522074608,-4.808793199835103,4.820244817542849,4.820244817542849,0.036084435354487805,3.3850195512621943,0.33206626772880554,-4.808793067932129,0.33206626772880554,-4.808793067932129,4.820244789123535,4.820244789123535,0.036084361374378204,3.385019063949585,8.447865523786291e-08,1.3190297387666305e-07,8.447865523786291e-08,1.3190297387666305e-07,2.8419314013206076e-08,2.8419314013206076e-08,7.398010960085744e-08,4.873126093762892e-07,,,,,,,,
foc_bus_None,181,,,,,,,,,,,,,,,,,,,,,,,,,,1.9999999494757503e-05,,,,,,,,,,,-0.39979591965675354,-3.298358678817749,-0.47691962122917175,1.989270567893982,0.0,False,False,0.21189152290271537,-5.67847561577488,0.21189152290271537,-5.67847561577488,5.6824275918332585,5.6824275918332585,0.03753794749198555,3.2853662263829824,0.21189144253730774,-5.678475379943848,0.21189144253730774,-5.678475379943848,5.682427406311035,5.682427406311035,0.03753787279129028,3.2853658199310303,8.036540763423083e-08,2.3583103203606015e-07,8.036540763423083e-08,2.3583103203606015e-07,1.85522223361545e-07,1.85522223361545e-07,7.470069526838152e-08,4.0645195209521034e-07,,,,,,,,
foc_bus_None,182,,,,,,,,,,,,,,,,,,,,,,,,,,3.9999998989515007e-05,,,,,,,,,,,-0.398078590631485,-3.7354867458343506,-0.423382967710495,1.969928503036499,0.0,False,False,0.09569735846744601,-6.6017806771104315,0.09569735846744601,-6.6017806771104315,6.602474240244056,6.602474240244056,0.03849174557133797,3.070311965640282,0.09569728374481201,-6.601780891418457,0.09569728374481201,-6.601780891418457,6.602474689483643,6.602474689483643,0.03849167004227638,3.0703115463256836,7.472263399699308e-08,2.1430802554789352e-07,7.472263399699308e-08,2.1430802554789352e-07,4.492395868638255e-07,4.492395868638255e-07,7.552906158836414e-08,4.193145985986746e-07,,,,,,,,
foc_bus_None,183,,,,,,,,,,,,,,,,,,,,,,,,,,1.9999999494757503e-05,,,,,,,,,,,-0.38964319229125977,-4.142377853393555,-0.3656160235404968,1.9409377574920654,0.0,False,False,-0.01627931019982462,-7.357064665032345,-0.01627931019982462,-7.357064665032345,7.357082675993799,7.357082675993799,0.03803891744331889,2.9556627346467583,-0.01627938449382782,-7.357065677642822,-0.01627938449382782,-7.357065677642822,7.357083797454834,7.357083797454834,0.038038842380046844,2.955662250518799,7.429400319947099e-08,1.012610477246767e-06,7.429400319947099e-08,1.012610477246767e-06,1.1214610351473198e-06,1.1214610351473198e-06,7.506327204254148e-08,4.841279594991477e-07,,,,,,,,
foc_bus_None,184,,,,,,,,,,,,,,,,,,,,,,,,,,3.9999998989515007e-05,,,,,,,,,,,-0.3746320903301239,-4.515738487243652,-0.30419594049453735,1.9024401903152466,0.0,False,False,-0.12385105807459493,-8.166660999888201,-0.12385105807459493,-8.166660999888201,8.167600074176082,8.167600074176082,0.0353839671072409,2.713742276518815,-0.12385112047195435,-8.16666030883789,-0.12385112047195435,-8.16666030883789,8.16759967803955,8.16759967803955,0.03538389131426811,2.7137417793273926,6.239735941826474e-08,6.91050310308583e-07,6.239735941826474e-08,6.91050310308583e-07,3.961365315774401e-07,3.961365315774401e-07,7.579297278681452e-08,4.971914222551277e-07,,,,,,,,
foc_bus_None,185,,,,,,,,,,,,,,,,,,,,,,,,,,1.9999999494757503e-05,,,,,,,,,,,-0.3532986044883728,-4.852546215057373,-0.2397364377975464,1.854624629020691,0.0,False,False,-0.22348630719920703,-8.782981055132666,-0.22348630719920703,-8.782981055132666,8.785823942256346,8.785823942256346,0.03324371729712688,2.5873355554800908,-0.22348637878894806,-8.782981872558594,-0.22348637878894806,-8.782981872558594,8.7858247756958,8.7858247756958,0.03324364125728607,2.5873351097106934,7.158974102416948e-08,8.174259278348472e-07,7.158974102416948e-08,8.174259278348472e-07,8.334394543396684e-07,8.334394543396684e-07,7.60398408058971e-08,4.45769397394713e-07,,,,,,,,
foc_bus_None,186,,,,,,,,,,,,,,,,,,,,,,,,,,3.9999998989515007e-05,,,,,,,,,,,-0.3260027766227722,-5.150074481964111,-0.17288155853748322,1.7977250814437866,0.0,False,False,-0.3186890658683792,-9.45278982418205,-0.3186890658683792,-9.45278982418205,9.458160401519091,9.458160401519091,0.027472118049224524,2.3254520932390474,-0.31868913769721985,-9.452790260314941,-0.31868913769721985,-9.452790260314941,9.458160400390625,9.458160400390625,0.02747204154729843,2.325451612472534,7.18288406531542e-08,4.3613289157917734e-07,7.18288406531542e-08,4.3613289157917734e-07,1.1284662093657971e-09,1.1284662093657971e-09,7.65019260925981e-08,4.807665132666727e-07,,,,,,,,
foc_bus_None,187,,,,,,,,,,,,,,,,,,,,,,,,,,1.9999999494757503e-05,,,,,,,,,,,-0.29320529103279114,-5.4059157371521,-0.10429932177066803,1.7320201396942139,0.0,False,False,-0.4031478807233206,-9.90964312692023,-0.4031478807233206,-9.90964312692023,9.91784024456177,9.91784024456177,0.02391190097496431,2.190926957358028,-0.40314793586730957,-9.909643173217773,-0.40314793586730957,-9.909643173217773,9.917840003967285,9.917840003967285,0.023911824449896812,2.1909265518188477,5.514398898620598e-08,4.629754357665661e-08,5.514398898620598e-08,4.629754357665661e-08,2.405944847794217e-07,2.405944847794217e-07,7.652506749805665e-08,4.0553918045915793e-07,,,,,,,,
foc_bus_None,188,,,,,,,,,,,,,,,,,,,,,,,,,,3.9999998989515007e-05,,,,,,,,,,,-0.25545957684516907,-5.6179986000061035,-0.03467494994401932,1.6578319072723389,0.0,False,False,-0.48353800830018007,-10.417656630772205,-0.48353800830018007,-10.417656630772205,10.428872359087679,10.428872359087679,0.015589864339510564,1.9166790222333028,-0.48353809118270874,-10.417656898498535,-0.48353809118270874,-10.417656898498535,10.428873062133789,10.428873062133789,0.015589787624776363,1.9166786670684814,8.288252867361123e-08,2.6772632999438883e-07,8.288252867361123e-08,2.6772632999438883e-07,7.030461102175423e-07,7.030461102175423e-07,7.67147342005392e-08,3.5516482133068905e-07,,,,,,,,
foc_bus_None,189,,,,,,,,,,,,,,,,,,,,,,,,,,1.9999999494757503e-05,,,,,,,,,,,-0.21340268850326538,-5.784605979919434,0.03529588133096695,1.5755236148834229,0.0,False,False,-0.5513301660601007,-10.699277183990286,-0.5513301660601007,-10.699277183990286,10.713472696183203,10.713472696183203,0.010902765789229534,1.7779663115945763,-0.5513302087783813,-10.699275970458984,-0.5513302087783813,-10.699275970458984,10.713471412658691,10.713471412658691,0.010902689769864082,1.777966022491455,4.2718280690579036e-08,1.2135313021133243e-06,4.2718280690579036e-08,1.2135313021133243e-06,1.2835245115638827e-06,1.2835245115638827e-06,7.601936545184595e-08,2.8910312122043536e-07,,,,,,,,
foc_bus_None,190,,,,,,,,,,,,,,,,,,,,,,,,,,3.9999998989515007e-05,,,,,,,,,,,-0.16774436831474304,-5.90438985824585,0.10491404682397842,1.485498309135437,0.0,False,False,-0.6157735113013668,-11.028272450035734,-0.6157735113013668,-11.028272450035734,11.045450205828534,11.045450205828534,0.0006254500558061562,1.4994192002126425,-0.6157735586166382,-11.02827262878418,-0.6157735586166382,-11.02827262878418,11.045450210571289,11.045450210571289,0.0006253747269511223,1.4994189739227295,4.7315271367587286e-08,1.787484453785737e-07,4.7315271367587286e-08,1.787484453785737e-07,4.742755521647268e-09,4.742755521647268e-09,7.53288550339043e-08,2.262899130300866e-07,,,,,,,,
foc_bus_None,191,,,,,,,,,,,,,,,,,,,,,,,,,,1.9999999494757503e-05,,,,,,,,,,,-0.11925515532493591,-5.976380825042725,0.1734839528799057,1.3881971836090088,0.0,False,False,-0.6666870488993053,-11.124162006845745,-0.6666870488993053,-11.124162006845745,11.144121857540881,11.144121857540881,-0.004891658669797022,1.360622652525251,-0.6666870713233948,-11.124162673950195,-0.6666870713233948,-11.124162673950195,11.144122123718262,11.144122123718262,-0.004891734104603529,1.3606224060058594,2.2424089474171183e-08,6.671044499029222e-07,2.2424089474171183e-08,6.671044499029222e-07,2.6617738058121176e-07,2.6617738058121176e-07,7.543480650719359e-08,2.465193915668351e-07,,,,,,,,
foc_bus_None,192,,,,,,,,,,,,,,,,,,,,,,,,,,3.9999998989515007e-05,,,,,,,,,,,-0.06875336915254593,-5.999995231628418,0.24032044410705566,1.2840964794158936,-300.0,False,False,0.6705683761058697,-38.007442909884375,0.6705683761058697,-38.007442909884375,38.01335789554973,38.01335789554973,-0.016541580283938175,1.0860633277836058,0.6705684065818787,-38.0074462890625,0.6705684065818787,-38.0074462890625,38.013362884521484,38.013362884521484,-0.016541656106710434,1.0860631465911865,3.047600893868463e-08,3.3791781248737607e-06,3.047600893868463e-08,3.3791781248737607e-06,4.988971753050464e-06,4.988971753050464e-06,7.582277225873235e-08,1.8119241929070995e-07,,,,,,,,
foc_bus_None,193,,,,,,,,,,,,,,,,,,,,,,,,,,1.9999999494757503e-05,,,,,,,,,,,-0.017091287299990654,-5.975042819976807,0.3047557473182678,1.1737064123153687,-300.0,False,False,0.5164901784471508,-38.005468508449376,0.5164901784471508,-38.005468508449376,38.00897786906627,38.00897786906627,-0.022607271656337233,0.9513343979577006,0.5164902210235596,-38.005470275878906,0.5164902210235596,-38.005470275878906,38.00897979736328,38.00897979736328,-0.022607346996665,0.9513342380523682,4.2576408731953563e-08,1.767429530730169e-06,4.2576408731953563e-08,1.767429530730169e-06,1.928297010067581e-06,1.928297010067581e-06,7.534032776812527e-08,1.599053324197186e-07,,,,,,,,
foc_bus_None,194,,,,,,,,,,,,,,,,,,,,,,,,,,3.9999998989515007e-05,,,,,,,,,,,0.03485923260450363,-5.9017252922058105,0.3661460280418396,1.0575674772262573,-300.0,False,False,0.3573220908449365,-38.03496282428914,0.3573220908449365,-38.03496282428914,38.03664123081404,38.03664123081404,-0.03509446737810251,0.6890177222138223,0.3573220372200012,-38.03496551513672,0.3573220372200012,-38.03496551513672,38.036643981933594,38.036643981933594,-0.03509454429149628,0.6890175342559814,5.362493527005796e-08,2.6908475803111287e-06,5.362493527005796e-08,2.6908475803111287e-06,2.7511195526130905e-06,2.7511195526130905e-06,7.691339376503237e-08,1.879578408470195e-07,,,,,,,,
foc_bus_None,195,,,,,,,,,,,,,,,,,,,,,,,,,,1.9999999494757503e-05,,,,,,,,,,,0.08622145652770996,-5.780635833740234,0.42387789487838745,0.9362486004829407,-300.0,False,False,0.20562783262050832,-37.8336984945003,0.20562783262050832,-37.8336984945003,37.834257288577795,37.834257288577795,-0.04145811073858264,0.5624279339611711,0.20562773942947388,-37.833702087402344,0.20562773942947388,-37.833702087402344,37.834259033203125,37.834259033203125,-0.04145818576216698,0.5624277591705322,9.319103444482835e-08,3.5929020469893658e-06,9.319103444482835e-08,3.5929020469893658e-06,1.7446253295361203e-06,1.7446253295361203e-06,7.50235843380298e-08,1.747906388516185e-07,,,,,,,,
foc_bus_None,196,,,,,,,,,,,,,,,,,,,,,,,,,,3.9999998989515007e-05,,,,,,,,,,,0.13612858951091766,-5.612754821777344,0.47737452387809753,0.8103439807891846,-300.0,False,False,0.048770647641764864,-37.65475765830501,0.048770647641764864,-37.65475765830501,37.654789242296275,37.654789242296275,-0.054320696360428425,0.32032202152357203,0.04877060651779175,-37.65475845336914,0.04877060651779175,-37.65475845336914,37.654788970947266,37.654788970947266,-0.054320771247148514,0.32032185792922974,4.1123973115730905e-08,7.950641318643648e-07,4.1123973115730905e-08,7.950641318643648e-07,2.713490090400228e-07,2.713490090400228e-07,7.488672008892916e-08,1.635943422950703e-07,,,,,,,,
foc_bus_None,197,,,,,,,,,,,,,,,,,,,,,,,,,,1.9999999494757503e-05,,,,,,,,,,,0.18373839557170868,-5.399441242218018,0.5261014103889465,0.6804702877998352,-300.0,False,False,-0.10037044306799747,-37.25768331820787,-0.10037044306799747,-37.25768331820787,37.25781851458438,37.25781851458438,-0.060773042232337975,0.20573694555317906,-0.10037046670913696,-37.25768280029297,-0.10037046670913696,-37.25768280029297,37.257816314697266,37.257816314697266,-0.06077311560511589,0.20573678612709045,2.36411394904934e-08,5.17914898523486e-07,2.36411394904934e-08,5.17914898523486e-07,2.1998871133632747e-06,2.1998871133632747e-06,7.337277791591434e-08,1.5942608860841645e-07,,,,,,,,
foc_bus_None,198,,,,,,,,,,,,,,,,,,,,,,,,,,3.9999998989515007e-05,,,,,,,,,,,0.22824738919734955,-5.142421722412109,0.5695716142654419,0.5472636222839355,-300.0,False,False,-0.2546479862966876,-36.873177190264656,-0.2546479862966876,-36.873177190264656,36.87405648557775,36.87405648557775,-0.07363857886617384,-0.008724407790794114,-0.25464802980422974,-36.87317657470703,-0.25464802980422974,-36.87317657470703,36.87405776977539,36.87405776977539,-0.07363864779472351,-0.008724555373191833,4.3507542124565646e-08,6.155576244282202e-07,4.3507542124565646e-08,6.155576244282202e-07,1.2841976371191777e-06,1.2841976371191777e-06,6.892854967355255e-08,1.475823977192814e-07,,,,,,,,
foc_bus_None,199,,,,,,,,,,,,,,,,,,,,,,,,,,1.9999999494757503e-05,,,,,,,,,,,0.2689044177532196,-4.843776702880859,0.6073508858680725,0.4113765060901642,-300.0,False,False,-0.40117398998014875,-36.289950982400626,-0.40117398998014875,-36.289950982400626,36.29216834077673,36.29216834077673,-0.0800171115256347,-0.10776567290016174,-0.40117403864860535,-36.28995132446289,-0.40117403864860535,-36.28995132446289,36.29216766357422,36.29216766357422,-0.08001717925071716,-0.10776582360267639,4.8668456598122134e-08,3.420622647354321e-07,4.8668456598122134e-08,3.420622647354321e-07,6.77202514509645e-07,6.77202514509645e-07,6.77250824587805e-08,1.5070251464799345e-07,,,,,,,,
foc_bus_None,200,,,,,,,,,,,,,,,,,,,,,,,,,,3.9999998989515007e-05,,,,,,,,,,,0.3050233721733093,-4.505923271179199,0.639061689376831,0.27347442507743835,-300.0,False,False,-0.5526272147656104,-35.70921576555392,-0.5526272147656104,-35.70921576555392,35.7134916723272,35.7134916723272,-0.09260802037844013,-0.2879155469285688,-0.5526272654533386,-35.70921325683594,-0.5526272654533386,-35.70921325683594,35.7134895324707,35.7134895324707,-0.09260808676481247,-0.2879156768321991,5.0687728236908924e-08,2.5087179835736606e-06,5.0687728236908924e-08,2.5087179835736606e-06,2.139856498217796e-06,2.139856498217796e-06,6.63863723437963e-08,1.2990363029707908e-07,,,,,,,,
foc_bus_None,201,,,,,,,,,,,,,,,,,,,,,,,,,,1.9999999494757503e-05,,,,,,,,,,,0.335994690656662,-4.13159704208374,0.6643871665000916,0.13423289358615875,-300.0,False,False,-0.6963261064028063,-34.955435721632604,-0.6963261064028063,-34.955435721632604,34.96237057946224,34.96237057946224,-0.09879707043399485,-0.3683115271730505,-0.6963261365890503,-34.95543670654297,-0.6963261365890503,-34.95543670654297,34.962371826171875,34.962371826171875,-0.09879713505506516,-0.36831164360046387,3.0186243948904234e-08,9.849103648207347e-07,3.0186243948904234e-08,9.849103648207347e-07,1.2467096368595776e-06,1.2467096368595776e-06,6.462107030036357e-08,1.1642741337691831e-07,,,,,,,,
foc_bus_None,202,,,,,,,,,,,,,,,,,,,,,,,,,,3.9999998989515007e-05,,,,,,,,,,,0.3612957000732422,-3.7238271236419678,0.6830743551254272,-0.005666110198944807,-300.0,False,False,-0.8444860045905592,-34.194044581825864,-0.8444860045905592,-34.194044581825864,34.20447107434705,34.20447107434705,-0.11092587574728441,-0.5084601987752739,-0.8444860577583313,-34.19404602050781,-0.8444860577583313,-34.19404602050781,34.204471588134766,34.204471588134766,-0.11092594265937805,-0.508460283279419,5.316777207386991e-08,1.4386819486844615e-06,5.316777207386991e-08,1.4386819486844615e-06,5.137877181482509e-07,5.137877181482509e-07,6.691209364362294e-08,8.450414501481873e-08,,,,,,,,
foc_bus_None,203,,,,,,,,,,,,,,,,,,,,,,,,,,1.9999999494757503e-05,,,,,,,,,,,0.38049939274787903,-3.285914659500122,0.6949364542961121,-0.1455373615026474,-300.0,False,False,-0.9847679094979388,-33.29081515310462,-0.9847679094979388,-33.29081515310462,33.305377064278325,33.305377064278325,-0.11685191503379778,-0.5676453315671126,-0.9847679138183594,-33.29081726074219,-0.9847679138183594,-33.29081726074219,33.30537796020508,33.30537796020508,-0.11685198545455933,-0.5676454305648804,4.320420576853223e-09,2.107637570247789e-06,4.320420576853223e-09,2.107637570247789e-06,8.959267532304693e-07,8.959267532304693e-07,7.0420761541512e-08,9.899776776123304e-08,,,,,,,,
foc_bus_None,204,,,,,,,,,,,,,,,,,,,,,,,,,,3.9999998989515007e-05,,,,,,,,,,,0.3932816982269287,-2.821404218673706,0.6998550295829773,-0.2846957743167877,-300.0,False,False,-1.1287297360324087,-32.370141874107546,-1.1287297360324087,-32.370141874107546,32.3898150005037,32.3898150005037,-0.12840758596436677,-0.6632615024196912,-1.1287298202514648,-32.37014389038086,-1.1287298202514648,-32.37014389038086,32.38981628417969,32.38981628417969,-0.12840765714645386,-0.6632615923881531,8.421905617339576e-08,2.016273313643069e-06,8.421905617339576e-08,2.016273313643069e-06,1.283675985064292e-06,1.283675985064292e-06,7.1182087085786e-08,8.99684619026786e-08,,,,,,,,
foc_bus_None,205,,,,,,,,,,,,,,,,,,,,,,,,,,1.9999999494757503e-05,,,,,,,,,,,0.3994268774986267,-2.3340556621551514,0.6977808475494385,-0.42245975136756897,-300.0,False,False,-1.264449931019115,-31.34346295085347,-1.264449931019115,-31.34346295085347,31.368957639353884,31.368957639353884,-0.1340305152052862,-0.6992884020844046,-1.264449954032898,-31.343461990356445,-1.264449954032898,-31.343461990356445,31.36895751953125,31.36895751953125,-0.13403058052062988,-0.6992884874343872,2.30137828793886e-08,9.604970259147194e-07,2.30137828793886e-08,9.604970259147194e-07,1.1982263359300305e-07,1.1982263359300305e-07,6.531534368914294e-08,8.534998263698412e-08,,,,,,,,
foc_bus_None,206,,,,,,,,,,,,,,,,,,,,,,,,,,3.9999998989515007e-05,,,,,,,,,,,0.3988312780857086,-1.8278142213821411,0.6887347102165222,-0.5581545233726501,-300.0,False,False,-1.402718763436018,-30.290060032058246,-1.402718763436018,-30.290060032058246,30.32252226769712,30.32252226769712,-0.14495784749648136,-0.7471456948212074,-1.4027187824249268,-30.29006004333496,-1.4027187824249268,-30.29006004333496,30.32252311706543,30.32252311706543,-0.14495791494846344,-0.7471457719802856,1.8988908667694204e-08,1.1276714673158494e-08,1.8988908667694204e-08,1.1276714673158494e-08,8.493683090193827e-07,8.493683090193827e-07,6.745198208313319e-08,7.715907823779844e-08,,,,,,,,
foc_bus_None,207,,,,,,,,,,,,,,,,,,,,,,,,,,1.9999999494757503e-05,,,,,,,,,,,0.3915048837661743,-1.3067773580551147,0.6728069186210632,-0.6911154389381409,-300.0,False,False,-1.5320703204992008,-29.170051430214748,-1.5320703204992008,-29.170051430214748,29.210257443376427,29.210257443376427,-0.15025940737532698,-0.7587487695412584,-1.5320703983306885,-29.170053482055664,-1.5320703983306885,-29.170053482055664,29.21026039123535,29.21026039123535,-0.15025947988033295,-0.7587488293647766,7.783148769924253e-08,2.0518409158398754e-06,7.783148769924253e-08,2.0518409158398754e-06,2.9478589240738984e-06,2.9478589240738984e-06,7.250500597133502e-08,5.982351825029042e-08,,,,,,,,
foc_bus_None,208,,,,,,,,,,,,,,,,,,,,,,,,,,3.9999998989515007e-05,,,,,,,,,,,0.3775714039802551,-0.7751628160476685,0.6501566767692566,-0.8206912875175476,-300.0,False,False,-1.662480811266309,-28.014855395301527,-1.662480811266309,-28.014855395301527,28.06414020182132,28.06414020182132,-0.16053396615360127,-0.7570326645168891,-1.6624808311462402,-28.014856338500977,-1.6624808311462402,-28.014856338500977,28.06414031982422,28.06414031982422,-0.16053403913974762,-0.7570327520370483,1.9879931256738814e-08,9.431994492103968e-07,1.9879931256738814e-08,9.431994492103968e-07,1.1800289811958464e-07,1.1800289811958464e-07,7.298614634887457e-08,8.752015923096934e-08,,,,,,,,
foc_bus_None,209,,,,,,,,,,,,,,,,,,,,,,,,,,1.9999999494757503e-05,,,,,,,,,,,0.3572659194469452,-0.23727364838123322,0.6210102438926697,-0.946247398853302,-300.0,False,False,-1.7829684396598813,-26.834841833859674,-1.7829684396598813,-26.834841833859674,26.89400886266472,26.89400886266472,-0.1655046245758768,-0.7436709880093005,-1.782968521118164,-26.834840774536133,-1.782968521118164,-26.834840774536133,26.89400863647461,26.89400863647461,-0.16550469398498535,-0.7436710596084595,8.145828278571798e-08,1.0593235408862256e-06,8.145828278571798e-08,1.0593235408862256e-06,2.2619011019742175e-07,2.2619011019742175e-07,6.940910854402738e-08,7.159915893506508e-08,,,,,,,,
foc_bus_None,210,,,,,,,,,,,,,,,,,,,,,,,,,,3.9999998989515007e-05,,,,,,,,,,,0.330931156873703,0.30253612995147705,0.5856589674949646,-1.0671688318252563,-300.0,False,False,-1.9026880901119756,-25.612232615386336,-1.9026880901119756,-25.612232615386336,25.68280906585013,25.68280906585013,-0.17510608189567547,-0.6920426883778583,-1.9026881456375122,-25.612234115600586,-1.9026881456375122,-25.612234115600586,25.682809829711914,25.682809829711914,-0.17510615289211273,-0.6920427680015564,5.55255366130325e-08,1.5002142497166915e-06,5.55255366130325e-08,1.5002142497166915e-06,7.638617844918372e-07,7.638617844918372e-07,7.099643725694271e-08,7.962369807934522e-08,,,,,,,,
foc_bus_None,211,,,,,,,,,,,,,,,,,,,,,,,,,,1.9999999494757503e-05,,,,,,,,,,,0.2990115284919739,0.8398970365524292,0.544455885887146,-1.1828631162643433,-300.0,False,False,-2.011187294824501,-24.407720539862176,-2.011187294824501,-24.407720539862176,24.490440916546877,24.490440916546877,-0.179731849918742,-0.6539207313993638,-2.0111873149871826,-24.40772247314453,-2.0111873149871826,-24.40772247314453,24.490442276000977,24.490442276000977,-0.17973192036151886,-0.6539208292961121,2.0162681746427324e-08,1.933282355537358e-06,2.0162681746427324e-08,1.933282355537358e-06,1.3594540995143234e-06,1.3594540995143234e-06,7.044277686163447e-08,9.789674826343742e-08,,,,,,,,
foc_bus_None,212,,,,,,,,,,,,,,,,,,,,,,,,,,3.9999998989515007e-05,,,,,,,,,,,0.2620457112789154,1.3704593181610107,0.4978128671646118,-1.2927638292312622,-300.0,False,False,-2.11680477176161,-23.154463231215054,-2.11680477176161,-23.154463231215054,23.251022127369854,23.251022127369854,-0.18861862313414327,-0.5535358408747622,-2.116804838180542,-23.154464721679688,-2.116804838180542,-23.154464721679688,23.25102424621582,23.25102424621582,-0.18861868977546692,-0.5535359382629395,6.641893213199523e-08,1.4904646334912286e-06,6.641893213199523e-08,1.4904646334912286e-06,2.118845966236904e-06,2.118845966236904e-06,6.664132365385989e-08,9.738817730031712e-08,,,,,,,,
foc_bus_None,213,,,,,,,,,,,,,,,,,,,,,,,,,,1.9999999494757503e-05,,,,,,,,,,,0.2206575572490692,1.8899283409118652,0.4461958110332489,-1.3963326215744019,-300.0,False,False,-2.209705265626347,-21.962037613393772,-2.209705265626347,-21.962037613393772,22.072922178385436,22.072922178385436,-0.19286923069915402,-0.49160131104058874,-2.209705352783203,-21.962038040161133,-2.209705352783203,-21.962038040161133,22.072921752929688,22.072921752929688,-0.19286929070949554,-0.4916014075279236,8.715685595461764e-08,4.267673610058864e-07,8.715685595461764e-08,4.267673610058864e-07,4.2545574885366477e-07,4.2545574885366477e-07,6.001034152935958e-08,9.648733484413086e-08,,,,,,,,
foc_bus_None,214,,,,,,,,,,,,,,,,,,,,,,,,,,3.9999998989515007e-05,,,,,,,,,,,0.17554554343223572,2.394099473953247,0.3901205360889435,-1.493062138557434,-300.0,False,False,-2.297401823798396,-20.71613939574157,-2.297401823798396,-20.71613939574157,20.843140037043078,20.843140037043078,-0.20095720754339708,-0.3450824985612816,-2.2974019050598145,-20.716140747070312,-2.2974019050598145,-20.716140747070312,20.843141555786133,20.843141555786133,-0.2009572684764862,-0.3450825810432434,8.126141848308066e-08,1.351328741350244e-06,8.126141848308066e-08,1.351328741350244e-06,1.5187430548735392e-06,1.5187430548735392e-06,6.093308912991091e-08,8.248196181614986e-08,,,,,,,,
foc_bus_None,215,,,,,,,,,,,,,,,,,,,,,,,,,,1.9999999494757503e-05,,,,,,,,,,,0.1274709850549698,2.8788912296295166,0.33014729619026184,-1.582478642463684,-300.0,False,False,-2.370823029398812,-19.57231900576404,-2.370823029398812,-19.57231900576404,19.71538670937296,19.71538670937296,-0.20477694741858704,-0.26100127415499147,-2.3708231449127197,-19.57232093811035,-2.3708231449127197,-19.57232093811035,19.715389251708984,19.715389251708984,-0.20477700233459473,-0.2610013484954834,1.1551390777242432e-07,1.9323463114062633e-06,1.1551390777242432e-07,1.9323463114062633e-06,2.5423360234810843e-06,2.5423360234810843e-06,5.4916007685701373e-08,7.43404919290036e-08,,,,,,,,
foc_bus_None,216,,,,,,,,,,,,,,,,,,,,,,,,,,3.9999998989515007e-05,,,,,,,,,,,0.07724519819021225,3.3403797149658203,0.26687535643577576,-1.6641442775726318,-300.0,False,False,-2.436613180558324,-18.37184122966069,-2.436613180558324,-18.37184122966069,18.53271793233607,18.53271793233607,-0.21192467842801563,-0.07236571291385974,-2.436613082885742,-18.371841430664062,-2.436613082885742,-18.371841430664062,18.532718658447266,18.532718658447266,-0.2119247317314148,-0.07236579060554504,9.767258202231233e-08,2.0100337394524104e-07,9.767258202231233e-08,2.0100337394524104e-07,7.261111960588096e-07,7.261111960588096e-07,5.3303399166759746e-08,7.769168530735726e-08,,,,,,,,
foc_bus_None,217,,,,,,,,,,,,,,,,,,,,,,,,,,1.9999999494757503e-05,,,,,,,,,,,0.02571580559015274,3.774829626083374,0.20093685388565063,-1.7376587390899658,-300.0,False,False,-2.4866796904732884,-17.311925489663224,-2.4866796904732884,-17.311925489663224,17.48960662915732,17.48960662915732,-0.2152269825867889,0.03152542020390123,-2.486679792404175,-17.31192398071289,-2.486679792404175,-17.31192398071289,17.489604949951172,17.489604949951172,-0.21522703766822815,0.03152533620595932,1.0193088639809389e-07,1.5089503335730114e-06,1.0193088639809389e-07,1.5089503335730114e-06,1.6792061465764618e-06,1.6792061465764618e-06,5.5081439243043206e-08,8.399794190760979e-08,,,,,,,,
foc_bus_None,218,,,,,,,,,,,,,,,,,,,,,,,,,,3.9999998989515007e-05,,,,,,,,,,,-0.026247574016451836,4.1787238121032715,0.13299067318439484,-1.8026622533798218,-300.0,False,False,-2.526703165823171,-16.193782678736778,-2.526703165823171,-16.193782678736778,16.389717091345297,16.389717091345297,-0.22122915106006855,0.2569818510541763,-2.526703119277954,-16.193782806396484,-2.526703119277954,-16.193782806396484,16.38971710205078,16.38971710205078,-0.2212292104959488,0.2569817900657654,4.6545217013971296e-08,1.2765970680561622e-07,4.6545217013971296e-08,1.2765970680561622e-07,1.0705484498885198e-08,1.0705484498885198e-08,5.943588024526214e-08,6.098841093260532e-08,,,,,,,,
foc_bus_None,219,,,,,,,,,,,,,,,,,,,,,,,,,,1.9999999494757503e-05,,,,,,,,,,,-0.0777679905295372,4.548793315887451,0.06371568888425827,-1.85883629322052,-300.0,False,False,-2.5498564934945076,-15.250731825099889,-2.5498564934945076,-15.250731825099889,15.462425079479955,15.462425079479955,-0.22389562376681085,0.37774326705912603,-2.549856662750244,-15.250733375549316,-2.549856662750244,-15.250733375549316,15.46242618560791,15.46242618560791,-0.22389568388462067,0.3777431845664978,1.6925573653736592e-07,1.550449427512035e-06,1.6925573653736592e-07,1.550449427512035e-06,1.1061279554525072e-06,1.1061279554525072e-06,6.011780981363124e-08,8.24926282283478e-08,,,,,,,,
foc_bus_None,220,,,,,,,,,,,,,,,,,,,,,,,,,,3.9999998989515007e-05,,,,,,,,,,,-0.12797598540782928,4.882042407989502,-0.006195916328579187,-1.905905842781067,-300.0,False,False,-2.560701581187076,-14.249522061986106,-2.560701581187076,-14.249522061986106,14.477778544477145,14.477778544477145,-0.2284858808448064,0.6336014525466894,-2.560701608657837,-14.249524116516113,-2.560701608657837,-14.249524116516113,14.47778034210205,14.47778034210205,-0.22848594188690186,0.6336013674736023,2.7470760777248415e-08,2.0545300074559236e-06,2.7470760777248415e-08,2.0545300074559236e-06,1.7976249058193616e-06,1.7976249058193616e-06,6.104209546164974e-08,8.507308713046058e-08,,,,,,,,
foc_bus_None,221,,,,,,,,,,,,,,,,,,,,,,,,,,1.9999999494757503e-05,,,,,,,,,,,-0.17602422833442688,5.175773620605469,-0.07604561746120453,-1.9436402320861816,-300.0,False,False,-2.554023284926221,-13.452901524727341,-2.554023284926221,-13.452901524727341,13.693195184979894,13.693195184979894,-0.23037012811810328,0.7677775130284354,-2.554023265838623,-13.452902793884277,-2.554023265838623,-13.452902793884277,13.693196296691895,13.693196296691895,-0.2303701937198639,0.7677774429321289,1.9087598168709974e-08,1.2691569359901678e-06,1.9087598168709974e-08,1.2691569359901678e-06,1.1117120006787218e-06,1.1117120006787218e-06,6.560176060710354e-08,7.009630653698196e-08,,,,,,,,
foc_bus_None,222,,,,,,,,,,,,,,,,,,,,,,,,,,3.9999998989515007e-05,,,,,,,,,,,-0.22110185027122498,5.427609443664551,-0.14513549208641052,-1.971854567527771,-300.0,False,False,-2.533051886919421,-12.59980445876176,-2.533051886919421,-12.59980445876176,12.851903526748819,12.851903526748819,-0.2332335286399117,1.046685566764596,-2.5330519676208496,-12.59980583190918,-2.5330519676208496,-12.59980583190918,12.85190486907959,12.85190486907959,-0.23323360085487366,1.0466854572296143,8.070142865079788e-08,1.3731474197697935e-06,8.070142865079788e-08,1.3731474197697935e-06,1.342330770981448e-06,1.342330770981448e-06,7.221496195475297e-08,1.0953498175148013e-07,,,,,,,,
foc_bus_None,223,,,,,,,,,,,,,,,,,,,,,,,,,,1.9999999494757503e-05,,,,,,,,,,,-0.26244810223579407,5.63551139831543,-0.21277523040771484,-1.9904109239578247,-300.0,False,False,-2.4945728987582827,-11.974831979226966,-2.4945728987582827,-11.974831979226966,12.231904793528116,12.231904793528116,-0.23416968860934326,1.1904075410610593,-2.4945731163024902,-11.974831581115723,-2.4945731163024902,-11.974831581115723,12.231904029846191,12.231904029846191,-0.23416976630687714,1.190407395362854,2.1754420753694603e-07,3.9811124352695515e-07,2.1754420753694603e-07,3.9811124352695515e-07,7.636819248091342e-07,7.636819248091342e-07,7.769753387898426e-08,1.4569820527832178e-07,,,,,,,,
foc_bus_None,224,,,,,,,,,,,,,,,,,,,,,,,,,,3.9999998989515007e-05,,,,,,,,,,,-0.29936522245407104,5.797796249389648,-0.27828899025917053,-1.9992181062698364,-300.0,False,False,-2.440223853606038,-11.296607834523863,-2.440223853606038,-11.296607834523863,11.557164056235155,11.557164056235155,-0.23496411519114427,1.4843004629808831,-2.4402241706848145,-11.296607971191406,-2.4402241706848145,-11.296607971191406,11.557164192199707,11.557164192199707,-0.23496419191360474,1.4843002557754517,3.170787765682803e-07,1.3666754306029816e-07,3.170787765682803e-07,1.3666754306029816e-07,1.3596455161746235e-07,1.3596455161746235e-07,7.672246046808162e-08,2.0720543147945136e-07,,,,,,,,
foc_bus_None,225,,,,,,,,,,,,,,,,,,,,,,,,,,1.9999999494757503e-05,,,,,,,,,,,-0.33123019337654114,5.913150787353516,-0.34102216362953186,-1.9982331991195679,-300.0,False,False,-2.369192614977324,-10.863335049376563,-2.369192614977324,-10.863335049376563,11.118683467114097,11.118683467114097,-0.2347795707862135,1.6334023916265958,-2.369192600250244,-10.863334655761719,-2.369192600250244,-10.863334655761719,11.118682861328125,11.118682861328125,-0.23477964103221893,1.6334022283554077,1.4727079999943271e-08,3.9361484382993694e-07,1.4727079999943271e-08,3.9361484382993694e-07,6.057859724961645e-07,6.057859724961645e-07,7.024600542915316e-08,1.6327118812498043e-07,,,,,,,,
foc_bus_None,226,,,,,,,,,,,,,,,,,,,,,,,,,,3.9999998989515007e-05,,,,,,,,,,,-0.35750526189804077,5.980640888214111,-0.4003479480743408,-1.9874608516693115,-300.0,False,False,-2.2812341599406825,-10.381460627471105,-2.2812341599406825,-10.381460627471105,10.629146440435047,10.629146440435047,-0.2331647010875182,1.933744111632407,-2.2812342643737793,-10.381462097167969,-2.2812342643737793,-10.381462097167969,10.62914752960205,10.62914752960205,-0.23316477239131927,1.933743953704834,1.0443309683694224e-07,1.4696968637650798e-06,1.0443309683694224e-07,1.4696968637650798e-06,1.0891670036983214e-06,1.0891670036983214e-06,7.130380108577583e-08,1.5792757301902327e-07,,,,,,,,
foc_bus_None,227,,,,,,,,,,,,,,,,,,,,,,,,,,1.9999999494757503e-05,,,,,,,,,,,-0.3777469992637634,5.999720573425293,-0.45567360520362854,-1.966953992843628,-300.0,False,False,-2.1783197061396624,-10.154111031639687,-2.1783197061396624,-10.154111031639687,10.385135896319468,10.385135896319468,-0.23169605700977977,2.0838880744023127,-2.1783199310302734,-10.1541109085083,-2.1783199310302734,-10.1541109085083,10.385135650634766,10.385135650634766,-0.23169612884521484,2.083887815475464,2.2489061102248797e-07,1.23131385976194e-07,2.2489061102248797e-07,1.23131385976194e-07,2.45684702804283e-07,2.45684702804283e-07,7.183543507260914e-08,2.589268488506491e-07,,,,,,,,
foc_bus_None,228,,,,,,,,,,,,,,,,,,,,,,,,,,3.9999998989515007e-05,,,,,,,,,,,-0.39161378145217896,5.970235824584961,-0.5064463019371033,-1.9368129968643188,-300.0,False,False,-2.058029096035903,-9.884078596680844,-2.058029096035903,-9.884078596680844,10.09606326572366,10.09606326572366,-0.22736767393424573,2.3819285262852405,-2.0580291748046875,-9.884078979492188,-2.0580291748046875,-9.884078979492188,10.096063613891602,10.096063613891602,-0.22736774384975433,2.3819282054901123,7.876878438395352e-08,3.828113435133673e-07,7.876878438395352e-08,3.828113435133673e-07,3.4816794070025026e-07,3.4816794070025026e-07,6.991550860480089e-08,3.2079512823912637e-07,,,,,,,,
foc_bus_None,229,,,,,,,,,,,,,,,,,,,,,,,,,,1.9999999494757503e-05,,,,,,,,,,,-0.39887163043022156,5.8924241065979,-0.552158772945404,-1.8971855640411377,-300.0,False,False,-1.925438748006017,-9.870570464138128,-1.925438748006017,-9.870570464138128,10.056613528411985,10.056613528411985,-0.22447874721489014,2.5287354348205136,-1.9254388809204102,-9.870570182800293,-1.9254388809204102,-9.870570182800293,10.056612968444824,10.056612968444824,-0.2244788110256195,2.5287351608276367,1.329143930473009e-07,2.8133783480654984e-07,1.329143930473009e-07,2.8133783480654984e-07,5.599671606404399e-07,5.599671606404399e-07,6.381072936711973e-08,2.7399287683138596e-07,,,,,,,,
foc_bus_None,230,,,,,,,,,,,,,,,,,,,,,,,,,,3.9999998989515007e-05,,,,,,,,,,,-0.39939799904823303,5.766916275024414,-0.5923542976379395,-1.8482656478881836,-300.0,False,False,-1.775689815284042,-9.821379948041669,-1.775689815284042,-9.821379948041669,9.980610121826142,9.980610121826142,-0.2172056439719545,2.815774545457948,-1.7756898403167725,-9.821381568908691,-1.7756898403167725,-9.821381568908691,9.980611801147461,9.980611801147461,-0.2172057032585144,2.8157742023468018,2.5032730555096805e-08,1.620867022822381e-06,2.5032730555096805e-08,1.620867022822381e-06,1.6793213184485012e-06,1.6793213184485012e-06,5.928655991138676e-08,3.431111461615899e-07,,,,,,,,
foc_bus_None,231,,,,,,,,,,,,,,,,,,,,,,,,,,1.9999999494757503e-05,,,,,,,,,,,-0.3931840658187866,5.594727993011475,-0.6266311407089233,-1.7902928590774536,-300.0,False,False,-1.6171867714423742,-10.023046717205693,-1.6171867714423742,-10.023046717205693,10.152672483096065,10.152672483096065,-0.2128059827796355,2.954956369272588,-1.6171867847442627,-10.023048400878906,-1.6171867847442627,-10.023048400878906,10.152673721313477,10.152673721313477,-0.21280604600906372,2.9549560546875,1.3301888479588797e-08,1.683673213292991e-06,1.3301888479588797e-08,1.683673213292991e-06,1.2382174112701705e-06,1.2382174112701705e-06,6.322942822101218e-08,3.14585088201369e-07,,,,,,,,
foc_bus_None,232,,,,,,,,,,,,,,,,,,,,,,,,,,3.9999998989515007e-05,,,,,,,,,,,-0.38033467531204224,5.37725305557251,-0.6546469330787659,-1.7235512733459473,-300.0,False,False,-1.442433780184917,-10.196892969692982,-1.442433780184917,-10.196892969692982,10.29840965613588,10.29840965613588,-0.202466328743348,3.2226070413137413,-1.4424338340759277,-10.196893692016602,-1.4424338340759277,-10.196893692016602,10.298410415649414,10.298410415649414,-0.20246639847755432,3.222606658935547,5.3891010765028113e-08,7.223236195841309e-07,5.3891010765028113e-08,7.223236195841309e-07,7.595135347315818e-07,7.595135347315818e-07,6.973420632605531e-08,3.823781944412019e-07,,,,,,,,
foc_bus_None,233,,,,,,,,,,,,,,,,,,,,,,,,,,1.9999999494757503e-05,,,,,,,,,,,-0.36106666922569275,5.116251468658447,-0.676121711730957,-1.6483677625656128,-300.0,False,False,-1.263248698256385,-10.608413953044183,-1.263248698256385,-10.608413953044183,10.683362947723388,10.683362947723388,-0.19652864267635764,3.35009646360116,-1.2632489204406738,-10.608416557312012,-1.2632489204406738,-10.608416557312012,10.683365821838379,10.683365821838379,-0.19652871787548065,3.3500959873199463,2.2218428874509755e-07,2.6042678289428522e-06,2.2218428874509755e-07,2.6042678289428522e-06,2.8741149904476515e-06,2.8741149904476515e-06,7.519912301190423e-08,4.7628121357945474e-07,,,,,,,,
foc_bus_None,234,,,,,,,,,,,,,,,,,,,,,,,,,,3.9999998989515007e-05,,,,,,,,,,,-0.3357052505016327,4.813836574554443,-0.6908408999443054,-1.5651105642318726,-300.0,False,False,-1.069398805357261,-11.000598063910342,-1.069398805357261,-11.000598063910342,11.052455454269314,11.052455454269314,-0.1831425119176214,3.590538167037198,-1.0693988800048828,-11.000598907470703,-1.0693988800048828,-11.000598907470703,11.05245590209961,11.05245590209961,-0.18314258754253387,3.5905377864837646,7.464762186160101e-08,8.43560361118989e-07,7.464762186160101e-08,8.43560361118989e-07,4.478302955135405e-07,4.478302955135405e-07,7.562491247115055e-08,3.8055343321019564e-07,,,,,,,,
foc_bus_None,235,,,,,,,,,,,,,,,,,,,,,,,,,,1.9999999494757503e-05,,,,,,,,,,,-0.30467838048934937,4.4724555015563965,-0.6986573934555054,-1.4741873741149902,-300.0,False,False,-0.8760335977633101,-11.610137938310086,-0.8760335977633101,-11.610137938310086,11.643141234692521,11.643141234692521,-0.17571738493862163,3.7026115948022893,-0.8760337233543396,-11.610137939453125,-0.8760337233543396,-11.610137939453125,11.64314079284668,11.64314079284668,-0.17571745812892914,3.702611207962036,1.255910294650775e-07,1.1430394408762368e-09,1.255910294650775e-07,1.1430394408762368e-09,4.418458416921567e-07,4.418458416921567e-07,7.319030750907451e-08,3.868402531637116e-07,,,,,,,,
foc_bus_None,236,,,,,,,,,,,,,,,,,,,,,,,,,,3.9999998989515007e-05,,,,,,,,,,,-0.2685096859931946,4.09487247467041,-0.6994931697845459,-1.376043677330017,-300.0,False,False,-0.6702130637608559,-12.209194480295178,-0.6702130637608559,-12.209194480295178,12.227576023419603,12.227576023419603,-0.1594723211779417,3.9088268792877785,-0.6702131628990173,-12.20919418334961,-0.6702131628990173,-12.20919418334961,12.227575302124023,12.227575302124023,-0.15947239100933075,3.9088265895843506,9.913816145790122e-08,2.9694556857862153e-07,9.913816145790122e-08,2.9694556857862153e-07,7.212955797086806e-07,7.212955797086806e-07,6.983138906013764e-08,2.89703427913679e-07,,,,,,,,
foc_bus_None,237,,,,,,,,,,,,,,,,,,,,,,,,,,1.9999999494757503e-05,,,,,,,,,,,-0.22780956327915192,3.684142827987671,-0.6933398842811584,-1.2711601257324219,-300.0,False,False,-0.4701461057573767,-12.998752332229628,-0.4701461057573767,-12.998752332229628,13.007251806411839,13.007251806411839,-0.15069870219760437,4.002217015411463,-0.47014617919921875,-12.99875259399414,-0.47014617919921875,-12.99875259399414,13.007251739501953,13.007251739501953,-0.15069876611232758,4.002216815948486,7.344184205226867e-08,2.617645122882095e-07,7.344184205226867e-08,2.617645122882095e-07,6.690988563207156e-08,6.690988563207156e-08,6.391472320843583e-08,1.9946297680206726e-07,,,,,,,,
foc_bus_None,238,,,,,,,,,,,,,,,,,,,,,,,,,,3.9999998989515007e-05,,,,,,,,,,,-0.18326488137245178,3.2435920238494873,-0.6802589297294617,-1.160050392150879,-300.0,False,False,-0.26037008203975165,-13.78679331216664,-0.26037008203975165,-13.78679331216664,13.78925169876974,13.78925169876974,-0.13196550172037508,4.168203542778701,-0.2603701949119568,-13.786794662475586,-0.2603701949119568,-13.786794662475586,13.789253234863281,13.789253234863281,-0.13196556270122528,4.168203353881836,1.1287220513800378e-07,1.3503089455468853e-06,1.1287220513800378e-07,1.3503089455468853e-06,1.5360935403663234e-06,1.5360935403663234e-06,6.098085020278532e-08,1.888968652608014e-07,,,,,,,,
foc_bus_None,239,,,,,,,,,,,,,,,,,,,,,,,,,,1.9999999494757503e-05,,,,,,,,,,,-0.1356273889541626,2.7767858505249023,-0.660381019115448,-1.0432586669921875,-300.0,False,False,-0.06167928453186988,-14.732750299781042,-0.06167928453186988,-14.732750299781042,14.73287941068679,14.73287941068679,-0.12207573041681241,4.240198026430126,-0.06167936325073242,-14.732751846313477,-0.06167936325073242,-14.732751846313477,14.732880592346191,14.732880592346191,-0.12207578867673874,4.240197658538818,7.871886253951743e-08,1.546532434559822e-06,7.871886253951743e-08,1.546532434559822e-06,1.1816594014391057e-06,1.1816594014391057e-06,5.8259926327686173e-08,3.678913076399226e-07,,,,,,,,
foc_bus_None,240,,,,,,,,,,,,,,,,,,,,,,,,,,3.9999998989515007e-05,,,,,,,,,,,-0.08570101857185364,2.2875030040740967,-0.6339048743247986,-0.9213571548461914,-300.0,False,False,0.14355765748234206,-15.68601228784042,0.14355765748234206,-15.68601228784042,15.686669190599465,15.686669190599465,-0.10141227827657079,4.361149617015909,0.14355754852294922,-15.686014175415039,0.14355754852294922,-15.686014175415039,15.686671257019043,15.686671257019043,-0.1014123409986496,4.361149311065674,1.0895939284161216e-07,1.887574619274801e-06,1.0895939284161216e-07,1.887574619274801e-06,2.066419577673173e-06,2.066419577673173e-06,6.272207880853031e-08,3.0595023492452356e-07,,,,,,,,
foc_bus_None,241,,,,,,,,,,,,,,,,,,,,,,,,,,1.9999999494757503e-05,,,,,,,,,,,-0.03432833403348923,1.7797037363052368,-0.6010949015617371,-0.7949428558349609,-300.0,False,False,0.332633838837903,-16.759858680556135,0.332633838837903,-16.759858680556135,16.763159256624416,16.763159256624416,-0.0907307099877782,4.40967270388991,0.33263373374938965,-16.75986099243164,0.33263373374938965,-16.75986099243164,16.763160705566406,16.763160705566406,-0.09073077142238617,4.409672260284424,1.0508851333579372e-07,2.3118755052564666e-06,1.0508851333579372e-07,2.3118755052564666e-06,1.448941990389585e-06,1.448941990389585e-06,6.143460797025657e-08,4.4360548656641186e-07,,,,,,,,
foc_bus_None,242,,,,,,,,,,,,,,,,,,,,,,,,,,3.9999998989515007e-05,,,,,,,,,,,0.017623677849769592,1.2574986219406128,-0.5622789859771729,-0.6646348834037781,-300.0,False,False,0.5248209386364783,-17.84944318022851,0.5248209386364783,-17.84944318022851,17.85715707669721,17.85715707669721,-0.06887243443163756,4.482123696851803,0.5248208045959473,-17.849443435668945,0.5248208045959473,-17.849443435668945,17.85715675354004,17.85715675354004,-0.06887249648571014,4.482123374938965,1.3404053100796176e-07,2.554404368027008e-07,1.3404053100796176e-07,2.554404368027008e-07,3.2315717035658054e-07,3.2315717035658054e-07,6.20540725887464e-08,3.219128377196512e-07,,,,,,,,
foc_bus_None,243,,,,,,,,,,,,,,,,,,,,,,,,,,1.9999999494757503e-05,,,,,,,,,,,0.06927827000617981,0.725114643573761,-0.5178450345993042,-0.5310715436935425,-300.0,False,False,0.6963551968020506,-19.01866381977168,0.6963551968020506,-19.01866381977168,19.031407831519076,19.031407831519076,-0.057807212819439194,4.505798414648323,0.6963549852371216,-19.018665313720703,0.6963549852371216,-19.018665313720703,19.031410217285156,19.031410217285156,-0.05780727416276932,4.505797863006592,2.1156492902019153e-07,1.4939490213805584e-06,2.1156492902019153e-07,1.4939490213805584e-06,2.3857660806925196e-06,2.3857660806925196e-06,6.134333012386417e-08,5.516417314055388e-07,,,,,,,,
foc_bus_None,244,,,,,,,,,,,,,,,,,,,,,,,,,,3.9999998989515007e-05,,,,,,,,,,,0.11976370960474014,0.18686123192310333,-0.46823686361312866,-0.39490699768066406,-300.0,False,False,0.8674545754751033,-20.211437186436633,0.8674545754751033,-20.211437186436633,20.23004376124249,20.23004376124249,-0.035643702702506205,4.527727008989601,0.8674545288085938,-20.21143913269043,0.8674545288085938,-20.21143913269043,20.230045318603516,20.230045318603516,-0.03564376384019852,4.527726650238037,4.666650954554541e-08,1.946253796347719e-06,4.666650954554541e-08,1.946253796347719e-06,1.5573610241403912e-06,1.5573610241403912e-06,6.113769231153032e-08,3.587515635672389e-07,,,,,,,,
foc_bus_None,245,,,,,,,,,,,,,,,,,,,,,,,,,,1.9999999494757503e-05,,,,,,,,,,,0.16822798550128937,-0.3529047667980194,-0.41395026445388794,-0.25680822134017944,-300.0,False,False,1.0143041753250654,-21.44052666525287,1.0143041753250654,-21.44052666525287,21.4645055066149,21.4645055066149,-0.024671678081741942,4.525915925077045,1.0143040418624878,-21.440528869628906,1.0143040418624878,-21.440528869628906,21.464508056640625,21.464508056640625,-0.02467174082994461,4.525915622711182,1.3346257765611824e-07,2.204376034597999e-06,1.3346257765611824e-07,2.204376034597999e-06,2.550025726577587e-06,2.550025726577587e-06,6.274820266854997e-08,3.0236586301413126e-07,,,,,,,,
foc_bus_None,246,,,,,,,,,,,,,,,,,,,,,,,,,,3.9999998989515007e-05,,,,,,,,,,,0.21385322511196136,-0.8898141384124756,-0.3555276095867157,-0.11745157837867737,-300.0,False,False,1.1572323593643916,-22.700160071168995,1.1572323593643916,-22.700160071168995,22.729638228318883,22.729638228318883,-0.0032100019116473796,4.4968032571767935,1.1572322845458984,-22.70016098022461,1.1572322845458984,-22.70016098022461,22.729639053344727,22.729639053344727,-0.0032100658863782883,4.496802806854248,7.48184931786966e-08,9.090556147839379e-07,7.48184931786966e-08,9.090556147839379e-07,8.250258431985458e-07,8.250258431985458e-07,6.397473090863359e-08,4.503225454755011e-07,,,,,,,,
foc_bus_None,247,,,,,,,,,,,,,,,,,,,,,,,,,,1.9999999494757503e-05,,,,,,,,,,,0.25586941838264465,-1.4195208549499512,-0.2935526371002197,0.02248033694922924,-300.0,False,False,1.2734847046459858,-23.951734952874407,1.2734847046459858,-23.951734952874407,23.985565879205623,23.985565879205623,0.007144682964355841,4.4696265761827725,1.273484468460083,-23.951736450195312,1.273484468460083,-23.951736450195312,23.985567092895508,23.985567092895508,0.007144617848098278,4.469625949859619,2.3618590283547292e-07,1.4973209054858216e-06,2.3618590283547292e-07,1.4973209054858216e-06,1.2136898845938049e-06,1.2136898845938049e-06,6.511625756308592e-08,6.263231533409908e-07,,,,,,,,
foc_bus_None,248,,,,,,,,,,,,,,,,,,,,,,,,,,3.9999998989515007e-05,,,,,,,,,,,0.2935675084590912,-1.937737226486206,-0.22864459455013275,0.1623021364212036,-300.0,False,False,1.3825545401403618,-25.23984559120068,1.3825545401403618,-25.23984559120068,25.27768309248526,25.27768309248526,0.026828427769042134,4.390469776367018,1.3825544118881226,-25.23984718322754,1.3825544118881226,-25.23984718322754,25.277685165405273,25.277685165405273,0.026828359812498093,4.390469074249268,1.282522392731522e-07,1.5920268587876762e-06,1.282522392731522e-07,1.5920268587876762e-06,2.072920015194768e-06,2.072920015194768e-06,6.79565440413199e-08,7.021177506061349e-07,,,,,,,,
foc_bus_None,249,,,,,,,,,,,,,,,,,,,,,,,,,,1.9999999494757503e-05,,,,,,,,,,,0.32631129026412964,-2.4402685165405273,-0.16145199537277222,0.30132898688316345,-300.0,False,False,1.4639104279603263,-26.475819170930667,1.4639104279603263,-26.475819170930667,26.51625981379936,26.51625981379936,0.03602106040264705,4.338800248503161,1.4639103412628174,-26.475820541381836,1.4639103412628174,-26.475820541381836,26.51626205444336,26.51626205444336,0.03602099418640137,4.338799476623535,8.669750894974015e-08,1.3704511694356825e-06,8.669750894974015e-08,1.3704511694356825e-06,2.240644001005876e-06,2.240644001005876e-06,6.62162456810389e-08,7.718796259936767e-07,,,,,,,,
foc_bus_None,250,,,,,,,,,,,,,,,,,,,,,,,,,,3.9999998989515007e-05,,,,,,,,,,,0.35354816913604736,-2.9230470657348633,-0.09264622628688812,0.43887993693351746,-300.0,False,False,1.5352029076503841,-27.753178240344187,1.5352029076503841,-27.753178240344187,27.795606674580288,27.795606674580288,0.05283946917214126,4.212079108201785,1.5352028608322144,-27.7531795501709,1.5352028608322144,-27.7531795501709,27.795608520507812,27.795608520507812,0.052839405834674835,4.212078094482422,4.681816978546749e-08,1.3098267110933648e-06,4.681816978546749e-08,1.3098267110933648e-06,1.8459275246129891e-06,1.8459275246129891e-06,6.333746642439575e-08,1.0137193635628705e-06,,,,,,,,
foc_bus_None,251,,,,,,,,,,,,,,,,,,,,,,,,,,1.9999999494757503e-05,,,,,,,,,,,0.37481850385665894,-3.38216495513916,-0.022914765402674675,0.5742812156677246,-300.0,False,False,1.579271594214024,-28.935958702055444,1.579271594214024,-28.935958702055444,28.979023530397804,28.979023530397804,0.06033535075677012,4.137513930268457,1.5792715549468994,-28.935958862304688,1.5792715549468994,-28.935958862304688,28.979022979736328,28.979022979736328,0.06033528596162796,4.137513160705566,3.926712466295612e-08,1.6024924320845457e-07,3.926712466295612e-08,1.6024924320845457e-07,5.506614755290684e-07,5.506614755290684e-07,6.479514216145565e-08,7.695628907455898e-07,,,,,,,,
foc_bus_None,252,,,,,,,,,,,,,,,,,,,,,,,,,,3.9999998989515007e-05,,,,,,,,,,,0.38976332545280457,-3.8139054775238037,0.04704565182328224,0.7068697214126587,-300.0,False,False,1.6109091438734962,-30.16372534714407,1.6109091438734962,-30.16372534714407,30.20671043142164,30.20671043142164,0.07325341065792129,3.9671123160154678,1.6109089851379395,-30.163724899291992,1.6109089851379395,-30.163724899291992,30.206710815429688,30.206710815429688,0.07325334846973419,3.967111587524414,1.5873555669898565e-07,4.478520772011052e-07,1.5873555669898565e-07,4.478520772011052e-07,3.8400804669436184e-07,3.8400804669436184e-07,6.21881870999097e-08,7.284910537030953e-07,,,,,,,,
foc_bus_None,253,,,,,,,,,,,,,,,,,,,,,,,,,,1.9999999494757503e-05,,,,,,,,,,,0.3981303870677948,-4.2147746086120605,0.11653599888086319,0.8359959125518799,-300.0,False,False,1.6173914193518333,-31.25739907657186,1.6173914193518333,-31.25739907657186,31.299216476382735,31.299216476382735,0.0785604803749606,3.87192295001578,1.6173913478851318,-31.257400512695312,1.6173913478851318,-31.257400512695312,31.299217224121094,31.299217224121094,0.07856041938066483,3.871922254562378,7.146670144564382e-08,1.4361234512705323e-06,7.146670144564382e-08,1.4361234512705323e-06,7.47738358342076e-07,7.47738358342076e-07,6.099429578076965e-08,6.954534019776304e-07,,,,,,,,
foc_bus_None,254,,,,,,,,,,,,,,,,,,,,,,,,,,3.9999998989515007e-05,,,,,,,,,,,0.3997785449028015,-4.581526756286621,0.184861958026886,0.9610274434089661,-300.0,False,False,1.60969130884769,-32.39834497843296,1.60969130884769,-32.39834497843296,32.438308578767355,32.438308578767355,0.08666133293272867,3.6630074120489717,1.6096912622451782,-32.398345947265625,1.6096912622451782,-32.398345947265625,32.43830871582031,32.43830871582031,0.08666127175092697,3.6630067825317383,4.660251184951392e-08,9.688326656487334e-07,4.660251184951392e-08,9.688326656487334e-07,1.37052957427386e-07,1.37052957427386e-07,6.118180169434329e-08,6.295172334525034e-07,,,,,,,,
foc_bus_None,255,,,,,,,,,,,,,,,,,,,,,,,,,,1.9999999494757503e-05,,,,,,,,,,,0.3946799635887146,-4.91119384765625,0.2513408362865448,1.08135187625885,-300.0,False,False,1.5804350950565995,-33.369807489847936,1.5804350950565995,-33.369807489847936,33.40721220034976,33.40721220034976,0.08936277434521592,3.5500688760783916,1.580435037612915,-33.36981201171875,1.580435037612915,-33.36981201171875,33.4072151184082,33.4072151184082,0.08936271071434021,3.5500681400299072,5.744368447579973e-08,4.521870813789519e-06,5.744368447579973e-08,4.521870813789519e-06,2.9180584419918887e-06,2.9180584419918887e-06,6.363087570737669e-08,7.360484843843551e-07,,,,,,,,
speed,0,,,,,,,,,,,,,,,,,,,,,,,,,,0.0010000000474974513,,,,,,0.0,,0.0,,0.0,,,,,,,,,,,,,,,,,,,,,,,,,,,,,,,,100.0,0.0,5.0,5.0,0.0,,,
speed,1,,,,,,,,,,,,,,,,,,,,,,,,,,0.0010000000474974513,,,,,,0.0,,0.0,,0.0,,,,,,,,,,,,,,,,,,,,,,,,,,,,,,,,100.0,0.0,5.0,5.0,0.0,,,
speed,2,,,,,,,,,,,,,,,,,,,,,,,,,,0.0010000000474974513,,,,,,0.0,,0.0,,0.0,,,,,,,,,,,,,,,,,,,,,,,,,,,,,,,,100.0,0.0,5.0,5.0,0.0,,,
speed,3,,,,,,,,,,,,,,,,,,,,,,,,,,0.0010000000474974513,,,,,,0.0,,0.0,,0.0,,,,,,,,,,,,,,,,,,,,,,,,,,,,,,,,100.0,0.0,5.0,5.0,0.0,,,
speed,4,,,,,,,,,,,,,,,,,,,,,,,,,,0.0010000000474974513,,,,,,0.0,,0.0,,0.0,,,,,,,,,,,,,,,,,,,,,,,,,,,,,,,,100.0,0.0,5.0,5.0,0.0,,,
speed,5,,,,,,,,,,,,,,,,,,,,,,,,,,0.0010000000474974513,,,,,,0.0,,0.0,,0.0,,,,,,,,,,,,,,,,,,,,,,,,,,,,,,,,100.0,0.0,5.0,5.0,0.0,,,
speed,6,,,,,,,,,,,,,,,,,,,,,,,,,,0.0010000000474974513,,,,,,0.0,,0.0,,0.0,,,,,,,,,,,,,,,,,,,,,,,,,,,,,,,,100.0,0.0,5.0,5.0,0.0,,,
speed,7,,,,,,,,,,,,,,,,,,,,,,,,,,0.0010000000474974513,,,,,,0.0,,0.0,,0.0,,,,,,,,,,,,,,,,,,,,,,,,,,,,,,,,100.0,0.0,5.0,5.0,0.0,,,
speed,8,,,,,,,,,,,,,,,,,,,,,,,,,,0.0010000000474974513,,,,,,0.0,,0.0,,0.0,,,,,,,,,,,,,,,,,,,,,,,,,,,,,,,,100.0,0.0,5.0,5.0,0.0,,,
speed,9,,,,,,,,,,,,,,,,,,,,,,,,,,0.0010000000474974513,,,,,,0.0,,0.0,,0.0,,,,,,,,,,,,,,,,,,,,,,,,,,,,,,,,100.0,0.0,5.0,5.0,0.0,,,
speed,10,,,,,,,,,,,,,,,,,,,,,,,,,,0.0010000000474974513,,,,,,0.0,,0.0,,0.0,,,,,,,,,,,,,,,,,,,,,,,,,,,,,,,,100.0,0.0,5.0,5.0,0.0,,,
speed,11,,,,,,,,,,,,,,,,,,,,,,,,,,0.0010000000474974513,,,,,,0.0,,0.0,,0.0,,,,,,,,,,,,,,,,,,,,,,,,,,,,,,,,100.0,0.0,5.0,5.0,0.0,,,
speed,12,,,,,,,,,,,,,,,,,,,,,,,,,,0.0010000000474974513,,,,,,0.0,,0.0,,0.0,,,,,,,,,,,,,,,,,,,,,,,,,,,,,,,,100.0,0.0,5.0,5.0,0.0,,,
speed,13,,,,,,,,,,,,,,,,,,,,,,,,,,0.0010000000474974513,,,,,,0.0,,0.0,,0.0,,,,,,,,,,,,,,,,,,,,,,,,,,,,,,,,100.0,0.0,5.0,5.0,0.0,,,
speed,14,,,,,,,,,,,,,,,,,,,,,,,,,,0.0010000000474974513,,,,,,0.0,,0.0,,0.0,,,,,,,,,,,,,,,,,,,,,,,,,,,,,,,,100.0,0.0,5.0,5.0,0.0,,,
speed,15,,,,,,,,,,,,,,,,,,,,,,,,,,0.0010000000474974513,,,,,,0.0,,0.0,,0.0,,,,,,,,,,,,,,,,,,,,,,,,,,,,,,,,100.0,0.0,5.0,5.0,0.0,,,
speed,16,,,,,,,,,,,,,,,,,,,,,,,,,,0.0010000000474974513,,,,,,0.0,,0.0,,0.0,,,,,,,,,,,,,,,,,,,,,,,,,,,,,,,,100.0,0.0,5.0,5.0,0.0,,,
speed,17,,,,,,,,,,,,,,,,,,,,,,,,,,0.0010000000474974513,,,,,,0.0,,0.0,,0.0,,,,,,,,,,,,,,,,,,,,,,,,,,,,,,,,100.0,0.0,5.0,5.0,0.0,,,
speed,18,,,,,,,,,,,,,,,,,,,,,,,,,,0.0010000000474974513,,,,,,0.0,,0.0,,0.0,,,,,,,,,,,,,,,,,,,,,,,,,,,,,,,,100.0,0.0,5.0,5.0,0.0,,,
speed,19,,,,,,,,,,,,,,,,,,,,,,,,,,0.0010000000474974513,,,,,,0.0,,0.0,,0.0,,,,,,,,,,,,,,,,,,,,,,,,,,,,,,,,100.0,0.0,5.0,5.0,0.0,,,
speed,20,,,,,,,,,,,,,,,,,,,,,,,,,,0.0010000000474974513,,,,,,0.0,,0.0,,0.0,,,,,,,,,,,,,,,,,,,,,,,,,,,,,,,,100.0,0.0,5.0,5.0,0.0,,,
speed,21,,,,,,,,,,,,,,,,,,,,,,,,,,0.0010000000474974513,,,,,,0.0,,0.0,,0.0,,,,,,,,,,,,,,,,,,,,,,,,,,,,,,,,100.0,0.0,5.0,5.0,0.0,,,
speed,22,,,,,,,,,,,,,,,,,,,,,,,,,,0.0010000000474974513,,,,,,0.0,,0.0,,0.0,,,,,,,,,,,,,,,,,,,,,,,,,,,,,,,,100.0,0.0,5.0,5.0,0.0,,,
speed,23,,,,,,,,,,,,,,,,,,,,,,,,,,0.0010000000474974513,,,,,,0.0,,0.0,,0.0,,,,,,,,,,,,,,,,,,,,,,,,,,,,,,,,100.0,0.0,5.0,5.0,0.0,,,
speed,24,,,,,,,,,,,,,,,,,,,,,,,,,,0.0010000000474974513,,,,,,0.0,,0.0,,0.0,,,,,,,,,,,,,,,,,,,,,,,,,,,,,,,,100.0,0.0,5.0,5.0,0.0,,,
speed,25,,,,,,,,,,,,,,,,,,,,,,,,,,0.0010000000474974513,,,,,,0.0,,0.0,,0.0,,,,,,,,,,,,,,,,,,,,,,,,,,,,,,,,100.0,0.0,5.0,5.0,0.0,,,
speed,26,,,,,,,,,,,,,,,,,,,,,,,,,,0.0010000000474974513,,,,,,0.0,,0.0,,0.0,,,,,,,,,,,,,,,,,,,,,,,,,,,,,,,,100.0,0.0,5.0,5.0,0.0,,,
speed,27,,,,,,,,,,,,,,,,,,,,,,,,,,0.0010000000474974513,,,,,,0.0,,0.0,,0.0,,,,,,,,,,,,,,,,,,,,,,,,,,,,,,,,100.0,0.0,5.0,5.0,0.0,,,
speed,28,,,,,,,,,,,,,,,,,,,,,,,,,,0.0010000000474974513,,,,,,0.0,,0.0,,0.0,,,,,,,,,,,,,,,,,,,,,,,,,,,,,,,,100.0,0.0,5.0,5.0,0.0,,,
speed,29,,,,,,,,,,,,,,,,,,,,,,,,,,0.0010000000474974513,,,,,,0.0,,0.0,,0.0,,,,,,,,,,,,,,,,,,,,,,,,,,,,,,,,100.0,0.0,5.0,5.0,0.0,,,
speed,30,,,,,,,,,,,,,,,,,,,,,,,,,,0.0010000000474974513,,,,,,0.0,,0.0,,0.0,,,,,,,,,,,,,,,,,,,,,,,,,,,,,,,,100.0,0.0,5.0,5.0,0.0,,,
speed,31,,,,,,,,,,,,,,,,,,,,,,,,,,0.0010000000474974513,,,,,,0.0,,0.0,,0.0,,,,,,,,,,,,,,,,,,,,,,,,,,,,,,,,100.0,0.0,5.0,5.0,0.0,,,
speed,32,,,,,,,,,,,,,,,,,,,,,,,,,,0.0010000000474974513,,,,,,0.0,,0.0,,0.0,,,,,,,,,,,,,,,,,,,,,,,,,,,,,,,,100.0,0.0,5.0,5.0,0.0,,,
speed,33,,,,,,,,,,,,,,,,,,,,,,,,,,0.0010000000474974513,,,,,,0.0,,0.0,,0.0,,,,,,,,,,,,,,,,,,,,,,,,,,,,,,,,100.0,0.0,5.0,5.0,0.0,,,
speed,34,,,,,,,,,,,,,,,,,,,,,,,,,,0.0010000000474974513,,,,,,0.0,,0.0,,0.0,,,,,,,,,,,,,,,,,,,,,,,,,,,,,,,,100.0,0.0,5.0,5.0,0.0,,,
speed,35,,,,,,,,,,,,,,,,,,,,,,,,,,0.0010000000474974513,,,,,,0.0,,0.0,,0.0,,,,,,,,,,,,,,,,,,,,,,,,,,,,,,,,100.0,0.0,5.0,5.0,0.0,,,
speed,36,,,,,,,,,,,,,,,,,,,,,,,,,,0.0010000000474974513,,,,,,0.0,,0.0,,0.0,,,,,,,,,,,,,,,,,,,,,,,,,,,,,,,,100.0,0.0,5.0,5.0,0.0,,,
speed,37,,,,,,,,,,,,,,,,,,,,,,,,,,0.0010000000474974513,,,,,,0.0,,0.0,,0.0,,,,,,,,,,,,,,,,,,,,,,,,,,,,,,,,100.0,0.0,5.0,5.0,0.0,,,
speed,38,,,,,,,,,,,,,,,,,,,,,,,,,,0.0010000000474974513,,,,,,0.0,,0.0,,0.0,,,,,,,,,,,,,,,,,,,,,,,,,,,,,,,,100.0,0.0,5.0,5.0,0.0,,,
speed,39,,,,,,,,,,,,,,,,,,,,,,,,,,0.0010000000474974513,,,,,,0.0,,0.0,,0.0,,,,,,,,,,,,,,,,,,,,,,,,,,,,,,,,100.0,0.0,5.0,5.0,0.0,,,
speed,40,,,,,,,,,,,,,,,,,,,,,,,,,,0.0010000000474974513,,,,,,0.0,,0.0,,0.0,,,,,,,,,,,,,,,,,,,,,,,,,,,,,,,,100.0,0.0,5.0,5.0,0.0,,,
speed,41,,,,,,,,,,,,,,,,,,,,,,,,,,0.0010000000474974513,,,,,,0.0,,0.0,,0.0,,,,,,,,,,,,,,,,,,,,,,,,,,,,,,,,100.0,0.0,5.0,5.0,0.0,,,
speed,42,,,,,,,,,,,,,,,,,,,,,,,,,,0.0010000000474974513,,,,,,0.0,,0.0,,0.0,,,,,,,,,,,,,,,,,,,,,,,,,,,,,,,,100.0,0.0,5.0,5.0,0.0,,,
speed,43,,,,,,,,,,,,,,,,,,,,,,,,,,0.0010000000474974513,,,,,,0.0,,0.0,,0.0,,,,,,,,,,,,,,,,,,,,,,,,,,,,,,,,100.0,0.0,5.0,5.0,0.0,,,
speed,44,,,,,,,,,,,,,,,,,,,,,,,,,,0.0010000000474974513,,,,,,0.0,,0.0,,0.0,,,,,,,,,,,,,,,,,,,,,,,,,,,,,,,,100.0,0.0,5.0,5.0,0.0,,,
speed,45,,,,,,,,,,,,,,,,,,,,,,,,,,0.0010000000474974513,,,,,,0.0,,0.0,,0.0,,,,,,,,,,,,,,,,,,,,,,,,,,,,,,,,100.0,0.0,5.0,5.0,0.0,,,
speed,46,,,,,,,,,,,,,,,,,,,,,,,,,,0.0010000000474974513,,,,,,0.0,,0.0,,0.0,,,,,,,,,,,,,,,,,,,,,,,,,,,,,,,,100.0,0.0,5.0,5.0,0.0,,,
speed,47,,,,,,,,,,,,,,,,,,,,,,,,,,0.0010000000474974513,,,,,,0.0,,0.0,,0.0,,,,,,,,,,,,,,,,,,,,,,,,,,,,,,,,100.0,0.0,5.0,5.0,0.0,,,
speed,48,,,,,,,,,,,,,,,,,,,,,,,,,,0.0010000000474974513,,,,,,0.0,,0.0,,0.0,,,,,,,,,,,,,,,,,,,,,,,,,,,,,,,,100.0,0.0,5.0,5.0,0.0,,,
speed,49,,,,,,,,,,,,,,,,,,,,,,,,,,0.0010000000474974513,,,,,,0.0,,0.0,,0.0,,,,,,,,,,,,,,,,,,,,,,,,,,,,,,,,100.0,0.0,5.0,5.0,0.0,,,
speed,50,,,,,,,,,,,,,,,,,,,,,,,,,,0.0010000000474974513,,,,,,0.0,,0.0,,0.0,,,,,,,,,,,,,,,,,,,,,,,,,,,,,,,,100.0,0.0,5.0,5.0,0.0,,,
speed,51,,,,,,,,,,,,,,,,,,,,,,,,,,0.0010000000474974513,,,,,,0.0,,0.0,,0.0,,,,,,,,,,,,,,,,,,,,,,,,,,,,,,,,100.0,0.0,5.0,5.0,0.0,,,
speed,52,,,,,,,,,,,,,,,,,,,,,,,,,,0.0010000000474974513,,,,,,0.0,,0.0,,0.0,,,,,,,,,,,,,,,,,,,,,,,,,,,,,,,,100.0,0.0,5.0,5.0,0.0,,,
speed,53,,,,,,,,,,,,,,,,,,,,,,,,,,0.0010000000474974513,,,,,,0.0,,0.0,,0.0,,,,,,,,,,,,,,,,,,,,,,,,,,,,,,,,100.0,0.0,5.0,5.0,0.0,,,
speed,54,,,,,,,,,,,,,,,,,,,,,,,,,,0.0010000000474974513,,,,,,0.0,,0.0,,0.0,,,,,,,,,,,,,,,,,,,,,,,,,,,,,,,,100.0,0.0,5.0,5.0,0.0,,,
speed,55,,,,,,,,,,,,,,,,,,,,,,,,,,0.0010000000474974513,,,,,,0.0,,0.0,,0.0,,,,,,,,,,,,,,,,,,,,,,,,,,,,,,,,100.0,0.0,5.0,5.0,0.0,,,
speed,56,,,,,,,,,,,,,,,,,,,,,,,,,,0.0010000000474974513,,,,,,0.0,,0.0,,0.0,,,,,,,,,,,,,,,,,,,,,,,,,,,,,,,,100.0,0.0,5.0,5.0,0.0,,,
speed,57,,,,,,,,,,,,,,,,,,,,,,,,,,0.0010000000474974513,,,,,,0.0,,0.0,,0.0,,,,,,,,,,,,,,,,,,,,,,,,,,,,,,,,100.0,0.0,5.0,5.0,0.0,,,
speed,58,,,,,,,,,,,,,,,,,,,,,,,,,,0.0010000000474974513,,,,,,0.0,,0.0,,0.0,,,,,,,,,,,,,,,,,,,,,,,,,,,,,,,,100.0,0.0,5.0,5.0,0.0,,,
speed,59,,,,,,,,,,,,,,,,,,,,,,,,,,0.0010000000474974513,,,,,,0.0,,0.0,,0.0,,,,,,,,,,,,,,,,,,,,,,,,,,,,,,,,100.0,0.0,5.0,5.0,0.0,,,
speed,60,,,,,,,,,,,,,,,,,,,,,,,,,,0.0010000000474974513,,,,,,0.0,,0.0,,0.0,,,,,,,,,,,,,,,,,,,,,,,,,,,,,,,,100.0,0.0,5.0,5.0,0.0,,,
speed,61,,,,,,,,,,,,,,,,,,,,,,,,,,0.0010000000474974513,,,,,,0.0,,0.0,,0.0,,,,,,,,,,,,,,,,,,,,,,,,,,,,,,,,100.0,0.0,5.0,5.0,0.0,,,
speed,62,,,,,,,,,,,,,,,,,,,,,,,,,,0.0010000000474974513,,,,,,0.0,,0.0,,0.0,,,,,,,,,,,,,,,,,,,,,,,,,,,,,,,,100.0,0.0,5.0,5.0,0.0,,,
speed,63,,,,,,,,,,,,,,,,,,,,,,,,,,0.0010000000474974513,,,,,,0.0,,0.0,,0.0,,,,,,,,,,,,,,,,,,,,,,,,,,,,,,,,100.0,0.0,5.0,5.0,0.0,,,
speed,64,,,,,,,,,,,,,,,,,,,,,,,,,,0.0010000000474974513,,,,,,0.0,,0.0,,0.0,,,,,,,,,,,,,,,,,,,,,,,,,,,,,,,,-100.0,0.0,-5.0,-5.0,0.0,,,
speed,65,,,,,,,,,,,,,,,,,,,,,,,,,,0.0010000000474974513,,,,,,0.0,,0.0,,0.0,,,,,,,,,,,,,,,,,,,,,,,,,,,,,,,,-100.0,0.0,-5.0,-5.0,0.0,,,
speed,66,,,,,,,,,,,,,,,,,,,,,,,,,,0.0010000000474974513,,,,,,0.0,,0.0,,0.0,,,,,,,,,,,,,,,,,,,,,,,,,,,,,,,,-100.0,0.0,-5.0,-5.0,0.0,,,
speed,67,,,,,,,,,,,,,,,,,,,,,,,,,,0.0010000000474974513,,,,,,0.0,,0.0,,0.0,,,,,,,,,,,,,,,,,,,,,,,,,,,,,,,,-100.0,0.0,-5.0,-5.0,0.0,,,
speed,68,,,,,,,,,,,,,,,,,,,,,,,,,,0.0010000000474974513,,,,,,0.0,,0.0,,0.0,,,,,,,,,,,,,,,,,,,,,,,,,,,,,,,,-100.0,0.0,-5.0,-5.0,0.0,,,
speed,69,,,,,,,,,,,,,,,,,,,,,,,,,,0.0010000000474974513,,,,,,0.0,,0.0,,0.0,,,,,,,,,,,,,,,,,,,,,,,,,,,,,,,,-100.0,0.0,-5.0,-5.0,0.0,,,
speed,70,,,,,,,,,,,,,,,,,,,,,,,,,,0.0010000000474974513,,,,,,0.0,,0.0,,0.0,,,,,,,,,,,,,,,,,,,,,,,,,,,,,,,,-100.0,0.0,-5.0,-5.0,0.0,,,
speed,71,,,,,,,,,,,,,,,,,,,,,,,,,,0.0010000000474974513,,,,,,0.0,,0.0,,0.0,,,,,,,,,,,,,,,,,,,,,,,,,,,,,,,,-100.0,0.0,-5.0,-5.0,0.0,,,
speed,72,,,,,,,,,,,,,,,,,,,,,,,,,,0.0010000000474974513,,,,,,0.0,,0.0,,0.0,,,,,,,,,,,,,,,,,,,,,,,,,,,,,,,,-100.0,0.0,-5.0,-5.0,0.0,,,
speed,73,,,,,,,,,,,,,,,,,,,,,,,,,,0.0010000000474974513,,,,,,0.0,,0.0,,0.0,,,,,,,,,,,,,,,,,,,,,,,,,,,,,,,,-100.0,0.0,-5.0,-5.0,0.0,,,
speed,74,,,,,,,,,,,,,,,,,,,,,,,,,,0.0010000000474974513,,,,,,0.0,,0.0,,0.0,,,,,,,,,,,,,,,,,,,,,,,,,,,,,,,,-100.0,0.0,-5.0,-5.0,0.0,,,
speed,75,,,,,,,,,,,,,,,,,,,,,,,,,,0.0010000000474974513,,,,,,0.0,,0.0,,0.0,,,,,,,,,,,,,,,,,,,,,,,,,,,,,,,,-100.0,0.0,-5.0,-5.0,0.0,,,
speed,76,,,,,,,,,,,,,,,,,,,,,,,,,,0.0010000000474974513,,,,,,0.0,,0.0,,0.0,,,,,,,,,,,,,,,,,,,,,,,,,,,,,,,,-100.0,0.0,-5.0,-5.0,0.0,,,
speed,77,,,,,,,,,,,,,,,,,,,,,,,,,,0.0010000000474974513,,,,,,0.0,,0.0,,0.0,,,,,,,,,,,,,,,,,,,,,,,,,,,,,,,,-100.0,0.0,-5.0,-5.0,0.0,,,
speed,78,,,,,,,,,,,,,,,,,,,,,,,,,,0.0010000000474974513,,,,,,0.0,,0.0,,0.0,,,,,,,,,,,,,,,,,,,,,,,,,,,,,,,,-100.0,0.0,-5.0,-5.0,0.0,,,
speed,79,,,,,,,,,,,,,,,,,,,,,,,,,,0.0010000000474974513,,,,,,0.0,,0.0,,0.0,,,,,,,,,,,,,,,,,,,,,,,,,,,,,,,,-100.0,0.0,-5.0,-5.0,0.0,,,
speed,80,,,,,,,,,,,,,,,,,,,,,,,,,,0.0010000000474974513,,,,,,0.0,,0.0,,0.0,,,,,,,,,,,,,,,,,,,,,,,,,,,,,,,,-100.0,0.0,-5.0,-5.0,0.0,,,
speed,81,,,,,,,,,,,,,,,,,,,,,,,,,,0.0010000000474974513,,,,,,0.0,,0.0,,0.0,,,,,,,,,,,,,,,,,,,,,,,,,,,,,,,,-100.0,0.0,-5.0,-5.0,0.0,,,
speed,82,,,,,,,,,,,,,,,,,,,,,,,,,,0.0010000000474974513,,,,,,0.0,,0.0,,0.0,,,,,,,,,,,,,,,,,,,,,,,,,,,,,,,,-100.0,0.0,-5.0,-5.0,0.0,,,
speed,83,,,,,,,,,,,,,,,,,,,,,,,,,,0.0010000000474974513,,,,,,0.0,,0.0,,0.0,,,,,,,,,,,,,,,,,,,,,,,,,,,,,,,,-100.0,0.0,-5.0,-5.0,0.0,,,
speed,84,,,,,,,,,,,,,,,,,,,,,,,,,,0.0010000000474974513,,,,,,0.0,,0.0,,0.0,,,,,,,,,,,,,,,,,,,,,,,,,,,,,,,,-100.0,0.0,-5.0,-5.0,0.0,,,
speed,85,,,,,,,,,,,,,,,,,,,,,,,,,,0.0010000000474974513,,,,,,0.0,,0.0,,0.0,,,,,,,,,,,,,,,,,,,,,,,,,,,,,,,,-100.0,0.0,-5.0,-5.0,0.0,,,
speed,86,,,,,,,,,,,,,,,,,,,,,,,,,,0.0010000000474974513,,,,,,0.0,,0.0,,0.0,,,,,,,,,,,,,,,,,,,,,,,,,,,,,,,,-100.0,0.0,-5.0,-5.0,0.0,,,
speed,87,,,,,,,,,,,,,,,,,,,,,,,,,,0.0010000000474974513,,,,,,0.0,,0.0,,0.0,,,,,,,,,,,,,,,,,,,,,,,,,,,,,,,,-100.0,0.0,-5.0,-5.0,0.0,,,
speed,88,,,,,,,,,,,,,,,,,,,,,,,,,,0.0010000000474974513,,,,,,0.0,,0.0,,0.0,,,,,,,,,,,,,,,,,,,,,,,,,,,,,,,,-100.0,0.0,-5.0,-5.0,0.0,,,
speed,89,,,,,,,,,,,,,,,,,,,,,,,,,,0.0010000000474974513,,,,,,0.0,,0.0,,0.0,,,,,,,,,,,,,,,,,,,,,,,,,,,,,,,,-100.0,0.0,-5.0,-5.0,0.0,,,
speed,90,,,,,,,,,,,,,,,,,,,,,,,,,,0.0010000000474974513,,,,,,0.0,,0.0,,0.0,,,,,,,,,,,,,,,,,,,,,,,,,,,,,,,,-100.0,0.0,-5.0,-5.0,0.0,,,
speed,91,,,,,,,,,,,,,,,,,,,,,,,,,,0.0010000000474974513,,,,,,0.0,,0.0,,0.0,,,,,,,,,,,,,,,,,,,,,,,,,,,,,,,,-100.0,0.0,-5.0,-5.0,0.0,,,
speed,92,,,,,,,,,,,,,,,,,,,,,,,,,,0.0010000000474974513,,,,,,0.0,,0.0,,0.0,,,,,,,,,,,,,,,,,,,,,,,,,,,,,,,,-100.0,0.0,-5.0,-5.0,0.0,,,
speed,93,,,,,,,,,,,,,,,,,,,,,,,,,,0.0010000000474974513,,,,,,0.0,,0.0,,0.0,,,,,,,,,,,,,,,,,,,,,,,,,,,,,,,,-100.0,0.0,-5.0,-5.0,0.0,,,
speed,94,,,,,,,,,,,,,,,,,,,,,,,,,,0.0010000000474974513,,,,,,0.0,,0.0,,0.0,,,,,,,,,,,,,,,,,,,,,,,,,,,,,,,,-100.0,0.0,-5.0,-5.0,0.0,,,
speed,95,,,,,,,,,,,,,,,,,,,,,,,,,,0.0010000000474974513,,,,,,0.0,,0.0,,0.0,,,,,,,,,,,,,,,,,,,,,,,,,,,,,,,,-100.0,0.0,-5.0,-5.0,0.0,,,
speed,96,,,,,,,,,,,,,,,,,,,,,,,,,,0.0010000000474974513,,,,,,0.0,,0.0,,0.0,,,,,,,,,,,,,,,,,,,,,,,,,,,,,,,,-100.0,0.0,-5.0,-5.0,0.0,,,
speed,97,,,,,,,,,,,,,,,,,,,,,,,,,,0.0010000000474974513,,,,,,0.0,,0.0,,0.0,,,,,,,,,,,,,,,,,,,,,,,,,,,,,,,,-100.0,0.0,-5.0,-5.0,0.0,,,
speed,98,,,,,,,,,,,,,,,,,,,,,,,,,,0.0010000000474974513,,,,,,0.0,,0.0,,0.0,,,,,,,,,,,,,,,,,,,,,,,,,,,,,,,,-100.0,0.0,-5.0,-5.0,0.0,,,
speed,99,,,,,,,,,,,,,,,,,,,,,,,,,,0.0010000000474974513,,,,,,0.0,,0.0,,0.0,,,,,,,,,,,,,,,,,,,,,,,,,,,,,,,,-100.0,0.0,-5.0,-5.0,0.0,,,
speed,100,,,,,,,,,,,,,,,,,,,,,,,,,,0.0010000000474974513,,,,,,0.0,,0.0,,0.0,,,,,,,,,,,,,,,,,,,,,,,,,,,,,,,,-100.0,0.0,-5.0,-5.0,0.0,,,
speed,101,,,,,,,,,,,,,,,,,,,,,,,,,,0.0010000000474974513,,,,,,0.0,,0.0,,0.0,,,,,,,,,,,,,,,,,,,,,,,,,,,,,,,,-100.0,0.0,-5.0,-5.0,0.0,,,
speed,102,,,,,,,,,,,,,,,,,,,,,,,,,,0.0010000000474974513,,,,,,0.0,,0.0,,0.0,,,,,,,,,,,,,,,,,,,,,,,,,,,,,,,,-100.0,0.0,-5.0,-5.0,0.0,,,
speed,103,,,,,,,,,,,,,,,,,,,,,,,,,,0.0010000000474974513,,,,,,0.0,,0.0,,0.0,,,,,,,,,,,,,,,,,,,,,,,,,,,,,,,,-100.0,0.0,-5.0,-5.0,0.0,,,
speed,104,,,,,,,,,,,,,,,,,,,,,,,,,,0.0010000000474974513,,,,,,0.0,,0.0,,0.0,,,,,,,,,,,,,,,,,,,,,,,,,,,,,,,,-100.0,0.0,-5.0,-5.0,0.0,,,
speed,105,,,,,,,,,,,,,,,,,,,,,,,,,,0.0010000000474974513,,,,,,0.0,,0.0,,0.0,,,,,,,,,,,,,,,,,,,,,,,,,,,,,,,,-100.0,0.0,-5.0,-5.0,0.0,,,
speed,106,,,,,,,,,,,,,,,,,,,,,,,,,,0.0010000000474974513,,,,,,0.0,,0.0,,0.0,,,,,,,,,,,,,,,,,,,,,,,,,,,,,,,,-100.0,0.0,-5.0,-5.0,0.0,,,
speed,107,,,,,,,,,,,,,,,,,,,,,,,,,,0.0010000000474974513,,,,,,0.0,,0.0,,0.0,,,,,,,,,,,,,,,,,,,,,,,,,,,,,,,,-100.0,0.0,-5.0,-5.0,0.0,,,
speed,108,,,,,,,,,,,,,,,,,,,,,,,,,,0.0010000000474974513,,,,,,0.0,,0.0,,0.0,,,,,,,,,,,,,,,,,,,,,,,,,,,,,,,,-100.0,0.0,-5.0,-5.0,0.0,,,
speed,109,,,,,,,,,,,,,,,,,,,,,,,,,,0.0010000000474974513,,,,,,0.0,,0.0,,0.0,,,,,,,,,,,,,,,,,,,,,,,,,,,,,,,,-100.0,0.0,-5.0,-5.0,0.0,,,
speed,110,,,,,,,,,,,,,,,,,,,,,,,,,,0.0010000000474974513,,,,,,0.0,,0.0,,0.0,,,,,,,,,,,,,,,,,,,,,,,,,,,,,,,,-100.0,0.0,-5.0,-5.0,0.0,,,
speed,111,,,,,,,,,,,,,,,,,,,,,,,,,,0.0010000000474974513,,,,,,0.0,,0.0,,0.0,,,,,,,,,,,,,,,,,,,,,,,,,,,,,,,,-100.0,0.0,-5.0,-5.0,0.0,,,
speed,112,,,,,,,,,,,,,,,,,,,,,,,,,,0.0010000000474974513,,,,,,0.0,,0.0,,0.0,,,,,,,,,,,,,,,,,,,,,,,,,,,,,,,,-100.0,0.0,-5.0,-5.0,0.0,,,
speed,113,,,,,,,,,,,,,,,,,,,,,,,,,,0.0010000000474974513,,,,,,0.0,,0.0,,0.0,,,,,,,,,,,,,,,,,,,,,,,,,,,,,,,,-100.0,0.0,-5.0,-5.0,0.0,,,
speed,114,,,,,,,,,,,,,,,,,,,,,,,,,,0.0010000000474974513,,,,,,0.0,,0.0,,0.0,,,,,,,,,,,,,,,,,,,,,,,,,,,,,,,,-100.0,0.0,-5.0,-5.0,0.0,,,
speed,115,,,,,,,,,,,,,,,,,,,,,,,,,,0.0010000000474974513,,,,,,0.0,,0.0,,0.0,,,,,,,,,,,,,,,,,,,,,,,,,,,,,,,,-100.0,0.0,-5.0,-5.0,0.0,,,
speed,116,,,,,,,,,,,,,,,,,,,,,,,,,,0.0010000000474974513,,,,,,0.0,,0.0,,0.0,,,,,,,,,,,,,,,,,,,,,,,,,,,,,,,,-100.0,0.0,-5.0,-5.0,0.0,,,
speed,117,,,,,,,,,,,,,,,,,,,,,,,,,,0.0010000000474974513,,,,,,0.0,,0.0,,0.0,,,,,,,,,,,,,,,,,,,,,,,,,,,,,,,,-100.0,0.0,-5.0,-5.0,0.0,,,
speed,118,,,,,,,,,,,,,,,,,,,,,,,,,,0.0010000000474974513,,,,,,0.0,,0.0,,0.0,,,,,,,,,,,,,,,,,,,,,,,,,,,,,,,,-100.0,0.0,-5.0,-5.0,0.0,,,
speed,119,,,,,,,,,,,,,,,,,,,,,,,,,,0.0010000000474974513,,,,,,0.0,,0.0,,0.0,,,,,,,,,,,,,,,,,,,,,,,,,,,,,,,,-100.0,0.0,-5.0,-5.0,0.0,,,
speed,120,,,,,,,,,,,,,,,,,,,,,,,,,,0.0010000000474974513,,,,,,0.0,,0.0,,0.0,,,,,,,,,,,,,,,,,,,,,,,,,,,,,,,,-100.0,0.0,-5.0,-5.0,0.0,,,
speed,121,,,,,,,,,,,,,,,,,,,,,,,,,,0.0010000000474974513,,,,,,0.0,,0.0,,0.0,,,,,,,,,,,,,,,,,,,,,,,,,,,,,,,,-100.0,0.0,-5.0,-5.0,0.0,,,
speed,122,,,,,,,,,,,,,,,,,,,,,,,,,,0.0010000000474974513,,,,,,0.0,,0.0,,0.0,,,,,,,,,,,,,,,,,,,,,,,,,,,,,,,,-100.0,0.0,-5.0,-5.0,0.0,,,
speed,123,,,,,,,,,,,,,,,,,,,,,,,,,,0.0010000000474974513,,,,,,0.0,,0.0,,0.0,,,,,,,,,,,,,,,,,,,,,,,,,,,,,,,,-100.0,0.0,-5.0,-5.0,0.0,,,
speed,124,,,,,,,,,,,,,,,,,,,,,,,,,,0.0010000000474974513,,,,,,0.0,,0.0,,0.0,,,,,,,,,,,,,,,,,,,,,,,,,,,,,,,,-100.0,0.0,-5.0,-5.0,0.0,,,
speed,125,,,,,,,,,,,,,,,,,,,,,,,,,,0.0010000000474974513,,,,,,0.0,,0.0,,0.0,,,,,,,,,,,,,,,,,,,,,,,,,,,,,,,,-100.0,0.0,-5.0,-5.0,0.0,,,
speed,126,,,,,,,,,,,,,,,,,,,,,,,,,,0.0010000000474974513,,,,,,0.0,,0.0,,0.0,,,,,,,,,,,,,,,,,,,,,,,,,,,,,,,,-100.0,0.0,-5.0,-5.0,0.0,,,
speed,127,,,,,,,,,,,,,,,,,,,,,,,,,,0.0010000000474974513,,,,,,0.0,,0.0,,0.0,,,,,,,,,,,,,,,,,,,,,,,,,,,,,,,,-100.0,0.0,-5.0,-5.0,0.0,,,
speed,128,,,,,,,,,,,,,,,,,,,,,,,,,,0.0010000000474974513,,,,,,0.016405441653169015,,0.016405442729592323,,1.0764233081272945e-09,,,,,,,,,,,,,,,,,,,,,,,,,,,,,,,,40.0,39.0,0.5370946751932821,0.5370947122573853,3.706410311998809e-08,,,
speed,129,,,,,,,,,,,,,,,,,,,,,,,,,,0.0010000000474974513,,,,,,0.03281088330633803,,0.03281088545918465,,2.152846616254589e-09,,,,,,,,,,,,,,,,,,,,,,,,,,,,,,,,40.0,39.0,0.5535001168464512,0.5535001158714294,9.75021730020842e-10,,,
speed,130,,,,,,,,,,,,,,,,,,,,,,,,,,0.0010000000474974513,,,,,,0.04921632495950705,,0.04921633005142212,,5.0919150701433935e-09,,,,,,,,,,,,,,,,,,,,,,,,,,,,,,,,40.0,39.0,0.5699055584996201,0.5699055790901184,2.0590498306383154e-08,,,
speed,131,,,,,,,,,,,,,,,,,,,,,,,,,,0.0010000000474974513,,,,,,0.06562176661267606,,0.0656217709183693,,4.305693232509178e-09,,,,,,,,,,,,,,,,,,,,,,,,,,,,,,,,40.0,39.0,0.5863110001527891,0.5863110423088074,4.215601823176485e-08,,,
speed,132,,,,,,,,,,,,,,,,,,,,,,,,,,0.0010000000474974513,,,,,,0.08202720826584507,,0.08202721178531647,,3.5194713948749623e-09,,,,,,,,,,,,,,,,,,,,,,,,,,,,,,,,40.0,39.0,0.6027164418059582,0.6027164459228516,4.116893381755915e-09,,,
speed,133,,,,,,,,,,,,,,,,,,,,,,,,,,0.0010000000474974513,,,,,,0.09843264991901408,,0.09843265265226364,,2.7332495572407467e-09,,,,,,,,,,,,,,,,,,,,,,,,,,,,,,,,40.0,39.0,0.6191218834591272,0.6191219091415405,2.5682413307137608e-08,,,
speed,134,,,,,,,,,,,,,,,,,,,,,,,,,,0.0010000000474974513,,,,,,0.1148380915721831,,0.11483809351921082,,1.947027719606531e-09,,,,,,,,,,,,,,,,,,,,,,,,,,,,,,,,40.0,39.0,0.6355273251122961,0.6355273723602295,4.7247933343541604e-08,,,
speed,135,,,,,,,,,,,,,,,,,,,,,,,,,,0.0010000000474974513,,,,,,0.13124353322535212,,0.1312435418367386,,8.611386465018356e-09,,,,,,,,,,,,,,,,,,,,,,,,,,,,,,,,40.0,39.0,0.6519327667654652,0.6519327759742737,9.208808493532672e-09,,,
speed,136,,,,,,,,,,,,,,,,,,,,,,,,,,0.0010000000474974513,,,,,,0.14764897487852113,,0.14764899015426636,,1.5275745224307968e-08,,,,,,,,,,,,,,,,,,,,,,,,,,,,,,,,40.0,39.0,0.6683382084186342,0.6683382391929626,3.0774328418914365e-08,,,
speed,137,,,,,,,,,,,,,,,,,,,,,,,,,,0.0010000000474974513,,,,,,0.16405441653169014,,0.16405443847179413,,2.194010398359758e-08,,,,,,,,,,,,,,,,,,,,,,,,,,,,,,,,40.0,39.0,0.6847436500718033,0.6847437024116516,5.233984834429606e-08,,,
speed,138,,,,,,,,,,,,,,,,,,,,,,,,,,0.0010000000474974513,,,,,,0.18045985818485916,,0.1804598867893219,,2.8604462742887193e-08,,,,,,,,,,,,,,,,,,,,,,,,,,,,,,,,40.0,39.0,0.7011490917249723,0.7011491060256958,1.4300723494287126e-08,,,
speed,139,,,,,,,,,,,,,,,,,,,,,,,,,,0.0010000000474974513,,,,,,0.19686529983802817,,0.19686533510684967,,3.5268821502176806e-08,,,,,,,,,,,,,,,,,,,,,,,,,,,,,,,,40.0,39.0,0.7175545333781412,0.7175545692443848,3.586624353069112e-08,,,
speed,140,,,,,,,,,,,,,,,,,,,,,,,,,,0.0010000000474974513,,,,,,0.21327074149119718,,0.21327078342437744,,4.193318026146642e-08,,,,,,,,,,,,,,,,,,,,,,,,,,,,,,,,40.0,39.0,0.7339599750313103,0.7339600324630737,5.7431763456072815e-08,,,
speed,141,,,,,,,,,,,,,,,,,,,,,,,,,,0.0010000000474974513,,,,,,0.2296761831443662,,0.2296762317419052,,4.859753902075603e-08,,,,,,,,,,,,,,,,,,,,,,,,,,,,,,,,40.0,39.0,0.7503654166844793,0.7503654956817627,7.899728338145451e-08,,,
speed,142,,,,,,,,,,,,,,,,,,,,,,,,,,0.0010000000474974513,,,,,,0.2460816247975352,,0.24608168005943298,,5.5261897780045643e-08,,,,,,,,,,,,,,,,,,,,,,,,,,,,,,,,40.0,39.0,0.7667708583376482,0.7667709589004517,1.005628034178585e-07,,,
speed,143,,,,,,,,,,,,,,,,,,,,,,,,,,0.0010000000474974513,,,,,,0.26248706645070424,,0.26248711347579956,,4.7025095317732024e-08,,,,,,,,,,,,,,,,,,,,,,,,,,,,,,,,40.0,39.0,0.7831762999908174,0.7831763625144958,6.252367845682727e-08,,,
speed,144,,,,,,,,,,,,,,,,,,,,,,,,,,0.0010000000474974513,,,,,,0.2788925081038733,,0.27889254689216614,,3.8788292855418405e-08,,,,,,,,,,,,,,,,,,,,,,,,,,,,,,,,40.0,39.0,0.7995817416439863,0.79958176612854,2.448455371784064e-08,,,
speed,145,,,,,,,,,,,,,,,,,,,,,,,,,,0.0010000000474974513,,,,,,0.2952979497570423,,0.2952979803085327,,3.0551490393104785e-08,,,,,,,,,,,,,,,,,,,,,,,,,,,,,,,,40.0,39.0,0.8159871832971555,0.815987229347229,4.605007353220003e-08,,,
speed,146,,,,,,,,,,,,,,,,,,,,,,,,,,0.0010000000474974513,,,,,,0.31170339141021136,,0.3117034137248993,,2.2314687930791166e-08,,,,,,,,,,,,,,,,,,,,,,,,,,,,,,,,40.0,39.0,0.8323926249503244,0.832392692565918,6.761559356860403e-08,,,
speed,147,,,,,,,,,,,,,,,,,,,,,,,,,,0.0010000000474974513,,,,,,0.3281088330633804,,0.32810884714126587,,1.4077885468477547e-08,,,,,,,,,,,,,,,,,,,,,,,,,,,,,,,,40.0,39.0,0.8487980666034936,0.8487980961799622,2.9576468607572792e-08,,,
speed,148,,,,,,,,,,,,,,,,,,,,,,,,,,0.0010000000474974513,,,,,,0.34451427471654944,,0.34451428055763245,,5.841083006163927e-09,,,,,,,,,,,,,,,,,,,,,,,,,,,,,,,,40.0,39.0,0.8652035082566625,0.8652034997940063,8.462656131413837e-09,,,
speed,149,,,,,,,,,,,,,,,,,,,,,,,,,,0.0010000000474974513,,,,,,0.3609197163697185,,0.360919713973999,,2.395719456149692e-09,,,,,,,,,,,,,,,,,,,,,,,,,,,,,,,,40.0,39.0,0.8816089499098316,0.8816089630126953,1.3102863682945554e-08,,,
speed,150,,,,,,,,,,,,,,,,,,,,,,,,,,0.0010000000474974513,,,,,,0.3773251580228875,,0.3773251473903656,,1.0632521918463311e-08,,,,,,,,,,,,,,,,,,,,,,,,,,,,,,,,40.0,39.0,0.8980143915630006,0.8980144262313843,3.466838371934955e-08,,,
speed,151,,,,,,,,,,,,,,,,,,,,,,,,,,0.0010000000474974513,,,,,,0.39373059967605656,,0.3937305808067322,,1.886932438077693e-08,,,,,,,,,,,,,,,,,,,,,,,,,,,,,,,,40.0,39.0,0.9144198332161697,0.9144198298454285,3.370741241681685e-09,,,
speed,152,,,,,,,,,,,,,,,,,,,,,,,,,,0.0010000000474974513,,,,,,0.4101360413292256,,0.41013601422309875,,2.710612684309055e-08,,,,,,,,,,,,,,,,,,,,,,,,,,,,,,,,40.0,39.0,0.9308252748693386,0.9308252334594727,4.1409865980668314e-08,,,
speed,153,,,,,,,,,,,,,,,,,,,,,,,,,,0.0010000000474974513,,,,,,0.42654148298239464,,0.42654144763946533,,3.534292930540417e-08,,,,,,,,,,,,,,,,,,,,,,,,,,,,,,,,40.0,39.0,0.9472307165225078,0.9472306966781616,1.9844346166308924e-08,,,
speed,154,,,,,,,,,,,,,,,,,,,,,,,,,,0.0010000000474974513,,,,,,0.4429469246355637,,0.4429468810558319,,4.357973176771779e-08,,,,,,,,,,,,,,,,,,,,,,,,,,,,,,,,40.0,39.0,0.9636361581756767,0.9636361598968506,1.7211738700950718e-09,,,
speed,155,,,,,,,,,,,,,,,,,,,,,,,,,,0.0010000000474974513,,,,,,0.4593523662887327,,0.4593523144721985,,5.181653423003141e-08,,,,,,,,,,,,,,,,,,,,,,,,,,,,,,,,40.0,39.0,0.9800415998288459,0.9800415635108948,3.631795109093616e-08,,,
speed,156,,,,,,,,,,,,,,,,,,,,,,,,,,0.0010000000474974513,,,,,,0.47575780794190176,,0.47575774788856506,,6.005333669234503e-08,,,,,,,,,,,,,,,,,,,,,,,,,,,,,,,,40.0,39.0,0.9964470414820148,0.996446967124939,7.435707582992279e-08,,,
speed,157,,,,,,,,,,,,,,,,,,,,,,,,,,0.0010000000474974513,,,,,,0.4921632495950708,,0.49216318130493164,,6.829013915465865e-08,,,,,,,,,,,,,,,,,,,,,,,,,,,,,,,,40.0,39.0,1.012852483135184,1.012852430343628,5.27915560155634e-08,,,
speed,158,,,,,,,,,,,,,,,,,,,,,,,,,,0.0010000000474974513,,,,,,0.5085686912482398,,0.5085686445236206,,4.67246191737658e-08,,,,,,,,,,,,,,,,,,,,,,,,,,,,,,,,40.0,39.0,1.0292579247883529,1.029257893562317,3.1226035979159406e-08,,,
speed,159,,,,,,,,,,,,,,,,,,,,,,,,,,0.0010000000474974513,,,,,,0.5249741329014088,,0.5249741077423096,,2.515909924838411e-08,,,,,,,,,,,,,,,,,,,,,,,,,,,,,,,,40.0,39.0,1.0456633664415218,1.0456633567810059,9.66051594275541e-09,,,
speed,160,,,,,,,,,,,,,,,,,,,,,,,,,,0.0010000000474974513,,,,,,0.5413795745545779,,0.5413795709609985,,3.593579323002416e-09,,,,,,,,,,,,,,,,,,,,,,,,,,,,,,,,40.0,39.0,1.062068808094691,1.0620688199996948,1.190500387160398e-08,,,
speed,161,,,,,,,,,,,,,,,,,,,,,,,,,,0.0010000000474974513,,,,,,0.5577850162077469,,0.5577850341796875,,1.7971940602379277e-08,,,,,,,,,,,,,,,,,,,,,,,,,,,,,,,,40.0,39.0,1.07847424974786,1.0784742832183838,3.347052368596337e-08,,,
speed,162,,,,,,,,,,,,,,,,,,,,,,,,,,0.0010000000474974513,,,,,,0.5741904578609159,,0.5741904973983765,,3.953746052776097e-08,,,,,,,,,,,,,,,,,,,,,,,,,,,,,,,,40.0,39.0,1.094879691401029,1.0948797464370728,5.503604372236737e-08,,,
speed,163,,,,,,,,,,,,,,,,,,,,,,,,,,0.0010000000474974513,,,,,,0.590595899514085,,0.5905959606170654,,6.110298045314266e-08,,,,,,,,,,,,,,,,,,,,,,,,,,,,,,,,40.0,39.0,1.111285133054198,1.1112852096557617,7.660156375877136e-08,,,
speed,164,,,,,,,,,,,,,,,,,,,,,,,,,,0.0010000000474974513,,,,,,0.607001341167254,,0.6070014238357544,,8.266850037852436e-08,,,,,,,,,,,,,,,,,,,,,,,,,,,,,,,,40.0,39.0,1.127690574707367,1.1276906728744507,9.816708357313075e-08,,,
speed,165,,,,,,,,,,,,,,,,,,,,,,,,,,0.0010000000474974513,,,,,,0.623406782820423,,0.6234068870544434,,1.0423402030390605e-07,,,,,,,,,,,,,,,,,,,,,,,,,,,,,,,,40.0,39.0,1.1440960163605363,1.1440961360931396,1.1973260338749014e-07,,,
speed,166,,,,,,,,,,,,,,,,,,,,,,,,,,0.0010000000474974513,,,,,,0.6398122244735921,,0.6398123502731323,,1.2579954022928774e-07,,,,,,,,,,,,,,,,,,,,,,,,,,,,,,,,40.0,39.0,1.1605014580137052,1.1605015993118286,1.4129812342389414e-07,,,
speed,167,,,,,,,,,,,,,,,,,,,,,,,,,,0.0010000000474974513,,,,,,0.6562176661267611,,0.6562178134918213,,1.4736506015466944e-07,,,,,,,,,,,,,,,,,,,,,,,,,,,,,,,,40.0,39.0,1.1769068996668741,1.1769070625305176,1.6286364346029814e-07,,,
speed,168,,,,,,,,,,,,,,,,,,,,,,,,,,0.0010000000474974513,,,,,,0.6726231077799302,,0.6726232767105103,,1.6893058008005113e-07,,,,,,,,,,,,,,,,,,,,,,,,,,,,,,,,40.0,39.0,1.1933123413200433,1.1933125257492065,1.8442916327465753e-07,,,
speed,169,,,,,,,,,,,,,,,,,,,,,,,,,,0.0010000000474974513,,,,,,0.6890285494330992,,0.6890287399291992,,1.9049610000543282e-07,,,,,,,,,,,,,,,,,,,,,,,,,,,,,,,,40.0,39.0,1.2097177829732124,1.2097179889678955,2.0599468308901692e-07,,,
speed,170,,,,,,,,,,,,,,,,,,,,,,,,,,0.0010000000474974513,,,,,,0.7054339910862683,,0.7054342031478882,,2.1206161993081452e-07,,,,,,,,,,,,,,,,,,,,,,,,,,,,,,,,40.0,39.0,1.2261232246263813,1.2261234521865845,2.275602031254209e-07,,,
speed,171,,,,,,,,,,,,,,,,,,,,,,,,,,0.0010000000474974513,,,,,,0.7218394327394373,,0.7218396663665771,,2.336271398561962e-07,,,,,,,,,,,,,,,,,,,,,,,,,,,,,,,,40.0,39.0,1.2425286662795503,1.2425289154052734,2.491257231618249e-07,,,
speed,172,,,,,,,,,,,,,,,,,,,,,,,,,,0.0010000000474974513,,,,,,0.7382448743926063,,0.7382451295852661,,2.551926597815779e-07,,,,,,,,,,,,,,,,,,,,,,,,,,,,,,,,40.0,39.0,1.2589341079327194,1.2589343786239624,2.706912429761843e-07,,,
speed,173,,,,,,,,,,,,,,,,,,,,,,,,,,0.0010000000474974513,,,,,,0.7546503160457754,,0.7546505928039551,,2.767581797069596e-07,,,,,,,,,,,,,,,,,,,,,,,,,,,,,,,,40.0,39.0,1.2753395495858886,1.2753398418426514,2.922567627905437e-07,,,
speed,174,,,,,,,,,,,,,,,,,,,,,,,,,,0.0010000000474974513,,,,,,0.7710557576989444,,0.771056056022644,,2.983236996323413e-07,,,,,,,,,,,,,,,,,,,,,,,,,,,,,,,,40.0,39.0,1.2917449912390575,1.2917453050613403,3.138222828269477e-07,,,
speed,175,,,,,,,,,,,,,,,,,,,,,,,,,,0.0010000000474974513,,,,,,0.7874611993521135,,0.787461519241333,,3.19889219557723e-07,,,,,,,,,,,,,,,,,,,,,,,,,,,,,,,,40.0,39.0,1.3081504328922264,1.3081507682800293,3.353878028633517e-07,,,
speed,176,,,,,,,,,,,,,,,,,,,,,,,,,,0.0010000000474974513,,,,,,0.8038666410052825,,0.803866982460022,,3.414547394831047e-07,,,,,,,,,,,,,,,,,,,,,,,,,,,,,,,,40.0,39.0,1.3245558745453956,1.3245562314987183,3.5695332267771107e-07,,,
speed,177,,,,,,,,,,,,,,,,,,,,,,,,,,0.0010000000474974513,,,,,,0.8202720826584515,,0.8202724456787109,,3.6302025940848637e-07,,,,,,,,,,,,,,,,,,,,,,,,,,,,,,,,40.0,39.0,1.3409613161985647,1.3409616947174072,3.7851884249207046e-07,,,
speed,178,,,,,,,,,,,,,,,,,,,,,,,,,,0.0010000000474974513,,,,,,0.8366775243116206,,0.8366779088973999,,3.8458577933386806e-07,,,,,,,,,,,,,,,,,,,,,,,,,,,,,,,,40.0,39.0,1.3573667578517337,1.3573671579360962,4.0008436252847446e-07,,,
speed,179,,,,,,,,,,,,,,,,,,,,,,,,,,0.0010000000474974513,,,,,,0.8530829659647896,,0.8530833721160889,,4.0615129925924975e-07,,,,,,,,,,,,,,,,,,,,,,,,,,,,,,,,40.0,39.0,1.3737721995049026,1.3737726211547852,4.2164988256487845e-07,,,
speed,180,,,,,,,,,,,,,,,,,,,,,,,,,,0.0010000000474974513,,,,,,0.8694884076179586,,0.8694888353347778,,4.2771681918463145e-07,,,,,,,,,,,,,,,,,,,,,,,,,,,,,,,,40.0,39.0,1.3901776411580717,1.3901780843734741,4.4321540237923784e-07,,,
speed,181,,,,,,,,,,,,,,,,,,,,,,,,,,0.0010000000474974513,,,,,,0.8858938492711277,,0.8858942985534668,,4.4928233911001314e-07,,,,,,,,,,,,,,,,,,,,,,,,,,,,,,,,40.0,39.0,1.406583082811241,1.406583547592163,4.6478092219359723e-07,,,
speed,182,,,,,,,,,,,,,,,,,,,,,,,,,,0.0010000000474974513,,,,,,0.9022992909242967,,0.9022997617721558,,4.7084785903539483e-07,,,,,,,,,,,,,,,,,,,,,,,,,,,,,,,,40.0,39.0,1.4229885244644098,1.422989010810852,4.863464422300012e-07,,,
speed,183,,,,,,,,,,,,,,,,,,,,,,,,,,0.0010000000474974513,,,,,,0.9187047325774658,,0.9187052249908447,,4.924133789607765e-07,,,,,,,,,,,,,,,,,,,,,,,,,,,,,,,,40.0,39.0,1.4393939661175787,1.439394474029541,5.079119622664052e-07,,,
speed,184,,,,,,,,,,,,,,,,,,,,,,,,,,0.0010000000474974513,,,,,,0.9351101742306348,,0.9351106882095337,,5.139788988861582e-07,,,,,,,,,,,,,,,,,,,,,,,,,,,,,,,,40.0,39.0,1.455799407770748,1.45579993724823,5.294774820807646e-07,,,
speed,185,,,,,,,,,,,,,,,,,,,,,,,,,,0.0010000000474974513,,,,,,0.9515156158838038,,0.9515161514282227,,5.355444188115399e-07,,,,,,,,,,,,,,,,,,,,,,,,,,,,,,,,40.0,39.0,1.472204849423917,1.472205400466919,5.51043001895124e-07,,,
speed,186,,,,,,,,,,,,,,,,,,,,,,,,,,0.0010000000474974513,,,,,,0.9679210575369729,,0.9679216146469116,,5.571099387369216e-07,,,,,,,,,,,,,,,,,,,,,,,,,,,,,,,,40.0,39.0,1.488610291077086,1.488610863685608,5.72608521931528e-07,,,
speed,187,,,,,,,,,,,,,,,,,,,,,,,,,,0.0010000000474974513,,,,,,0.9843264991901419,,0.9843270778656006,,5.786754586623033e-07,,,,,,,,,,,,,,,,,,,,,,,,,,,,,,,,40.0,39.0,1.505015732730255,1.5050163269042969,5.94174041967932e-07,,,
speed,188,,,,,,,,,,,,,,,,,,,,,,,,,,0.0010000000474974513,,,,,,1.0007319408433109,,1.0007325410842896,,6.002409786987073e-07,,,,,,,,,,,,,,,,,,,,,,,,,,,,,,,,40.0,39.0,1.5214211743834238,1.5214217901229858,6.15739562004336e-07,,,
speed,189,,,,,,,,,,,,,,,,,,,,,,,,,,0.0010000000474974513,,,,,,1.0171373824964798,,1.0171380043029785,,6.218064987351113e-07,,,,,,,,,,,,,,,,,,,,,,,,,,,,,,,,40.0,39.0,1.5378266160365928,1.5378272533416748,6.3730508204074e-07,,,
speed,190,,,,,,,,,,,,,,,,,,,,,,,,,,0.0010000000474974513,,,,,,1.0335428241496487,,1.0335434675216675,,6.433720187715153e-07,,,,,,,,,,,,,,,,,,,,,,,,,,,,,,,,40.0,39.0,1.5542320576897617,1.5542327165603638,6.58870602077144e-07,,,
speed,191,,,,,,,,,,,,,,,,,,,,,,,,,,0.0010000000474974513,,,,,,1.0499482658028176,,1.0499489307403564,,6.649375388079193e-07,,,,,,,,,,,,,,,,,,,,,,,,,,,,,,,,40.0,39.0,1.5706374993429306,1.5706381797790527,6.80436122113548e-07,,,
speed,192,,,,,,,,,,,,,,,,,,,,,,,,,,0.0010000000474974513,,,,,,1.0335428241496487,,1.0335434675216675,,6.433720187715153e-07,,,,,,,,,,,,,,,,,,,,,,,,,,,,,,,,-40.0,-39.0,0.5128535906095356,0.5128542184829712,6.278734355769089e-07,,,
speed,193,,,,,,,,,,,,,,,,,,,,,,,,,,0.0010000000474974513,,,,,,1.0171373824964798,,1.0171380043029785,,6.218064987351113e-07,,,,,,,,,,,,,,,,,,,,,,,,,,,,,,,,-40.0,-39.0,0.4964481489563667,0.4964487552642822,6.063079155405049e-07,,,
speed,194,,,,,,,,,,,,,,,,,,,,,,,,,,0.0010000000474974513,,,,,,1.0007319408433109,,1.0007325410842896,,6.002409786987073e-07,,,,,,,,,,,,,,,,,,,,,,,,,,,,,,,,-40.0,-39.0,0.48004270730319776,0.48004329204559326,5.847423955041009e-07,,,
speed,195,,,,,,,,,,,,,,,,,,,,,,,,,,0.0010000000474974513,,,,,,0.9843264991901418,,0.9843270778656006,,5.786754587733256e-07,,,,,,,,,,,,,,,,,,,,,,,,,,,,,,,,-40.0,-39.0,0.4636372656500287,0.4636378288269043,5.631768755787192e-07,,,
speed,196,,,,,,,,,,,,,,,,,,,,,,,,,,0.0010000000474974513,,,,,,0.9679210575369728,,0.9679216146469116,,5.571099388479439e-07,,,,,,,,,,,,,,,,,,,,,,,,,,,,,,,,-40.0,-39.0,0.4472318239968597,0.44723236560821533,5.416113556533375e-07,,,
speed,197,,,,,,,,,,,,,,,,,,,,,,,,,,0.0010000000474974513,,,,,,0.9515156158838037,,0.9515161514282227,,5.355444189225622e-07,,,,,,,,,,,,,,,,,,,,,,,,,,,,,,,,-40.0,-39.0,0.43082638234369064,0.43082690238952637,5.200458357279558e-07,,,
speed,198,,,,,,,,,,,,,,,,,,,,,,,,,,0.0010000000474974513,,,,,,0.9351101742306347,,0.9351106882095337,,5.139788989971805e-07,,,,,,,,,,,,,,,,,,,,,,,,,,,,,,,,-40.0,-39.0,0.4144209406905216,0.4144214391708374,4.984803158025741e-07,,,
speed,199,,,,,,,,,,,,,,,,,,,,,,,,,,0.0010000000474974513,,,,,,0.9187047325774657,,0.9187052249908447,,4.924133790717988e-07,,,,,,,,,,,,,,,,,,,,,,,,,,,,,,,,-40.0,-39.0,0.39801549903735256,0.39801597595214844,4.769147958771924e-07,,,
speed,200,,,,,,,,,,,,,,,,,,,,,,,,,,0.0010000000474974513,,,,,,0.9022992909242966,,0.9022997617721558,,4.7084785914641714e-07,,,,,,,,,,,,,,,,,,,,,,,,,,,,,,,,-40.0,-39.0,0.3816100573841835,0.3816105127334595,4.5534927595181074e-07,,,
speed,201,,,,,,,,,,,,,,,,,,,,,,,,,,0.0010000000474974513,,,,,,0.8858938492711276,,0.8858942985534668,,4.4928233922103544e-07,,,,,,,,,,,,,,,,,,,,,,,,,,,,,,,,-40.0,-39.0,0.3652046157310145,0.3652050495147705,4.3378375602642905e-07,,,
speed,202,,,,,,,,,,,,,,,,,,,,,,,,,,0.0010000000474974513,,,,,,0.8694884076179585,,0.8694888353347778,,4.2771681929565375e-07,,,,,,,,,,,,,,,,,,,,,,,,,,,,,,,,-40.0,-39.0,0.34879917407784544,0.34879958629608154,4.1221823610104735e-07,,,
speed,203,,,,,,,,,,,,,,,,,,,,,,,,,,0.0010000000474974513,,,,,,0.8530829659647895,,0.8530833721160889,,4.0615129937027206e-07,,,,,,,,,,,,,,,,,,,,,,,,,,,,,,,,-40.0,-39.0,0.3323937324246764,0.3323941230773926,3.9065271617566566e-07,,,
speed,204,,,,,,,,,,,,,,,,,,,,,,,,,,0.0010000000474974513,,,,,,0.8366775243116205,,0.8366779088973999,,3.8458577944489036e-07,,,,,,,,,,,,,,,,,,,,,,,,,,,,,,,,-40.0,-39.0,0.31598829077150736,0.3159886598587036,3.6908719625028397e-07,,,
speed,205,,,,,,,,,,,,,,,,,,,,,,,,,,0.0010000000474974513,,,,,,0.8202720826584514,,0.8202724456787109,,3.6302025951950867e-07,,,,,,,,,,,,,,,,,,,,,,,,,,,,,,,,-40.0,-39.0,0.2995828491183383,0.29958319664001465,3.4752167632490227e-07,,,
speed,206,,,,,,,,,,,,,,,,,,,,,,,,,,0.0010000000474974513,,,,,,0.8038666410052824,,0.803866982460022,,3.41454739594127e-07,,,,,,,,,,,,,,,,,,,,,,,,,,,,,,,,-40.0,-39.0,0.2831774074651693,0.2831777334213257,3.259561563995206e-07,,,
speed,207,,,,,,,,,,,,,,,,,,,,,,,,,,0.0010000000474974513,,,,,,0.7874611993521133,,0.787461519241333,,3.198892196687453e-07,,,,,,,,,,,,,,,,,,,,,,,,,,,,,,,,-40.0,-39.0,0.26677196581200024,0.2667722702026367,3.043906364741389e-07,,,
speed,208,,,,,,,,,,,,,,,,,,,,,,,,,,0.0010000000474974513,,,,,,0.7710557576989443,,0.771056056022644,,2.983236997433636e-07,,,,,,,,,,,,,,,,,,,,,,,,,,,,,,,,-40.0,-39.0,0.2503665241588312,0.25036680698394775,2.828251165487572e-07,,,
speed,209,,,,,,,,,,,,,,,,,,,,,,,,,,0.0010000000474974513,,,,,,0.7546503160457753,,0.7546505928039551,,2.767581798179819e-07,,,,,,,,,,,,,,,,,,,,,,,,,,,,,,,,-40.0,-39.0,0.23396108250566217,0.2339613437652588,2.612595966233755e-07,,,
speed,210,,,,,,,,,,,,,,,,,,,,,,,,,,0.0010000000474974513,,,,,,0.7382448743926062,,0.7382451295852661,,2.551926598926002e-07,,,,,,,,,,,,,,,,,,,,,,,,,,,,,,,,-40.0,-39.0,0.21755564085249313,0.21755588054656982,2.396940766979938e-07,,,
speed,211,,,,,,,,,,,,,,,,,,,,,,,,,,0.0010000000474974513,,,,,,0.7218394327394372,,0.7218396663665771,,2.336271399672185e-07,,,,,,,,,,,,,,,,,,,,,,,,,,,,,,,,-40.0,-39.0,0.2011501991993241,0.20115041732788086,2.1812855677261211e-07,,,
speed,212,,,,,,,,,,,,,,,,,,,,,,,,,,0.0010000000474974513,,,,,,0.7054339910862681,,0.7054342031478882,,2.1206162004183682e-07,,,,,,,,,,,,,,,,,,,,,,,,,,,,,,,,-40.0,-39.0,0.18474475754615505,0.1847449541091919,1.9656303684723042e-07,,,
speed,213,,,,,,,,,,,,,,,,,,,,,,,,,,0.0010000000474974513,,,,,,0.6890285494330991,,0.6890287399291992,,1.9049610011645512e-07,,,,,,,,,,,,,,,,,,,,,,,,,,,,,,,,-40.0,-39.0,0.168339315892986,0.16833949089050293,1.7499751692184873e-07,,,
speed,214,,,,,,,,,,,,,,,,,,,,,,,,,,0.0010000000474974513,,,,,,0.6726231077799301,,0.6726232767105103,,1.6893058019107343e-07,,,,,,,,,,,,,,,,,,,,,,,,,,,,,,,,-40.0,-39.0,0.15193387423981697,0.15193402767181396,1.5343199699646703e-07,,,
speed,215,,,,,,,,,,,,,,,,,,,,,,,,,,0.0010000000474974513,,,,,,0.656217666126761,,0.6562178134918213,,1.4736506026569174e-07,,,,,,,,,,,,,,,,,,,,,,,,,,,,,,,,-40.0,-39.0,0.13552843258664793,0.135528564453125,1.3186647707108534e-07,,,
speed,216,,,,,,,,,,,,,,,,,,,,,,,,,,0.0010000000474974513,,,,,,0.639812224473592,,0.6398123502731323,,1.2579954034031005e-07,,,,,,,,,,,,,,,,,,,,,,,,,,,,,,,,-40.0,-39.0,0.11912299093347889,0.11912310123443604,1.1030095714570365e-07,,,
speed,217,,,,,,,,,,,,,,,,,,,,,,,,,,0.0010000000474974513,,,,,,0.6234067828204229,,0.6234068870544434,,1.0423402041492835e-07,,,,,,,,,,,,,,,,,,,,,,,,,,,,,,,,-40.0,-39.0,0.10271754928030985,0.10271763801574707,8.873543722032196e-08,,,
speed,218,,,,,,,,,,,,,,,,,,,,,,,,,,0.0010000000474974513,,,,,,0.6070013411672539,,0.6070014238357544,,8.266850048954666e-08,,,,,,,,,,,,,,,,,,,,,,,,,,,,,,,,-40.0,-39.0,0.08631210762714081,0.0863121747970581,6.716991729494026e-08,,,
speed,219,,,,,,,,,,,,,,,,,,,,,,,,,,0.0010000000474974513,,,,,,0.5905958995140849,,0.5905959606170654,,6.110298056416497e-08,,,,,,,,,,,,,,,,,,,,,,,,,,,,,,,,-40.0,-39.0,0.06990666597397177,0.06990671157836914,4.560439736955857e-08,,,
speed,220,,,,,,,,,,,,,,,,,,,,,,,,,,0.0010000000474974513,,,,,,0.5741904578609158,,0.5741904973983765,,3.953746063878327e-08,,,,,,,,,,,,,,,,,,,,,,,,,,,,,,,,-40.0,-39.0,0.05350122432080273,0.053501248359680176,2.4038877444176876e-08,,,
speed,221,,,,,,,,,,,,,,,,,,,,,,,,,,0.0010000000474974513,,,,,,0.5577850162077468,,0.5577850341796875,,1.797194071340158e-08,,,,,,,,,,,,,,,,,,,,,,,,,,,,,,,,-40.0,-39.0,0.03709578266763369,0.03709578514099121,2.473357518795183e-09,,,
speed,222,,,,,,,,,,,,,,,,,,,,,,,,,,0.0010000000474974513,,,,,,0.5413795745545777,,0.5413795709609985,,3.5935792119801135e-09,,,,,,,,,,,,,,,,,,,,,,,,,,,,,,,,-40.0,-39.0,0.020690341014464653,0.020690321922302246,1.909216240658651e-08,,,
speed,223,,,,,,,,,,,,,,,,,,,,,,,,,,0.0010000000474974513,,,,,,0.5249741329014087,,0.5249741077423096,,2.5159099137361807e-08,,,,,,,,,,,,,,,,,,,,,,,,,,,,,,,,-40.0,-39.0,0.004284899361295613,0.004284858703613281,4.0657682331968203e-08,,,
speed,224,,,,,,,,,,,,,,,,,,,,,,,,,,0.0010000000474974513,,,,,,0.5085686912482397,,0.5085686445236206,,4.67246190627435e-08,,,,,,,,,,,,,,,,,,,,,,,,,,,,,,,,-40.0,-39.0,-0.012120542291873426,-0.012120604515075684,6.22232022573499e-08,,,
speed,225,,,,,,,,,,,,,,,,,,,,,,,,,,0.0010000000474974513,,,,,,0.49216324959507063,,0.49216321110725403,,3.848781660042988e-08,,,,,,,,,,,,,,,,,,,,,,,,,,,,,,,,-40.0,-39.0,-0.028525983945042466,-0.02852603793144226,5.398639979503628e-08,,,
speed,226,,,,,,,,,,,,,,,,,,,,,,,,,,0.0010000000474974513,,,,,,0.4757578079419016,,0.47575777769088745,,3.025101413811626e-08,,,,,,,,,,,,,,,,,,,,,,,,,,,,,,,,-40.0,-39.0,-0.044931425598211505,-0.04493147134780884,4.574959733272266e-08,,,
speed,227,,,,,,,,,,,,,,,,,,,,,,,,,,0.0010000000474974513,,,,,,0.45935236628873255,,0.4593523442745209,,2.2014211675802642e-08,,,,,,,,,,,,,,,,,,,,,,,,,,,,,,,,-40.0,-39.0,-0.061336867251380545,-0.061336904764175415,3.751279487040904e-08,,,
speed,228,,,,,,,,,,,,,,,,,,,,,,,,,,0.0010000000474974513,,,,,,0.4429469246355635,,0.4429469108581543,,1.3777409213489022e-08,,,,,,,,,,,,,,,,,,,,,,,,,,,,,,,,-40.0,-39.0,-0.07774230890454958,-0.07774233818054199,2.927599240809542e-08,,,
speed,229,,,,,,,,,,,,,,,,,,,,,,,,,,0.0010000000474974513,,,,,,0.42654148298239447,,0.4265414774417877,,5.540606751175403e-09,,,,,,,,,,,,,,,,,,,,,,,,,,,,,,,,-40.0,-39.0,-0.09414775055771862,-0.09414777159690857,2.10391899457818e-08,,,
speed,230,,,,,,,,,,,,,,,,,,,,,,,,,,0.0010000000474974513,,,,,,0.41013604132922543,,0.41013604402542114,,2.6961957111382162e-09,,,,,,,,,,,,,,,,,,,,,,,,,,,,,,,,-40.0,-39.0,-0.11055319221088766,-0.11055320501327515,1.280238748346818e-08,,,
speed,231,,,,,,,,,,,,,,,,,,,,,,,,,,0.0010000000474974513,,,,,,0.3937305996760564,,0.39373061060905457,,1.0932998173451836e-08,,,,,,,,,,,,,,,,,,,,,,,,,,,,,,,,-40.0,-39.0,-0.1269586338640567,-0.12695863842964172,4.565585021154561e-09,,,
speed,232,,,,,,,,,,,,,,,,,,,,,,,,,,0.0010000000474974513,,,,,,0.37732515802288735,,0.377325177192688,,1.9169800635765455e-08,,,,,,,,,,,,,,,,,,,,,,,,,,,,,,,,-40.0,-39.0,-0.14336407551722574,-0.1433640718460083,3.671217441159058e-09,,,
speed,233,,,,,,,,,,,,,,,,,,,,,,,,,,0.0010000000474974513,,,,,,0.3609197163697183,,0.3609197437763214,,2.7406603098079074e-08,,,,,,,,,,,,,,,,,,,,,,,,,,,,,,,,-40.0,-39.0,-0.15976951717039478,-0.15976950526237488,1.1908019903472677e-08,,,
speed,234,,,,,,,,,,,,,,,,,,,,,,,,,,0.0010000000474974513,,,,,,0.3445142747165493,,0.34451431035995483,,3.5643405560392694e-08,,,,,,,,,,,,,,,,,,,,,,,,,,,,,,,,-40.0,-39.0,-0.17617495882356382,-0.17617493867874146,2.0144822365786297e-08,,,
speed,235,,,,,,,,,,,,,,,,,,,,,,,,,,0.0010000000474974513,,,,,,0.32810883306338023,,0.32810887694358826,,4.388020802270631e-08,,,,,,,,,,,,,,,,,,,,,,,,,,,,,,,,-40.0,-39.0,-0.19258040047673286,-0.19258037209510803,2.8381624828099916e-08,,,
speed,236,,,,,,,,,,,,,,,,,,,,,,,,,,0.0010000000474974513,,,,,,0.3117033914102112,,0.3117034435272217,,5.211701048501993e-08,,,,,,,,,,,,,,,,,,,,,,,,,,,,,,,,-40.0,-39.0,-0.2089858421299019,-0.2089858055114746,3.6618427290413536e-08,,,
speed,237,,,,,,,,,,,,,,,,,,,,,,,,,,0.0010000000474974513,,,,,,0.29529794975704216,,0.2952980101108551,,6.035381294733355e-08,,,,,,,,,,,,,,,,,,,,,,,,,,,,,,,,-40.0,-39.0,-0.22539128378307094,-0.2253912389278412,4.4855229752727155e-08,,,
speed,238,,,,,,,,,,,,,,,,,,,,,,,,,,0.0010000000474974513,,,,,,0.2788925081038731,,0.2788925766944885,,6.859061540964717e-08,,,,,,,,,,,,,,,,,,,,,,,,,,,,,,,,-40.0,-39.0,-0.24179672543623998,-0.24179667234420776,5.3092032215040774e-08,,,
speed,239,,,,,,,,,,,,,,,,,,,,,,,,,,0.0010000000474974513,,,,,,0.2624870664507041,,0.26248714327812195,,7.682741787196079e-08,,,,,,,,,,,,,,,,,,,,,,,,,,,,,,,,-40.0,-39.0,-0.258202167089409,-0.25820210576057434,6.13288346773544e-08,,,
speed,240,,,,,,,,,,,,,,,,,,,,,,,,,,0.0010000000474974513,,,,,,0.24608162479753506,,0.24608169496059418,,7.016305911267118e-08,,,,,,,,,,,,,,,,,,,,,,,,,,,,,,,,-40.0,-39.0,-0.27460760874257806,-0.2746075391769409,6.956563713966801e-08,,,
speed,241,,,,,,,,,,,,,,,,,,,,,,,,,,0.0010000000474974513,,,,,,0.22967618314436605,,0.2296762466430664,,6.349870035338157e-08,,,,,,,,,,,,,,,,,,,,,,,,,,,,,,,,-40.0,-39.0,-0.29101305039574704,-0.2910130023956299,4.800011715877517e-08,,,
speed,242,,,,,,,,,,,,,,,,,,,,,,,,,,0.0010000000474974513,,,,,,0.21327074149119704,,0.21327079832553864,,5.683434159409195e-08,,,,,,,,,,,,,,,,,,,,,,,,,,,,,,,,-40.0,-39.0,-0.307418492048916,-0.30741846561431885,2.6434597177882324e-08,,,
speed,243,,,,,,,,,,,,,,,,,,,,,,,,,,0.0010000000474974513,,,,,,0.19686529983802803,,0.19686535000801086,,5.016998283480234e-08,,,,,,,,,,,,,,,,,,,,,,,,,,,,,,,,-40.0,-39.0,-0.32382393370208507,-0.3238238990306854,3.4671399640195943e-08,,,
speed,244,,,,,,,,,,,,,,,,,,,,,,,,,,0.0010000000474974513,,,,,,0.18045985818485902,,0.1804599016904831,,4.350562407551273e-08,,,,,,,,,,,,,,,,,,,,,,,,,,,,,,,,-40.0,-39.0,-0.3402293753552541,-0.340229332447052,4.290820210250956e-08,,,
speed,245,,,,,,,,,,,,,,,,,,,,,,,,,,0.0010000000474974513,,,,,,0.16405441653169,,0.16405445337295532,,3.6841265316223115e-08,,,,,,,,,,,,,,,,,,,,,,,,,,,,,,,,-40.0,-39.0,-0.3566348170084231,-0.35663479566574097,2.134268212161672e-08,,,
speed,246,,,,,,,,,,,,,,,,,,,,,,,,,,0.0010000000474974513,,,,,,0.147648974878521,,0.14764900505542755,,3.01769065569335e-08,,,,,,,,,,,,,,,,,,,,,,,,,,,,,,,,-40.0,-39.0,-0.3730402586615921,-0.37304025888442993,2.2283785927612598e-10,,,
speed,247,,,,,,,,,,,,,,,,,,,,,,,,,,0.0010000000474974513,,,,,,0.13124353322535198,,0.13124355673789978,,2.351254779764389e-08,,,,,,,,,,,,,,,,,,,,,,,,,,,,,,,,-40.0,-39.0,-0.3894457003147611,-0.3894456923007965,8.013964603037493e-09,,,
speed,248,,,,,,,,,,,,,,,,,,,,,,,,,,0.0010000000474974513,,,,,,0.11483809157218297,,0.1148381158709526,,2.4298769635278106e-08,,,,,,,,,,,,,,,,,,,,,,,,,,,,,,,,-40.0,-39.0,-0.40585114196793015,-0.4058511257171631,1.6250767065351113e-08,,,
speed,249,,,,,,,,,,,,,,,,,,,,,,,,,,0.0010000000474974513,,,,,,0.09843264991901396,,0.09843267500400543,,2.508499147291232e-08,,,,,,,,,,,,,,,,,,,,,,,,,,,,,,,,-40.0,-39.0,-0.42225658362109914,-0.42225658893585205,5.314752915541732e-09,,,
speed,250,,,,,,,,,,,,,,,,,,,,,,,,,,0.0010000000474974513,,,,,,0.08202720826584495,,0.08202723413705826,,2.5871213310546537e-08,,,,,,,,,,,,,,,,,,,,,,,,,,,,,,,,-40.0,-39.0,-0.4386620252742681,-0.43866202235221863,2.9220494912607364e-09,,,
speed,251,,,,,,,,,,,,,,,,,,,,,,,,,,0.0010000000474974513,,,,,,0.06562176661267594,,0.06562179327011108,,2.6657435148180753e-08,,,,,,,,,,,,,,,,,,,,,,,,,,,,,,,,-40.0,-39.0,-0.45506746692743716,-0.4550674557685852,1.1158851953574356e-08,,,
speed,252,,,,,,,,,,,,,,,,,,,,,,,,,,0.0010000000474974513,,,,,,0.049216324959506924,,0.04921635240316391,,2.7443656985814968e-08,,,,,,,,,,,,,,,,,,,,,,,,,,,,,,,,-40.0,-39.0,-0.4714729085806062,-0.4714728891849518,1.9395654415887975e-08,,,
speed,253,,,,,,,,,,,,,,,,,,,,,,,,,,0.0010000000474974513,,,,,,0.03281088330633791,,0.032810911536216736,,2.8229878823449184e-08,,,,,,,,,,,,,,,,,,,,,,,,,,,,,,,,-40.0,-39.0,-0.4878783502337752,-0.48787832260131836,2.7632456822690443e-08,,,
speed,254,,,,,,,,,,,,,,,,,,,,,,,,,,0.0010000000474974513,,,,,,0.016405441653168897,,0.016405468806624413,,2.715345551532189e-08,,,,,,,,,,,,,,,,,,,,,,,,,,,,,,,,-40.0,-39.0,-0.5042837918869442,-0.5042837858200073,6.066936841797599e-09,,,
speed,255,,,,,,,,,,,,,,,,,,,,,,,,,,0.0010000000474974513,,,,,,-1.1796119636642288e-16,,2.60770320892334e-08,,2.6077032207194595e-08,,,,,,,,,,,,,,,,,,,,,,,,,,,,,,,,-40.0,-39.0,-0.5206892335401132,-0.5206892490386963,1.5498583083584094e-08,,,
boundary,0,,,,,,,,,,,,,,,,,,,,,,,,,,,,,,,,,,,,,,,,,,False,False,,,6.9282026290893555,0.0,6.9282026290893555,6.9282026290893555,,,,,6.9282026290893555,0.0,6.9282026290893555,6.9282026290893555,,,,,0.0,0.0,0.0,0.0,,,,,,,,6.9282026290893555,0.0,6.928203105926514
boundary,1,,,,,,,,,,,,,,,,,,,,,,,,,,,,,,,,,,,,,,,,,,False,False,,,6.928203105926514,0.0,6.928203105926514,6.928203105926514,,,,,6.928203105926514,0.0,6.928203105926514,6.928203105926514,,,,,0.0,0.0,0.0,0.0,,,,,,,,6.928203105926514,0.0,6.928203105926514
boundary,2,,,,,,,,,,,,,,,,,,,,,,,,,,,,,,,,,,,,,,,,,,True,True,,,6.928203105926514,0.0,6.928203582763672,6.928203105926514,,,,,6.928203105926514,0.0,6.928203582763672,6.928203105926514,,,,,0.0,0.0,0.0,0.0,,,,,,,,6.928203582763672,0.0,6.928203105926514
boundary,3,,,,,,,,,,,,,,,,,,,,,,,,,,,,,,,,,,,,,,,,,,False,False,,,6.795079231262207,1.3516253232955933,6.928202708762562,6.928202708762562,,,,,6.795079231262207,1.3516253232955933,6.9282026290893555,6.9282026290893555,,,,,0.0,0.0,7.967320669877154e-08,7.967320669877154e-08,,,,,,,,6.795079231262207,1.3516253232955933,6.928203105926514
boundary,4,,,,,,,,,,,,,,,,,,,,,,,,,,,,,,,,,,,,,,,,,,True,False,,,6.795079638943298,1.351625309539597,6.928203176437428,6.928203105926514,,,,,6.795079708099365,1.3516253232955933,6.928203105926514,6.928203105926514,,,,,6.915606753921111e-08,1.3755996342013077e-08,7.051091444054691e-08,0.0,,,,,,,,6.795079708099365,1.3516253232955933,6.928203105926514
boundary,5,,,,,,,,,,,,,,,,,,,,,,,,,,,,,,,,,,,,,,,,,,True,True,,,6.795079634282121,1.3516253329729155,6.928203667368873,6.928203105926515,,,,,6.795079708099365,1.3516253232955933,6.928203582763672,6.928203105926514,,,,,7.381724387300892e-08,9.67732227685758e-09,8.460520106723379e-08,8.881784197001252e-16,,,,,,,,6.795080184936523,1.3516254425048828,6.928203105926514
boundary,6,,,,,,,,,,,,,,,,,,,,,,,,,,,,,,,,,,,,,,,,,,False,False,,,6.400824546813965,2.651308298110962,6.928202549776403,6.928202549776403,,,,,6.400824546813965,2.651308298110962,6.9282026290893555,6.9282026290893555,,,,,0.0,0.0,7.931295264995697e-08,7.931295264995697e-08,,,,,,,,6.400824546813965,2.651308298110962,6.928203105926514
boundary,7,,,,,,,,,,,,,,,,,,,,,,,,,,,,,,,,,,,,,,,,,,False,False,,,6.400825023651123,2.651308536529541,6.928203081555333,6.928203081555333,,,,,6.400825023651123,2.651308536529541,6.928203105926514,6.928203105926514,,,,,0.0,0.0,2.4371180629145783e-08,2.4371180629145783e-08,,,,,,,,6.400825023651123,2.651308536529541,6.928203105926514
boundary,8,,,,,,,,,,,,,,,,,,,,,,,,,,,,,,,,,,,,,,,,,,True,True,,,6.400825031704647,2.6513085807715777,6.928203613334264,6.928203105926514,,,,,6.400825023651123,2.651308536529541,6.928203582763672,6.928203105926514,,,,,8.053524069850937e-09,4.4242036700836707e-08,3.057059227984382e-08,0.0,,,,,,,,6.400825500488281,2.65130877494812,6.928203105926514
boundary,9,,,,,,,,,,,,,,,,,,,,,,,,,,,,,,,,,,,,,,,,,,False,False,,,5.760590076446533,3.8491032123565674,6.928202766102326,6.928202766102326,,,,,5.760590076446533,3.8491032123565674,6.9282026290893555,6.9282026290893555,,,,,0.0,0.0,1.3701297074675267e-07,1.3701297074675267e-07,,,,,,,,5.760590076446533,3.8491032123565674,6.928203105926514
boundary,10,,,,,,,,,,,,,,,,,,,,,,,,,,,,,,,,,,,,,,,,,,True,False,,,5.7605903960447336,3.8491033457114368,6.928203295036199,6.928203105926515,,,,,5.760590553283691,3.8491034507751465,6.928203105926514,6.928203105926514,,,,,1.5723895785413333e-07,1.0506370973217827e-07,1.8910968524465943e-07,8.881784197001252e-16,,,,,,,,5.760590553283691,3.8491034507751465,6.928203105926514
boundary,11,,,,,,,,,,,,,,,,,,,,,,,,,,,,,,,,,,,,,,,,,,True,True,,,5.760590285909714,3.849103510540139,6.9282034274944655,6.928203105926514,,,,,5.760590076446533,3.8491034507751465,6.928203582763672,6.928203105926514,,,,,2.0946318102232908e-07,5.97649925104804e-08,1.5526920638109232e-07,0.0,,,,,,,,5.760590553283691,3.8491036891937256,6.928203105926514
boundary,12,,,,,,,,,,,,,,,,,,,,,,,,,,,,,,,,,,,,,,,,,,False,False,,,4.898979187011719,4.898979187011719,6.928202808055492,6.928202808055492,,,,,4.898979187011719,4.898979187011719,6.9282026290893555,6.9282026290893555,,,,,0.0,0.0,1.7896613613288537e-07,1.7896613613288537e-07,,,,,,,,4.898979187011719,4.898979187011719,6.928203105926514
boundary,13,,,,,,,,,,,,,,,,,,,,,,,,,,,,,,,,,,,,,,,,,,False,False,,,4.898979187011719,4.898979187011719,6.928202808055492,6.928202808055492,,,,,4.898979187011719,4.898979187011719,6.9282026290893555,6.9282026290893555,,,,,0.0,0.0,1.7896613613288537e-07,1.7896613613288537e-07,,,,,,,,4.898979187011719,4.898979187011719,6.928203105926514
boundary,14,,,,,,,,,,,,,,,,,,,,,,,,,,,,,,,,,,,,,,,,,,True,True,,,4.898979397638339,4.898979397638339,6.928203482405068,6.928203105926515,,,,,4.898979187011719,4.898979187011719,6.928203582763672,6.9282026290893555,,,,,2.10626620145149e-07,2.10626620145149e-07,1.0035860409374209e-07,4.768371590913034e-07,,,,,,,,4.898979663848877,4.898979663848877,6.928203105926514
boundary,15,,,,,,,,,,,,,,,,,,,,,,,,,,,,,,,,,,,,,,,,,,False,False,,,3.8491032123565674,5.760590076446533,6.928202766102326,6.928202766102326,,,,,3.8491032123565674,5.760590076446533,6.9282026290893555,6.9282026290893555,,,,,0.0,0.0,1.3701297074675267e-07,1.3701297074675267e-07,,,,,,,,3.8491032123565674,5.760590076446533,6.928203105926514
boundary,16,,,,,,,,,,,,,,,,,,,,,,,,,,,,,,,,,,,,,,,,,,True,False,,,3.8491033457114368,5.7605903960447336,6.928203295036199,6.928203105926515,,,,,3.8491034507751465,5.760590553283691,6.928203105926514,6.928203105926514,,,,,1.0506370973217827e-07,1.5723895785413333e-07,1.8910968524465943e-07,8.881784197001252e-16,,,,,,,,3.8491034507751465,5.760590553283691,6.928203105926514
boundary,17,,,,,,,,,,,,,,,,,,,,,,,,,,,,,,,,,,,,,,,,,,True,True,,,3.849103510540139,5.760590285909714,6.9282034274944655,6.928203105926514,,,,,3.8491034507751465,5.760590076446533,6.928203582763672,6.928203105926514,,,,,5.97649925104804e-08,2.0946318102232908e-07,1.5526920638109232e-07,0.0,,,,,,,,3.8491036891937256,5.760590553283691,6.928203105926514
boundary,18,,,,,,,,,,,,,,,,,,,,,,,,,,,,,,,,,,,,,,,,,,False,False,,,2.651308298110962,6.400824546813965,6.928202549776403,6.928202549776403,,,,,2.651308298110962,6.400824546813965,6.9282026290893555,6.9282026290893555,,,,,0.0,0.0,7.931295264995697e-08,7.931295264995697e-08,,,,,,,,2.651308298110962,6.400824546813965,6.928203105926514
boundary,19,,,,,,,,,,,,,,,,,,,,,,,,,,,,,,,,,,,,,,,,,,False,False,,,2.651308536529541,6.400825023651123,6.928203081555333,6.928203081555333,,,,,2.651308536529541,6.400825023651123,6.928203105926514,6.928203105926514,,,,,0.0,0.0,2.4371180629145783e-08,2.4371180629145783e-08,,,,,,,,2.651308536529541,6.400825023651123,6.928203105926514
boundary,20,,,,,,,,,,,,,,,,,,,,,,,,,,,,,,,,,,,,,,,,,,True,True,,,2.6513085807715777,6.400825031704647,6.928203613334264,6.928203105926514,,,,,2.651308536529541,6.400825023651123,6.928203582763672,6.928203105926514,,,,,4.4242036700836707e-08,8.053524069850937e-09,3.057059227984382e-08,0.0,,,,,,,,2.65130877494812,6.400825500488281,6.928203105926514
boundary,21,,,,,,,,,,,,,,,,,,,,,,,,,,,,,,,,,,,,,,,,,,False,False,,,1.3516253232955933,6.795079231262207,6.928202708762562,6.928202708762562,,,,,1.3516253232955933,6.795079231262207,6.9282026290893555,6.9282026290893555,,,,,0.0,0.0,7.967320669877154e-08,7.967320669877154e-08,,,,,,,,1.3516253232955933,6.795079231262207,6.928203105926514
boundary,22,,,,,,,,,,,,,,,,,,,,,,,,,,,,,,,,,,,,,,,,,,True,False,,,1.351625309539597,6.795079638943298,6.928203176437428,6.928203105926514,,,,,1.3516253232955933,6.795079708099365,6.928203105926514,6.928203105926514,,,,,1.3755996342013077e-08,6.915606753921111e-08,7.051091444054691e-08,0.0,,,,,,,,1.3516253232955933,6.795079708099365,6.928203105926514
boundary,23,,,,,,,,,,,,,,,,,,,,,,,,,,,,,,,,,,,,,,,,,,True,True,,,1.3516253329729155,6.795079634282121,6.928203667368873,6.928203105926515,,,,,1.3516253232955933,6.795079708099365,6.928203582763672,6.928203105926514,,,,,9.67732227685758e-09,7.381724387300892e-08,8.460520106723379e-08,8.881784197001252e-16,,,,,,,,1.3516254425048828,6.795080184936523,6.928203105926514
boundary,24,,,,,,,,,,,,,,,,,,,,,,,,,,,,,,,,,,,,,,,,,,False,False,,,4.242300459456527e-16,6.9282026290893555,6.9282026290893555,6.9282026290893555,,,,,4.242300459456527e-16,6.9282026290893555,6.9282026290893555,6.9282026290893555,,,,,0.0,0.0,0.0,0.0,,,,,,,,4.242300459456527e-16,6.9282026290893555,6.928203105926514
boundary,25,,,,,,,,,,,,,,,,,,,,,,,,,,,,,,,,,,,,,,,,,,False,False,,,4.242300988852119e-16,6.928203105926514,6.928203105926514,6.928203105926514,,,,,4.242300988852119e-16,6.928203105926514,6.928203105926514,6.928203105926514,,,,,0.0,0.0,0.0,0.0,,,,,,,,4.242300988852119e-16,6.928203105926514,6.928203105926514
boundary,26,,,,,,,,,,,,,,,,,,,,,,,,,,,,,,,,,,,,,,,,,,True,True,,,4.2423009615713596e-16,6.928203105926514,6.928203582763672,6.928203105926514,,,,,4.242300988852119e-16,6.928203105926514,6.928203582763672,6.928203105926514,,,,,2.7280759575054616e-24,0.0,0.0,0.0,,,,,,,,4.242301253549915e-16,6.928203582763672,6.928203105926514
boundary,27,,,,,,,,,,,,,,,,,,,,,,,,,,,,,,,,,,,,,,,,,,False,False,,,-1.3516253232955933,6.795079231262207,6.928202708762562,6.928202708762562,,,,,-1.3516253232955933,6.795079231262207,6.9282026290893555,6.9282026290893555,,,,,0.0,0.0,7.967320669877154e-08,7.967320669877154e-08,,,,,,,,-1.3516253232955933,6.795079231262207,6.928203105926514
boundary,28,,,,,,,,,,,,,,,,,,,,,,,,,,,,,,,,,,,,,,,,,,True,False,,,-1.351625309539597,6.795079638943298,6.928203176437428,6.928203105926514,,,,,-1.3516253232955933,6.795079708099365,6.928203105926514,6.928203105926514,,,,,1.3755996342013077e-08,6.915606753921111e-08,7.051091444054691e-08,0.0,,,,,,,,-1.3516253232955933,6.795079708099365,6.928203105926514
boundary,29,,,,,,,,,,,,,,,,,,,,,,,,,,,,,,,,,,,,,,,,,,True,True,,,-1.3516253329729155,6.795079634282121,6.928203667368873,6.928203105926515,,,,,-1.3516253232955933,6.795079708099365,6.928203582763672,6.928203105926514,,,,,9.67732227685758e-09,7.381724387300892e-08,8.460520106723379e-08,8.881784197001252e-16,,,,,,,,-1.3516254425048828,6.795080184936523,6.928203105926514
boundary,30,,,,,,,,,,,,,,,,,,,,,,,,,,,,,,,,,,,,,,,,,,False,False,,,-2.651308298110962,6.400824546813965,6.928202549776403,6.928202549776403,,,,,-2.651308298110962,6.400824546813965,6.9282026290893555,6.9282026290893555,,,,,0.0,0.0,7.931295264995697e-08,7.931295264995697e-08,,,,,,,,-2.651308298110962,6.400824546813965,6.928203105926514
boundary,31,,,,,,,,,,,,,,,,,,,,,,,,,,,,,,,,,,,,,,,,,,False,False,,,-2.651308536529541,6.400825023651123,6.928203081555333,6.928203081555333,,,,,-2.651308536529541,6.400825023651123,6.928203105926514,6.928203105926514,,,,,0.0,0.0,2.4371180629145783e-08,2.4371180629145783e-08,,,,,,,,-2.651308536529541,6.400825023651123,6.928203105926514
boundary,32,,,,,,,,,,,,,,,,,,,,,,,,,,,,,,,,,,,,,,,,,,True,True,,,-2.6513085807715777,6.400825031704647,6.928203613334264,6.928203105926514,,,,,-2.651308536529541,6.400825023651123,6.928203582763672,6.928203105926514,,,,,4.4242036700836707e-08,8.053524069850937e-09,3.057059227984382e-08,0.0,,,,,,,,-2.65130877494812,6.400825500488281,6.928203105926514
boundary,33,,,,,,,,,,,,,,,,,,,,,,,,,,,,,,,,,,,,,,,,,,False,False,,,-3.8491032123565674,5.760590076446533,6.928202766102326,6.928202766102326,,,,,-3.8491032123565674,5.760590076446533,6.9282026290893555,6.9282026290893555,,,,,0.0,0.0,1.3701297074675267e-07,1.3701297074675267e-07,,,,,,,,-3.8491032123565674,5.760590076446533,6.928203105926514
boundary,34,,,,,,,,,,,,,,,,,,,,,,,,,,,,,,,,,,,,,,,,,,True,False,,,-3.8491033457114368,5.7605903960447336,6.928203295036199,6.928203105926515,,,,,-3.8491034507751465,5.760590553283691,6.928203105926514,6.928203105926514,,,,,1.0506370973217827e-07,1.5723895785413333e-07,1.8910968524465943e-07,8.881784197001252e-16,,,,,,,,-3.8491034507751465,5.760590553283691,6.928203105926514
boundary,35,,,,,,,,,,,,,,,,,,,,,,,,,,,,,,,,,,,,,,,,,,True,True,,,-3.849103510540139,5.760590285909714,6.9282034274944655,6.928203105926514,,,,,-3.8491034507751465,5.760590076446533,6.928203582763672,6.928203105926514,,,,,5.97649925104804e-08,2.0946318102232908e-07,1.5526920638109232e-07,0.0,,,,,,,,-3.8491036891937256,5.760590553283691,6.928203105926514
boundary,36,,,,,,,,,,,,,,,,,,,,,,,,,,,,,,,,,,,,,,,,,,False,False,,,-4.898979187011719,4.898979187011719,6.928202808055492,6.928202808055492,,,,,-4.898979187011719,4.898979187011719,6.9282026290893555,6.9282026290893555,,,,,0.0,0.0,1.7896613613288537e-07,1.7896613613288537e-07,,,,,,,,-4.898979187011719,4.898979187011719,6.928203105926514
boundary,37,,,,,,,,,,,,,,,,,,,,,,,,,,,,,,,,,,,,,,,,,,False,False,,,-4.898979187011719,4.898979187011719,6.928202808055492,6.928202808055492,,,,,-4.898979187011719,4.898979187011719,6.9282026290893555,6.9282026290893555,,,,,0.0,0.0,1.7896613613288537e-07,1.7896613613288537e-07,,,,,,,,-4.898979187011719,4.898979187011719,6.928203105926514
boundary,38,,,,,,,,,,,,,,,,,,,,,,,,,,,,,,,,,,,,,,,,,,True,True,,,-4.898979397638339,4.898979397638339,6.928203482405068,6.928203105926515,,,,,-4.898979187011719,4.898979187011719,6.928203582763672,6.9282026290893555,,,,,2.10626620145149e-07,2.10626620145149e-07,1.0035860409374209e-07,4.768371590913034e-07,,,,,,,,-4.898979663848877,4.898979663848877,6.928203105926514
boundary,39,,,,,,,,,,,,,,,,,,,,,,,,,,,,,,,,,,,,,,,,,,False,False,,,-5.760590076446533,3.8491032123565674,6.928202766102326,6.928202766102326,,,,,-5.760590076446533,3.8491032123565674,6.9282026290893555,6.9282026290893555,,,,,0.0,0.0,1.3701297074675267e-07,1.3701297074675267e-07,,,,,,,,-5.760590076446533,3.8491032123565674,6.928203105926514
boundary,40,,,,,,,,,,,,,,,,,,,,,,,,,,,,,,,,,,,,,,,,,,True,False,,,-5.7605903960447336,3.8491033457114368,6.928203295036199,6.928203105926515,,,,,-5.760590553283691,3.8491034507751465,6.928203105926514,6.928203105926514,,,,,1.5723895785413333e-07,1.0506370973217827e-07,1.8910968524465943e-07,8.881784197001252e-16,,,,,,,,-5.760590553283691,3.8491034507751465,6.928203105926514
boundary,41,,,,,,,,,,,,,,,,,,,,,,,,,,,,,,,,,,,,,,,,,,True,True,,,-5.760590285909714,3.849103510540139,6.9282034274944655,6.928203105926514,,,,,-5.760590076446533,3.8491034507751465,6.928203582763672,6.928203105926514,,,,,2.0946318102232908e-07,5.97649925104804e-08,1.5526920638109232e-07,0.0,,,,,,,,-5.760590553283691,3.8491036891937256,6.928203105926514
boundary,42,,,,,,,,,,,,,,,,,,,,,,,,,,,,,,,,,,,,,,,,,,False,False,,,-6.400824546813965,2.651308298110962,6.928202549776403,6.928202549776403,,,,,-6.400824546813965,2.651308298110962,6.9282026290893555,6.9282026290893555,,,,,0.0,0.0,7.931295264995697e-08,7.931295264995697e-08,,,,,,,,-6.400824546813965,2.651308298110962,6.928203105926514
boundary,43,,,,,,,,,,,,,,,,,,,,,,,,,,,,,,,,,,,,,,,,,,False,False,,,-6.400825023651123,2.651308536529541,6.928203081555333,6.928203081555333,,,,,-6.400825023651123,2.651308536529541,6.928203105926514,6.928203105926514,,,,,0.0,0.0,2.4371180629145783e-08,2.4371180629145783e-08,,,,,,,,-6.400825023651123,2.651308536529541,6.928203105926514
boundary,44,,,,,,,,,,,,,,,,,,,,,,,,,,,,,,,,,,,,,,,,,,True,True,,,-6.400825031704647,2.6513085807715777,6.928203613334264,6.928203105926514,,,,,-6.400825023651123,2.651308536529541,6.928203582763672,6.928203105926514,,,,,8.053524069850937e-09,4.4242036700836707e-08,3.057059227984382e-08,0.0,,,,,,,,-6.400825500488281,2.65130877494812,6.928203105926514
boundary,45,,,,,,,,,,,,,,,,,,,,,,,,,,,,,,,,,,,,,,,,,,False,False,,,-6.795079231262207,1.3516253232955933,6.928202708762562,6.928202708762562,,,,,-6.795079231262207,1.3516253232955933,6.9282026290893555,6.9282026290893555,,,,,0.0,0.0,7.967320669877154e-08,7.967320669877154e-08,,,,,,,,-6.795079231262207,1.3516253232955933,6.928203105926514
boundary,46,,,,,,,,,,,,,,,,,,,,,,,,,,,,,,,,,,,,,,,,,,True,False,,,-6.795079638943298,1.351625309539597,6.928203176437428,6.928203105926514,,,,,-6.795079708099365,1.3516253232955933,6.928203105926514,6.928203105926514,,,,,6.915606753921111e-08,1.3755996342013077e-08,7.051091444054691e-08,0.0,,,,,,,,-6.795079708099365,1.3516253232955933,6.928203105926514
boundary,47,,,,,,,,,,,,,,,,,,,,,,,,,,,,,,,,,,,,,,,,,,True,True,,,-6.795079634282121,1.3516253329729155,6.928203667368873,6.928203105926515,,,,,-6.795079708099365,1.3516253232955933,6.928203582763672,6.928203105926514,,,,,7.381724387300892e-08,9.67732227685758e-09,8.460520106723379e-08,8.881784197001252e-16,,,,,,,,-6.795080184936523,1.3516254425048828,6.928203105926514
boundary,48,,,,,,,,,,,,,,,,,,,,,,,,,,,,,,,,,,,,,,,,,,False,False,,,-6.9282026290893555,8.484600918913054e-16,6.9282026290893555,6.9282026290893555,,,,,-6.9282026290893555,8.484600918913054e-16,6.9282026290893555,6.9282026290893555,,,,,0.0,0.0,0.0,0.0,,,,,,,,-6.9282026290893555,8.484600918913054e-16,6.928203105926514
boundary,49,,,,,,,,,,,,,,,,,,,,,,,,,,,,,,,,,,,,,,,,,,False,False,,,-6.928203105926514,8.484601977704238e-16,6.928203105926514,6.928203105926514,,,,,-6.928203105926514,8.484601977704238e-16,6.928203105926514,6.928203105926514,,,,,0.0,0.0,0.0,0.0,,,,,,,,-6.928203105926514,8.484601977704238e-16,6.928203105926514
boundary,50,,,,,,,,,,,,,,,,,,,,,,,,,,,,,,,,,,,,,,,,,,True,True,,,-6.928203105926514,8.484601923142719e-16,6.928203582763672,6.928203105926514,,,,,-6.928203105926514,8.484601977704238e-16,6.928203582763672,6.928203105926514,,,,,0.0,5.456151915010923e-24,0.0,0.0,,,,,,,,-6.928203582763672,8.48460250709983e-16,6.928203105926514
boundary,51,,,,,,,,,,,,,,,,,,,,,,,,,,,,,,,,,,,,,,,,,,False,False,,,-6.795079231262207,-1.3516253232955933,6.928202708762562,6.928202708762562,,,,,-6.795079231262207,-1.3516253232955933,6.9282026290893555,6.9282026290893555,,,,,0.0,0.0,7.967320669877154e-08,7.967320669877154e-08,,,,,,,,-6.795079231262207,-1.3516253232955933,6.928203105926514
boundary,52,,,,,,,,,,,,,,,,,,,,,,,,,,,,,,,,,,,,,,,,,,True,False,,,-6.795079638943298,-1.351625309539597,6.928203176437428,6.928203105926514,,,,,-6.795079708099365,-1.3516253232955933,6.928203105926514,6.928203105926514,,,,,6.915606753921111e-08,1.3755996342013077e-08,7.051091444054691e-08,0.0,,,,,,,,-6.795079708099365,-1.3516253232955933,6.928203105926514
boundary,53,,,,,,,,,,,,,,,,,,,,,,,,,,,,,,,,,,,,,,,,,,True,True,,,-6.795079634282121,-1.3516253329729155,6.928203667368873,6.928203105926515,,,,,-6.795079708099365,-1.3516253232955933,6.928203582763672,6.928203105926514,,,,,7.381724387300892e-08,9.67732227685758e-09,8.460520106723379e-08,8.881784197001252e-16,,,,,,,,-6.795080184936523,-1.3516254425048828,6.928203105926514
boundary,54,,,,,,,,,,,,,,,,,,,,,,,,,,,,,,,,,,,,,,,,,,False,False,,,-6.400824546813965,-2.651308298110962,6.928202549776403,6.928202549776403,,,,,-6.400824546813965,-2.651308298110962,6.9282026290893555,6.9282026290893555,,,,,0.0,0.0,7.931295264995697e-08,7.931295264995697e-08,,,,,,,,-6.400824546813965,-2.651308298110962,6.928203105926514
boundary,55,,,,,,,,,,,,,,,,,,,,,,,,,,,,,,,,,,,,,,,,,,False,False,,,-6.400825023651123,-2.651308536529541,6.928203081555333,6.928203081555333,,,,,-6.400825023651123,-2.651308536529541,6.928203105926514,6.928203105926514,,,,,0.0,0.0,2.4371180629145783e-08,2.4371180629145783e-08,,,,,,,,-6.400825023651123,-2.651308536529541,6.928203105926514
boundary,56,,,,,,,,,,,,,,,,,,,,,,,,,,,,,,,,,,,,,,,,,,True,True,,,-6.400825031704647,-2.6513085807715777,6.928203613334264,6.928203105926514,,,,,-6.400825023651123,-2.651308536529541,6.928203582763672,6.928203105926514,,,,,8.053524069850937e-09,4.4242036700836707e-08,3.057059227984382e-08,0.0,,,,,,,,-6.400825500488281,-2.65130877494812,6.928203105926514
boundary,57,,,,,,,,,,,,,,,,,,,,,,,,,,,,,,,,,,,,,,,,,,False,False,,,-5.760590076446533,-3.8491032123565674,6.928202766102326,6.928202766102326,,,,,-5.760590076446533,-3.8491032123565674,6.9282026290893555,6.9282026290893555,,,,,0.0,0.0,1.3701297074675267e-07,1.3701297074675267e-07,,,,,,,,-5.760590076446533,-3.8491032123565674,6.928203105926514
boundary,58,,,,,,,,,,,,,,,,,,,,,,,,,,,,,,,,,,,,,,,,,,True,False,,,-5.7605903960447336,-3.8491033457114368,6.928203295036199,6.928203105926515,,,,,-5.760590553283691,-3.8491034507751465,6.928203105926514,6.928203105926514,,,,,1.5723895785413333e-07,1.0506370973217827e-07,1.8910968524465943e-07,8.881784197001252e-16,,,,,,,,-5.760590553283691,-3.8491034507751465,6.928203105926514
boundary,59,,,,,,,,,,,,,,,,,,,,,,,,,,,,,,,,,,,,,,,,,,True,True,,,-5.760590285909714,-3.849103510540139,6.9282034274944655,6.928203105926514,,,,,-5.760590076446533,-3.8491034507751465,6.928203582763672,6.928203105926514,,,,,2.0946318102232908e-07,5.97649925104804e-08,1.5526920638109232e-07,0.0,,,,,,,,-5.760590553283691,-3.8491036891937256,6.928203105926514
boundary,60,,,,,,,,,,,,,,,,,,,,,,,,,,,,,,,,,,,,,,,,,,False,False,,,-4.898979187011719,-4.898979187011719,6.928202808055492,6.928202808055492,,,,,-4.898979187011719,-4.898979187011719,6.9282026290893555,6.9282026290893555,,,,,0.0,0.0,1.7896613613288537e-07,1.7896613613288537e-07,,,,,,,,-4.898979187011719,-4.898979187011719,6.928203105926514
boundary,61,,,,,,,,,,,,,,,,,,,,,,,,,,,,,,,,,,,,,,,,,,False,False,,,-4.898979187011719,-4.898979187011719,6.928202808055492,6.928202808055492,,,,,-4.898979187011719,-4.898979187011719,6.9282026290893555,6.9282026290893555,,,,,0.0,0.0,1.7896613613288537e-07,1.7896613613288537e-07,,,,,,,,-4.898979187011719,-4.898979187011719,6.928203105926514
boundary,62,,,,,,,,,,,,,,,,,,,,,,,,,,,,,,,,,,,,,,,,,,True,True,,,-4.898979397638339,-4.898979397638339,6.928203482405068,6.928203105926515,,,,,-4.898979187011719,-4.898979187011719,6.928203582763672,6.9282026290893555,,,,,2.10626620145149e-07,2.10626620145149e-07,1.0035860409374209e-07,4.768371590913034e-07,,,,,,,,-4.898979663848877,-4.898979663848877,6.928203105926514
boundary,63,,,,,,,,,,,,,,,,,,,,,,,,,,,,,,,,,,,,,,,,,,False,False,,,-3.8491032123565674,-5.760590076446533,6.928202766102326,6.928202766102326,,,,,-3.8491032123565674,-5.760590076446533,6.9282026290893555,6.9282026290893555,,,,,0.0,0.0,1.3701297074675267e-07,1.3701297074675267e-07,,,,,,,,-3.8491032123565674,-5.760590076446533,6.928203105926514
boundary,64,,,,,,,,,,,,,,,,,,,,,,,,,,,,,,,,,,,,,,,,,,True,False,,,-3.8491033457114368,-5.7605903960447336,6.928203295036199,6.928203105926515,,,,,-3.8491034507751465,-5.760590553283691,6.928203105926514,6.928203105926514,,,,,1.0506370973217827e-07,1.5723895785413333e-07,1.8910968524465943e-07,8.881784197001252e-16,,,,,,,,-3.8491034507751465,-5.760590553283691,6.928203105926514
boundary,65,,,,,,,,,,,,,,,,,,,,,,,,,,,,,,,,,,,,,,,,,,True,True,,,-3.849103510540139,-5.760590285909714,6.9282034274944655,6.928203105926514,,,,,-3.8491034507751465,-5.760590076446533,6.928203582763672,6.928203105926514,,,,,5.97649925104804e-08,2.0946318102232908e-07,1.5526920638109232e-07,0.0,,,,,,,,-3.8491036891937256,-5.760590553283691,6.928203105926514
boundary,66,,,,,,,,,,,,,,,,,,,,,,,,,,,,,,,,,,,,,,,,,,False,False,,,-2.651308298110962,-6.400824546813965,6.928202549776403,6.928202549776403,,,,,-2.651308298110962,-6.400824546813965,6.9282026290893555,6.9282026290893555,,,,,0.0,0.0,7.931295264995697e-08,7.931295264995697e-08,,,,,,,,-2.651308298110962,-6.400824546813965,6.928203105926514
boundary,67,,,,,,,,,,,,,,,,,,,,,,,,,,,,,,,,,,,,,,,,,,False,False,,,-2.651308536529541,-6.400825023651123,6.928203081555333,6.928203081555333,,,,,-2.651308536529541,-6.400825023651123,6.928203105926514,6.928203105926514,,,,,0.0,0.0,2.4371180629145783e-08,2.4371180629145783e-08,,,,,,,,-2.651308536529541,-6.400825023651123,6.928203105926514
boundary,68,,,,,,,,,,,,,,,,,,,,,,,,,,,,,,,,,,,,,,,,,,True,True,,,-2.6513085807715777,-6.400825031704647,6.928203613334264,6.928203105926514,,,,,-2.651308536529541,-6.400825023651123,6.928203582763672,6.928203105926514,,,,,4.4242036700836707e-08,8.053524069850937e-09,3.057059227984382e-08,0.0,,,,,,,,-2.65130877494812,-6.400825500488281,6.928203105926514
boundary,69,,,,,,,,,,,,,,,,,,,,,,,,,,,,,,,,,,,,,,,,,,False,False,,,-1.3516253232955933,-6.795079231262207,6.928202708762562,6.928202708762562,,,,,-1.3516253232955933,-6.795079231262207,6.9282026290893555,6.9282026290893555,,,,,0.0,0.0,7.967320669877154e-08,7.967320669877154e-08,,,,,,,,-1.3516253232955933,-6.795079231262207,6.928203105926514
boundary,70,,,,,,,,,,,,,,,,,,,,,,,,,,,,,,,,,,,,,,,,,,True,False,,,-1.351625309539597,-6.795079638943298,6.928203176437428,6.928203105926514,,,,,-1.3516253232955933,-6.795079708099365,6.928203105926514,6.928203105926514,,,,,1.3755996342013077e-08,6.915606753921111e-08,7.051091444054691e-08,0.0,,,,,,,,-1.3516253232955933,-6.795079708099365,6.928203105926514
boundary,71,,,,,,,,,,,,,,,,,,,,,,,,,,,,,,,,,,,,,,,,,,True,True,,,-1.3516253329729155,-6.795079634282121,6.928203667368873,6.928203105926515,,,,,-1.3516253232955933,-6.795079708099365,6.928203582763672,6.928203105926514,,,,,9.67732227685758e-09,7.381724387300892e-08,8.460520106723379e-08,8.881784197001252e-16,,,,,,,,-1.3516254425048828,-6.795080184936523,6.928203105926514
boundary,72,,,,,,,,,,,,,,,,,,,,,,,,,,,,,,,,,,,,,,,,,,False,False,,,-1.2726901907765173e-15,-6.9282026290893555,6.9282026290893555,6.9282026290893555,,,,,-1.2726901907765173e-15,-6.9282026290893555,6.9282026290893555,6.9282026290893555,,,,,0.0,0.0,0.0,0.0,,,,,,,,-1.2726901907765173e-15,-6.9282026290893555,6.928203105926514
boundary,73,,,,,,,,,,,,,,,,,,,,,,,,,,,,,,,,,,,,,,,,,,False,False,,,-1.2726902966556358e-15,-6.928203105926514,6.928203105926514,6.928203105926514,,,,,-1.2726902966556358e-15,-6.928203105926514,6.928203105926514,6.928203105926514,,,,,0.0,0.0,0.0,0.0,,,,,,,,-1.2726902966556358e-15,-6.928203105926514,6.928203105926514
boundary,74,,,,,,,,,,,,,,,,,,,,,,,,,,,,,,,,,,,,,,,,,,True,True,,,-1.2726903149411856e-15,-6.928203105926514,6.928203582763672,6.928203105926514,,,,,-1.2726902966556358e-15,-6.928203105926514,6.928203582763672,6.928203105926514,,,,,1.828554985563585e-23,0.0,0.0,0.0,,,,,,,,-1.2726904025347542e-15,-6.928203582763672,6.928203105926514
boundary,75,,,,,,,,,,,,,,,,,,,,,,,,,,,,,,,,,,,,,,,,,,False,False,,,1.3516253232955933,-6.795079231262207,6.928202708762562,6.928202708762562,,,,,1.3516253232955933,-6.795079231262207,6.9282026290893555,6.9282026290893555,,,,,0.0,0.0,7.967320669877154e-08,7.967320669877154e-08,,,,,,,,1.3516253232955933,-6.795079231262207,6.928203105926514
boundary,76,,,,,,,,,,,,,,,,,,,,,,,,,,,,,,,,,,,,,,,,,,True,False,,,1.351625309539597,-6.795079638943298,6.928203176437428,6.928203105926514,,,,,1.3516253232955933,-6.795079708099365,6.928203105926514,6.928203105926514,,,,,1.3755996342013077e-08,6.915606753921111e-08,7.051091444054691e-08,0.0,,,,,,,,1.3516253232955933,-6.795079708099365,6.928203105926514
boundary,77,,,,,,,,,,,,,,,,,,,,,,,,,,,,,,,,,,,,,,,,,,True,True,,,1.3516253329729155,-6.795079634282121,6.928203667368873,6.928203105926515,,,,,1.3516253232955933,-6.795079708099365,6.928203582763672,6.928203105926514,,,,,9.67732227685758e-09,7.381724387300892e-08,8.460520106723379e-08,8.881784197001252e-16,,,,,,,,1.3516254425048828,-6.795080184936523,6.928203105926514
boundary,78,,,,,,,,,,,,,,,,,,,,,,,,,,,,,,,,,,,,,,,,,,False,False,,,2.651308298110962,-6.400824546813965,6.928202549776403,6.928202549776403,,,,,2.651308298110962,-6.400824546813965,6.9282026290893555,6.9282026290893555,,,,,0.0,0.0,7.931295264995697e-08,7.931295264995697e-08,,,,,,,,2.651308298110962,-6.400824546813965,6.928203105926514
boundary,79,,,,,,,,,,,,,,,,,,,,,,,,,,,,,,,,,,,,,,,,,,False,False,,,2.651308536529541,-6.400825023651123,6.928203081555333,6.928203081555333,,,,,2.651308536529541,-6.400825023651123,6.928203105926514,6.928203105926514,,,,,0.0,0.0,2.4371180629145783e-08,2.4371180629145783e-08,,,,,,,,2.651308536529541,-6.400825023651123,6.928203105926514
boundary,80,,,,,,,,,,,,,,,,,,,,,,,,,,,,,,,,,,,,,,,,,,True,True,,,2.6513085807715777,-6.400825031704647,6.928203613334264,6.928203105926514,,,,,2.651308536529541,-6.400825023651123,6.928203582763672,6.928203105926514,,,,,4.4242036700836707e-08,8.053524069850937e-09,3.057059227984382e-08,0.0,,,,,,,,2.65130877494812,-6.400825500488281,6.928203105926514
boundary,81,,,,,,,,,,,,,,,,,,,,,,,,,,,,,,,,,,,,,,,,,,False,False,,,3.8491032123565674,-5.760590076446533,6.928202766102326,6.928202766102326,,,,,3.8491032123565674,-5.760590076446533,6.9282026290893555,6.9282026290893555,,,,,0.0,0.0,1.3701297074675267e-07,1.3701297074675267e-07,,,,,,,,3.8491032123565674,-5.760590076446533,6.928203105926514
boundary,82,,,,,,,,,,,,,,,,,,,,,,,,,,,,,,,,,,,,,,,,,,True,False,,,3.8491033457114368,-5.7605903960447336,6.928203295036199,6.928203105926515,,,,,3.8491034507751465,-5.760590553283691,6.928203105926514,6.928203105926514,,,,,1.0506370973217827e-07,1.5723895785413333e-07,1.8910968524465943e-07,8.881784197001252e-16,,,,,,,,3.8491034507751465,-5.760590553283691,6.928203105926514
boundary,83,,,,,,,,,,,,,,,,,,,,,,,,,,,,,,,,,,,,,,,,,,True,True,,,3.849103510540139,-5.760590285909714,6.9282034274944655,6.928203105926514,,,,,3.8491034507751465,-5.760590076446533,6.928203582763672,6.928203105926514,,,,,5.97649925104804e-08,2.0946318102232908e-07,1.5526920638109232e-07,0.0,,,,,,,,3.8491036891937256,-5.760590553283691,6.928203105926514
boundary,84,,,,,,,,,,,,,,,,,,,,,,,,,,,,,,,,,,,,,,,,,,False,False,,,4.898979187011719,-4.898979187011719,6.928202808055492,6.928202808055492,,,,,4.898979187011719,-4.898979187011719,6.9282026290893555,6.9282026290893555,,,,,0.0,0.0,1.7896613613288537e-07,1.7896613613288537e-07,,,,,,,,4.898979187011719,-4.898979187011719,6.928203105926514
boundary,85,,,,,,,,,,,,,,,,,,,,,,,,,,,,,,,,,,,,,,,,,,False,False,,,4.898979187011719,-4.898979187011719,6.928202808055492,6.928202808055492,,,,,4.898979187011719,-4.898979187011719,6.9282026290893555,6.9282026290893555,,,,,0.0,0.0,1.7896613613288537e-07,1.7896613613288537e-07,,,,,,,,4.898979187011719,-4.898979187011719,6.928203105926514
boundary,86,,,,,,,,,,,,,,,,,,,,,,,,,,,,,,,,,,,,,,,,,,True,True,,,4.898979397638339,-4.898979397638339,6.928203482405068,6.928203105926515,,,,,4.898979187011719,-4.898979187011719,6.928203582763672,6.9282026290893555,,,,,2.10626620145149e-07,2.10626620145149e-07,1.0035860409374209e-07,4.768371590913034e-07,,,,,,,,4.898979663848877,-4.898979663848877,6.928203105926514
boundary,87,,,,,,,,,,,,,,,,,,,,,,,,,,,,,,,,,,,,,,,,,,False,False,,,5.760590076446533,-3.8491032123565674,6.928202766102326,6.928202766102326,,,,,5.760590076446533,-3.8491032123565674,6.9282026290893555,6.9282026290893555,,,,,0.0,0.0,1.3701297074675267e-07,1.3701297074675267e-07,,,,,,,,5.760590076446533,-3.8491032123565674,6.928203105926514
boundary,88,,,,,,,,,,,,,,,,,,,,,,,,,,,,,,,,,,,,,,,,,,True,False,,,5.7605903960447336,-3.8491033457114368,6.928203295036199,6.928203105926515,,,,,5.760590553283691,-3.8491034507751465,6.928203105926514,6.928203105926514,,,,,1.5723895785413333e-07,1.0506370973217827e-07,1.8910968524465943e-07,8.881784197001252e-16,,,,,,,,5.760590553283691,-3.8491034507751465,6.928203105926514
boundary,89,,,,,,,,,,,,,,,,,,,,,,,,,,,,,,,,,,,,,,,,,,True,True,,,5.760590285909714,-3.849103510540139,6.9282034274944655,6.928203105926514,,,,,5.760590076446533,-3.8491034507751465,6.928203582763672,6.928203105926514,,,,,2.0946318102232908e-07,5.97649925104804e-08,1.5526920638109232e-07,0.0,,,,,,,,5.760590553283691,-3.8491036891937256,6.928203105926514
boundary,90,,,,,,,,,,,,,,,,,,,,,,,,,,,,,,,,,,,,,,,,,,False,False,,,6.400824546813965,-2.651308298110962,6.928202549776403,6.928202549776403,,,,,6.400824546813965,-2.651308298110962,6.9282026290893555,6.9282026290893555,,,,,0.0,0.0,7.931295264995697e-08,7.931295264995697e-08,,,,,,,,6.400824546813965,-2.651308298110962,6.928203105926514
boundary,91,,,,,,,,,,,,,,,,,,,,,,,,,,,,,,,,,,,,,,,,,,False,False,,,6.400825023651123,-2.651308536529541,6.928203081555333,6.928203081555333,,,,,6.400825023651123,-2.651308536529541,6.928203105926514,6.928203105926514,,,,,0.0,0.0,2.4371180629145783e-08,2.4371180629145783e-08,,,,,,,,6.400825023651123,-2.651308536529541,6.928203105926514
boundary,92,,,,,,,,,,,,,,,,,,,,,,,,,,,,,,,,,,,,,,,,,,True,True,,,6.400825031704647,-2.6513085807715777,6.928203613334264,6.928203105926514,,,,,6.400825023651123,-2.651308536529541,6.928203582763672,6.928203105926514,,,,,8.053524069850937e-09,4.4242036700836707e-08,3.057059227984382e-08,0.0,,,,,,,,6.400825500488281,-2.65130877494812,6.928203105926514
boundary,93,,,,,,,,,,,,,,,,,,,,,,,,,,,,,,,,,,,,,,,,,,False,False,,,6.795079231262207,-1.3516253232955933,6.928202708762562,6.928202708762562,,,,,6.795079231262207,-1.3516253232955933,6.9282026290893555,6.9282026290893555,,,,,0.0,0.0,7.967320669877154e-08,7.967320669877154e-08,,,,,,,,6.795079231262207,-1.3516253232955933,6.928203105926514
boundary,94,,,,,,,,,,,,,,,,,,,,,,,,,,,,,,,,,,,,,,,,,,True,False,,,6.795079638943298,-1.351625309539597,6.928203176437428,6.928203105926514,,,,,6.795079708099365,-1.3516253232955933,6.928203105926514,6.928203105926514,,,,,6.915606753921111e-08,1.3755996342013077e-08,7.051091444054691e-08,0.0,,,,,,,,6.795079708099365,-1.3516253232955933,6.928203105926514
boundary,95,,,,,,,,,,,,,,,,,,,,,,,,,,,,,,,,,,,,,,,,,,True,True,,,6.795079634282121,-1.3516253329729155,6.928203667368873,6.928203105926515,,,,,6.795079708099365,-1.3516253232955933,6.928203582763672,6.928203105926514,,,,,7.381724387300892e-08,9.67732227685758e-09,8.460520106723379e-08,8.881784197001252e-16,,,,,,,,6.795080184936523,-1.3516254425048828,6.928203105926514
