sample,time_s,id_ref,iq_reference_input,id,iq,omega_m,omega_ref,dt,python_saturated,c_saturated,python_vd_requested,python_vq_requested,python_vd,python_vq,python_requested_magnitude,python_magnitude,python_d_integral,python_q_integral,python_iq_ref,python_speed_integral,c_vd_requested,c_vq_requested,c_vd,c_vq,c_requested_magnitude,c_magnitude,c_d_integral,c_q_integral,c_iq_ref,c_speed_integral,error_vd_requested,error_vq_requested,error_vd,error_vq,error_requested_magnitude,error_magnitude,error_d_integral,error_q_integral,error_iq_ref,error_speed_integral
0,0.0,0,5.0,0.0,0.0,0.0,104.71975708007812,1.9999999494757503e-05,False,False,0.0,8.570471513933658,0.0,8.570471513933658,8.570471513933658,8.570471513933658,0.0,0.09423251917783786,5.0,0.0,0.0,8.57047176361084,0.0,8.57047176361084,8.57047176361084,8.57047176361084,0.0,0.09423251450061798,5.0,0.0,0.0,2.4967718204038647e-07,0.0,2.4967718204038647e-07,2.4967718204038647e-07,2.4967718204038647e-07,0.0,4.677219875293126e-09,0.0,0.0
25,0.0005,0,5.0,1.4691226169816218e-05,3.0941224098205566,0.21505509316921234,104.71975708007812,1.9999999494757503e-05,False,False,-0.0024292459992917024,4.826365025360342,-0.0024292459992917024,4.826365025360342,4.8263656367144065,4.8263656367144065,-2.2808399249906773e-06,1.5765058775267495,5.0,0.0,-0.0024292462039738894,4.826364517211914,-0.0024292462039738894,4.826364517211914,4.826364994049072,4.826364994049072,-2.2808396806794917e-06,1.5765057802200317,5.0,0.0,2.0468218699803975e-10,5.081484282243309e-07,2.0468218699803975e-10,5.081484282243309e-07,6.426653342828104e-07,6.426653342828104e-07,2.4431118554333665e-13,9.730671779450972e-08,0.0,0.0
50,0.001,0,5.0,4.4539694499690086e-05,4.271313667297363,0.6680878400802612,104.71975708007812,1.9999999494757503e-05,False,False,-0.010383075330522525,3.436268397594627,-0.010383075330522525,3.436268397594627,3.4362840843796465,3.4362840843796465,-1.671937818773761e-05,2.142174193172396,5.0,0.0,-0.01038307510316372,3.436267852783203,-0.01038307510316372,3.436267852783203,3.436283588409424,3.436283588409424,-1.671937934588641e-05,2.1421737670898438,5.0,0.0,2.2735880539359599e-10,5.448114239747781e-07,2.2735880539359599e-10,5.448114239747781e-07,4.959702226692286e-07,4.959702226692286e-07,1.1581487993021083e-12,4.260825523516587e-07,0.0,0.0
75,0.0015,0,5.0,6.10921488259919e-05,4.719722747802734,1.2116338014602661,104.71975708007812,1.9999999494757503e-05,False,False,-0.020752694868421552,2.9407113001019556,-0.020752694868421552,2.9407113001019556,2.940784525410122,2.940784525410122,-4.242231104796602e-05,2.3589506227242856,5.0,0.0,-0.020752694457769394,2.9407107830047607,-0.020752694457769394,2.9407107830047607,2.940783977508545,2.940783977508545,-4.2422307160450146e-05,2.358950138092041,5.0,0.0,4.106521581115352e-10,5.170971948409431e-07,4.106521581115352e-10,5.170971948409431e-07,5.47901576997134e-07,5.47901576997134e-07,3.887515872093902e-12,4.846322445573037e-07,0.0,0.0
100,0.002,0,5.0,6.361378473229706e-05,4.890933036804199,1.7896199226379395,104.71975708007812,1.9999999494757503e-05,False,False,-0.03170401149493611,2.785086508383157,-0.03170401149493611,2.785086508383157,2.785266953726834,2.785266953726834,-7.223580451495332e-05,2.4427080850560774,5.0,0.0,-0.03170401230454445,2.7850866317749023,-0.03170401230454445,2.7850866317749023,2.7852671146392822,2.7852671146392822,-7.22357799531892e-05,2.4427082538604736,5.0,0.0,8.096083387032493e-10,1.2339174526587726e-07,8.096083387032493e-10,1.2339174526587726e-07,1.609124482548907e-07,1.609124482548907e-07,2.4561764121601264e-11,1.6880439623889743e-07,0.0,0.0
125,0.0025,0,5.0,5.9089361457154155e-05,4.956610202789307,2.380711078643799,104.71975708007812,1.9999999494757503e-05,False,False,-0.04268540887201806,2.758639056030223,-0.04268540887201806,2.758639056030223,2.758969279565449,2.758969279565449,-0.00010125643204789348,2.475584942305568,5.0,0.0,-0.042685408145189285,2.7586398124694824,-0.042685408145189285,2.7586398124694824,2.758970022201538,2.758970022201538,-0.00010125639528268948,2.475585699081421,5.0,0.0,7.268287777195681e-10,7.564392592307456e-07,7.268287777195681e-10,7.564392592307456e-07,7.42636089068327e-07,7.42636089068327e-07,3.676520399968977e-11,7.567758530946378e-07,0.0,0.0
150,0.003,0,5.0,5.245608917903155e-05,4.982036113739014,2.9767794609069824,104.71975708007812,1.9999999494757503e-05,False,False,-0.053597454280376954,2.7812779625207176,-0.053597454280376954,2.7812779625207176,2.7817943475226077,2.7817943475226077,-0.00012749516594573075,2.4888743771522006,5.0,0.0,-0.053597453981637955,2.7812790870666504,-0.053597453981637955,2.7812790870666504,2.7817955017089844,2.7817955017089844,-0.00012749510642606765,2.488875389099121,5.0,0.0,2.9873899881627253e-10,1.1245459328179663e-06,2.9873899881627253e-10,1.1245459328179663e-06,1.1541863766950655e-06,1.1541863766950655e-06,5.951966309679542e-11,1.0119469204816767e-06,0.0,0.0
175,0.0035,0,5.0,4.5974753447808325e-05,4.992053508758545,3.574720621109009,104.71975708007812,1.9999999494757503e-05,False,False,-0.06445133230649952,2.8225678830602847,-0.06445133230649952,2.8225678830602847,2.8233036373581037,2.8233036373581037,-0.0001505950425624988,2.4945288081933636,5.0,0.0,-0.06445132941007614,2.822568893432617,-0.06445132941007614,2.822568893432617,2.8233046531677246,2.8233046531677246,-0.0001505949767306447,2.4945297241210938,5.0,0.0,2.89642337891749e-09,1.0103723324661473e-06,2.89642337891749e-09,1.0103723324661473e-06,1.0158096208634504e-06,1.0158096208634504e-06,6.583185410105781e-11,9.159277301051816e-07,0.0,0.0
200,0.004,0,5.0,4.038800761918537e-05,4.996129512786865,4.173343181610107,104.71975708007812,1.9999999494757503e-05,False,False,-0.07527054358603853,2.8709430477537454,-0.07527054358603853,2.8709430477537454,2.8719296018839495,2.8719296018839495,-0.00017084830423193674,2.497136410906919,5.0,0.0,-0.07527054846286774,2.8709442615509033,-0.07527054846286774,2.8709442615509033,2.8719308376312256,2.8719308376312256,-0.00017084824503399432,2.4971375465393066,5.0,0.0,4.876829204358835e-09,1.2137971578951579e-06,4.876829204358835e-09,1.2137971578951579e-06,1.235747276062682e-06,1.235747276062682e-06,5.919794241935304e-11,1.1356323876832164e-06,0.0,0.0
225,0.0045000000000000005,0,5.0,3.5793746064882725e-05,4.997883319854736,4.772185325622559,104.71975708007812,1.9999999494757503e-05,False,False,-0.08607125038381995,2.9220059932911133,-0.08607125038381995,2.9220059932911133,2.9232733852604036,2.9232733852604036,-0.00018871470116218212,2.4984757816750602,5.0,0.0,-0.08607125282287598,2.9220070838928223,-0.08607125282287598,2.9220070838928223,2.923274517059326,2.923274517059326,-0.0001887146063381806,2.498476982116699,5.0,0.0,2.4390560265930006e-09,1.0906017089418185e-06,2.4390560265930006e-09,1.0906017089418185e-06,1.1317989225823055e-06,1.1317989225823055e-06,9.482400151542003e-11,1.2004416389821415e-06,0.0,0.0
250,0.005,0,5.0,3.20766048389487e-05,4.99870491027832,5.371065139770508,104.71975708007812,1.9999999494757503e-05,False,False,-0.09686221798200183,2.974086838584209,-0.09686221798200183,2.974086838584209,2.975663760022662,2.975663760022662,-0.00020463734773381903,2.499249402892161,5.0,0.0,-0.09686221927404404,2.974087715148926,-0.09686221927404404,2.974087715148926,2.9756646156311035,2.9756646156311035,-0.00020463722466956824,2.4992501735687256,5.0,0.0,1.2920422093332107e-09,8.765647168118562e-07,1.2920422093332107e-09,8.765647168118562e-07,8.556084414301779e-07,8.556084414301779e-07,1.2306425079293068e-10,7.706765647874647e-07,0.0,0.0
275,0.0055000000000000005,0,5.0,2.908008718804922e-05,4.9991350173950195,5.969907760620117,104.71975708007812,1.9999999494757503e-05,False,False,-0.10764770945635549,3.0265494923166707,-0.10764770945635549,3.0265494923166707,3.0284632833821012,3.0284632833821012,-0.00021899119853736857,2.4997444449827135,5.0,0.0,-0.10764770954847336,3.026550054550171,-0.10764770954847336,3.026550054550171,3.028463840484619,3.028463840484619,-0.00021899105922784656,2.4997451305389404,5.0,0.0,9.211786888840834e-11,5.622335002009038e-07,9.211786888840834e-11,5.622335002009038e-07,5.571025178952027e-07,5.571025178952027e-07,1.3930952200732864e-10,6.85556226898143e-07,0.0,0.0
300,0.006,0,5.0,2.6662179152481258e-05,4.999387741088867,6.568681240081787,104.71975708007812,1.9999999494757503e-05,False,False,-0.11842966194390891,3.0791526045669397,-0.11842966194390891,3.0791526045669397,3.081429270166608,3.081429270166608,-0.00023208002689672312,2.5000853200060713,5.0,0.0,-0.11842966079711914,3.079153060913086,-0.11842966079711914,3.079153060913086,3.0814297199249268,3.0814297199249268,-0.00023207991034723818,2.5000858306884766,5.0,0.0,1.1467897742534205e-09,4.563461462048224e-07,1.1467897742534205e-09,4.563461462048224e-07,4.4975831858806714e-07,4.4975831858806714e-07,1.1654948493399105e-10,5.106824052525383e-07,0.0,0.0
325,0.006500000000000001,0,5.0,2.4707054762984626e-05,4.999551773071289,7.167370319366455,104.71975708007812,1.9999999494757503e-05,False,False,-0.1292089227491677,3.1318034320125068,-0.1292089227491677,3.1318034320125068,3.134467687260999,3.134467687260999,-0.000244147045820191,2.5003309808016883,5.0,0.0,-0.12920892238616943,3.1318044662475586,-0.12920892238616943,3.1318044662475586,3.1344687938690186,3.1344687938690186,-0.0002441469405312091,2.5003321170806885,5.0,0.0,3.6299827033126064e-10,1.0342350518222077e-06,3.6299827033126064e-10,1.0342350518222077e-06,1.1066080194410688e-06,1.1066080194410688e-06,1.0528898190592315e-10,1.136279000224505e-06,0.0,0.0
350,0.007,0,5.0,2.3123055143514648e-05,4.9996657371521,7.765966415405273,104.71975708007812,1.9999999494757503e-05,False,False,-0.13998583086631922,3.1844669718378142,-0.13998583086631922,3.1844669718378142,3.1875423020831004,3.1875423020831004,-0.0002553869895529976,2.5005126561983877,5.0,0.0,-0.1399858295917511,3.1844682693481445,-0.1399858295917511,3.1844682693481445,3.1875436305999756,3.1875436305999756,-0.0002553868980612606,2.500513792037964,5.0,0.0,1.2745681177150914e-09,1.2975103302892421e-06,1.2745681177150914e-09,1.2975103302892421e-06,1.3285168751764331e-06,1.3285168751764331e-06,9.149173703804775e-11,1.1358395761718043e-06,0.0,0.0
375,0.007500000000000001,0,5.0,2.1837868189322762e-05,4.999748229980469,8.364465713500977,104.71975708007812,1.9999999494757503e-05,False,False,-0.1507605467056912,3.237129920290204,-0.1507605467056912,3.237129920290204,3.2406386505257045,3.2406386505257045,-0.00026595633655334224,2.5006489037592,5.0,0.0,-0.15076054632663727,3.237131357192993,-0.15076054632663727,3.237131357192993,3.240640163421631,3.240640163421631,-0.0002659561869222671,2.500650405883789,5.0,0.0,3.7905392713533104e-10,1.436902789198058e-06,3.7905392713533104e-10,1.436902789198058e-06,1.5128959263144282e-06,1.5128959263144282e-06,1.496310751626824e-10,1.502124589158882e-06,0.0,0.0
400,0.008,0,5.0,2.0794092051801272e-05,4.999809265136719,8.962864875793457,104.71975708007812,1.9999999494757503e-05,False,False,-0.16153312618338753,3.2897871672761188,-0.16153312618338753,3.2897871672761188,3.293750530448414,3.293750530448414,-0.00027598130145681086,2.5007518825072603,5.0,0.0,-0.1615331470966339,3.2897884845733643,-0.1615331470966339,3.2897884845733643,3.2937519550323486,3.2937519550323486,-0.00027598123415373266,2.500753164291382,5.0,0.0,2.09132463846462e-08,1.3172972455066656e-06,2.09132463846462e-08,1.3172972455066656e-06,1.4245839348170364e-06,1.4245839348170364e-06,6.7303078203889e-11,1.2817841215095882e-06,0.0,0.0
425,0.0085,0,5.0,1.9945833628298715e-05,4.999855041503906,9.561161994934082,104.71975708007812,1.9999999494757503e-05,False,False,-0.1723036079192038,3.3424364837963965,-0.1723036079192038,3.3424364837963965,3.3468746886483807,3.3468746886483807,-0.00028556398869048123,2.5008300399531005,5.0,0.0,-0.17230360209941864,3.342437982559204,-0.17230360209941864,3.342437982559204,3.3468761444091797,3.3468761444091797,-0.00028556393226608634,2.500831365585327,5.0,0.0,5.819785153793333e-09,1.4987628076390536e-06,5.819785153793333e-09,1.4987628076390536e-06,1.4557607990184351e-06,1.4557607990184351e-06,5.6424394887302776e-11,1.3256322266563814e-06,0.0,0.0
450,0.009000000000000001,0,5.0,1.9256169252912514e-05,4.999889373779297,10.159354209899902,104.71975708007812,1.9999999494757503e-05,False,False,-0.18307198058404428,3.395077333974314,-0.18307198058404428,3.395077333974314,3.4000096255365366,3.4000096255365366,-0.00029478716141929766,2.5008895589554925,5.0,0.0,-0.18307198584079742,3.3950788974761963,-0.18307198584079742,3.3950788974761963,3.4000113010406494,3.4000113010406494,-0.00029478708165697753,2.5008909702301025,5.0,0.0,5.256753143889625e-09,1.5635018821846813e-06,5.256753143889625e-09,1.5635018821846813e-06,1.6755041127858306e-06,1.6755041127858306e-06,7.976232012114198e-11,1.4112746100636286e-06,0.0,0.0
475,0.009500000000000001,0,5.0,1.869526931841392e-05,4.999915599822998,10.757441520690918,104.71975708007812,1.9999999494757503e-05,False,False,-0.19383829916191292,3.4477085884403778,-0.19383829916191292,3.4477085884403778,3.4531533121232143,3.4531533121232143,-0.0003037179875297758,2.5009349688179547,5.0,0.0,-0.19383829832077026,3.4477100372314453,-0.19383829832077026,3.4477100372314453,3.4531548023223877,3.4531548023223877,-0.00030371794127859175,2.500936508178711,5.0,0.0,8.411426555277046e-10,1.448791067559796e-06,8.411426555277046e-10,1.448791067559796e-06,1.490199173392881e-06,1.490199173392881e-06,4.625118403501702e-11,1.5393607561975386e-06,0.0,0.0
500,0.01,0,5.0,1.823896491259802e-05,4.999935150146484,11.355422973632812,104.71975708007812,1.9999999494757503e-05,False,False,-0.20460255249306672,3.500331197879196,-0.20460255249306672,3.500331197879196,3.5063058479449687,3.5063058479449687,-0.0003124110159577133,2.500969729425119,5.0,0.0,-0.20460255444049835,3.5003325939178467,-0.20460255444049835,3.5003325939178467,3.5063071250915527,3.5063071250915527,-0.00031241096439771354,2.5009710788726807,5.0,0.0,1.9474316326206775e-09,1.3960386504585642e-06,1.9474316326206775e-09,1.3960386504585642e-06,1.2771465840444307e-06,1.2771465840444307e-06,5.155999975928194e-11,1.3494475616937507e-06,0.0,0.0
525,0.0105,0,5.0,1.786764732969459e-05,4.999950408935547,11.95329761505127,104.71975708007812,1.9999999494757503e-05,False,False,-0.21536478282959173,3.552943579600166,-0.21536478282959173,3.552943579600166,3.5594648571808203,3.5594648571808203,-0.0003209105638867633,2.500996384016859,5.0,0.0,-0.21536478400230408,3.552945137023926,-0.21536478400230408,3.552945137023926,3.5594663619995117,3.5594663619995117,-0.0003209105634596199,2.50099778175354,5.0,0.0,1.1727123438998177e-09,1.5574237597348883e-06,1.1727123438998177e-09,1.5574237597348883e-06,1.504818691433485e-06,1.504818691433485e-06,4.271434009446573e-13,1.3977366810635772e-06,0.0,0.0
550,0.011000000000000001,0,5.0,1.756538767949678e-05,4.999961853027344,12.551065444946289,104.71975708007812,1.9999999494757503e-05,False,False,-0.22612498399306746,3.6055468841223943,-0.22612498399306746,3.6055468841223943,3.61263073701016,3.61263073701016,-0.0003292526418311638,2.5010168916966804,5.0,0.0,-0.22612500190734863,3.60554838180542,-0.22612500190734863,3.60554838180542,3.6126322746276855,3.6126322746276855,-0.0003292526234872639,2.5010182857513428,5.0,0.0,1.791428116959537e-08,1.497683025597496e-06,1.791428116959537e-08,1.497683025597496e-06,1.537617525748658e-06,1.537617525748658e-06,1.834389985830992e-11,1.3940546623736338e-06,0.0,0.0
575,0.011500000000000002,0,5.0,1.731924930936657e-05,4.999970436096191,13.148725509643555,104.71975708007812,1.9999999494757503e-05,False,False,-0.23688315933400347,3.6581409203568023,-0.23688315933400347,3.6581409203568023,3.6658025893881647,3.6658025893881647,-0.0003374665125225151,2.5010327622324238,5.0,0.0,-0.23688316345214844,3.658142566680908,-0.23688316345214844,3.658142566680908,3.665804147720337,3.665804147720337,-0.00033746653934940696,2.5010344982147217,5.0,0.0,4.1181449639271506e-09,1.6463241059305744e-06,4.1181449639271506e-09,1.6463241059305744e-06,1.5583321721912569e-06,1.5583321721912569e-06,2.68268918364456e-11,1.7359822979123862e-06,0.0,0.0
600,0.012,0,5.0,1.7118713003583252e-05,4.999976634979248,13.746277809143066,104.71975708007812,1.9999999494757503e-05,False,False,-0.2476393139671002,3.710726003074827,-0.2476393139671002,3.710726003074827,3.718980061753192,3.718980061753192,-0.00034557595518056587,2.501045118963254,5.0,0.0,-0.24763931334018707,3.7107272148132324,-0.24763931334018707,3.7107272148132324,3.7189812660217285,3.7189812660217285,-0.00034557594335637987,2.5010464191436768,5.0,0.0,6.269131325176147e-10,1.2117384056153924e-06,6.269131325176147e-10,1.2117384056153924e-06,1.204268536447728e-06,1.204268536447728e-06,1.182418599881066e-11,1.3001804228807146e-06,0.0,0.0
625,0.0125,0,5.0,1.695523133093957e-05,4.999981880187988,14.343722343444824,104.71975708007812,1.9999999494757503e-05,False,False,-0.25839350632418817,3.763300515813565,-0.25839350632418817,3.763300515813565,3.772160916031175,3.772160916031175,-0.00035360029241826455,2.5010547706933712,5.0,0.0,-0.2583935260772705,3.763303279876709,-0.2583935260772705,3.763303279876709,3.7721636295318604,3.7721636295318604,-0.0003536002477630973,2.5010573863983154,5.0,0.0,1.975308233648221e-08,2.7640631441450125e-06,1.975308233648221e-08,2.7640631441450125e-06,2.7135006854805965e-06,2.7135006854805965e-06,4.465516725924573e-11,2.6157049441977165e-06,0.0,0.0
650,0.013000000000000001,0,5.0,1.682185938989278e-05,4.999985694885254,14.941059112548828,104.71975708007812,1.9999999494757503e-05,False,False,-0.26914570462103626,3.815865931768018,-0.26914570462103626,3.815865931768018,3.825346026118913,3.825346026118913,-0.0003615552252384659,2.5010623824395637,5.0,0.0,-0.2691457271575928,3.8158669471740723,-0.2691457271575928,3.8158669471740723,3.8253469467163086,3.8253469467163086,-0.00036155516863800585,2.501063346862793,5.0,0.0,2.2536556509855643e-08,1.01540605434991e-06,2.2536556509855643e-08,1.01540605434991e-06,9.205973956483149e-07,9.205973956483149e-07,5.660046005018585e-11,9.644232292771449e-07,0.0,0.0
675,0.013500000000000002,0,5.0,1.6712951037334278e-05,4.999988555908203,15.538287162780762,104.71975708007812,1.9999999494757503e-05,False,False,-0.2798959091246206,3.8684218527672796,-0.2798959091246206,3.8684218527672796,3.878534433379718,3.878534433379718,-0.00036945351091810627,2.501068448471063,5.0,0.0,-0.27989593148231506,3.868422746658325,-0.27989593148231506,3.868422746658325,3.878535270690918,3.878535270690918,-0.0003694534534588456,2.5010693073272705,5.0,0.0,2.2357694473562617e-08,8.938910456279814e-07,2.2357694473562617e-08,8.938910456279814e-07,8.373111999304683e-07,8.373111999304683e-07,5.745926065676976e-11,8.588562074862693e-07,0.0,0.0
700,0.014,0,5.0,1.6623920600977726e-05,4.999990463256836,16.135406494140625,104.71975708007812,1.9999999494757503e-05,False,False,-0.29064411368330567,3.9209686650955,-0.29064411368330567,3.9209686650955,3.931725991658058,3.931725991658058,-0.00037730551487325306,2.50107335521654,5.0,0.0,-0.290644109249115,3.9209706783294678,-0.290644109249115,3.9209706783294678,3.931727886199951,3.931727886199951,-0.00037730546318925917,2.501075267791748,5.0,0.0,4.434190681301686e-09,2.0132339679790334e-06,4.434190681301686e-09,2.0132339679790334e-06,1.894541893143753e-06,1.894541893143753e-06,5.168399389021694e-11,1.9125752079851566e-06,0.0,0.0
725,0.0145,0,5.0,1.655103733355645e-05,4.999992370605469,16.732418060302734,104.71975708007812,1.9999999494757503e-05,False,False,-0.30139038669537394,3.973505105432464,-0.30139038669537394,3.973505105432464,3.9849189437289994,3.9849189437289994,-0.0003851196584795238,2.501077372277399,5.0,0.0,-0.3013903796672821,3.973508834838867,-0.3013903796672821,3.973508834838867,3.9849226474761963,3.9849226474761963,-0.00038511966704390943,2.5010812282562256,5.0,0.0,7.028091830729721e-09,3.7294064032522556e-06,7.028091830729721e-09,3.7294064032522556e-06,3.7037471969370017e-06,3.7037471969370017e-06,8.56438563730938e-12,3.8559788264613815e-06,0.0,0.0
750,0.015000000000000001,0,5.0,1.6491274436702952e-05,4.999993324279785,17.329322814941406,104.71975708007812,1.9999999494757503e-05,False,False,-0.3121346858585287,4.026033089981973,-0.3121346858585287,4.026033089981973,4.038114721469141,4.038114721469141,-0.00039290278348539656,2.501080715334758,5.0,0.0,-0.312134712934494,4.0260396003723145,-0.312134712934494,4.0260396003723145,4.038121223449707,4.038121223449707,-0.0003929027880076319,2.501087188720703,5.0,0.0,2.7075965303158256e-08,6.510390341496475e-06,2.7075965303158256e-08,6.510390341496475e-06,6.501980566397947e-06,6.501980566397947e-06,4.522235342273306e-12,6.473385945060528e-06,0.0,0.0
775,0.015500000000000002,0,5.0,1.6442168998764828e-05,4.999994277954102,17.926116943359375,104.71975708007812,1.9999999494757503e-05,False,False,-0.32287699790381585,4.078550819020168,-0.32287699790381585,4.078550819020168,4.091311078261523,4.091311078261523,-0.00040066044841084345,2.5010835371627436,5.0,0.0,-0.32287701964378357,4.078555107116699,-0.32287701964378357,4.078555107116699,4.091315269470215,4.091315269470215,-0.0004006604722235352,2.5010874271392822,5.0,0.0,2.173996771492881e-08,4.288096531190888e-06,2.173996771492881e-08,4.288096531190888e-06,4.1912086921058744e-06,4.1912086921058744e-06,2.3812691727319313e-11,3.88997653866241e-06,0.0,0.0
800,0.016,0,5.0,1.6401723769376986e-05,4.999995231628418,18.522804260253906,104.71975708007812,1.9999999494757503e-05,False,False,-0.33361739144586916,4.131058753959872,-0.33361739144586916,4.131058753959872,4.144508051933744,4.144508051933744,-0.00040839716879271945,2.5010859635753397,5.0,0.0,-0.3336173892021179,4.131060600280762,-0.3336173892021179,4.131060600280762,4.144509792327881,4.144509792327881,-0.00040839717257767916,2.5010874271392822,5.0,0.0,2.243751240360581e-09,1.8463208899532901e-06,2.243751240360581e-09,1.8463208899532901e-06,1.7403941372506893e-06,1.7403941372506893e-06,3.784959704596774e-12,1.4635639424831481e-06,0.0,0.0
825,0.0165,0,5.0,1.6368310753023252e-05,4.999995708465576,19.119380950927734,104.71975708007812,1.9999999494757503e-05,False,False,-0.34435576505921633,4.183557475239205,-0.34435576505921633,4.183557475239205,4.197705806933038,4.197705806933038,-0.00041611661324117915,2.501088102413114,5.0,0.0,-0.3443557620048523,4.183557033538818,-0.3443557620048523,4.183557033538818,4.197705268859863,4.197705268859863,-0.0004161165561527014,2.5010874271392822,5.0,0.0,3.054364039467572e-09,4.4170038648871923e-07,3.054364039467572e-09,4.4170038648871923e-07,5.380731744608624e-07,5.380731744608624e-07,5.708847777103829e-11,6.752738319626417e-07,0.0,0.0
850,0.017,0,5.0,1.6340614820364863e-05,4.999996185302734,19.715850830078125,104.71975708007812,1.9999999494757503e-05,False,False,-0.3550922181161426,4.23604657302875,-0.3550922181161426,4.23604657302875,4.250903557155262,4.250903557155262,-0.000423821762060598,2.5010900165830545,5.0,0.0,-0.35509222745895386,4.236043930053711,-0.35509222745895386,4.236043930053711,4.250900745391846,4.250900745391846,-0.0004238217370584607,2.5010874271392822,5.0,0.0,9.342811246870752e-09,2.642975038824602e-06,9.342811246870752e-09,2.642975038824602e-06,2.8117634158775218e-06,2.8117634158775218e-06,2.5002137296267768e-11,2.5894437722939756e-06,0.0,0.0
875,0.0175,0,5.0,1.631755912967492e-05,4.999996662139893,20.312211990356445,104.71975708007812,1.9999999494757503e-05,False,False,-0.36582671629489383,4.288525969297479,-0.36582671629489383,4.288525969297479,4.3041008556600975,4.3041008556600975,-0.00043151503618263457,2.501091795952292,5.0,0.0,-0.36582672595977783,4.288521766662598,-0.36582672595977783,4.288521766662598,4.304096698760986,4.304096698760986,-0.00043151501449756324,2.5010874271392822,5.0,0.0,9.664884004223495e-09,4.2026348809898195e-06,9.664884004223495e-09,4.2026348809898195e-06,4.156899111151802e-06,4.156899111151802e-06,2.1685071327579714e-11,4.3688130095809186e-06,0.0,0.0
900,0.018000000000000002,0,5.0,1.629827602300793e-05,4.999996662139893,20.908464431762695,104.71975708007812,1.9999999494757503e-05,False,False,-0.3765592237341225,4.340996400461666,-0.3765592237341225,4.340996400461666,4.357298084570344,4.357298084570344,-0.00043919840244499597,2.5010933686271266,5.0,0.0,-0.37655922770500183,4.3409905433654785,-0.37655922770500183,4.3409905433654785,4.357292175292969,4.357292175292969,-0.00043919833842664957,2.5010874271392822,5.0,0.0,3.97087934755902e-09,5.8570961876114325e-06,3.97087934755902e-09,5.8570961876114325e-06,5.90927737498248e-06,5.90927737498248e-06,6.401834639659099e-11,5.941487844385307e-06,0.0,0.0
925,0.018500000000000003,0,5.0,1.628205609449651e-05,4.999996662139893,21.504610061645508,104.71975708007812,1.9999999494757503e-05,False,False,-0.3872898085558735,4.393457432660137,-0.3872898085558735,4.393457432660137,4.410494485702011,4.410494485702011,-0.0004468734586097834,2.5010949413019614,5.0,0.0,-0.387289822101593,4.393449783325195,-0.387289822101593,4.393449783325195,4.410486698150635,4.410486698150635,-0.0004468733968678862,2.5010874271392822,5.0,0.0,1.3545719490526409e-08,7.649334941461916e-06,1.3545719490526409e-08,7.649334941461916e-06,7.787551376203794e-06,7.787551376203794e-06,6.174189723937365e-11,7.514162679189695e-06,0.0,0.0
950,0.019000000000000003,0,5.0,1.6268326362478547e-05,4.999997138977051,22.100645065307617,104.71975708007812,1.9999999494757503e-05,False,False,-0.39801844005870485,4.445907751069052,-0.39801844005870485,4.445907751069052,4.463688431067142,4.463688431067142,-0.0004545415028522762,2.501096343229238,5.0,0.0,-0.3980184495449066,4.44589900970459,-0.3980184495449066,4.44589900970459,4.463679790496826,4.463679790496826,-0.00045454141218215227,2.5010874271392822,5.0,0.0,9.486201768549307e-09,8.741364462494516e-06,9.486201768549307e-09,8.741364462494516e-06,8.640570316131857e-06,8.640570316131857e-06,9.067012391545878e-11,8.916089955679496e-06,0.0,0.0
975,0.0195,0,5.0,1.6256617527687922e-05,4.999997138977051,22.69657325744629,104.71975708007812,1.9999999494757503e-05,False,False,-0.40874511205136477,4.498349424884951,-0.40874511205136477,4.498349424884951,4.516881680428286,4.516881680428286,-0.00046220358950279847,2.501097691236233,5.0,0.0,-0.4087451100349426,4.4983391761779785,-0.4087451100349426,4.4983391761779785,4.516871452331543,4.516871452331543,-0.0004622034612111747,2.5010874271392822,5.0,0.0,2.0164221403717875e-09,1.0248706972859623e-05,2.0164221403717875e-09,1.0248706972859623e-05,1.022809674289249e-05,1.022809674289249e-05,1.2829162374366349e-10,1.0264096950596269e-05,0.0,0.0
1000,0.02,0,5.0,1.62465512403287e-05,4.999997138977051,23.29239273071289,104.71975708007812,1.9999999494757503e-05,False,False,-0.41946982711612,4.5507815318037,-0.41946982711612,4.5507815318037,4.570073028526618,4.570073028526618,-0.00046986057515545896,2.5010990392432277,5.0,0.0,-0.41946980357170105,4.550769805908203,-0.41946980357170105,4.550769805908203,4.570061206817627,4.570061206817627,-0.0004698604461736977,2.5010874271392822,5.0,0.0,2.3544418970011805e-08,1.1725895497249894e-05,2.3544418970011805e-08,1.1725895497249894e-05,1.1821708991277546e-05,1.1821708991277546e-05,1.2898176125243632e-10,1.1612103945513041e-05,0.0,0.0
1025,0.0205,0,5.0,1.623782009119168e-05,4.999997138977051,23.888103485107422,104.71975708007812,1.9999999494757503e-05,False,False,-0.4301925852540983,4.6032040718041705,-0.4301925852540983,4.6032040718041705,4.62326220185294,4.62326220185294,-0.000477513155897958,2.5011003872502227,5.0,0.0,-0.43019258975982666,4.603190898895264,-0.43019258975982666,4.603190898895264,4.623249053955078,4.623249053955078,-0.00047751300735399127,2.5010874271392822,5.0,0.0,4.505728345982618e-09,1.3172908906788905e-05,4.505728345982618e-09,1.3172908906788905e-05,1.3147897861998104e-05,1.3147897861998104e-05,1.4854396673206344e-10,1.2960110940429814e-05,0.0,0.0
1050,0.021,0,5.0,1.623017124074977e-05,4.999997138977051,24.483707427978516,104.71975708007812,1.9999999494757503e-05,False,False,-0.44091342076683454,4.655617212710471,-0.44091342076683454,4.655617212710471,4.676449109730408,4.676449109730408,-0.00048516189713657235,2.5011017352572176,5.0,0.0,-0.4409134089946747,4.65560245513916,-0.4409134089946747,4.65560245513916,4.676434516906738,4.676434516906738,-0.00048516178503632545,2.5010874271392822,5.0,0.0,1.1772159858036702e-08,1.4757571310752837e-05,1.1772159858036702e-08,1.4757571310752837e-05,1.459282366944592e-05,1.459282366944592e-05,1.1210024689111212e-10,1.4308117935346587e-05,0.0,0.0
1075,0.021500000000000002,0,5.0,1.6223406419157982e-05,4.999997138977051,25.079200744628906,104.71975708007812,1.9999999494757503e-05,False,False,-0.4516322650500273,4.708020618823344,-0.4516322650500273,4.708020618823344,4.72963316231819,4.72963316231819,-0.0004928072582446182,2.5011030832642125,5.0,0.0,-0.4516322910785675,4.708004951477051,-0.4516322910785675,4.708004951477051,4.729617595672607,4.729617595672607,-0.0004928071284666657,2.5010874271392822,5.0,0.0,2.602854021205303e-08,1.5667346293213313e-05,2.602854021205303e-08,1.5667346293213313e-05,1.5566645582332228e-05,1.5566645582332228e-05,1.2977795249037583e-10,1.565612493026336e-05,0.0,0.0
1100,0.022000000000000002,0,5.0,1.6217354641412385e-05,4.999997138977051,25.67458724975586,104.71975708007812,1.9999999494757503e-05,False,False,-0.4623491867058004,4.760414625814009,-0.4623491867058004,4.760414625814009,4.782814462229478,4.782814462229478,-0.0005004496124457745,2.5011044312712074,5.0,0.0,-0.46234917640686035,4.760397434234619,-0.46234917640686035,4.760397434234619,4.782797336578369,4.782797336578369,-0.0005004494450986385,2.5010874271392822,5.0,0.0,1.0298940034125792e-08,1.7191579390285483e-05,1.0298940034125792e-08,1.7191579390285483e-05,1.7125651108784723e-05,1.7125651108784723e-05,1.6734713593168082e-10,1.7004131925180133e-05,0.0,0.0
1125,0.022500000000000003,0,5.0,1.6211886759265326e-05,4.999997138977051,26.269865036010742,104.71975708007812,1.9999999494757503e-05,False,False,-0.47306415143778896,4.812799065829963,-0.47306415143778896,4.812799065829963,4.8359926115978835,4.8359926115978835,-0.000508089263063556,2.5011057792782023,5.0,0.0,-0.4730641543865204,4.812780380249023,-0.4730641543865204,4.812780380249023,4.835974216461182,4.835974216461182,-0.0005080890841782093,2.5010874271392822,5.0,0.0,2.9487314257004016e-09,1.868558093942596e-05,2.9487314257004016e-09,1.868558093942596e-05,1.8395136701876424e-05,1.8395136701876424e-05,1.7888534674815465e-10,1.8352138920096905e-05,0.0,0.0
1150,0.023000000000000003,0,5.0,1.6206889995373785e-05,4.999997615814209,26.865036010742188,104.71975708007812,1.9999999494757503e-05,False,False,-0.4837772396291819,4.865173100639195,-0.4837772396291819,4.865173100639195,4.889166566682549,4.889166566682549,-0.0005157264565826009,2.501106929577508,5.0,0.0,-0.4837772250175476,4.8651533126831055,-0.4837772250175476,4.8651533126831055,4.88914680480957,4.88914680480957,-0.0005157263367436826,2.5010874271392822,5.0,0.0,1.4611634291394893e-08,1.9787956089700742e-05,1.4611634291394893e-08,1.9787956089700742e-05,1.9761872978918404e-05,1.9761872978918404e-05,1.1983891830269489e-10,1.950243822568254e-05,0.0,0.0
1175,0.023500000000000004,0,5.0,1.6202277038246393e-05,4.999997615814209,27.46009635925293,104.71975708007812,1.9999999494757503e-05,False,False,-0.49448829151996293,4.917538182011391,-0.49448829151996293,4.917538182011391,4.942337548366181,4.942337548366181,-0.0005233613929331465,2.501108052916674,5.0,0.0,-0.49448826909065247,4.91751766204834,-0.49448826909065247,4.91751766204834,4.942317008972168,4.942317008972168,-0.0005233612027950585,2.5010874271392822,5.0,0.0,2.2429310464477936e-08,2.0519963051413015e-05,2.2429310464477936e-08,2.0519963051413015e-05,2.0539394013141532e-05,2.0539394013141532e-05,1.9013808799997478e-10,2.0625777391813926e-05,0.0,0.0
1200,0.024,0,5.0,1.619797694729641e-05,4.999997615814209,28.055049896240234,104.71975708007812,1.9999999494757503e-05,False,False,-0.5051974207911382,4.969893864227986,-0.5051974207911382,4.969893864227986,4.995504924996571,4.995504924996571,-0.000530994235055593,2.50110917625584,5.0,0.0,-0.5051974058151245,4.969871997833252,-0.5051974058151245,4.969871997833252,4.9954833984375,4.9954833984375,-0.0005309941479936242,2.5010874271392822,5.0,0.0,1.497601365141321e-08,2.1866394734004757e-05,1.497601365141321e-08,2.1866394734004757e-05,2.1526559071283202e-05,2.1526559071283202e-05,8.706196874541661e-11,2.1749116557945314e-05,0.0,0.0
1225,0.0245,0,5.0,1.619392969587352e-05,4.999997615814209,28.6498966217041,104.71975708007812,1.9999999494757503e-05,False,False,-0.515904627439298,5.022240147283416,-0.515904627439298,5.022240147283416,5.048668505814046,5.048668505814046,-0.0005386251152425999,2.5011102995950063,5.0,0.0,-0.5159046649932861,5.022217273712158,-0.5159046649932861,5.022217273712158,5.048645973205566,5.048645973205566,-0.0005386249395087361,2.5010874271392822,5.0,0.0,3.755398814142552e-08,2.2873571257520098e-05,3.755398814142552e-08,2.2873571257520098e-05,2.2532608479508554e-05,2.2532608479508554e-05,1.7573386376732586e-10,2.28724557240767e-05,0.0,0.0
1250,0.025,0,5.0,1.6190089809242636e-05,4.999997615814209,29.244632720947266,104.71975708007812,1.9999999494757503e-05,False,False,-0.5266098428536236,5.074576695488776,-0.5266098428536236,5.074576695488776,5.101827767083882,5.101827767083882,-0.0005462541409326726,2.5011114229341724,5.0,0.0,-0.5266098380088806,5.074552536010742,-0.5266098380088806,5.074552536010742,5.101803779602051,5.101803779602051,-0.0005462539265863597,2.5010874271392822,5.0,0.0,4.844742940157687e-09,2.4159478034135873e-05,4.844742940157687e-09,2.4159478034135873e-05,2.3987481831078128e-05,2.3987481831078128e-05,2.1434631283442918e-10,2.399579489020809e-05,0.0,0.0
1275,0.025500000000000002,0,5.0,1.6186415450647473e-05,4.999997615814209,29.839262008666992,104.71975708007812,1.9999999494757503e-05,False,False,-0.5373131356424051,5.126903844524554,-0.5373131356424051,5.126903844524554,5.154982874533584,5.154982874533584,-0.0005538813995438671,2.5011125462733386,5.0,0.0,-0.5373131632804871,5.12687873840332,-0.5373131632804871,5.12687873840332,5.1549577713012695,5.1549577713012695,-0.0005538812256418169,2.5010874271392822,5.0,0.0,2.763808193417816e-08,2.5106121233520184e-05,2.763808193417816e-08,2.5106121233520184e-05,2.51032323141942e-05,2.51032323141942e-05,1.739020502036434e-10,2.5119134056339476e-05,0.0,0.0
1300,0.026000000000000002,0,5.0,1.618287933524698e-05,4.999997615814209,30.43378257751465,104.71975708007812,1.9999999494757503e-05,False,False,-0.5480144715071963,5.179221426545842,-0.5480144715071963,5.179221426545842,5.208133489665262,5.208133489665262,-0.0005615069620390767,2.5011136696125047,5.0,0.0,-0.5480144619941711,5.179195404052734,-0.5480144619941711,5.179195404052734,5.2081074714660645,5.2081074714660645,-0.0005615068366751075,2.5010874271392822,5.0,0.0,9.51302514540231e-09,2.6022493107902278e-05,9.51302514540231e-09,2.6022493107902278e-05,2.601819919778592e-05,2.601819919778592e-05,1.2536396920559412e-10,2.6242473222470863e-05,0.0,0.0
1325,0.026500000000000003,0,5.0,1.6179454178200103e-05,4.999997615814209,31.028196334838867,104.71975708007812,1.9999999494757503e-05,False,False,-0.5587138847518054,5.231529609392112,-0.5587138847518054,5.231529609392112,5.261279621818331,5.261279621818331,-0.0005691308861827817,2.501114792951671,5.0,0.0,-0.5587139129638672,5.231502532958984,-0.5587139129638672,5.231502532958984,5.2612528800964355,5.2612528800964355,-0.0005691308178938925,2.5010874271392822,5.0,0.0,2.8212061797816546e-08,2.7076433127604105e-05,2.8212061797816546e-08,2.7076433127604105e-05,2.6741721895540138e-05,2.6741721895540138e-05,6.828888919185178e-11,2.736581238860225e-05,0.0,0.0
1350,0.027000000000000003,0,5.0,1.6176118151634e-05,4.999997615814209,31.622501373291016,104.71975708007812,1.9999999494757503e-05,False,False,-0.5694113410661255,5.283828225218661,-0.5694113410661255,5.283828225218661,5.314420945780651,5.314420945780651,-0.0005767532189407616,2.501115916290837,5.0,0.0,-0.5694113373756409,5.283799648284912,-0.5694113373756409,5.283799648284912,5.314392566680908,5.314392566680908,-0.0005767532275058329,2.5010874271392822,5.0,0.0,3.6904845845953105e-09,2.8576933749135947e-05,3.6904845845953105e-09,2.8576933749135947e-05,2.8379099743069958e-05,2.8379099743069958e-05,8.56507128676326e-12,2.8489151554733638e-05,0.0,0.0
1375,0.027500000000000004,0,5.0,1.617285488464404e-05,4.999997615814209,32.216697692871094,104.71975708007812,1.9999999494757503e-05,False,False,-0.5801068404513705,5.336117274023726,-0.5801068404513705,5.336117274023726,5.367557313012398,5.367557313012398,-0.00058437399853699,2.501117039630003,5.0,0.0,-0.5801068544387817,5.336087703704834,-0.5801068544387817,5.336087703704834,5.367527961730957,5.367527961730957,-0.0005843739490956068,2.5010874271392822,5.0,0.0,1.3987411229265945e-08,2.9570318892169212e-05,1.3987411229265945e-08,2.9570318892169212e-05,2.9351281440881394e-05,2.9351281440881394e-05,4.9441383170693853e-11,2.9612490720865026e-05,0.0,0.0
1400,0.028,0,5.0,1.6169651644304395e-05,4.999997615814209,32.810787200927734,104.71975708007812,1.9999999494757503e-05,False,False,-0.5908004172175408,5.388396923648279,-0.5908004172175408,5.388396923648279,5.42068875141957,5.42068875141957,-0.0005919932560305883,2.5011181629691692,5.0,0.0,-0.590800404548645,5.388366222381592,-0.590800404548645,5.388366222381592,5.420658111572266,5.420658111572266,-0.000591993157286197,2.5010874271392822,5.0,0.0,1.2668895821299486e-08,3.0701266687138684e-05,1.2668895821299486e-08,3.0701266687138684e-05,3.063984730466984e-05,3.063984730466984e-05,9.874439135283686e-11,3.073582988699641e-05,0.0,0.0
1425,0.0285,0,5.0,1.6166497516678646e-05,4.999997615814209,33.40476608276367,104.71975708007812,1.9999999494757503e-05,False,False,-0.6014920027499132,5.440666838406394,-0.6014920027499132,5.440666838406394,5.473814782754997,5.473814782754997,-0.0005996110168242151,2.5011192863083354,5.0,0.0,-0.6014919877052307,5.440634727478027,-0.6014919877052307,5.440634727478027,5.473783016204834,5.473783016204834,-0.0005996109102852643,2.5010874271392822,5.0,0.0,1.5044682499798512e-08,3.2110928366968494e-05,1.5044682499798512e-08,3.2110928366968494e-05,3.176655016279284e-05,3.176655016279284e-05,1.0653895083853615e-10,3.18591690531278e-05,0.0,0.0
1450,0.029,0,5.0,1.6163383406819776e-05,4.999997615814209,33.99863815307617,104.71975708007812,1.9999999494757503e-05,False,False,-0.6121816656640857,5.492927353981706,-0.6121816656640857,5.492927353981706,5.5269356164058685,5.5269356164058685,-0.0006072273016239512,2.5011204096475015,5.0,0.0,-0.6121817231178284,5.492894172668457,-0.6121817231178284,5.492894172668457,5.526902675628662,5.526902675628662,-0.0006072272080928087,2.5010874271392822,5.0,0.0,5.745374265231362e-08,3.3181313249031064e-05,5.745374265231362e-08,3.3181313249031064e-05,3.294077720639166e-05,3.294077720639166e-05,9.353114246643535e-11,3.298250821925919e-05,0.0,0.0
1475,0.029500000000000002,0,5.0,1.616030203877017e-05,4.999997615814209,34.592403411865234,104.71975708007812,1.9999999494757503e-05,False,False,-0.6228694059602359,5.5451784703733535,-0.6228694059602359,5.5451784703733535,5.580051125677382,5.580051125677382,-0.0006148421270563682,2.5011215329866676,5.0,0.0,-0.6228693723678589,5.545144081115723,-0.6228693723678589,5.545144081115723,5.58001708984375,5.58001708984375,-0.0006148420507088304,2.5010874271392822,5.0,0.0,3.359237699118722e-08,3.438925763088463e-05,3.359237699118722e-08,3.438925763088463e-05,3.403583363237317e-05,3.403583363237317e-05,7.634753788378357e-11,3.4105847385390575e-05,0.0,0.0
1500,0.030000000000000002,0,5.0,1.615724431758281e-05,4.999997615814209,35.18606185913086,104.71975708007812,1.9999999494757503e-05,False,False,-0.6335552236314469,5.597420187580086,-0.6335552236314469,5.597420187580086,5.633161188686135,5.633161188686135,-0.0006224555067655396,2.5011226563258337,5.0,0.0,-0.6335552334785461,5.597384929656982,-0.6335552334785461,5.597384929656982,5.633126258850098,5.633126258850098,-0.0006224554381333292,2.5010874271392822,5.0,0.0,9.847099247117796e-09,3.525792310377085e-05,9.847099247117796e-09,3.525792310377085e-05,3.4929836036923234e-05,3.4929836036923234e-05,6.863221048338669e-11,3.522918655152196e-05,0.0,0.0
1525,0.030500000000000003,0,5.0,1.6154210243257694e-05,4.999997615814209,35.77960968017578,104.71975708007812,1.9999999494757503e-05,False,False,-0.6442390500736477,5.6496521699174185,-0.6442390500736477,5.6496521699174185,5.686265346841668,5.686265346841668,-0.0006300674521329529,2.501123779665,5.0,0.0,-0.644239068031311,5.64961576461792,-0.644239068031311,5.64961576461792,5.686229228973389,5.686229228973389,-0.0006300673703663051,2.5010874271392822,5.0,0.0,1.7957663356327203e-08,3.64052994985542e-05,1.7957663356327203e-08,3.64052994985542e-05,3.611786827928398e-05,3.611786827928398e-05,8.176664781454207e-11,3.635252571765335e-05,0.0,0.0
1550,0.031000000000000003,0,5.0,1.6151194358826615e-05,4.999997615814209,36.373050689697266,104.71975708007812,1.9999999494757503e-05,False,False,-0.654920953898936,5.701874753069298,-0.654920953898936,5.701874753069298,5.7393638284695765,5.7393638284695765,-0.0006376779721403851,2.501124903004166,5.0,0.0,-0.6549209952354431,5.701837539672852,-0.6549209952354431,5.701837539672852,5.7393269538879395,5.7393269538879395,-0.0006376779056154191,2.5010874271392822,5.0,0.0,4.133650710613779e-08,3.7213396446134084e-05,4.133650710613779e-08,3.7213396446134084e-05,3.6874581637036385e-05,3.6874581637036385e-05,6.652496598296559e-11,3.747586488378474e-05,0.0,0.0
1575,0.0315,0,5.0,1.614819120732136e-05,4.999997615814209,36.96638488769531,104.71975708007812,1.9999999494757503e-05,False,False,-0.6656009351024142,5.754087937034916,-0.6656009351024142,5.754087937034916,5.792456524820876,5.792456524820876,-0.0006452870742269415,2.501126026343332,5.0,0.0,-0.6656009554862976,5.754049301147461,-0.6656009554862976,5.754049301147461,5.792418003082275,5.792418003082275,-0.0006452870438806713,2.5010874271392822,5.0,0.0,2.0383883359009758e-08,3.863588745467439e-05,2.0383883359009758e-08,3.863588745467439e-05,3.85217386007497e-05,3.85217386007497e-05,3.034627020156999e-11,3.8599204049916125e-05,0.0,0.0
1600,0.032,0,5.0,1.614520078874193e-05,4.999997615814209,37.559608459472656,104.71975708007812,1.9999999494757503e-05,False,False,-0.6762789250748694,5.806291386129693,-0.6762789250748694,5.806291386129693,5.845542989761028,5.845542989761028,-0.0006528947646318715,2.5011271496824983,5.0,0.0,-0.6762789487838745,5.806251525878906,-0.6762789487838745,5.806251525878906,5.845503330230713,5.845503330230713,-0.0006528947851620615,2.5010874271392822,5.0,0.0,2.3709005092520385e-08,3.986025078717148e-05,2.3709005092520385e-08,3.986025078717148e-05,3.9659530314928304e-05,3.9659530314928304e-05,2.053018996125977e-11,3.972254321604751e-05,0.0,0.0
1625,0.0325,0,5.0,1.614221946510952e-05,4.999997615814209,38.15272521972656,104.71975708007812,1.9999999494757503e-05,False,False,-0.6869549924285346,5.858485436037771,-0.6869549924285346,5.858485436037771,5.89862346364719,5.89862346364719,-0.0006605010483602873,2.5011282730216644,5.0,0.0,-0.6869550943374634,5.858444690704346,-0.6869550943374634,5.858444690704346,5.898582935333252,5.898582935333252,-0.0006605010712519288,2.5010874271392822,5.0,0.0,1.0190892874017976e-07,4.0745333425462604e-05,1.0190892874017976e-07,4.0745333425462604e-05,4.0528313937748806e-05,4.0528313937748806e-05,2.2891641490371817e-11,4.08458823821789e-05,0.0,0.0
1650,0.033,0,5.0,1.6139245417434722e-05,4.999997615814209,38.74573516845703,104.71975708007812,1.9999999494757503e-05,False,False,-0.6976291371633084,5.910670086758893,-0.6976291371633084,5.910670086758893,5.951697849145704,5.951697849145704,-0.0006681059294231351,2.5011293963608305,5.0,0.0,-0.6976291537284851,5.910628318786621,-0.6976291537284851,5.910628318786621,5.951656341552734,5.951656341552734,-0.0006681059021502733,2.5010874271392822,5.0,0.0,1.6565176674809834e-08,4.17679722719555e-05,1.6565176674809834e-08,4.17679722719555e-05,4.150759296983608e-05,4.150759296983608e-05,2.7272861811804272e-11,4.196922154831029e-05,0.0,0.0
1675,0.0335,0,5.0,1.613627864571754e-05,4.999997615814209,39.33863830566406,104.71975708007812,1.9999999494757503e-05,False,False,-0.7083013592826194,5.962845338293125,-0.7083013592826194,5.962845338293125,6.004766052392521,6.004766052392521,-0.0006757094112485741,2.5011305196999967,5.0,0.0,-0.7083014249801636,5.962801933288574,-0.7083014249801636,5.962801933288574,6.004723072052002,6.004723072052002,-0.0006757093360647559,2.5010874271392822,5.0,0.0,6.569754418261908e-08,4.3405004550578496e-05,6.569754418261908e-08,4.3405004550578496e-05,4.298034051863908e-05,4.298034051863908e-05,7.518381815556363e-11,4.3092560714441674e-05,0.0,0.0
1700,0.034,0,5.0,1.6133317330968566e-05,4.999997615814209,39.93143081665039,104.71975708007812,1.9999999494757503e-05,False,False,-0.7189715901697821,6.015010854955493,-0.7189715901697821,6.015010854955493,6.05782764138298,6.05782764138298,-0.0006833114967162578,2.501131643039163,5.0,0.0,-0.7189716100692749,6.01496696472168,-0.7189716100692749,6.01496696472168,6.057784080505371,6.057784080505371,-0.0006833113729953766,2.5010874271392822,5.0,0.0,1.9899492831321197e-08,4.389023381357049e-05,1.9899492831321197e-08,4.389023381357049e-05,4.356087760903904e-05,4.356087760903904e-05,1.2372088119619318e-10,4.421589988057306e-05,0.0,0.0
1725,0.0345,0,5.0,1.6130361473187804e-05,4.999997615814209,40.52411651611328,104.71975708007812,1.9999999494757503e-05,False,False,-0.7296398984426148,6.067166972430742,-0.7296398984426148,6.067166972430742,6.110882870154997,6.110882870154997,-0.000690912188191616,2.501132766378329,5.0,0.0,-0.7296398878097534,6.067121505737305,-0.7296398878097534,6.067121505737305,6.110837936401367,6.110837936401367,-0.0006909120129421353,2.5010874271392822,5.0,0.0,1.063286136915309e-08,4.5466693437745676e-05,1.063286136915309e-08,4.5466693437745676e-05,4.493375362990548e-05,4.493375362990548e-05,1.7524948061741624e-10,4.533923904670445e-05,0.0,0.0
1750,0.035,0,5.0,1.612740925338585e-05,4.999997615814209,41.116695404052734,104.71975708007812,1.9999999494757503e-05,False,False,-0.7403062840987535,6.119313690718562,-0.7403062840987535,6.119313690718562,6.1639316543657205,6.1639316543657205,-0.0006985114874230097,2.501133889717495,5.0,0.0,-0.7403063178062439,6.119267463684082,-0.7403063178062439,6.119267463684082,6.163885593414307,6.163885593414307,-0.0006985113141126931,2.5010874271392822,5.0,0.0,3.370749035447318e-08,4.6227034480317286e-05,3.370749035447318e-08,4.6227034480317286e-05,4.606095141390654e-05,4.606095141390654e-05,1.7331031661876883e-10,4.646257821283584e-05,0.0,0.0
1775,0.035500000000000004,0,5.0,1.6124458852573298e-05,4.999997615814209,41.70916748046875,104.71975708007812,1.9999999494757503e-05,False,False,-0.750970747135903,6.171451009818626,-0.750970747135903,6.171451009818626,6.21697391257557,6.21697391257557,-0.0007061093962273634,2.501135013056661,5.0,0.0,-0.750970721244812,6.171403408050537,-0.750970721244812,6.171403408050537,6.216926574707031,6.216926574707031,-0.0007061092182993889,2.5010874271392822,5.0,0.0,2.5891090937868455e-08,4.760176808904504e-05,2.5891090937868455e-08,4.760176808904504e-05,4.7337868538832595e-05,4.7337868538832595e-05,1.779279745458065e-10,4.7585917378967224e-05,0.0,0.0
1800,0.036000000000000004,0,5.0,1.6121512089739554e-05,4.999997615814209,42.30152893066406,104.71975708007812,1.9999999494757503e-05,False,False,-0.761633218943957,6.223578594046632,-0.761633218943957,6.223578594046632,6.270009224592448,6.270009224592448,-0.0007137059158388142,2.5011361363958273,5.0,0.0,-0.7616332173347473,6.223529815673828,-0.7616332173347473,6.223529815673828,6.269960880279541,6.269960880279541,-0.0007137057255022228,2.5010874271392822,5.0,0.0,1.6092096544184642e-09,4.877837280403696e-05,1.6092096544184642e-09,4.877837280403696e-05,4.834431290667851e-05,4.834431290667851e-05,1.9033659143154885e-10,4.870925654509861e-05,0.0,0.0
1825,0.036500000000000005,0,5.0,1.6118567145895213e-05,4.999997615814209,42.89378356933594,104.71975708007812,1.9999999494757503e-05,False,False,-0.7722937681354557,6.275696779086933,-0.7722937681354557,6.275696779086933,6.323037855915696,6.323037855915696,-0.0007213010474572181,2.5011372597349935,5.0,0.0,-0.772293746471405,6.275647163391113,-0.772293746471405,6.275647163391113,6.322988510131836,6.322988510131836,-0.0007213008357211947,2.5010874271392822,5.0,0.0,2.166405066450494e-08,4.961569581940495e-05,2.166405066450494e-08,4.961569581940495e-05,4.934578385995536e-05,4.934578385995536e-05,2.1173602335420455e-10,4.983259571123e-05,0.0,0.0
1850,0.037000000000000005,0,5.0,1.6115624021040276e-05,4.999997615814209,43.485931396484375,104.71975708007812,1.9999999494757503e-05,False,False,-0.782952394711462,6.327805564939547,-0.782952394711462,6.327805564939547,6.376059733100398,6.376059733100398,-0.0007288947921453039,2.5011383830741596,5.0,0.0,-0.7829523682594299,6.327754497528076,-0.7829523682594299,6.327754497528076,6.376008987426758,6.376008987426758,-0.0007288945489563048,2.5010874271392822,5.0,0.0,2.6452032120261038e-08,5.106741147109517e-05,2.6452032120261038e-08,5.106741147109517e-05,5.0745673640051336e-05,5.0745673640051336e-05,2.431889991032915e-10,5.0955934877361386e-05,0.0,0.0
1875,0.037500000000000006,0,5.0,1.6112682715174742e-05,4.999997615814209,44.077972412109375,104.71975708007812,1.9999999494757503e-05,False,False,-0.7936090986727299,6.379904951604495,-0.7936090986727299,6.379904951604495,6.42907478514628,6.42907478514628,-0.000736487150657267,2.5011395064133257,5.0,0.0,-0.793609082698822,6.379852771759033,-0.793609082698822,6.379852771759033,6.429022789001465,6.429022789001465,-0.0007364869234152138,2.5010874271392822,5.0,0.0,1.5973907863120473e-08,5.2179845461353125e-05,1.5973907863120473e-08,5.2179845461353125e-05,5.199614481554704e-05,5.199614481554704e-05,2.272420531910721e-10,5.2079274043492774e-05,0.0,0.0
1900,0.038000000000000006,0,5.0,1.6109743228298612e-05,4.999997615814209,44.66990280151367,104.71975708007812,1.9999999494757503e-05,False,False,-0.804263811404561,6.431994603397107,-0.804263811404561,6.431994603397107,6.482082601792768,6.482082601792768,-0.0007440781237473025,2.501140629752492,5.0,0.0,-0.8042638897895813,6.431941509246826,-0.8042638897895813,6.431941509246826,6.482029914855957,6.482029914855957,-0.0007440779008902609,2.5010874271392822,5.0,0.0,7.838502025236949e-08,5.3094150280763586e-05,7.838502025236949e-08,5.3094150280763586e-05,5.268693681070857e-05,5.268693681070857e-05,2.2285704152306268e-10,5.320261320962416e-05,0.0,0.0
1925,0.038500000000000006,0,5.0,1.6106803741422482e-05,4.999997615814209,45.2617301940918,104.71975708007812,1.9999999494757503e-05,False,False,-0.8149166701344,6.484075191686388,-0.8149166701344,6.484075191686388,6.535083799822755,6.535083799822755,-0.0007516677120667601,2.501141753091658,5.0,0.0,-0.8149166703224182,6.484021186828613,-0.8149166703224182,6.484021186828613,6.535030364990234,6.535030364990234,-0.0007516674813814461,2.5010874271392822,5.0,0.0,1.8801826762171459e-10,5.400485777506958e-05,1.8801826762171459e-10,5.400485777506958e-05,5.343483252051584e-05,5.343483252051584e-05,2.3068531395005476e-10,5.432595237575555e-05,0.0,0.0
1950,0.039,0,5.0,1.610386789252516e-05,4.999997615814209,45.85344696044922,104.71975708007812,1.9999999494757503e-05,False,False,-0.8255675376401828,6.536146045103764,-0.8255675376401828,6.536146045103764,6.58807763176261,6.58807763176261,-0.0007592559162327088,2.501142876430824,5.0,0.0,-0.8255675435066223,6.53609037399292,-0.8255675435066223,6.53609037399292,6.588022232055664,6.588022232055664,-0.0007592556648887694,2.5010874271392822,5.0,0.0,5.866439556356795e-09,5.567111084392451e-05,5.866439556356795e-09,5.567111084392451e-05,5.539970694634633e-05,5.539970694634633e-05,2.513439393680289e-10,5.5449291541886936e-05,0.0,0.0
1975,0.0395,0,5.0,1.6100930224638432e-05,4.999997615814209,46.4450569152832,104.71975708007812,1.9999999494757503e-05,False,False,-0.8362164825255054,6.588207499332743,-0.8362164825255054,6.588207499332743,6.641064377034116,6.641064377034116,-0.0007668427367250909,2.5011439997699902,5.0,0.0,-0.8362164497375488,6.588150978088379,-0.8362164497375488,6.588150978088379,6.641008377075195,6.641008377075195,-0.0007668425096198916,2.5010874271392822,5.0,0.0,3.278795657202238e-08,5.652124436394956e-05,3.278795657202238e-08,5.652124436394956e-05,5.599995892069387e-05,5.599995892069387e-05,2.2710519922974903e-10,5.657263070801832e-05,0.0,0.0
2000,0.04,0,5.0,1.6097996194730513e-05,4.999997615814209,47.036556243896484,104.71975708007812,1.9999999494757503e-05,False,False,-0.8468634361876977,6.640259218689855,-0.8468634361876977,6.640259218689855,6.694043633779753,6.694043633779753,-0.0007744281739895671,2.5011451231091564,5.0,0.0,-0.8468634486198425,6.640201568603516,-0.8468634486198425,6.640201568603516,6.693986415863037,6.693986415863037,-0.000774427957367152,2.5010874271392822,5.0,0.0,1.2432144869123363e-08,5.7650086339400275e-05,1.2432144869123363e-08,5.7650086339400275e-05,5.7217916715757156e-05,5.7217916715757156e-05,2.1662241510116143e-10,5.769596987414971e-05,0.0,0.0
2025,0.0405,0,5.0,1.6095062164822593e-05,4.999997615814209,47.627952575683594,104.71975708007812,1.9999999494757503e-05,False,False,-0.8575085358499199,6.692301874543686,-0.8575085358499199,6.692301874543686,6.747016027035686,6.747016027035686,-0.0007820122285060794,2.5011462464483225,5.0,0.0,-0.8575085401535034,6.6922430992126465,-0.8575085401535034,6.6922430992126465,6.746957778930664,6.746957778930664,-0.0007820120081305504,2.5010874271392822,5.0,0.0,4.3035834895732705e-09,5.877533103948451e-05,4.3035834895732705e-09,5.877533103948451e-05,5.8248105021974084e-05,5.8248105021974084e-05,2.2037552902323676e-10,5.88193090402811e-05,0.0,0.0
2050,0.041,0,5.0,1.6092128134914674e-05,4.999997615814209,48.21923828125,104.71975708007812,1.9999999494757503e-05,False,False,-0.8681516442815416,6.74433479552486,-0.8681516442815416,6.74433479552486,6.799980817002067,6.799980817002067,-0.0007895949005488808,2.5011473697874886,5.0,0.0,-0.8681517243385315,6.744274616241455,-0.8681517243385315,6.744274616241455,6.799921035766602,6.799921035766602,-0.0007895947201177478,2.5010874271392822,5.0,0.0,8.005698992619159e-08,6.0179283404515616e-05,8.005698992619159e-08,6.0179283404515616e-05,5.9781235465017346e-05,5.9781235465017346e-05,1.8043113303358588e-10,5.9942648206412485e-05,0.0,0.0
2075,0.0415,0,5.0,1.6089194105006754e-05,4.999997615814209,48.81041717529297,104.71975708007812,1.9999999494757503e-05,False,False,-0.878792830098461,6.796358317318072,-0.878792830098461,6.796358317318072,6.85293829066124,6.85293829066124,-0.000797176190563632,2.5011484931266548,5.0,0.0,-0.8787928819656372,6.796297073364258,-0.8787928819656372,6.796297073364258,6.852877616882324,6.852877616882324,-0.0007971760351210833,2.5010874271392822,5.0,0.0,5.1867176220632416e-08,6.12439538141274e-05,5.1867176220632416e-08,6.12439538141274e-05,6.067377891572079e-05,6.067377891572079e-05,1.5544254869815505e-10,6.106598737254387e-05,0.0,0.0
2100,0.042,0,5.0,1.608626189408824e-05,4.999997615814209,49.4014892578125,104.71975708007812,1.9999999494757503e-05,False,False,-0.8894320933052015,6.8483724399237556,-0.8894320933052015,6.8483724399237556,6.90588839502265,6.90588839502265,-0.0008047560989617116,2.501149616465821,5.0,0.0,-0.8894321322441101,6.848310470581055,-0.8894321322441101,6.848310470581055,6.905827045440674,6.905827045440674,-0.0008047559531405568,2.5010874271392822,5.0,0.0,3.893890865303007e-08,6.196934270086274e-05,3.893890865303007e-08,6.196934270086274e-05,6.134958197634433e-05,6.134958197634433e-05,1.4582115473883023e-10,6.218932653867526e-05,0.0,0.0
2125,0.0425,0,5.0,1.6083331502159126e-05,4.999997615814209,49.992454528808594,104.71975708007812,1.9999999494757503e-05,False,False,-0.9000694339020716,6.900377163341933,-0.9000694339020716,6.900377163341933,6.958831078724045,6.958831078724045,-0.0008123346260516544,2.501150739804987,5.0,0.0,-0.9000694155693054,6.900313854217529,-0.9000694155693054,6.900313854217529,6.958768367767334,6.958768367767334,-0.0008123345323838294,2.5010874271392822,5.0,0.0,1.8332766194006922e-08,6.330912440333236e-05,1.8332766194006922e-08,6.330912440333236e-05,6.271095671106508e-05,6.271095671106508e-05,9.366782501539495e-11,6.331266570480665e-05,0.0,0.0
2150,0.043000000000000003,0,5.0,1.6080401110230014e-05,4.999997615814209,50.58331298828125,104.71975708007812,1.9999999494757503e-05,False,False,-0.9107048518851993,6.952372487572181,-0.9107048518851993,6.952372487572181,7.011766291969367,7.011766291969367,-0.0008199117720734314,2.501151863144153,5.0,0.0,-0.9107048511505127,6.952308177947998,-0.9107048511505127,6.952308177947998,7.011702537536621,7.011702537536621,-0.00081991171464324,2.5010874271392822,5.0,0.0,7.34686644854321e-10,6.430962418324526e-05,7.34686644854321e-10,6.430962418324526e-05,6.375443274553305e-05,6.375443274553305e-05,5.743019146180195e-11,6.443600487093804e-05,0.0,0.0
2175,0.043500000000000004,0,5.0,1.60774707183009e-05,4.999997615814209,51.1740608215332,104.71975708007812,1.9999999494757503e-05,False,False,-0.9213382786394403,7.004358076929817,-0.9213382786394403,7.004358076929817,7.064693644705215,7.064693644705215,-0.000827487537335577,2.5011529864833193,5.0,0.0,-0.9213383197784424,7.0042924880981445,-0.9213383197784424,7.0042924880981445,7.064628601074219,7.064628601074219,-0.0008274874417111278,2.5010874271392822,5.0,0.0,4.1139002093792953e-08,6.558883167251395e-05,4.1139002093792953e-08,6.558883167251395e-05,6.504363099590904e-05,6.504363099590904e-05,9.56244492226685e-11,6.555934403706942e-05,0.0,0.0
2200,0.044000000000000004,0,5.0,1.607454032637179e-05,4.999997615814209,51.764705657958984,104.71975708007812,1.9999999494757503e-05,False,False,-0.9319698513960084,7.056334602784222,-0.9319698513960084,7.056334602784222,7.117613773615499,7.117613773615499,-0.0008350619221466253,2.5011541098224854,5.0,0.0,-0.9319698810577393,7.056267738342285,-0.9319698810577393,7.056267738342285,7.117547512054443,7.117547512054443,-0.0008350617717951536,2.5010874271392822,5.0,0.0,2.966173084928414e-08,6.686444193704233e-05,2.966173084928414e-08,6.686444193704233e-05,6.626156105582481e-05,6.626156105582481e-05,1.5035147172409724e-10,6.668268320320081e-05,0.0,0.0
2225,0.044500000000000005,0,5.0,1.607161175343208e-05,4.999997615814209,52.35523986816406,104.71975708007812,1.9999999494757503e-05,False,False,-0.9425994329284192,7.10830139376648,-0.9425994329284192,7.10830139376648,7.170525949718016,7.170525949718016,-0.0008426349268151109,2.5011552331616516,5.0,0.0,-0.9425994157791138,7.108233451843262,-0.9425994157791138,7.108233451843262,7.170458793640137,7.170458793640137,-0.0008426347631029785,2.5010874271392822,5.0,0.0,1.7149305420183225e-08,6.794192321812886e-05,1.7149305420183225e-08,6.794192321812886e-05,6.715607787910471e-05,6.715607787910471e-05,1.6371213239219085e-10,6.78060223693322e-05,0.0,0.0
2250,0.045000000000000005,0,5.0,1.606868318049237e-05,4.999997615814209,52.9456672668457,104.71975708007812,1.9999999494757503e-05,False,False,-0.9532270918482875,7.1602587855608375,-0.9532270918482875,7.1602587855608375,7.223430470685982,7.223430470685982,-0.0008502065516152863,2.5011563565008177,5.0,0.0,-0.953227162361145,7.160189628601074,-0.953227162361145,7.160189628601074,7.223361968994141,7.223361968994141,-0.0008502063574269414,2.5010874271392822,5.0,0.0,7.051285755288461e-08,6.915695976328351e-05,7.051285755288461e-08,6.915695976328351e-05,6.850169184158261e-05,6.850169184158261e-05,1.9418834487465453e-10,6.892936153546358e-05,0.0,0.0
2275,0.045500000000000006,0,5.0,1.6065754607552662e-05,4.999997615814209,53.535987854003906,104.71975708007812,1.9999999494757503e-05,False,False,-0.9638528281558527,7.2122067781673,-0.9638528281558527,7.2122067781673,7.276327293723557,7.276327293723557,-0.0008577767967871228,2.501157479839984,5.0,0.0,-0.9638528227806091,7.212136745452881,-0.9638528227806091,7.212136745452881,7.2762579917907715,7.2762579917907715,-0.0008577765547670424,2.5010874271392822,5.0,0.0,5.375243583571887e-09,7.003271441874404e-05,5.375243583571887e-09,7.003271441874404e-05,6.930193278531505e-05,6.930193278531505e-05,2.4202008040881406e-10,7.005270070159497e-05,0.0,0.0
2300,0.046000000000000006,0,5.0,1.6062827853602357e-05,4.999997615814209,54.126197814941406,104.71975708007812,1.9999999494757503e-05,False,False,-0.9744765732400493,7.264145035901653,-0.9744765732400493,7.264145035901653,7.329216035457565,7.329216035457565,-0.000865345662604873,2.50115860317915,5.0,0.0,-0.9744765758514404,7.264073848724365,-0.9744765758514404,7.264073848724365,7.329145431518555,7.329145431518555,-0.0008653454133309424,2.5010874271392822,5.0,0.0,2.6113911033576187e-09,7.118717728804569e-05,2.6113911033576187e-09,7.118717728804569e-05,7.060393900992779e-05,7.060393900992779e-05,2.492739305985994e-10,7.117603986772636e-05,0.0,0.0
2325,0.04650000000000001,0,5.0,1.6059901099652052e-05,4.999997615814209,54.716304779052734,104.71975708007812,1.9999999494757503e-05,False,False,-0.9850984643279443,7.316074230132822,-0.9850984643279443,7.316074230132822,7.382097339187206,7.382097339187206,-0.0008729131493427898,2.501159726518316,5.0,0.0,-0.9850984811782837,7.316001892089844,-0.9850984811782837,7.316001892089844,7.382025718688965,7.382025718688965,-0.0008729128749109805,2.5010874271392822,5.0,0.0,1.6850339346063947e-08,7.233804297790414e-05,1.6850339346063947e-08,7.233804297790414e-05,7.162049824138705e-05,7.162049824138705e-05,2.7443180930855626e-10,7.229937903385775e-05,0.0,0.0
2350,0.04700000000000001,0,5.0,1.605697616469115e-05,4.999997615814209,55.30630111694336,104.71975708007812,1.9999999494757503e-05,False,False,-0.9957183641930532,7.367993689491909,-0.9957183641930532,7.367993689491909,7.434970482065405,7.434970482065405,-0.0008804792573094073,2.501160849857482,5.0,0.0,-0.9957183599472046,7.367920398712158,-0.9957183599472046,7.367920398712158,7.4348978996276855,7.4348978996276855,-0.0008804789977148175,2.5010874271392822,5.0,0.0,4.2458485616236885e-09,7.329077975093412e-05,4.2458485616236885e-09,7.329077975093412e-05,7.258243771968154e-05,7.258243771968154e-05,2.595945897479468e-10,7.342271819998913e-05,0.0,0.0
2375,0.0475,0,5.0,1.6054049410740845e-05,4.999997615814209,55.89619445800781,104.71975708007812,1.9999999494757503e-05,False,False,-1.0063364100583654,7.419904085347344,-1.0063364100583654,7.419904085347344,7.487836109715768,7.487836109715768,-0.0008880439868132599,2.5011619731966483,5.0,0.0,-1.0063364505767822,7.419829368591309,-1.0063364505767822,7.419829368591309,7.487761974334717,7.487761974334717,-0.0008880437235347927,2.5010874271392822,5.0,0.0,4.0518416843937644e-08,7.471675603554218e-05,4.0518416843937644e-08,7.471675603554218e-05,7.413538105094375e-05,7.413538105094375e-05,2.6327846727822873e-10,7.454605736612052e-05,0.0,0.0
2400,0.048,0,5.0,1.6051124475779943e-05,4.999997615814209,56.48597717285156,104.71975708007812,1.9999999494757503e-05,False,False,-1.0169524647012684,7.471804746330718,-1.0169524647012684,7.471804746330718,7.540693501446152,7.540693501446152,-0.0008956073379229107,2.5011630965358145,5.0,0.0,-1.016952395439148,7.471729278564453,-1.016952395439148,7.471729278564453,7.540618896484375,7.540618896484375,-0.0008956070523709059,2.5010874271392822,5.0,0.0,6.92621204834154e-08,7.546776626465856e-05,6.92621204834154e-08,7.546776626465856e-05,7.460496177724707e-05,7.460496177724707e-05,2.855520047848059e-10,7.566939653225191e-05,0.0,0.0
2425,0.0485,0,5.0,1.604819954081904e-05,4.999997615814209,57.075653076171875,104.71975708007812,1.9999999494757503e-05,False,False,-1.02756659673348,7.523696008126246,-1.02756659673348,7.523696008126246,7.593542963163982,7.593542963163982,-0.0009031693110154573,2.5011642198749806,5.0,0.0,-1.02756667137146,7.523619174957275,-1.02756667137146,7.523619174957275,7.593466758728027,7.593466758728027,-0.0009031690424308181,2.5010874271392822,5.0,0.0,7.463798001872135e-08,7.683316897022507e-05,7.463798001872135e-08,7.683316897022507e-05,7.620443595435233e-05,7.620443595435233e-05,2.6858463922970616e-10,7.67927356983833e-05,0.0,0.0
2450,0.049,0,5.0,1.6045276424847543e-05,4.999997615814209,57.66522216796875,104.71975708007812,1.9999999494757503e-05,False,False,-1.0381788061593866,7.575577870734431,-1.0381788061593866,7.575577870734431,7.646384459933973,7.646384459933973,-0.0009107299063651524,2.5011653432141467,5.0,0.0,-1.03817880153656,7.575500011444092,-1.03817880153656,7.575500011444092,7.646307468414307,7.646307468414307,-0.0009107296355068684,2.5010874271392822,5.0,0.0,4.622826565992e-09,7.785929033943262e-05,4.622826565992e-09,7.785929033943262e-05,7.699151966633622e-05,7.699151966633622e-05,2.7085828404379425e-10,7.791607486451468e-05,0.0,0.0
2475,0.0495,0,5.0,1.6042353308876045e-05,4.999997615814209,58.25468444824219,104.71975708007812,1.9999999494757503e-05,False,False,-1.0487890929750476,7.627450334154789,-1.0487890929750476,7.627450334154789,7.6992179577890525,7.6992179577890525,-0.0009182891241434041,2.501166466553313,5.0,0.0,-1.0487890243530273,7.627371311187744,-1.0487890243530273,7.627371311187744,7.699139595031738,7.699139595031738,-0.0009182888898067176,2.5010874271392822,5.0,0.0,6.862202028834474e-08,7.902296704465073e-05,6.862202028834474e-08,7.902296704465073e-05,7.836275731420983e-05,7.836275731420983e-05,2.3433668644868427e-10,7.903941403064607e-05,0.0,0.0
2500,0.05,0,5.0,1.6039430192904547e-05,4.999997615814209,58.84403991699219,104.71975708007812,1.9999999494757503e-05,False,False,-1.0593974571807714,7.679313398387323,-1.0593974571807714,7.679313398387323,7.752043423700111,7.752043423700111,-0.0009258469646587465,2.501167589892479,5.0,0.0,-1.059397578239441,7.679233074188232,-1.059397578239441,7.679233074188232,7.751964092254639,7.751964092254639,-0.000925846747122705,2.5010874271392822,5.0,0.0,1.2105866953326938e-07,8.032419909032029e-05,1.2105866953326938e-07,8.032419909032029e-05,7.93314454723415e-05,7.93314454723415e-05,2.1753604148057326e-10,8.016275319677746e-05,0.0,0.0
2525,0.0505,0,5.0,1.603650707693305e-05,4.999997615814209,59.43328857421875,104.71975708007812,1.9999999494757503e-05,False,False,-1.0700038987767977,7.7311670634320375,-1.0700038987767977,7.7311670634320375,7.804860825542881,7.804860825542881,-0.0009334034281511506,2.501168713231645,5.0,0.0,-1.070003867149353,7.731085777282715,-1.070003867149353,7.731085777282715,7.80478048324585,7.80478048324585,-0.0009334032074548304,2.5010874271392822,5.0,0.0,3.16274446632292e-08,8.128614932267908e-05,3.16274446632292e-08,8.128614932267908e-05,8.034229703124396e-05,8.034229703124396e-05,2.2069632015994656e-10,8.128609236290885e-05,0.0,0.0
2550,0.051000000000000004,0,5.0,1.6033585779950954e-05,4.999997615814209,60.022430419921875,104.71975708007812,1.9999999494757503e-05,False,False,-1.0806084177675472,7.78301132928946,-1.0806084177675472,7.78301132928946,7.857670132068294,7.857670132068294,-0.000940958514929151,2.5011698365708113,5.0,0.0,-1.0806083679199219,7.782928943634033,-1.0806083679199219,7.782928943634033,7.857588291168213,7.857588291168213,-0.0009409583290107548,2.5010874271392822,5.0,0.0,4.984762536075493e-08,8.238565542662002e-05,4.984762536075493e-08,8.238565542662002e-05,8.18409000808984e-05,8.18409000808984e-05,1.8591839612974725e-10,8.240943152904023e-05,0.0,0.0
2575,0.051500000000000004,0,5.0,1.603066448296886e-05,4.999997615814209,60.6114616394043,104.71975708007812,1.9999999494757503e-05,False,False,-1.091210945533627,7.834845860274394,-1.091210945533627,7.834845860274394,7.91047097092905,7.91047097092905,-0.0009485122251641558,2.5011709599099774,5.0,0.0,-1.0912110805511475,7.8347625732421875,-1.0912110805511475,7.8347625732421875,7.910388469696045,7.910388469696045,-0.0009485120535828173,2.5010874271392822,5.0,0.0,1.3501752049727145e-07,8.32870322060586e-05,1.3501752049727145e-07,8.32870322060586e-05,8.250123300523882e-05,8.250123300523882e-05,1.7158133843852424e-10,8.353277069517162e-05,0.0,0.0
2600,0.052000000000000005,0,5.0,1.6027743185986765e-05,4.999997615814209,61.20038986206055,104.71975708007812,1.9999999494757503e-05,False,False,-1.1018116193062508,7.886671327756221,-1.1018116193062508,7.886671327756221,7.963263996408152,7.963263996408152,-0.000956064559164699,2.5011720832491435,5.0,0.0,-1.1018116474151611,7.886586666107178,-1.1018116474151611,7.886586666107178,7.963180065155029,7.963180065155029,-0.0009560644393786788,2.5010874271392822,5.0,0.0,2.8108910310464807e-08,8.466164904330498e-05,2.8108910310464807e-08,8.466164904330498e-05,8.393125312267102e-05,8.393125312267102e-05,1.1978602018711954e-10,8.465610986130301e-05,0.0,0.0
2625,0.052500000000000005,0,5.0,1.6024823707994074e-05,4.999997615814209,61.789207458496094,104.71975708007812,1.9999999494757503e-05,False,False,-1.112410301858865,7.938487060366107,-1.112410301858865,7.938487060366107,8.016048495816491,8.016048495816491,-0.0009636155171707519,2.5011732065883097,5.0,0.0,-1.112410306930542,7.938401222229004,-1.112410306930542,7.938401222229004,8.015963554382324,8.015963554382324,-0.0009636154281906784,2.5010874271392822,5.0,0.0,5.07167707830547e-09,8.58381371031669e-05,5.07167707830547e-09,8.58381371031669e-05,8.494143416726274e-05,8.494143416726274e-05,8.898007352632631e-11,8.57794490274344e-05,0.0,0.0
2650,0.053000000000000005,0,5.0,1.6021904230001383e-05,4.999997615814209,62.37792205810547,104.71975708007812,1.9999999494757503e-05,False,False,-1.1230071304185028,7.9902937294729055,-1.1230071304185028,7.9902937294729055,8.068825125024388,8.068825125024388,-0.0009711650994222856,2.501174329927476,5.0,0.0,-1.1230071783065796,7.990206718444824,-1.1230071783065796,7.990206718444824,8.06873893737793,8.06873893737793,-0.0009711649618111551,2.5010874271392822,5.0,0.0,4.788807683731022e-08,8.701102808128525e-05,4.788807683731022e-08,8.701102808128525e-05,8.618764645795807e-05,8.618764645795807e-05,1.3761113049851753e-10,8.690278819356578e-05,0.0,0.0
2675,0.053500000000000006,0,5.0,1.601898475200869e-05,4.999997615814209,62.96652603149414,104.71975708007812,1.9999999494757503e-05,False,False,-1.1336019677545337,8.042090663707244,-1.1336019677545337,8.042090663707244,8.121593172806932,8.121593172806932,-0.0009787133061935527,2.501175453266642,5.0,0.0,-1.1336020231246948,8.04200267791748,-1.1336020231246948,8.04200267791748,8.121505737304688,8.121505737304688,-0.0009787126909941435,2.5010874271392822,5.0,0.0,5.5370161122780814e-08,8.798578976332294e-05,5.5370161122780814e-08,8.798578976332294e-05,8.743550224465935e-05,8.743550224465935e-05,6.151994092103152e-10,8.802612735969717e-05,0.0,0.0
2700,0.054000000000000006,0,5.0,1.6016067093005404e-05,4.999997615814209,63.555023193359375,104.71975708007812,1.9999999494757503e-05,False,False,-1.1441948824867618,8.093878198754368,-1.1441948824867618,8.093878198754368,8.174352954538978,8.174352954538978,-0.0009862601377245244,2.501176576605808,5.0,0.0,-1.1441948413848877,8.093789100646973,-1.1441948413848877,8.093789100646973,8.174264907836914,8.174264907836914,-0.0009862593142315745,2.5010874271392822,5.0,0.0,4.110187412642574e-08,8.909810739510249e-05,4.110187412642574e-08,8.909810739510249e-05,8.804670206430387e-05,8.804670206430387e-05,8.234929498290161e-10,8.914946652582856e-05,0.0,0.0
2725,0.05450000000000001,0,5.0,1.6013147615012713e-05,4.999997615814209,64.14341735839844,104.71975708007812,1.9999999494757503e-05,False,False,-1.1547859432226217,8.14565667029787,-1.1547859432226217,8.14565667029787,8.227104786316552,8.227104786316552,-0.0009938055942208905,2.501177699944974,5.0,0.0,-1.1547859907150269,8.145566940307617,-1.1547859907150269,8.145566940307617,8.227015495300293,8.227015495300293,-0.0009938051225617528,2.5010874271392822,5.0,0.0,4.749240511969788e-08,8.972999025225192e-05,4.749240511969788e-08,8.972999025225192e-05,8.929101625909652e-05,8.929101625909652e-05,4.716591377445373e-10,9.027280569195995e-05,0.0,0.0
2750,0.05500000000000001,0,5.0,1.601023177499883e-05,4.999997615814209,64.73169708251953,104.71975708007812,1.9999999494757503e-05,False,False,-1.1653749441284345,8.197425071285364,-1.1653749441284345,8.197425071285364,8.279847616939591,8.279847616939591,-0.0010013496760254668,2.5011788232841403,5.0,0.0,-1.165374994277954,8.197334289550781,-1.165374994277954,8.197334289550781,8.279757499694824,8.279757499694824,-0.0010013488354161382,2.5010874271392822,5.0,0.0,5.014951964810166e-08,9.078173458298977e-05,5.014951964810166e-08,9.078173458298977e-05,9.011724476692962e-05,9.011724476692962e-05,8.406093286728034e-10,9.139614485809133e-05,0.0,0.0
2775,0.05550000000000001,0,5.0,1.600731411599554e-05,4.999997615814209,65.31987762451172,104.71975708007812,1.9999999494757503e-05,False,False,-1.1759621596538796,8.249184744453933,-1.1759621596538796,8.249184744453933,8.332582789811891,8.332582789811891,-0.0010088923833439427,2.5011799466233064,5.0,0.0,-1.175962209701538,8.249092102050781,-1.175962209701538,8.249092102050781,8.332490921020508,8.332490921020508,-0.0010088920826092362,2.5010874271392822,5.0,0.0,5.004765846194914e-08,9.264240315154382e-05,5.004765846194914e-08,9.264240315154382e-05,9.186879138312065e-05,9.186879138312065e-05,3.0073470645188005e-10,9.251948402422272e-05,0.0,0.0
2800,0.056,0,5.0,1.6004398275981657e-05,4.999997615814209,65.90795135498047,104.71975708007812,1.9999999494757503e-05,False,False,-1.1865474525765511,8.300935018435338,-1.1865474525765511,8.300935018435338,8.385309596997716,8.385309596997716,-0.0010164337164505705,2.5011810699624726,5.0,0.0,-1.1865475177764893,8.300841331481934,-1.1865475177764893,8.300841331481934,8.38521671295166,8.38521671295166,-0.001016432885080576,2.5010874271392822,5.0,0.0,6.51999381151569e-08,9.368695340405964e-05,6.51999381151569e-08,9.368695340405964e-05,9.288404605634071e-05,9.288404605634071e-05,8.313699945486364e-10,9.364282319035411e-05,0.0,0.0
2825,0.0565,0,5.0,1.6001482435967773e-05,4.999997615814209,66.49591064453125,104.71975708007812,1.9999999494757503e-05,False,False,-1.1971306856616708,8.35267522185964,-1.1971306856616708,8.35267522185964,8.438027331101788,8.438027331101788,-0.0010239736755853221,2.5011821933016387,5.0,0.0,-1.1971306800842285,8.352581024169922,-1.1971306800842285,8.352581024169922,8.437933921813965,8.437933921813965,-0.0010239735711365938,2.5010874271392822,5.0,0.0,5.577442285797929e-09,9.419768971774545e-05,5.577442285797929e-09,9.419768971774545e-05,9.34092878228654e-05,9.34092878228654e-05,1.0444872831222307e-10,9.47661623564855e-05,0.0,0.0
2850,0.057,0,5.0,1.599856659595389e-05,4.999997615814209,67.08377075195312,104.71975708007812,1.9999999494757503e-05,False,False,-1.2077121333711869,8.4044066974656,-1.2077121333711869,8.4044066974656,8.490737337445825,8.490737337445825,-0.0010315122608853236,2.501183316640805,5.0,0.0,-1.207712173461914,8.40431022644043,-1.207712173461914,8.40431022644043,8.490641593933105,8.490641593933105,-0.0010315114632248878,2.5010874271392822,5.0,0.0,4.009072718247353e-08,9.647102517007511e-05,4.009072718247353e-08,9.647102517007511e-05,9.574351271979253e-05,9.574351271979253e-05,7.976604357497891e-10,9.588950152261688e-05,0.0,0.0
2875,0.0575,0,5.0,1.5995650755940005e-05,4.999997615814209,67.67151641845703,104.71975708007812,1.9999999494757503e-05,False,False,-1.2182915212436998,8.456128102514468,-1.2182915212436998,8.456128102514468,8.543438225730272,8.543438225730272,-0.001039049472761954,2.501184439979971,5.0,0.0,-1.2182916402816772,8.456031799316406,-1.2182916402816772,8.456031799316406,8.543342590332031,8.543342590332031,-0.0010390493553131819,2.5010874271392822,5.0,0.0,1.1903797747514488e-07,9.63031980614204e-05,1.1903797747514488e-07,9.63031980614204e-05,9.563539824064549e-05,9.563539824064549e-05,1.174487720620454e-10,9.701284068874827e-05,0.0,0.0
2900,0.058,0,5.0,1.5992736734915525e-05,4.999997615814209,68.25916290283203,104.71975708007812,1.9999999494757503e-05,False,False,-1.2288691237453038,8.507840779745596,-1.2288691237453038,8.507840779745596,8.59613134245846,8.59613134245846,-0.0010465853113866212,2.501185563319137,5.0,0.0,-1.2288691997528076,8.507742881774902,-1.2288691997528076,8.507742881774902,8.596034049987793,8.596034049987793,-0.0010465845698490739,2.5010874271392822,5.0,0.0,7.60075038463981e-08,9.789797069359452e-05,7.60075038463981e-08,9.789797069359452e-05,9.729247066658786e-05,9.729247066658786e-05,7.415375472951541e-10,9.813617985487966e-05,0.0,0.0
2925,0.0585,0,5.0,1.5989822713891044e-05,4.999997615814209,68.84669494628906,104.71975708007812,1.9999999494757503e-05,False,False,-1.2394446664103846,8.559543386419652,-1.2394446664103846,8.559543386419652,8.648815298356968,8.648815298356968,-0.0010541197770678596,2.5011866866583032,5.0,0.0,-1.2394447326660156,8.559444427490234,-1.2394447326660156,8.559444427490234,8.648716926574707,8.648716926574707,-0.0010541195515543222,2.5010874271392822,5.0,0.0,6.625563098161535e-08,9.895892941713669e-05,6.625563098161535e-08,9.895892941713669e-05,9.837178226135279e-05,9.837178226135279e-05,2.2551353731463386e-10,9.925951902101104e-05,0.0,0.0
2950,0.059000000000000004,0,5.0,1.5986910511855967e-05,4.999997615814209,69.43412780761719,104.71975708007812,1.9999999494757503e-05,False,False,-1.2500184237050371,8.611237265276,-1.2500184237050371,8.611237265276,8.701491441039295,8.701491441039295,-0.0010616528699770775,2.5011878099974694,5.0,0.0,-1.2500184774398804,8.611137390136719,-1.2500184774398804,8.611137390136719,8.70139217376709,8.70139217376709,-0.001061652204953134,2.5010874271392822,5.0,0.0,5.373484324167066e-08,9.98751392806696e-05,5.373484324167066e-08,9.98751392806696e-05,9.926727220488374e-05,9.926727220488374e-05,6.650239434656535e-10,0.00010038285818714243,0.0,0.0
2975,0.059500000000000004,0,5.0,1.598399830982089e-05,4.999997615814209,70.02144622802734,104.71975708007812,1.9999999494757503e-05,False,False,-1.2605901211637145,8.662921073575292,-1.2605901211637145,8.662921073575292,8.754158382195882,8.754158382195882,-0.0010691845904913717,2.5011889333366355,5.0,0.0,-1.2605901956558228,8.662818908691406,-1.2605901956558228,8.662818908691406,8.754056930541992,8.754056930541992,-0.0010691842762753367,2.5010874271392822,5.0,0.0,7.449210825960506e-08,0.00010216488388614664,7.449210825960506e-08,0.00010216488388614664,0.00010145165389019439,0.00010145165389019439,3.1421603491864347e-10,0.00010150619735327382,0.0,0.0
3000,0.060000000000000005,0,5.0,1.5981086107785814e-05,4.999997615814209,70.6086654663086,104.71975708007812,1.9999999494757503e-05,False,False,-1.271160033248331,8.714596154056288,-1.271160033248331,8.714596154056288,8.806817470483907,8.806817470483907,-0.0010767149387135876,2.5011900566758016,5.0,0.0,-1.2711601257324219,8.714493751525879,-1.2711601257324219,8.714493751525879,8.806715965270996,8.806715965270996,-0.0010767143685370684,2.5010874271392822,5.0,0.0,9.248409083006948e-08,0.00010240253040905145,9.248409083006948e-08,0.00010240253040905145,0.00010150521291052428,0.00010150521291052428,5.7017651928018e-10,0.0001026295365194052,0.0,0.0
3025,0.060500000000000005,0,5.0,1.5978173905750737e-05,4.999997615814209,71.19577026367188,104.71975708007812,1.9999999494757503e-05,False,False,-1.2817278854972816,8.766261163980241,-1.2817278854972816,8.766261163980241,8.859467318499998,8.859467318499998,-0.0010842439148494145,2.5011911800149678,5.0,0.0,-1.281727910041809,8.766157150268555,-1.281727910041809,8.766157150268555,8.85936450958252,8.85936450958252,-0.0010842435294762254,2.5010874271392822,5.0,0.0,2.454452752154168e-08,0.00010401371168633489,2.454452752154168e-08,0.00010401371168633489,0.00010280891747882492,0.00010280891747882492,3.8537318908932194e-10,0.0001037528756855366,0.0,0.0
3050,0.061000000000000006,0,5.0,1.597526170371566e-05,4.999997615814209,71.78277587890625,104.71975708007812,1.9999999494757503e-05,False,False,-1.2922939523729933,8.817917446085904,-1.2922939523729933,8.817917446085904,8.912109275885589,8.912109275885589,-0.001091771519515921,2.501192303354134,5.0,0.0,-1.292293906211853,8.817811965942383,-1.292293906211853,8.817811965942383,8.912004470825195,8.912004470825195,-0.0010917710606008768,2.5010874271392822,5.0,0.0,4.616114024358353e-08,0.00010548014352096402,4.616114024358353e-08,0.00010548014352096402,0.00010480506039378668,0.00010480506039378668,4.589150442036588e-10,0.00010487621485166798,0.0,0.0
3075,0.061500000000000006,0,5.0,1.5972351320669986e-05,4.999997615814209,72.36967468261719,104.71975708007812,1.9999999494757503e-05,False,False,-1.3028580966481937,8.869564329004541,-1.3028580966481937,8.869564329004541,8.964742640274261,8.964742640274261,-0.0010992977522331646,2.5011934266933,5.0,0.0,-1.3028579950332642,8.869458198547363,-1.3028579950332642,8.869458198547363,8.964637756347656,8.964637756347656,-0.0010992973111569881,2.5010874271392822,5.0,0.0,1.0161492958182805e-07,0.00010613045717811076,1.0161492958182805e-07,0.00010613045717811076,0.00010488392660512602,0.00010488392660512602,4.4107617645089414e-10,0.00010599955401779937,0.0,0.0
3079,0.06158,0,5.0,1.597188565938268e-05,4.999997615814209,72.46356201171875,104.71975708007812,1.9999999494757503e-05,False,False,-1.3045480631862172,8.877826380112152,-1.3045480631862172,8.877826380112152,8.973162591003138,8.973162591003138,-0.0011005018222146588,2.5011936064275666,5.0,0.0,-1.3045482635498047,8.87771987915039,-1.3045482635498047,8.87771987915039,8.97305679321289,8.97305679321289,-0.001100501511245966,2.5010874271392822,5.0,0.0,2.0036358749919714e-07,0.00010650096176156865,2.0036358749919714e-07,0.00010650096176156865,0.00010579779024766367,0.00010579779024766367,3.109686928532557e-10,0.00010617928828438039,0.0,0.0
3100,0.062000000000000006,0,5.0,1.5969442756613716e-05,4.999997615814209,72.95645904541016,104.71975708007812,1.9999999494757503e-05,False,False,-1.313420181092766,8.921201141366794,-1.313420181092766,8.921201141366794,9.017366709678937,9.017366709678937,-0.0011068226137896226,2.501194550032466,5.0,0.0,-1.313420295715332,8.921093940734863,-1.313420295715332,8.921093940734863,9.017260551452637,9.017260551452637,-0.0011068222811445594,2.5010874271392822,5.0,0.0,1.1462256610528243e-07,0.0001072006319304819,1.1462256610528243e-07,0.0001072006319304819,0.00010615822630022365,0.00010615822630022365,3.3264506318735065e-10,0.00010712289318393076,0.0,0.0
3125,0.0625,0,5.0,1.5966532373568043e-05,4.999997615814209,73.54314422607422,104.71975708007812,1.9999999494757503e-05,False,False,-1.3239804801609478,8.972829225910152,-1.3239804801609478,8.972829225910152,9.06998283511025,9.06998283511025,-0.0011143461048366444,2.5011956733716323,5.0,0.0,-1.3239805698394775,8.972721099853516,-1.3239805698394775,8.972721099853516,9.069875717163086,9.069875717163086,-0.001114345621317625,2.5010874271392822,5.0,0.0,8.96785297133107e-08,0.00010812605663623742,8.96785297133107e-08,0.00010812605663623742,0.00010711794716478096,0.00010711794716478096,4.835190193109434e-10,0.00010824623235006214,0.0,0.0
3150,0.063,0,5.0,1.5963623809511773e-05,4.999997615814209,74.12971496582031,104.71975708007812,1.9999999494757503e-05,False,False,-1.3345387193986724,9.024447239897146,-1.3345387193986724,9.024447239897146,9.122589631199109,9.122589631199109,-0.0011218682248942881,2.5011967967107984,5.0,0.0,-1.3345386981964111,9.024337768554688,-1.3345386981964111,9.024337768554688,9.122481346130371,9.122481346130371,-0.001121868030168116,2.5010874271392822,5.0,0.0,2.1202261279995582e-08,0.00010947134245853363,2.1202261279995582e-08,0.00010947134245853363,0.00010828506873750143,0.00010828506873750143,1.9472617203593334e-10,0.00010936957151619353,0.0,0.0
3175,0.0635,0,5.0,1.5960715245455503e-05,4.999997615814209,74.7161865234375,104.71975708007812,1.9999999494757503e-05,False,False,-1.3450951732642216,9.076056526065893,-1.3450951732642216,9.076056526065893,9.175188449807555,9.175188449807555,-0.001129388974545341,2.5011979200499646,5.0,0.0,-1.3450952768325806,9.075945854187012,-1.3450952768325806,9.075945854187012,9.175079345703125,9.175079345703125,-0.001129388459958136,2.5010874271392822,5.0,0.0,1.0356835900005024e-07,0.0001106718788808081,1.0356835900005024e-07,0.0001106718788808081,0.00010910410443010221,0.00010910410443010221,5.145872048785416e-10,0.00011049291068232492,0.0,0.0
3200,0.064,0,5.0,1.5957806681399234e-05,4.999997615814209,75.30255126953125,104.71975708007812,1.9999999494757503e-05,False,False,-1.355649704526827,9.127656413047024,-1.355649704526827,9.127656413047024,9.22777859053966,9.22777859053966,-0.0011369083539269288,2.5011990433891307,5.0,0.0,-1.3556498289108276,9.127544403076172,-1.3556498289108276,9.127544403076172,9.227667808532715,9.227667808532715,-0.001136908307671547,2.5010874271392822,5.0,0.0,1.2438400065484245e-07,0.00011200997085225595,1.2438400065484245e-07,0.00011200997085225595,0.00011078200694569773,0.00011078200694569773,4.6255381903198556e-11,0.0001116162498484563,0.0,0.0
3225,0.0645,0,5.0,1.5954899936332367e-05,4.999997615814209,75.88880157470703,104.71975708007812,1.9999999494757503e-05,False,False,-1.3662021759600038,9.179246229471829,-1.3662021759600038,9.179246229471829,9.280359353326284,9.280359353326284,-0.0011444263633475864,2.501200166728297,5.0,0.0,-1.3662022352218628,9.179133415222168,-1.3662022352218628,9.179133415222168,9.280247688293457,9.280247688293457,-0.0011444258270785213,2.5010874271392822,5.0,0.0,5.926185897564551e-08,0.00011281424966114173,5.926185897564551e-08,0.00011281424966114173,0.000111665032827446,0.000111665032827446,5.362690651787572e-10,0.0001127395890145877,0.0,0.0
3250,0.065,0,5.0,1.59519931912655e-05,4.999997615814209,76.4749526977539,104.71975708007812,1.9999999494757503e-05,False,False,-1.376752862021691,9.230827318078415,-1.376752862021691,9.230827318078415,9.332932091216975,9.332932091216975,-0.0011519430030472848,2.501201290067463,5.0,0.0,-1.3767528533935547,9.230712890625,-1.3767528533935547,9.230712890625,9.332818984985352,9.332818984985352,-0.001151943113654852,2.5010874271392822,5.0,0.0,8.628136205501846e-09,0.00011442745341483374,8.628136205501846e-09,0.00011442745341483374,0.00011310623162330558,0.00011310623162330558,1.106075671591239e-10,0.00011386292818071908,0.0,0.0
3275,0.0655,0,5.0,1.5949086446198635e-05,4.999997615814209,77.06099700927734,104.71975708007812,1.9999999494757503e-05,False,False,-1.3873016254812565,9.282399007497405,-1.3873016254812565,9.282399007497405,9.385496104865835,9.385496104865835,-0.0011594582733002767,2.501202413406629,5.0,0.0,-1.3873016834259033,9.282283782958984,-1.3873016834259033,9.282283782958984,9.385381698608398,9.385381698608398,-0.0011594577226787806,2.5010874271392822,5.0,0.0,5.794464685848766e-08,0.0001152245384208328,5.794464685848766e-08,0.0001152245384208328,0.00011440625743652788,0.00011440625743652788,5.506214960978445e-10,0.00011498626734685047,0.0,0.0
3300,0.066,0,5.0,1.5946181520121172e-05,4.999997615814209,77.64693450927734,104.71975708007812,1.9999999494757503e-05,False,False,-1.3978484663429847,9.333961297729484,-1.3978484663429847,9.333961297729484,9.438051379515228,9.438051379515228,-0.00116697217427797,2.501203536745795,5.0,0.0,-1.3978486061096191,9.333845138549805,-1.3978486061096191,9.333845138549805,9.437936782836914,9.437936782836914,-0.0011669723317027092,2.5010874271392822,5.0,0.0,1.3976663448822535e-07,0.00011615917967944256,1.3976663448822535e-07,0.00011615917967944256,0.00011459667831381637,0.00011459667831381637,1.5742473926001754e-10,0.00011610960651298186,0.0,0.0
3325,0.0665,0,5.0,1.5943274775054306e-05,4.999997615814209,78.23275756835938,104.71975708007812,1.9999999494757503e-05,False,False,-1.4083932473680545,9.385513517403934,-1.4083932473680545,9.385513517403934,9.490597216435006,9.490597216435006,-0.001174484706288899,2.5012046600849613,5.0,0.0,-1.4083932638168335,9.385396957397461,-1.4083932638168335,9.385396957397461,9.490482330322266,9.490482330322266,-0.001174484146758914,2.5010874271392822,5.0,0.0,1.644877900552899e-08,0.00011656000647342069,1.644877900552899e-08,0.00011656000647342069,0.00011488611274046434,0.00011488611274046434,5.595299850617158e-10,0.00011723294567911324,0.0,0.0
3350,0.067,0,5.0,1.5940369848976843e-05,4.999997615814209,78.8184814453125,104.71975708007812,1.9999999494757503e-05,False,False,-1.418936243026775,9.437057009260869,-1.418936243026775,9.437057009260869,9.5431349701141,9.5431349701141,-0.0011819958696073166,2.5012057834241275,5.0,0.0,-1.4189363718032837,9.436939239501953,-1.4189363718032837,9.436939239501953,9.543018341064453,9.543018341064453,-0.001181995845399797,2.5010874271392822,5.0,0.0,1.287765087898407e-07,0.00011776975891564234,1.287765087898407e-07,0.00011776975891564234,0.00011662904964637733,0.00011662904964637733,2.420751966936141e-11,0.00011835628484524463,0.0,0.0
3375,0.0675,0,5.0,1.5937466741888784e-05,4.999997615814209,79.40409851074219,104.71975708007812,1.9999999494757503e-05,False,False,-1.4294773160884806,9.488591101930927,-1.4294773160884806,9.488591101930927,9.595663942471845,9.595663942471845,-0.0011895056644731937,2.5012069067632936,5.0,0.0,-1.429477334022522,9.488471984863281,-1.429477334022522,9.488471984863281,9.595545768737793,9.595545768737793,-0.0011895050993189216,2.5010874271392822,5.0,0.0,1.7934041363076858e-08,0.00011911706764600183,1.7934041363076858e-08,0.00011911706764600183,0.00011817373405165199,0.00011817373405165199,5.651542721221009e-10,0.00011947962401137602,0.0,0.0
3400,0.068,0,5.0,1.593456181581132e-05,4.999997615814209,79.98960876464844,104.71975708007812,1.9999999494757503e-05,False,False,-1.4400164665451185,9.540115795412742,-1.4400164665451185,9.540115795412742,9.64818412001993,9.64818412001993,-0.0011970140910579385,2.5012080301024597,5.0,0.0,-1.4400163888931274,9.539995193481445,-1.4400163888931274,9.539995193481445,9.648064613342285,9.648064613342285,-0.0011970138875767589,2.5010874271392822,5.0,0.0,7.765199105946863e-08,0.00012060193129670438,7.765199105946863e-08,0.00012060193129670438,0.0001195066776453757,0.0001195066776453757,2.0348117960554413e-10,0.0001206029631775074,0.0,0.0
3425,0.0685,0,5.0,1.5931658708723262e-05,4.999997615814209,80.57501220703125,104.71975708007812,1.9999999494757503e-05,False,False,-1.4505536944052217,9.591631089707702,-1.4505536944052217,9.591631089707702,9.700695489571869,9.700695489571869,-0.0012045211496700852,2.501209153441626,5.0,0.0,-1.4505536556243896,9.591508865356445,-1.4505536556243896,9.591508865356445,9.70057487487793,9.70057487487793,-0.0012045205803588033,2.5010874271392822,5.0,0.0,3.878083210118177e-08,0.00012222435125686104,3.878083210118177e-08,0.00012222435125686104,0.00012061469393920277,0.00012061469393920277,5.693112819279283e-10,0.00012172630234363879,0.0,0.0
3450,0.069,0,5.0,1.5928757420624606e-05,4.999997615814209,81.16030883789062,104.71975708007812,1.9999999494757503e-05,False,False,-1.4610889996690644,9.643136984815829,-1.4610889996690644,9.643136984815829,9.753198038227096,9.753198038227096,-0.0012120268405838863,2.501210276780792,5.0,0.0,-1.461089015007019,9.643013954162598,-1.461089015007019,9.643013954162598,9.753076553344727,9.753076553344727,-0.001212026458233595,2.5010874271392822,5.0,0.0,1.5337954684113697e-08,0.00012303065323138185,1.5337954684113697e-08,0.00012303065323138185,0.00012148488236896071,0.00012148488236896071,3.8235029140194776e-10,0.00012284964150977018,0.0,0.0
3475,0.0695,0,5.0,1.5925854313536547e-05,4.999997615814209,81.74549865722656,104.71975708007812,1.9999999494757503e-05,False,False,-1.4716223823286276,9.694633480735716,-1.4716223823286276,9.694633480735716,9.80569175336307,9.80569175336307,-0.0012195311640050316,2.501211400119958,5.0,0.0,-1.4716224670410156,9.694509506225586,-1.4716224670410156,9.694509506225586,9.805569648742676,9.805569648742676,-0.001219530706293881,2.5010874271392822,5.0,0.0,8.471238799323544e-08,0.00012397451012979843,8.471238799323544e-08,0.00012397451012979843,0.00012210462039341508,0.00012210462039341508,4.5771115066498003e-10,0.00012397298067590157,0.0,0.0
3500,0.07,0,5.0,1.592295302543789e-05,4.999997615814209,82.3305892944336,104.71975708007812,1.9999999494757503e-05,False,False,-1.4821539796233156,9.746121248838163,-1.4821539796233156,9.746121248838163,9.858177307005995,9.858177307005995,-0.0012270341202077738,2.5012125234591243,5.0,0.0,-1.4821540117263794,9.745996475219727,-1.4821540117263794,9.745996475219727,9.858054161071777,9.858054161071777,-0.0012270336737856269,2.5010874271392822,5.0,0.0,3.2103063762889406e-08,0.00012477361843643564,3.2103063762889406e-08,0.00012477361843643564,0.00012314593421791642,0.00012314593421791642,4.464221468620383e-10,0.00012509631984203295,0.0,0.0
3525,0.07050000000000001,0,5.0,1.5920051737339236e-05,4.999997615814209,82.91556549072266,104.71975708007812,1.9999999494757503e-05,False,False,-1.492683517087446,9.797598946383719,-1.492683517087446,9.797598946383719,9.91065331834203,9.91065331834203,-0.0012345357094320842,2.5012136467982904,5.0,0.0,-1.4926835298538208,9.797472953796387,-1.4926835298538208,9.797472953796387,9.910529136657715,9.910529136657715,-0.0012345353607088327,2.5010874271392822,5.0,0.0,1.2766374846151507e-08,0.00012599258733203555,1.2766374846151507e-08,0.00012599258733203555,0.00012418168431516108,0.00012418168431516108,3.4872325144728877e-10,0.00012621965900816434,0.0,0.0
3550,0.07100000000000001,0,5.0,1.5917152268229984e-05,4.999997615814209,83.50043487548828,104.71975708007812,1.9999999494757503e-05,False,False,-1.5032111319562753,9.84906724474249,-1.5032111319562753,9.84906724474249,9.963120459910975,9.963120459910975,-0.0012420359319179337,2.5012147701374565,5.0,0.0,-1.5032111406326294,9.848939895629883,-1.5032111406326294,9.848939895629883,9.962994575500488,9.962994575500488,-0.001242035417817533,2.5010874271392822,5.0,0.0,8.676354079639736e-09,0.0001273491126063675,8.676354079639736e-09,0.0001273491126063675,0.00012588441048677623,0.00012588441048677623,5.141004007051808e-10,0.00012734299817429573,0.0,0.0
3575,0.07150000000000001,0,5.0,1.5914250980131328e-05,4.999997615814209,84.08519744873047,104.71975708007812,1.9999999494757503e-05,False,False,-1.513736824221854,9.90052614391303,-1.513736824221854,9.90052614391303,10.015578720139475,10.015578720139475,-0.001249534787939575,2.5012158934766227,5.0,0.0,-1.5137368440628052,9.900398254394531,-1.5137368440628052,9.900398254394531,10.01545238494873,10.01545238494873,-0.0012495345436036587,2.5010874271392822,5.0,0.0,1.984095110429962e-08,0.0001278895184988471,1.984095110429962e-08,0.0001278895184988471,0.00012633519074434219,0.00012633519074434219,2.4433591629992313e-10,0.00012846633734042712,0.0,0.0
3600,0.07200000000000001,0,5.0,1.5911351511022076e-05,4.999997615814209,84.66986083984375,104.71975708007812,1.9999999494757503e-05,False,False,-1.5242607311235175,9.951976315266176,-1.5242607311235175,9.951976315266176,10.068028772111457,10.068028772111457,-0.0012570322777026976,2.501217016815789,5.0,0.0,-1.5242606401443481,9.951847076416016,-1.5242606401443481,9.951847076416016,10.067900657653809,10.067900657653809,-0.0012570316903293133,2.5010874271392822,5.0,0.0,9.097916930933536e-08,0.00012923885016036252,9.097916930933536e-08,0.00012923885016036252,0.00012811445764882023,0.00012811445764882023,5.873733843059226e-10,0.0001295896765065585,0.0,0.0
3625,0.07250000000000001,0,5.0,1.5908453860902227e-05,4.999997615814209,85.25440979003906,104.71975708007812,1.9999999494757503e-05,False,False,-1.5347825781996947,10.003416416063205,-1.5347825781996947,10.003416416063205,10.120469235935067,10.120469235935067,-0.001264528401447273,2.501218140154955,5.0,0.0,-1.5347825288772583,10.003286361694336,-1.5347825288772583,10.003286361694336,10.120340347290039,10.120340347290039,-0.0012645282549783587,2.5010874271392822,5.0,0.0,4.9322436357357446e-08,0.00013005436886892596,4.9322436357357446e-08,0.00013005436886892596,0.00012888864502791364,0.00012888864502791364,1.4646891425412756e-10,0.0001307130156726899,0.0,0.0
3650,0.07300000000000001,0,5.0,1.5905554391792975e-05,4.999997615814209,85.83885955810547,104.71975708007812,1.9999999494757503e-05,False,False,-1.545302639904315,10.054847789041382,-1.545302639904315,10.054847789041382,10.172901469575217,10.172901469575217,-0.0012720231595161166,2.501219263494121,5.0,0.0,-1.5453026294708252,10.054716110229492,-1.5453026294708252,10.054716110229492,10.172771453857422,10.172771453857422,-0.0012720224913209677,2.5010874271392822,5.0,0.0,1.0433489849859257e-08,0.0001316788118899126,1.0433489849859257e-08,0.0001316788118899126,0.00013001571779547305,0.00013001571779547305,6.681951489513616e-10,0.00013183635483882128,0.0,0.0
3675,0.07350000000000001,0,5.0,1.5902656741673127e-05,4.999997615814209,86.4231948852539,104.71975708007812,1.9999999494757503e-05,False,False,-1.5558206417839981,10.106269091463462,-1.5558206417839981,10.106269091463462,10.225324093566465,10.225324093566465,-0.0012795165521149185,2.501220386833287,5.0,0.0,-1.5558207035064697,10.106136322021484,-1.5558207035064697,10.106136322021484,10.22519302368164,10.22519302368164,-0.0012795166112482548,2.5010874271392822,5.0,0.0,6.17224715782072e-08,0.0001327694419774872,6.17224715782072e-08,0.0001327694419774872,0.00013106988482469717,0.00013106988482469717,5.913333624846251e-11,0.00013295969400495267,0.0,0.0
3688,0.07376,0,5.0,1.590115061844699e-05,4.999997615814209,86.72701263427734,104.71975708007812,1.9999999494757503e-05,False,False,-1.5612893435150454,10.133004946143803,-1.5612893435150454,10.133004946143803,10.252580828881497,10.252580828881497,-0.0012834125767439912,2.5012209709696536,5.0,0.0,-1.5612895488739014,10.132871627807617,-1.5612895488739014,10.132871627807617,10.252449035644531,10.252449035644531,-0.0012834121007472277,2.5010874271392822,5.0,0.0,2.0535885592032344e-07,0.0001333183361857948,2.0535885592032344e-07,0.0001333183361857948,0.00013179323696554945,0.00013179323696554945,4.759967634892365e-10,0.000133543830371341,0.0,0.0
3700,0.07400000000000001,0,5.0,1.5899759091553278e-05,4.999997615814209,87.00743103027344,104.71975708007812,1.9999999494757503e-05,False,False,-1.5663368582967159,10.157681666067447,-1.5663368582967159,10.157681666067447,10.277738466356379,10.277738466356379,-0.001287008579517931,2.5012215101724533,5.0,0.0,-1.566336989402771,10.157546997070312,-1.566336989402771,10.157546997070312,10.277605056762695,10.277605056762695,-0.001287007937207818,2.5010874271392822,5.0,0.0,1.311060551234533e-07,0.000134668997134213,1.311060551234533e-07,0.000134668997134213,0.00013340959368335348,0.00013340959368335348,6.423101128662928e-10,0.00013408303317108405,0.0,0.0
3725,0.07450000000000001,0,5.0,1.5896863260422833e-05,4.999997615814209,87.59156036376953,104.71975708007812,1.9999999494757503e-05,False,False,-1.5768511522158473,10.209084841484733,-1.5768511522158473,10.209084841484733,10.330143893328776,10.330143893328776,-0.0012944992418965622,2.5012226335116194,5.0,0.0,-1.57685124874115,10.20895004272461,-1.57685124874115,10.20895004272461,10.330010414123535,10.330010414123535,-0.0012944992631673813,2.5010874271392822,5.0,0.0,9.652530263970505e-08,0.0001347987601238998,9.652530263970505e-08,0.0001347987601238998,0.00013347920524076073,0.00013347920524076073,2.127081909046591e-11,0.00013520637233721544,0.0,0.0
3750,0.07500000000000001,0,5.0,1.5893967429292388e-05,4.999997615814209,88.17558288574219,104.71975708007812,1.9999999494757503e-05,False,False,-1.587363523537554,10.260478617714574,-1.587363523537554,10.260478617714574,10.382540364498254,10.382540364498254,-0.0013019885395250646,2.5012237568507856,5.0,0.0,-1.5873634815216064,10.260342597961426,-1.5873634815216064,10.260342597961426,10.382406234741211,10.382406234741211,-0.0013019879115745425,2.5010874271392822,5.0,0.0,4.201594760999683e-08,0.00013601975314792014,4.201594760999683e-08,0.00013601975314792014,0.0001341297570434108,0.0001341297570434108,6.279505220928988e-10,0.00013632971150334683,0.0,0.0
3775,0.07550000000000001,0,5.0,1.5891071598161943e-05,4.999997615814209,88.7594985961914,104.71975708007812,1.9999999494757503e-05,False,False,-1.597873972262111,10.311862994756972,-1.597873972262111,10.311862994756972,10.434927870084723,10.434927870084723,-0.0013094764726776914,2.5012248801899517,5.0,0.0,-1.5978739261627197,10.311725616455078,-1.5978739261627197,10.311725616455078,10.434792518615723,10.434792518615723,-0.00130947632715106,2.5010874271392822,5.0,0.0,4.6099391193266115e-08,0.00013737830189342048,4.6099391193266115e-08,0.00013737830189342048,0.00013535146899990025,0.00013535146899990025,1.4552663132709476e-10,0.00013745305066947822,0.0,0.0
3800,0.07600000000000001,0,5.0,1.5888175767031498e-05,4.999997615814209,89.34330749511719,104.71975708007812,1.9999999494757503e-05,False,False,-1.6083824983897572,10.36323797261193,-1.6083824983897572,10.36323797261193,10.487306400506867,10.487306400506867,-0.0013169630415944134,2.501226003529118,5.0,0.0,-1.6083825826644897,10.363100051879883,-1.6083825826644897,10.363100051879883,10.487170219421387,10.487170219421387,-0.0013169624144211411,2.5010874271392822,5.0,0.0,8.427473252581308e-08,0.0001379207320475473,8.427473252581308e-08,0.0001379207320475473,0.0001361810854803025,0.0001361810854803025,6.271732723005935e-10,0.0001385763898356096,0.0,0.0
3825,0.07650000000000001,0,5.0,1.5885281754890457e-05,4.999997615814209,89.92700958251953,104.71975708007812,1.9999999494757503e-05,False,False,-1.6188891019248457,10.414603551280242,-1.6188891019248457,10.414603551280242,10.539675946378527,10.539675946378527,-0.0013244482465152021,2.501227126868284,5.0,0.0,-1.6188892126083374,10.414463996887207,-1.6188892126083374,10.414463996887207,10.539538383483887,10.539538383483887,-0.001324447919614613,2.5010874271392822,5.0,0.0,1.106834917052879e-07,0.0001395543930353682,1.106834917052879e-07,0.0001395543930353682,0.00013756289463984217,0.00013756289463984217,3.2690058906353903e-10,0.000139699729001741,0.0,0.0
3850,0.07700000000000001,0,5.0,1.5882387742749415e-05,4.999997615814209,90.51060485839844,104.71975708007812,1.9999999494757503e-05,False,False,-1.6293937828635379,10.465959730761135,-1.6293937828635379,10.465959730761135,10.592036498499617,10.592036498499617,-0.0013319320877143099,2.50122825020745,5.0,0.0,-1.6293938159942627,10.465818405151367,-1.6293938159942627,10.465818405151367,10.591897010803223,10.591897010803223,-0.0013319315621629357,2.5010874271392822,5.0,0.0,3.313072483024371e-08,0.00014132560976776176,3.313072483024371e-08,0.00014132560976776176,0.00013948769639426928,0.00013948769639426928,5.255513741211915e-10,0.00014082306816787238,0.0,0.0
3875,0.0775,0,5.0,1.5879493730608374e-05,4.999997615814209,91.0940933227539,104.71975708007812,1.9999999494757503e-05,False,False,-1.6398965412060742,10.517306511054612,-1.6398965412060742,10.517306511054612,10.64438804785561,10.64438804785561,-0.0013394145654317077,2.5012293735466162,5.0,0.0,-1.6398965120315552,10.51716423034668,-1.6398965120315552,10.51716423034668,10.644247055053711,10.644247055053711,-0.001339414156973362,2.5010874271392822,5.0,0.0,2.9174519022845402e-08,0.00014228070793187442,2.9174519022845402e-08,0.00014228070793187442,0.00014099280189938668,0.00014099280189938668,4.0845834570549244e-10,0.00014194640733400377,0.0,0.0
3900,0.078,0,5.0,1.5876599718467332e-05,4.999997615814209,91.67748260498047,104.71975708007812,1.9999999494757503e-05,False,False,-1.6503975141835998,10.56864456353005,-1.6503975141835998,10.56864456353005,10.696731270115029,10.696731270115029,-0.001346895679907367,2.5012304968857824,5.0,0.0,-1.650397539138794,10.568502426147461,-1.650397539138794,10.568502426147461,10.696590423583984,10.696590423583984,-0.0013468952383846045,2.5010874271392822,5.0,0.0,2.495519413336922e-08,0.0001421373825891692,2.495519413336922e-08,0.0001421373825891692,0.00014084653104440292,0.00014084653104440292,4.4152276257834744e-10,0.00014306974650013515,0.0,0.0
3925,0.0785,0,5.0,1.5873707525315695e-05,4.999997615814209,92.26075744628906,104.71975708007812,1.9999999494757503e-05,False,False,-1.6608964273386901,10.619972545449517,-1.6608964273386901,10.619972545449517,10.749064787619801,10.749064787619801,-0.0013543754314155403,2.5012316202249485,5.0,0.0,-1.6608964204788208,10.619829177856445,-1.6608964204788208,10.619829177856445,10.748923301696777,10.748923301696777,-0.001354374922811985,2.5010874271392822,5.0,0.0,6.859869339237434e-09,0.00014336759307198577,6.859869339237434e-09,0.00014336759307198577,0.00014148592302376528,0.00014148592302376528,5.086035553217988e-10,0.00014419308566626654,0.0,0.0
3950,0.079,0,5.0,1.5870815332164057e-05,4.999997615814209,92.84393310546875,104.71975708007812,1.9999999494757503e-05,False,False,-1.671393555129284,10.671291799550964,-1.671393555129284,10.671291799550964,10.801389960893522,10.801389960893522,-0.001361853820196199,2.5012327435641146,5.0,0.0,-1.671393632888794,10.671146392822266,-1.671393632888794,10.671146392822266,10.801246643066406,10.801246643066406,-0.0013618534430861473,2.5010874271392822,5.0,0.0,7.775950994215464e-08,0.00014540672869856053,7.775950994215464e-08,0.00014540672869856053,0.00014331782711529684,0.00014331782711529684,3.771100517361431e-10,0.00014531642483239793,0.0,0.0
3975,0.0795,0,5.0,1.5867924958001822e-05,4.999997615814209,93.427001953125,104.71975708007812,1.9999999494757503e-05,False,False,-1.681888760328794,10.72260165446584,-1.681888760328794,10.72260165446584,10.853706097111434,10.853706097111434,-0.0013693308464550326,2.5012338669032808,5.0,0.0,-1.6818888187408447,10.722455978393555,-1.6818888187408447,10.722455978393555,10.853562355041504,10.853562355041504,-0.0013693302171304822,2.5010874271392822,5.0,0.0,5.841205075185485e-08,0.000145676072285994,5.841205075185485e-08,0.000145676072285994,0.00014374206993039707,0.00014374206993039707,6.293245503712075e-10,0.00014643976399852932,0.0,0.0
4000,0.08,0,5.0,1.5865032764850184e-05,4.999997615814209,94.00995635986328,104.71975708007812,1.9999999494757503e-05,False,False,-1.6923819056983302,10.773901438823152,-1.6923819056983302,10.773901438823152,10.906012503578506,10.906012503578506,-0.001376806510432012,2.501234990242447,5.0,0.0,-1.6923818588256836,10.773754119873047,-1.6923818588256836,10.773754119873047,10.905866622924805,10.905866622924805,-0.0013768062926828861,2.5010874271392822,5.0,0.0,4.6872646652929006e-08,0.00014731895010555718,4.6872646652929006e-08,0.00014731895010555718,0.00014588065370091385,0.00014588065370091385,2.17749125805064e-10,0.0001475631031646607,0.0,0.0
4025,0.0805,0,5.0,1.586214239068795e-05,4.999997615814209,94.59281158447266,104.71975708007812,1.9999999494757503e-05,False,False,-1.7028732657082704,10.82519249536328,-1.7028732657082704,10.82519249536328,10.958310541353235,10.958310541353235,-0.0013842808124699534,2.501236113581613,5.0,0.0,-1.7028732299804688,10.825044631958008,-1.7028732299804688,10.825044631958008,10.95816421508789,10.95816421508789,-0.0013842801563441753,2.5010874271392822,5.0,0.0,3.572780160610023e-08,0.00014786340527273012,3.572780160610023e-08,0.00014786340527273012,0.00014632626534449855,0.00014632626534449855,6.561257780580282e-10,0.0001486864423307921,0.0,0.0
4050,0.081,0,4.978976726531982,1.4260784155339934e-05,4.99943208694458,95.1755599975586,104.71975708007812,1.9999999494757503e-05,False,False,-1.7131654233514997,10.84112559933201,-1.7131654233514997,10.84112559933201,10.975652145920941,10.975652145920941,-0.0013917174735611996,2.5005703598846245,4.978978211554945,0.009417547902066597,-1.713165521621704,10.84097671508789,-1.713165521621704,10.84097671508789,10.975504875183105,10.975504875183105,-0.0013917175820097327,2.500420570373535,4.978978157043457,0.009417548775672913,9.827020441832701e-08,0.00014888424411907408,9.827020441832701e-08,0.00014888424411907408,0.00014727073783582512,0.00014727073783582512,1.0844853313984881e-10,0.0001497895110893488,5.451148776813852e-08,8.73606315759945e-10
4075,0.0815,0,4.7536187171936035,-0.0001619078975636512,4.908724308013916,95.75396728515625,104.71975708007812,1.9999999494757503e-05,False,False,-1.6918936589672326,10.615988121493217,-1.6918936589672326,10.615988121493217,10.749963160352625,10.749963160352625,-0.001361431438608228,2.452880792918755,4.753621308397654,0.08523109199801471,-1.6918936967849731,10.615838050842285,-1.6918936967849731,10.615838050842285,10.749814987182617,10.749814987182617,-0.0013614317867904902,2.452730417251587,4.753621578216553,0.08523109555244446,3.7817740494716645e-08,0.0001500706509318661,3.7817740494716645e-08,0.0001500706509318661,0.00014817317000748176,0.00014817317000748176,3.481822621019537e-10,0.00015037566716813444,2.69818898779306e-07,3.554429750529664e-09
4100,0.082,0,4.5322957038879395,-0.00033574324334040284,4.735891819000244,96.31564331054688,104.71975708007812,1.9999999494757503e-05,False,False,-1.6414120241169488,10.496120486490726,-1.6414120241169488,10.496120486490726,10.623689505056424,10.623689505056424,-0.0012387512358538872,2.365871200793308,4.532296429798111,0.15636487255697448,-1.6414120197296143,10.495969772338867,-1.6414120197296143,10.495969772338867,10.623540878295898,10.623540878295898,-0.0012387515744194388,2.365720748901367,4.532296657562256,0.15636488795280457,4.387334495703499e-09,0.0001507141518590771,4.387334495703499e-09,0.0001507141518590771,0.0001486267605255165,0.0001486267605255165,3.3856555167917357e-10,0.0001504518919408504,2.277641444337064e-07,1.539583008303147e-08
4125,0.0825,0,4.3183417320251465,-0.00040796087705530226,4.535617351531982,96.85449981689453,104.71975708007812,1.9999999494757503e-05,False,False,-1.5804686805492552,10.420210983850144,-1.5804686805492552,10.420210983850144,10.539386993471123,10.539386993471123,-0.0010591981148047093,2.265768165052264,4.3183413121410945,0.2229865361782219,-1.580468773841858,10.420060157775879,-1.580468773841858,10.420060157775879,10.539237976074219,10.539237976074219,-0.0010591985192149878,2.2656173706054688,4.3183417320251465,0.2229865938425064,9.329260275414697e-08,0.00015082607426464278,9.329260275414697e-08,0.00015082607426464278,0.00014901739690387217,0.00014901739690387217,4.0441027848552025e-10,0.00015079444679511056,4.198840519720193e-07,5.766428451403627e-08
4150,0.083,0,4.112874507904053,-0.00040708828601054847,4.329891204833984,97.36876678466797,104.71975708007812,1.9999999494757503e-05,False,False,-1.5166064962333288,10.363268053144282,-1.5166064962333288,10.363268053144282,10.473653613030079,10.473653613030079,-0.0008651309284517389,2.1631326105875455,4.112874087350165,0.28529258467224133,-1.5166065692901611,10.363118171691895,-1.5166065692901611,10.363118171691895,10.473505020141602,10.473505020141602,-0.0008651312091387808,2.1629819869995117,4.112874507904053,0.28529268503189087,7.305683236147331e-08,0.0001498814523870351,7.305683236147331e-08,0.0001498814523870351,0.00014859288847723917,0.00014859288847723917,2.8068704196852756e-10,0.0001506235880337492,4.205538877144477e-07,1.0035964953525323e-07
4175,0.0835,0,3.916121244430542,-0.0003698850341606885,4.127423286437988,97.8583984375,104.71975708007812,1.9999999494757503e-05,False,False,-1.4528572799589459,10.31508412787397,-1.4528572799589459,10.31508412787397,10.416897563144566,10.416897563144566,-0.0006815787084516446,2.0621579849740224,3.916121170440686,0.3434855977928517,-1.452857255935669,10.314933776855469,-1.452857255935669,10.314933776855469,10.416749000549316,10.416749000549316,-0.0006815789383836091,2.0620081424713135,3.916121482849121,0.3434857726097107,2.402327692330175e-08,0.00015035101850102706,2.402327692330175e-08,0.00015035101850102706,0.00014856259524975712,0.00014856259524975712,2.2993196441885994e-10,0.00014984250270888566,3.124084351213696e-07,1.7481685898879107e-07
4200,0.084,0,3.727954626083374,-0.00031992708682082593,3.931534767150879,98.32402038574219,104.71975708007812,1.9999999494757503e-05,False,False,-1.3904331678834851,10.271462796557236,-1.3904331678834851,10.271462796557236,10.365146037341196,10.365146037341196,-0.0005193442526844469,1.9644497420814977,3.727956473777395,0.3977652364792391,-1.3904330730438232,10.271312713623047,-1.3904330730438232,10.271312713623047,10.364996910095215,10.364996910095215,-0.0005193445249460638,1.9642997980117798,3.727956771850586,0.3977653384208679,9.483966190160231e-08,0.00015008293418894425,9.483966190160231e-08,0.00015008293418894425,0.00014912724598126204,0.00014912724598126204,2.722616168973624e-10,0.00014994406971791108,2.980731910184886e-07,1.0194162880505786e-07
4225,0.0845,0,3.548111915588379,-0.00026927937869913876,3.743361234664917,98.76651763916016,104.71975708007812,1.9999999494757503e-05,False,False,-1.32980879772884,10.230660176024733,-1.32980879772884,10.230660176024733,10.31672424153207,10.31672424153207,-0.0003811248778498997,1.870562276748717,3.5481124448808448,0.44832476330849635,-1.3298088312149048,10.230510711669922,-1.3298088312149048,10.230510711669922,10.31657600402832,10.31657600402832,-0.0003811251081060618,1.8704123497009277,3.548112630844116,0.44832485914230347,3.348606480990668e-08,0.00014946435481100195,3.348606480990668e-08,0.00014946435481100195,0.00014823750374937106,0.00014823750374937106,2.3025616211879568e-10,0.00014992704778915567,1.85963271448486e-07,9.583380711220002e-08
4250,0.085,0,3.37628436088562,-0.00022312032524496317,3.5631582736968994,99.18682861328125,104.71975708007812,1.9999999494757503e-05,False,False,-1.2711583573232415,10.191928375167734,-1.2711583573232415,10.191928375167734,10.27089322181581,10.27089322181581,-0.00026578475174719116,1.7806242876972955,3.376286193625619,0.49534991101688086,-1.2711583375930786,10.191778182983398,-1.2711583375930786,10.191778182983398,10.270744323730469,10.270744323730469,-0.0002657849690876901,1.780474305152893,3.376286506652832,0.4953500032424927,1.9730162836850695e-08,0.0001501921843356513,1.9730162836850695e-08,0.0001501921843356513,0.00014889808534057636,0.00014889808534057636,2.1734049895092214e-10,0.0001499825444024605,3.1302721303916314e-07,9.222561181410072e-08
4275,0.0855,0,3.212151288986206,-0.00018310692394152284,3.3908307552337646,99.58592224121094,104.71975708007812,1.9999999494757503e-05,False,False,-1.2145325307196488,10.154927021789915,-1.2145325307196488,10.154927021789915,10.227298376700235,10.227298376700235,-0.00017071120002119097,1.6945933261868127,3.2121510493999956,0.5390185220287097,-1.2145326137542725,10.154777526855469,-1.2145326137542725,10.154777526855469,10.227149963378906,10.227149963378906,-0.00017071139882318676,1.6944435834884644,3.212151288986206,0.5390186309814453,8.30346236213586e-08,0.0001494949344458263,8.30346236213586e-08,0.0001494949344458263,0.00014841332132853324,0.00014841332132853324,1.9880199578019807e-10,0.00014974269834833187,2.395862104265234e-07,1.089527356112896e-07
4300,0.08600000000000001,0,3.0553956031799316,-0.00014928932068869472,3.2261476516723633,99.9647216796875,104.71975708007812,1.9999999494757503e-05,False,False,-1.1599292719821028,10.119481773361201,-1.1599292719821028,10.119481773361201,10.185742352788553,10.185742352788553,-9.295732886076284e-05,1.6123597947548411,3.0553964117054377,0.5795006736199384,-1.1599293947219849,10.119331359863281,-1.1599293947219849,10.119331359863281,10.185592651367188,10.185592651367188,-9.295753261540085e-05,1.6122100353240967,3.055396795272827,0.5795008540153503,1.227398820358161e-07,0.00015041349791999892,1.227398820358161e-07,0.00015041349791999892,0.0001497014213658332,0.0001497014213658332,2.037546380126128e-10,0.00014975943074446718,3.835673894059255e-07,1.8039541194170283e-07
4325,0.08650000000000001,0,2.9057092666625977,-0.00012108008377254009,3.0688300132751465,100.32413482666016,104.71975708007812,1.9999999494757503e-05,False,False,-1.1073237890420584,10.085489118131546,-1.1073237890420584,10.085489118131546,10.14609563949248,10.14609563949248,-2.9734261196510937e-05,1.5337893600105084,2.9057120977930246,0.6169589157289577,-1.1073237657546997,10.085339546203613,-1.1073237657546997,10.085339546203613,10.145946502685547,10.145946502685547,-2.9734459531027824e-05,1.5336394309997559,2.905712366104126,0.6169590353965759,2.3287358708046213e-08,0.0001495719279329677,2.3287358708046213e-08,0.0001495719279329677,0.00014913680693240394,0.00014913680693240394,1.983345168871456e-10,0.0001499290107525031,2.683111013368489e-07,1.1966761825910055e-07
4350,0.08700000000000001,0,2.7627944946289062,-9.770614269655198e-05,2.918586254119873,100.6650390625,104.71975708007812,1.9999999494757503e-05,False,False,-1.0566804778268493,10.052874491760718,-1.0566804778268493,10.052874491760718,10.108256980276753,10.108256980276753,2.1413304941734346e-05,1.4587404228052148,2.762796530567975,0.6515485137739345,-1.05668044090271,10.052724838256836,-1.05668044090271,10.052724838256836,10.108108520507812,10.108108520507812,2.141310687875375e-05,1.4585905075073242,2.762796640396118,0.6515486836433411,3.692413930167504e-08,0.00014965350388251863,3.692413930167504e-08,0.00014965350388251863,0.00014845976894051205,0.00014845976894051205,1.980629805943459e-10,0.00014991529789054603,1.0982814302451516e-07,1.6986940654106775e-07
4375,0.08750000000000001,0,2.6263647079467773,-7.840227772248909e-05,2.775125741958618,100.98826599121094,104.71975708007812,1.9999999494757503e-05,False,False,-1.0079577342050814,10.021576613905658,-1.0079577342050814,10.021576613905658,10.072138632004856,10.072138632004856,6.25738183248709e-05,1.3870713120966525,2.6263649815661463,0.6834177465421284,-1.0079576969146729,10.021427154541016,-1.0079576969146729,10.021427154541016,10.071990013122559,10.071990013122559,6.257362110773101e-05,1.3869214057922363,2.6263651847839355,0.683417797088623,3.729040853883703e-08,0.00014945936464272336,3.729040853883703e-08,0.00014945936464272336,0.00014861888229766862,0.00014861888229766862,1.9721713989001056e-10,0.0001499063044161364,2.0321778926302159e-07,5.054649465652261e-08
4400,0.08800000000000001,0,2.496145248413086,-6.24833774054423e-05,2.6381661891937256,101.29460906982422,104.71975708007812,1.9999999494757503e-05,False,False,-0.9611110580910907,9.991539790129824,-0.9611110580910907,9.991539790129824,10.037659181489104,10.037659181489104,9.54933525402198e-05,1.3186432685376348,2.496145893796482,0.7127082015759321,-0.9611110687255859,9.991390228271484,-0.9611110687255859,9.991390228271484,10.03750991821289,10.03750991821289,9.549314563628286e-05,1.3184932470321655,2.4961459636688232,0.7127081751823425,1.0634495284378431e-08,0.0001495618583398084,1.0634495284378431e-08,0.0001495618583398084,0.00014926327621367363,0.00014926327621367363,2.0690393693592775e-10,0.00015002150546927773,6.987234124622432e-08,2.639358953615556e-08
4425,0.08850000000000001,0,2.3718721866607666,-4.936301411362365e-05,2.507434129714966,101.5848388671875,104.71975708007812,1.9999999494757503e-05,False,False,-0.9160937920909933,9.962713592243276,-0.9160937920909933,9.962713592243276,10.00474337286952,10.00474337286952,0.00012161920504441466,1.2533216217355405,2.3718732070071633,0.7395550455262029,-0.9160937666893005,9.962563514709473,-0.9160937666893005,9.962563514709473,10.004593849182129,10.004593849182129,0.00012161899940110743,1.2531715631484985,2.371873378753662,0.7395550608634949,2.5401692749227323e-08,0.00015007753380302802,2.5401692749227323e-08,0.00015007753380302802,0.00014952368739074018,0.00014952368739074018,2.0564330723308807e-10,0.00015005858704197905,1.7174649880047355e-07,1.53372919919903e-08
4450,0.08900000000000001,0,2.2532918453216553,-3.855015893350355e-05,2.3826663494110107,101.85968780517578,104.71975708007812,1.9999999494757503e-05,False,False,-0.8728579200920517,9.935048808152894,-0.8728579200920517,9.935048808152894,9.973318192509836,9.973318192509836,0.00014214608845305923,1.1909763159750415,2.2532945731261154,0.7640872945055871,-0.872857928276062,9.934898376464844,-0.872857928276062,9.934898376464844,9.97316837310791,9.97316837310791,0.00014214588736649603,1.190826177597046,2.2532944679260254,0.7640873193740845,8.184010358291971e-09,0.00015043168805028984,8.184010358291971e-09,0.00015043168805028984,0.00014981940192626553,0.00014981940192626553,2.0108656319933749e-10,0.00015013837799560115,1.0520008997261243e-07,2.4868497372487752e-08
4475,0.08950000000000001,0,2.1401615142822266,-2.9638147680088878e-05,2.2636094093322754,102.11986541748047,104.71975708007812,1.9999999494757503e-05,False,False,-0.8313544521598198,9.908500890637749,-0.8313544521598198,9.908500890637749,9.943316354461173,9.943316354461173,0.00015805852000196774,1.1314819910985272,2.1401636690107964,0.7864280719254925,-0.8313544392585754,9.908350944519043,-0.8313544392585754,9.908350944519043,9.943166732788086,9.943166732788086,0.00015805827570147812,1.1313318014144897,2.1401636600494385,0.7864280343055725,1.2901244406116064e-08,0.0001499461187055573,1.2901244406116064e-08,0.0001499461187055573,0.00014962167308674168,0.00014962167308674168,2.443004896144664e-10,0.00015018968403746058,8.961357877979026e-09,3.761991995698821e-08
4500,0.09000000000000001,0,2.032248020172119,-2.2292009816737846e-05,2.1500208377838135,102.36604309082031,104.71975708007812,1.9999999494757503e-05,False,False,-0.7915341234305997,9.8830242368499,-0.7915341234305997,9.8830242368499,9.914670661939185,9.914670661939185,0.00017016747000752618,1.074718045413096,2.0322484068821645,0.8066948738428723,-0.7915341258049011,9.882875442504883,-0.7915341258049011,9.882875442504883,9.914522171020508,9.914522171020508,0.00017016722995322198,1.0745680332183838,2.0322484970092773,0.8066949844360352,2.374301422136682e-09,0.0001487943450175777,2.374301422136682e-09,0.0001487943450175777,0.00014849091867752406,0.00014849091867752406,2.400543042070571e-10,0.0001500121947122235,9.012711288391984e-08,1.1059316284978138e-07
4525,0.09050000000000001,0,1.9293279647827148,-1.6236519513768144e-05,2.0416669845581055,102.5988540649414,104.71975708007812,1.9999999494757503e-05,False,False,-0.7533469917034827,9.858576113917538,-0.7533469917034827,9.858576113917538,9.887317871081828,9.887317871081828,0.0001791411626418624,1.0205685143699241,1.9293311571158465,0.8249997917513937,-0.7533470392227173,9.858427047729492,-0.7533470392227173,9.858427047729492,9.887168884277344,9.887168884277344,0.00017914091586135328,1.0204188823699951,1.9293313026428223,0.8249998688697815,4.7519234547266365e-08,0.00014906618804566563,4.7519234547266365e-08,0.00014906618804566563,0.00014898680448460766,0.00014898680448460766,2.467805091136907e-10,0.00014963199992901188,1.4552697580327845e-07,7.711838778678981e-08
4550,0.09100000000000001,0,1.8311868906021118,-1.1245751011301763e-05,1.9383238554000854,102.81893157958984,104.71975708007812,1.9999999494757503e-05,False,False,-0.7167433643652403,9.835117134937109,-0.7167433643652403,9.835117134937109,9.861199222624759,9.861199222624759,0.0001855306018510665,0.9689220143973083,1.8311891058120793,0.8414497328693342,-0.7167433500289917,9.834967613220215,-0.7167433500289917,9.834967613220215,9.86104965209961,9.86104965209961,0.00018553038535173982,0.9687725305557251,1.8311893939971924,0.8414499163627625,1.4336248632673687e-08,0.00014952171689408544,1.4336248632673687e-08,0.00014952171689408544,0.0001495705251493007,0.0001495705251493007,2.1649932668561626e-10,0.00014948384158319783,2.88185113106465e-07,1.8349342822965298e-07
4575,0.09150000000000001,0,1.7376192808151245,-7.13426152287866e-06,1.8397769927978516,103.02685546875,104.71975708007812,1.9999999494757503e-05,False,False,-0.6816736620712808,9.812606572173179,-0.6816736620712808,9.812606572173179,9.83625572673962,9.83625572673962,0.00018979057687714204,0.9196715496863297,1.7376223204378156,0.8561466779765518,-0.6816737055778503,9.812457084655762,-0.6816737055778503,9.812457084655762,9.836106300354004,9.836106300354004,0.0001897904003271833,0.9195220470428467,1.7376227378845215,0.8561469912528992,4.3506569569196074e-08,0.00014948751741705735,4.3506569569196074e-08,0.00014948751741705735,0.00014942638561521449,0.00014942638561521449,1.7654995873453774e-10,0.00014950264348301268,4.1744670586929544e-07,3.1327634741895594e-07
4600,0.09200000000000001,0,1.648427963256836,-3.749770712602185e-06,1.745820164680481,103.22319793701172,104.71975708007812,1.9999999494757503e-05,False,False,-0.648088554244246,9.791007515698757,-0.648088554244246,9.791007515698757,9.812433283676988,9.812433283676988,0.00019229688812315835,0.8727144268170763,1.6484300897941906,0.8691878566434951,-0.6480885744094849,9.79085922241211,-0.6480885744094849,9.79085922241211,9.812285423278809,9.812285423278809,0.00019229672034271061,0.8725649118423462,1.648430347442627,0.869188129901886,2.016523881209764e-08,0.0001482932866476716,2.016523881209764e-08,0.0001482932866476716,0.00014786039817948904,0.00014786039817948904,1.677804477382555e-10,0.0001495149747301472,2.5764843636366663e-07,2.732583909148545e-07
4625,0.09250000000000001,0,1.5634242296218872,-9.671425686974544e-07,1.656255841255188,103.40849304199219,104.71975708007812,1.9999999494757503e-05,False,False,-0.6159391831812061,9.77028343158844,-0.6159391831812061,9.77028343158844,9.789679229216324,9.789679229216324,0.00019336045112034557,0.8279521019845173,1.5634270394853218,0.8806659725256414,-0.615939199924469,9.770133972167969,-0.615939199924469,9.770133972167969,9.789529800415039,9.789529800415039,0.0001933602907229215,0.8278025984764099,1.563427209854126,0.880666196346283,1.6743262887253252e-08,0.00014945942047184246,1.6743262887253252e-08,0.00014945942047184246,0.00014942880128465674,0.00014942880128465674,1.6039742407533697e-10,0.00014950350810738477,1.7036880417542477e-07,2.2382064157611126e-07
4650,0.09300000000000001,0,1.482426643371582,1.3165490599931218e-06,1.570894479751587,103.58326721191406,104.71975708007812,1.9999999494757503e-05,False,False,-0.5851773317089803,9.7503998795115,-0.5851773317089803,9.7503998795115,9.767944017034695,9.767944017034695,0.00019323883794255284,0.7852900192376616,1.4824274344958577,0.8906693961154077,-0.5851773619651794,9.750250816345215,-0.5851773619651794,9.750250816345215,9.76779556274414,9.76779556274414,0.00019323868036735803,0.7851405143737793,1.482427716255188,0.8906696438789368,3.0256199101685866e-08,0.00014906316628504612,3.0256199101685866e-08,0.00014906316628504612,0.000148454290554767,0.000148454290554767,1.5757519480864499e-10,0.00014950486388232154,2.8175933031171496e-07,2.4776352902655674e-07
4675,0.09350000000000001,0,1.405261754989624,3.186054073012201e-06,1.4895544052124023,103.74800872802734,104.71975708007812,1.9999999494757503e-05,False,False,-0.5557554087724318,9.731323122401541,-0.5557554087724318,9.731323122401541,9.747179786326232,9.747179786326232,0.00019214572151658846,0.7446374891589295,1.4052612546074337,0.8992823499842445,-0.5557554364204407,9.731173515319824,-0.5557554364204407,9.731173515319824,9.747030258178711,9.747030258178711,0.0001921455841511488,0.7444879412651062,1.4052616357803345,0.899282693862915,2.7648008882330544e-08,0.00014960708171685155,2.7648008882330544e-08,0.00014960708171685155,0.00014952814752078325,0.00014952814752078325,1.3736543966105103e-10,0.00014954789382326528,3.8117290079853205e-07,3.4387867053897736e-07
4700,0.09400000000000001,0,1.3317630290985107,4.711240308097331e-06,1.412061333656311,103.90318298339844,104.71975708007812,1.9999999494757503e-05,False,False,-0.527626571324028,9.713020316471557,-0.527626571324028,9.713020316471557,9.727340513570828,9.727340513570828,0.00019025860637283235,0.7059075450767386,1.3317664220372305,0.9065850815083739,-0.527626633644104,9.712870597839355,-0.527626633644104,9.712870597839355,9.727190971374512,9.727190971374512,0.00019025849178433418,0.7057579755783081,1.3317668437957764,0.9065854549407959,6.232007598860889e-08,0.0001497186322012567,6.232007598860889e-08,0.0001497186322012567,0.00014954219631668764,0.00014954219631668764,1.1458849816822596e-10,0.00014956949843047962,4.2175854586545825e-07,3.734324219850649e-07
4725,0.09450000000000001,0,1.2617709636688232,5.949783826508792e-06,1.3382484912872314,104.04926300048828,104.71975708007812,1.9999999494757503e-05,False,False,-0.5007450984460343,9.695462036170643,-0.5007450984460343,9.695462036170643,9.708384507653367,9.708384507653367,0.0001877251601164285,0.6690167813046636,1.2617730839893464,0.9126540355945272,-0.5007451176643372,9.6953125,-0.5007451176643372,9.6953125,9.708234786987305,9.708234786987305,0.00018772507610265166,0.6688672304153442,1.2617734670639038,0.9126543998718262,1.921830283801995e-08,0.0001495361706425058,1.921830283801995e-08,0.0001495361706425058,0.00014972066606233625,0.00014972066606233625,8.401377683819877e-11,0.0001495508893193387,3.830745574084915e-07,3.6427729899202177e-07
4750,0.095,0,1.1951326131820679,6.949363978492329e-06,1.2679555416107178,104.1866683959961,104.71975708007812,1.9999999494757503e-05,False,False,-0.47506584099137483,9.678617786636348,-0.47506584099137483,9.678617786636348,9.69026985243808,9.69026985243808,0.00018466840232584706,0.6338852250807714,1.1951355732390765,0.9175620349154961,-0.47506585717201233,9.678467750549316,-0.47506585717201233,9.678467750549316,9.690119743347168,9.690119743347168,0.00018466831534169614,0.6337357759475708,1.1951360702514648,0.9175624847412109,1.6180637496532313e-08,0.0001500360870316797,1.6180637496532313e-08,0.0001500360870316797,0.000150109090911954,0.000150109090911954,8.698415092053303e-11,0.0001494491332005854,4.970123883563105e-07,4.498257147877993e-07
4775,0.0955,0,1.1317013502120972,7.74945965531515e-06,1.2010291814804077,104.3158187866211,104.71975708007812,1.9999999494757503e-05,False,False,-0.4505448694242231,9.66245917940248,-0.4505448694242231,9.66245917940248,9.672957565966252,9.672957565966252,0.00018119096046239648,0.6004362264803838,1.1317047229880821,0.9213784025704392,-0.4505448639392853,9.662309646606445,-0.4505448639392853,9.662309646606445,9.672808647155762,9.672808647155762,0.0001811909314710647,0.6002868413925171,1.1317051649093628,0.9213788509368896,5.484937837252346e-09,0.0001495327960352455,5.484937837252346e-09,0.0001495327960352455,0.00014891881049017286,0.00014891881049017286,2.8991331796172914e-11,0.00014938508786666027,4.4192128068054615e-07,4.483664504117968e-07
4800,0.096,0,1.0713367462158203,8.382810847251676e-06,1.1373223066329956,104.4371109008789,104.71975708007812,1.9999999494757503e-05,False,False,-0.4271391825685178,9.64695898547815,-0.4271391825685178,9.64695898547815,9.656410593423569,9.656410593423569,0.00017737856381995858,0.5685963123819846,1.071339992266704,0.9241691698564212,-0.42713919281959534,9.646809577941895,-0.42713919281959534,9.646809577941895,9.656261444091797,9.656261444091797,0.00017737848975230008,0.568446934223175,1.0713404417037964,0.9241696000099182,1.0251077542378084e-08,0.00014940753625580783,1.0251077542378084e-08,0.00014940753625580783,0.00014914933177223588,0.00014914933177223588,7.406765850062787e-11,0.0001493781588095544,4.494370924312818e-07,4.3015349704411676e-07
4825,0.0965,0,1.0139042139053345,8.876620086084586e-06,1.0766938924789429,104.5509262084961,104.71975708007812,1.9999999494757503e-05,False,False,-0.4048068238596902,9.632091248082578,-0.4048068238596902,9.632091248082578,9.64059388087852,9.64059388087852,0.00017330291471106006,0.5382950314464153,1.013905593521231,0.925997176399274,-0.40480682253837585,9.631942749023438,-0.40480682253837585,9.631942749023438,9.640445709228516,9.640445709228516,0.00017330283299088478,0.5381457209587097,1.0139058828353882,0.9259974956512451,1.3213143357226897e-09,0.00014849905914005035,1.3213143357226897e-09,0.00014849905914005035,0.00014817165000380328,0.00014817165000380328,8.172017527735206e-11,0.00014931048770561173,2.893141570758928e-07,3.192519710815134e-07
4850,0.097,0,0.9592747092247009,9.253530151909217e-06,1.0190088748931885,104.65762329101562,104.71975708007812,1.9999999494757503e-05,False,False,-0.3835069212853931,9.617830251313418,-0.3835069212853931,9.617830251313418,9.625473302739628,9.625473302739628,0.00016902405065702587,0.5094648968265778,0.9592746178570595,0.9269222228531633,-0.3835069239139557,9.617681503295898,-0.3835069239139557,9.617681503295898,9.625324249267578,9.625324249267578,0.00016902395873330534,0.5093156099319458,0.9592750072479248,0.926922619342804,2.6285625898125886e-09,0.00014874801751929567,2.6285625898125886e-09,0.00014874801751929567,0.00014905347205029784,0.00014905347205029784,9.192372053433082e-11,0.00014928689463200584,3.8939086532963074e-07,3.964896406749574e-07
4875,0.0975,0,0.9073246717453003,9.532425792713184e-06,0.9641379117965698,104.7575454711914,104.71975708007812,1.9999999494757503e-05,False,False,-0.36319973541868206,9.60415130630885,-0.36319973541868206,9.60415130630885,9.611016406305952,9.611016406305952,0.0001645922899025366,0.48204119744645346,0.9073251901619476,0.927001198567436,-0.36319974064826965,9.604001998901367,-0.36319974064826965,9.604001998901367,9.610867500305176,9.610867500305176,0.00016459218750242144,0.4818919003009796,0.9073256254196167,0.9270016551017761,5.2295875963004335e-09,0.00014930740748297922,5.2295875963004335e-09,0.00014930740748297922,0.00014890600077599458,0.00014890600077599458,1.0240011516136037e-10,0.00014929714547384787,4.352576691291077e-07,4.565343401097266e-07
4900,0.098,0,0.8579356074333191,9.729087651066948e-06,0.911956787109375,104.85102844238281,104.71975708007812,1.9999999494757503e-05,False,False,-0.3438465542572931,9.591031676634808,-0.3438465542572931,9.591031676634808,9.597193291535131,9.597193291535131,0.00016004983668539815,0.4559619485741806,0.8579366242292767,0.926288209253471,-0.34384655952453613,9.590882301330566,-0.34384655952453613,9.590882301330566,9.597043991088867,9.597043991088867,0.00016004973440431058,0.45581263303756714,0.8579370379447937,0.9262886047363281,5.267243030626645e-09,0.00014937530424141698,5.267243030626645e-09,0.00014937530424141698,0.00014930044626382255,0.00014930044626382255,1.0228108757084214e-10,0.0001493155366134591,4.137155169559037e-07,3.9548285712953657e-07
4925,0.0985,0,0.8109941482543945,9.856732503976673e-06,0.8623467683792114,104.93838500976562,104.71975708007812,1.9999999494757503e-05,False,False,-0.3254098603392314,9.57844858230069,-0.3254098603392314,9.57844858230069,9.583974583698774,9.583974583698774,0.0001554321067856711,0.43116774354128473,0.8109975230480688,0.9248347321875149,-0.325409859418869,9.578298568725586,-0.325409859418869,9.578298568725586,9.58382511138916,9.58382511138916,0.00015543198969680816,0.4310184121131897,0.8109979629516602,0.9248351454734802,9.203623974052277e-10,0.00015001357510335822,9.203623974052277e-10,0.00015001357510335822,0.00014947230961404046,0.00014947230961404046,1.1708886293805738e-10,0.0001493314280950342,4.3990359133161405e-07,4.13285965339405e-07
4950,0.099,0,0.7663914561271667,9.926455277309287e-06,0.8151938915252686,105.01992797851562,104.71975708007812,1.9999999494757503e-05,False,False,-0.3078532147616628,9.56638132854734,-0.3078532147616628,9.56638132854734,9.571333518638783,9.571333518638783,0.0001507688245022939,0.4076016661222231,0.7663939237540018,0.9226896787924709,-0.30785322189331055,9.566232681274414,-0.30785322189331055,9.566232681274414,9.571185111999512,9.571185111999512,0.00015076871204655617,0.407452255487442,0.7663942575454712,0.9226900339126587,7.13164777232933e-09,0.0001486472729261834,7.13164777232933e-09,0.0001486472729261834,0.00014840663927095932,0.00014840663927095932,1.1245573772861693e-10,0.00014941063478107752,3.337914693535282e-07,3.5512018781158616e-07
4975,0.0995,0,0.7240235209465027,9.94758647721028e-06,0.7703890800476074,105.09593963623047,104.71975708007812,1.9999999494757503e-05,False,False,-0.29114127785912924,9.554808822575458,-0.29114127785912924,9.554808822575458,9.559243426110628,9.559243426110628,0.00014608493185229264,0.38520918943385984,0.7240253480131542,0.9198995548472786,-0.2911413013935089,9.554658889770508,-0.2911413013935089,9.554658889770508,9.559093475341797,9.559093475341797,0.00014608485798817128,0.38505977392196655,0.7240257263183594,0.9198999404907227,2.353437966728933e-08,0.00014993280495012584,2.353437966728933e-08,0.00014993280495012584,0.0001499507688311752,0.0001499507688311752,7.386412136231243e-11,0.0001494155118932916,3.783052051620217e-07,3.8564344406744056e-07
5000,0.1,0,0.6837905049324036,9.927993232849985e-06,0.7278278470039368,105.16669464111328,104.71975708007812,1.9999999494757503e-05,False,False,-0.2752398361003535,9.543710875936423,-0.2752398361003535,9.543710875936423,9.547678998104393,9.547678998104393,0.00014140134351997262,0.36393807034158393,0.6837929594893769,0.91650853558506,-0.27523982524871826,9.543560981750488,-0.27523982524871826,9.543560981750488,9.547529220581055,9.547529220581055,0.0001414012658642605,0.36378857493400574,0.683793306350708,0.9165089130401611,1.0851635257047576e-08,0.0001498941859345848,1.0851635257047576e-08,0.0001498941859345848,0.00014977752333855676,0.00014977752333855676,7.765571212871129e-11,0.0001494954075781929,3.4686133110195527e-07,3.774551011748173e-07
5025,0.1005,0,0.6455969214439392,9.874323950498365e-06,0.6874099969863892,105.23246002197266,104.71975708007812,1.9999999494757503e-05,False,False,-0.26011574461168935,9.533068939990587,-0.26011574461168935,9.533068939990587,9.536616990065614,9.536616990065614,0.0001367355748956616,0.3437382764422644,0.6455996865046014,0.9125585883534261,-0.26011574268341064,9.532918930053711,-0.26011574268341064,9.532918930053711,9.536466598510742,9.536466598510742,0.00013673548528458923,0.34358876943588257,0.6456001996994019,0.9125590920448303,1.9282787033780835e-09,0.00015000993687586117,1.9282787033780835e-09,0.00015000993687586117,0.00015039155487173161,0.00015039155487173161,8.961107236023919e-11,0.00014950700638183267,5.131948004333253e-07,5.036914042522156e-07
5050,0.101,0,0.6093512177467346,9.792206583369989e-06,0.6490397453308105,105.29348754882812,104.71975708007812,1.9999999494757503e-05,False,False,-0.24573700531647377,9.522864405035024,-0.24573700531647377,9.522864405035024,9.526034492508673,9.526034492508673,0.00013210226596697988,0.32456186586695857,0.6093542771903904,0.9080895552224376,-0.2457370012998581,9.522714614868164,-0.2457370012998581,9.522714614868164,9.525884628295898,9.525884628295898,0.00013210215547587723,0.32441243529319763,0.6093547344207764,0.9080900549888611,4.0166156789478435e-09,0.00014979016686034186,4.0166156789478435e-09,0.00014979016686034186,0.0001498642127746308,0.0001498642127746308,1.1049110264964648e-10,0.0001494305737609336,4.5723038599732035e-07,4.997664234673849e-07
5075,0.1015,0,0.5749657154083252,9.686420526122674e-06,0.6126251220703125,105.35002136230469,104.71975708007812,1.9999999494757503e-05,False,False,-0.23207260990088957,9.51308011488103,-0.23207260990088957,9.51308011488103,9.515910411958021,9.515910411958021,0.00012751361900905034,0.30636292100390167,0.5749674395915685,0.9031392656318269,-0.2320726066827774,9.512930870056152,-0.2320726066827774,9.512930870056152,9.515761375427246,9.515761375427246,0.00012751351459883153,0.30621346831321716,0.5749680995941162,0.9031399488449097,3.218112165637166e-09,0.0001492448248772149,3.218112165637166e-09,0.0001492448248772149,0.00014903653077524837,0.00014903653077524837,1.044102188063091e-10,0.00014945269068450395,6.60002547725469e-07,6.832130827749694e-07
5100,0.10200000000000001,0,0.5423564314842224,9.561027582094539e-06,0.5780781507492065,105.40228271484375,104.71975708007812,1.9999999494757503e-05,False,False,-0.2190926181471919,9.50369833927787,-0.2190926181471919,9.50369833927787,9.50622341938793,9.50622341938793,0.00012297976519183034,0.28909746986476476,0.5423598668580923,0.8977436164956848,-0.21909263730049133,9.503548622131348,-0.21909263730049133,9.503548622131348,9.506073951721191,9.506073951721191,0.00012297966168262064,0.28894802927970886,0.5423606038093567,0.897744357585907,1.9153299446461602e-08,0.00014971714652212142,1.9153299446461602e-08,0.00014971714652212142,0.00014946766673773482,0.00014946766673773482,1.035092096941543e-10,0.0001494405850558933,7.369512643462528e-07,7.410902221893778e-07
5125,0.10250000000000001,0,0.5114431381225586,9.419490197615232e-06,0.545314610004425,105.45050048828125,104.71975708007812,1.9999999494757503e-05,False,False,-0.20676817550830578,9.494703880419916,-0.20676817550830578,9.494703880419916,9.496955030706633,9.496955030706633,0.0001185090724973598,0.27272340183421806,0.5114464421950071,0.8919366673267823,-0.2067681849002838,9.49455451965332,-0.2067681849002838,9.49455451965332,9.496806144714355,9.496806144714355,0.00011850894952658564,0.27257397770881653,0.5114471912384033,0.8919374346733093,9.39197802862779e-09,0.0001493607665956631,9.39197802862779e-09,0.0001493607665956631,0.00014888599227802501,0.00014888599227802501,1.2297077416133055e-10,0.0001494241254015316,7.49043396197635e-07,7.67346526986401e-07
5150,0.10300000000000001,0,0.4821487069129944,9.264765139960218e-06,0.5142538547515869,105.49488067626953,104.71975708007812,1.9999999494757503e-05,False,False,-0.19507141516360013,9.486080498278287,-0.19507141516360013,9.486080498278287,9.488086007031637,9.488086007031637,0.00011410840487144687,0.25720038678951024,0.48215220163168415,0.8857507128314436,-0.19507141411304474,9.485930442810059,-0.19507141411304474,9.485930442810059,9.487936019897461,9.487936019897461,0.00011410828301450238,0.2570509612560272,0.48215290904045105,0.8857514262199402,1.0505553926787314e-09,0.00015005546822877136,1.0505553926787314e-09,0.00015005546822877136,0.00014998713417568865,0.00014998713417568865,1.2185694449752104e-10,0.00014942553348301635,7.07408766897899e-07,7.133884966092907e-07
5175,0.10350000000000001,0,0.4543994963169098,9.099379894905724e-06,0.48481857776641846,105.53562927246094,104.71975708007812,1.9999999494757503e-05,False,False,-0.183975448360696,9.477813921122467,-0.183975448360696,9.477813921122467,9.479599342220236,9.479599342220236,0.0001097833413344552,0.24248981050846677,0.45440049148919526,0.8792163580076936,-0.1839754581451416,9.47766399383545,-0.1839754581451416,9.47766399383545,9.479449272155762,9.479449272155762,0.00010978321370203048,0.24234038591384888,0.45440107583999634,0.8792169690132141,9.78444561483549e-09,0.00014992728701734848,9.78444561483549e-09,0.00014992728701734848,0.000150070064474761,0.000150070064474761,1.2763242471637657e-10,0.00014942459461789181,5.843508010805465e-07,6.110055205121867e-07
5200,0.10400000000000001,0,0.42812493443489075,8.925499059841968e-06,0.45693477988243103,105.57292938232422,104.71975708007812,1.9999999494757503e-05,False,False,-0.17345434083366273,9.469889093774912,-0.17345434083366273,9.469889093774912,9.471477490695476,9.471477490695476,0.0001055383609133453,0.22855469378906962,0.42812498113540526,0.8723626132695775,-0.17345434427261353,9.46973991394043,-0.17345434427261353,9.46973991394043,9.471328735351562,9.471328735351562,0.00010553822357906029,0.22840525209903717,0.42812538146972656,0.8723630309104919,3.438950790801698e-09,0.0001491798344819273,3.438950790801698e-09,0.0001491798344819273,0.0001487553439130096,0.0001487553439130096,1.3733428501675696e-10,0.000149441690032448,4.003343213043742e-07,4.1764091440743556e-07
5225,0.10450000000000001,0,0.40325748920440674,8.744980732444674e-06,0.43053168058395386,105.60696411132812,104.71975708007812,1.9999999494757503e-05,False,False,-0.16348314872709208,9.462292234938944,-0.16348314872709208,9.462292234938944,9.463704405744274,9.463704405744274,0.00010137700007988033,0.21535963459749036,0.4032578154458023,0.865216964538764,-0.1634831428527832,9.462143898010254,-0.1634831428527832,9.462143898010254,9.463556289672852,9.463556289672852,0.00010137686331290752,0.2152101993560791,0.40325823426246643,0.865217387676239,5.874308872666489e-09,0.00014833692869054005,5.874308872666489e-09,0.00014833692869054005,0.0001481160714220664,0.0001481160714220664,1.3676697281476708e-10,0.00014943524141125542,4.188166641272417e-07,4.231374750585104e-07
5250,0.10500000000000001,0,0.3797324597835541,8.559418347431347e-06,0.40554144978523254,105.63790893554688,104.71975708007812,1.9999999494757503e-05,False,False,-0.15403782620013678,9.455010199494472,-0.15403782620013678,9.455010199494472,9.456264882311883,9.456264882311883,9.730198650025235e-05,0.20287074066774025,0.37973363490924783,0.857805420806704,-0.15403783321380615,9.454861640930176,-0.15403783321380615,9.454861640930176,9.456116676330566,9.456116676330566,9.730183955980465e-05,0.20272132754325867,0.3797341585159302,0.8578059673309326,7.013669367506026e-09,0.00014855856429640824,7.013669367506026e-09,0.00014855856429640824,0.00014820598131670693,0.00014820598131670693,1.469404476973869e-10,0.00014941312448157884,5.236066823455232e-07,5.465242286506466e-07
5275,0.10550000000000001,0,0.3574880063533783,8.370179784833454e-06,0.3818991780281067,105.66593170166016,104.71975708007812,1.9999999494757503e-05,False,False,-0.14509523640691593,9.448030521710036,-0.14509523640691593,9.448030521710036,9.449144583865378,9.449144583865378,9.331535346703233e-05,0.19105557164970313,0.3574896782621106,0.850152616768765,-0.14509524405002594,9.447880744934082,-0.14509524405002594,9.447880744934082,9.448994636535645,9.448994636535645,9.331519686384127e-05,0.19090616703033447,0.35749000310897827,0.8501529693603516,7.643110006005926e-09,0.00014977677595418015,7.643110006005926e-09,0.00014977677595418015,0.00014994732973327984,0.00014994732973327984,1.5660319106758618e-10,0.00014940461936865934,3.248468676830818e-07,3.5259158659428635e-07
5300,0.10600000000000001,0,0.3364648222923279,8.178441930795088e-06,0.35954272747039795,105.69119262695312,104.71975708007812,1.9999999494757503e-05,False,False,-0.1366331152475692,9.441341040793988,-0.1366331152475692,9.441341040793988,9.442329651985423,9.442329651985423,8.941853746457758e-05,0.17988306777709817,0.3364658000111683,0.8422818303471327,-0.13663311302661896,9.441191673278809,-0.13663311302661896,9.441191673278809,9.442180633544922,9.442180633544922,8.941838314058259e-05,0.17973369359970093,0.33646613359451294,0.8422821760177612,2.220950229281371e-09,0.00014936751517957703,2.220950229281371e-09,0.00014936751517957703,0.00014901844050108082,0.00014901844050108082,1.5432399498929716e-10,0.00014937417739724346,3.3358334461386363e-07,3.4567062856538655e-07
5325,0.10650000000000001,0,0.31660622358322144,7.985216143424623e-06,0.33841264247894287,105.71383666992188,104.71975708007812,1.9999999494757503e-05,False,False,-0.12863004665321204,9.434929492793433,-0.12863004665321204,9.434929492793433,9.435806283666773,9.435806283666773,8.561246231319617e-05,0.16932350998893989,0.31660855812768873,0.8342150978413009,-0.12863004207611084,9.43478012084961,-0.12863004207611084,9.43478012084961,9.435656547546387,9.435656547546387,8.561232971260324e-05,0.1691741645336151,0.31660884618759155,0.8342154026031494,4.577101198055544e-09,0.00014937194382369512,4.577101198055544e-09,0.00014937194382369512,0.00014973612038637896,0.00014973612038637896,1.326005929271892e-10,0.00014934545532477306,2.880599028198816e-07,3.047618485352288e-07
5350,0.10700000000000001,0,0.29785794019699097,7.791370080667548e-06,0.31845200061798096,105.73401641845703,104.71975708007812,1.9999999494757503e-05,False,False,-0.1210654517848621,9.428785346718985,-0.1210654517848621,9.428785346718985,9.429562553910893,9.429562553910893,8.189761134903638e-05,0.15934844298080458,0.29785930392647275,0.8259732214378877,-0.12106545269489288,9.428635597229004,-0.12106545269489288,9.428635597229004,9.429412841796875,9.429412841796875,8.189747313736007e-05,0.1591990888118744,0.2978595495223999,0.8259735107421875,9.100307868381563e-10,0.00014974948998158766,9.100307868381563e-10,0.00014974948998158766,0.00014971211401793028,0.00014971211401793028,1.3821167631601974e-10,0.0001493541689301936,2.4559592715078793e-07,2.8930429984974637e-07
5375,0.10750000000000001,0,0.2801680862903595,7.597649073431967e-06,0.2996063232421875,105.75186157226562,104.71975708007812,1.9999999494757503e-05,False,False,-0.11391953202295407,9.422897190355254,-0.11391953202295407,9.422897190355254,9.423585788848175,9.423585788848175,7.82740897651595e-05,0.14993064543634313,0.2801701773776222,0.8175758743480392,-0.11391953378915787,9.422748565673828,-0.11391953378915787,9.422748565673828,9.423437118530273,9.423437118530273,7.827395893400535e-05,0.14978130161762238,0.28017038106918335,0.8175761103630066,1.7662037943289022e-09,0.0001486246814259573,1.7662037943289022e-09,0.0001486246814259573,0.0001486703179018889,0.0001486703179018889,1.3083115415145861e-10,0.00014934381872075408,2.0369156117361342e-07,2.360149673474865e-07
5400,0.10800000000000001,0,0.26348692178726196,7.4046902227564715e-06,0.2818234860897064,105.76750946044922,104.71975708007812,1.9999999494757503e-05,False,False,-0.10717328503120577,9.417255098540599,-0.10717328503120577,9.417255098540599,9.417864922795042,9.417864922795042,7.474167869074924e-05,0.1410440654352785,0.2634882244419925,0.8090416083172464,-0.10717328637838364,9.417106628417969,-0.10717328637838364,9.417106628417969,9.417716026306152,9.417716026306152,7.47414815123193e-05,0.14089472591876984,0.2634884715080261,0.8090418577194214,1.3471778692597525e-09,0.0001484701226299734,1.3471778692597525e-09,0.0001484701226299734,0.00014889648888960494,0.00014889648888960494,1.9717842994221996e-10,0.0001493395165086675,2.4706603363178203e-07,2.494021750232278e-07
5425,0.10850000000000001,0,0.24776698648929596,7.213040134956827e-06,0.2650536596775055,105.78108215332031,104.71975708007812,1.9999999494757503e-05,False,False,-0.10080846804074131,9.411848901687838,-0.10080846804074131,9.411848901687838,9.412388756072035,9.412388756072035,7.129988168551924e-05,0.13266377467733478,0.24776739230338207,0.8003879312267611,-0.10080846399068832,9.411700248718262,-0.10080846399068832,9.411700248718262,9.412240028381348,9.412240028381348,7.129969162633643e-05,0.13251440227031708,0.24776750802993774,0.8003880381584167,4.050052987425445e-09,0.00014865296957644603,4.050052987425445e-09,0.00014865296957644603,0.00014872769068752234,0.00014872769068752234,1.900591828151799e-10,0.00014937240701770604,1.1572655567171353e-07,1.069316556412403e-07
5450,0.10900000000000001,0,0.23296275734901428,7.023162652330939e-06,0.24924910068511963,105.79269409179688,104.71975708007812,1.9999999494757503e-05,False,False,-0.09480753920479262,9.406668587681535,-0.09480753920479262,9.406668587681535,9.407146346685833,9.407146346685833,6.794796557765812e-05,0.1247659263570185,0.2329646169034597,0.791631367172115,-0.09480753540992737,9.406519889831543,-0.09480753540992737,9.406519889831543,9.406997680664062,9.406997680664062,6.794777436880395e-05,0.12461652606725693,0.23296469449996948,0.7916314601898193,3.794865255368762e-09,0.0001486978499922742,3.794865255368762e-09,0.0001486978499922742,0.0001486660217704383,0.0001486660217704383,1.912088541699327e-10,0.00014940028976156983,7.759650977323673e-08,9.301770431680012e-08
5475,0.10950000000000001,0,0.21903075277805328,6.835452950326726e-06,0.23436415195465088,105.8024673461914,104.71975708007812,1.9999999494757503e-05,False,False,-0.0891536808197577,9.401705770058568,-0.0891536808197577,9.401705770058568,9.402128469955954,9.402128469955954,6.468499572244542e-05,0.11732770377085189,0.21903188786766803,0.7827874664762043,-0.08915368467569351,9.401556968688965,-0.08915368467569351,9.401556968688965,9.401979446411133,9.401979446411133,6.468480569310486e-05,0.1171782985329628,0.2190319299697876,0.7827875018119812,3.855935806762467e-09,0.00014880136960293555,3.855935806762467e-09,0.00014880136960293555,0.00014902354482160263,0.00014902354482160263,1.9002934055695805e-10,0.00014940523788908866,4.2102119568454555e-08,3.5335776860101475e-08
5500,0.11000000000000001,0,0.20592936873435974,6.650243904005038e-06,0.22035516798496246,105.81050109863281,104.71975708007812,1.9999999494757503e-05,False,False,-0.08383075228074534,9.39695081389799,-0.08383075228074534,9.39695081389799,9.397324736000456,9.397324736000456,6.150986693281717e-05,0.11032728324718008,0.20593221878427703,0.7738708857939801,-0.08383075892925262,9.396801948547363,-0.08383075892925262,9.396801948547363,9.397175788879395,9.397175788879395,6.15096723777242e-05,0.1101778969168663,0.20593225955963135,0.7738709449768066,6.6485072863775585e-09,0.00014886535062608175,6.6485072863775585e-09,0.00014886535062608175,0.0001489471210618376,0.0001489471210618376,1.9455509296976373e-10,0.00014938633031377768,4.077535431523671e-08,5.918282652839224e-08
5525,0.11050000000000001,0,0.19361881911754608,6.46781563773402e-06,0.20718038082122803,105.81690979003906,104.71975708007812,1.9999999494757503e-05,False,False,-0.07882327997183697,9.392396274324154,-0.07882327997183697,9.392396274324154,9.39272702059438,9.39272702059438,5.842133035613276e-05,0.10374378949343958,0.19361979950606045,0.764895403132079,-0.0788232758641243,9.392247200012207,-0.0788232758641243,9.392247200012207,9.392578125,9.392578125,5.842113387188874e-05,0.10359441488981247,0.19361984729766846,0.7648954391479492,4.1077126700095334e-09,0.0001490743119472171,4.1077126700095334e-09,0.0001490743119472171,0.00014889559438024946,0.00014889559438024946,1.964842440157588e-10,0.0001493746036271143,4.779160800438831e-08,3.6015870175098996e-08
5550,0.11100000000000002,0,0.18206104636192322,6.288401436904678e-06,0.19479984045028687,105.82177734375,104.71975708007812,1.9999999494757503e-05,False,False,-0.0741164049529776,9.388032780702993,-0.0741164049529776,9.388032780702993,9.388325342308772,9.388325342308772,5.541801702562793e-05,0.09755725852596543,0.1820639040067139,0.7558739904436959,-0.07411640882492065,9.387883186340332,-0.07411640882492065,9.387883186340332,9.388175964355469,9.388175964355469,5.54178113816306e-05,0.09740789234638214,0.1820637583732605,0.7558738589286804,3.871943057842664e-09,0.00014959436266082093,3.871943057842664e-09,0.00014959436266082093,0.00014937795330283166,0.00014937795330283166,2.0564399732777086e-10,0.00014936617958329068,1.4563345340778966e-07,1.315150154335143e-07
5575,0.11150000000000002,0,0.17121966183185577,6.112192295404384e-06,0.18317535519599915,105.82521057128906,104.71975708007812,1.9999999494757503e-05,False,False,-0.06969590765002244,9.383853697472343,-0.06969590765002244,9.383853697472343,9.384112517180755,9.384112517180755,5.249845854935479e-05,0.09174859891479034,0.1712210925888068,0.746818823641672,-0.06969590485095978,9.38370418548584,-0.06969590485095978,9.38370418548584,9.383962631225586,9.383962631225586,5.2498253353405744e-05,0.09159921854734421,0.17122095823287964,0.7468187212944031,2.7990626622065307e-09,0.00014951198650337005,2.7990626622065307e-09,0.00014951198650337005,0.00014988595516918224,0.00014988595516918224,2.0519594904526775e-10,0.0001493803674461336,1.3435592716160016e-07,1.0234726888214141e-07
5600,0.112,0,0.1610599011182785,5.9393446463218424e-06,0.17227040231227875,105.82728576660156,104.71975708007812,1.9999999494757503e-05,False,False,-0.06554814078638961,9.379850461871838,-0.06554814078638961,9.379850461871838,9.380079490379487,9.380079490379487,4.966110511658739e-05,0.08629955330927795,0.16106308227070643,0.7377413451802832,-0.06554814428091049,9.379701614379883,-0.06554814428091049,9.379701614379883,9.37993049621582,9.37993049621582,4.966089181834832e-05,0.08615018427371979,0.16106289625167847,0.7377411723136902,3.4945208809977757e-09,0.00014884749195509528,3.4945208809977757e-09,0.00014884749195509528,0.00014899416366631613,0.00014899416366631613,2.1329823907015148e-10,0.00014936903555816394,1.860190279590057e-07,1.7286659304005525e-07
5625,0.1125,0,0.15154848992824554,5.769982180936495e-06,0.1620500534772873,105.8281021118164,104.71975708007812,1.9999999494757503e-05,False,False,-0.06166004250561365,9.37601715102881,-0.06166004250561365,9.37601715102881,9.376219898084099,9.376219898084099,4.6904341378768593e-05,0.08119266698462628,0.15154895400107027,0.7286522790748683,-0.0616600438952446,9.375868797302246,-0.0616600438952446,9.375868797302246,9.37607192993164,9.37607192993164,4.6904136979719624e-05,0.0810433030128479,0.15154880285263062,0.7286521196365356,1.3896309450367461e-09,0.0001483537265638546,1.3896309450367461e-09,0.0001483537265638546,0.00014796815245787798,0.00014796815245787798,2.043990489695004e-10,0.00014936397177837957,1.511484396532481e-07,1.5943833264753238e-07
5650,0.113,0,0.14265364408493042,5.604202669928782e-06,0.15248093008995056,105.82772064208984,104.71975708007812,1.9999999494757503e-05,False,False,-0.05801908558127746,9.372345150003852,-0.05801908558127746,9.372345150003852,9.372524730567129,9.372524730567129,4.422650035926561e-05,0.07641125105251005,0.14265698307300667,0.719561680967262,-0.058019086718559265,9.372196197509766,-0.058019086718559265,9.372196197509766,9.37237548828125,9.37237548828125,4.422628990141675e-05,0.07626189291477203,0.14265692234039307,0.7195616364479065,1.137281803453849e-09,0.00014895249408652944,1.137281803453849e-09,0.00014895249408652944,0.00014924228587887,0.00014924228587887,2.1045784886141675e-10,0.00014935813773801765,6.073261360484139e-08,4.451935553539954e-08
5675,0.1135,0,0.13434496521949768,5.442077053885441e-06,0.14353109896183014,105.82623291015625,104.71975708007812,1.9999999494757503e-05,False,False,-0.05461328314853876,9.368829167432095,-0.05461328314853876,9.368829167432095,9.368988343424418,9.368988343424418,4.1625875589053026e-05,0.0719393557817755,0.13434890625792717,0.7104789581519665,-0.05461328849196434,9.368680000305176,-0.05461328849196434,9.368680000305176,9.368839263916016,9.368839263916016,4.16256625612732e-05,0.07178997993469238,0.13434875011444092,0.7104788422584534,5.343425577009064e-09,0.00014916712691892542,5.343425577009064e-09,0.00014916712691892542,0.0001490795084020391,0.0001490795084020391,2.1302777982378993e-10,0.00014937584708311913,1.5614348625181407e-07,1.158935131195804e-07
5700,0.114,0,0.1265934407711029,5.2836576287518255e-06,0.1351700872182846,105.82371520996094,104.71975708007812,1.9999999494757503e-05,False,False,-0.05143117026312166,9.365463143858674,-0.05143117026312166,9.365463143858674,9.36560436193254,9.36560436193254,3.9100731862562e-05,0.06776173240490861,0.12659378710635072,0.701412899615409,-0.05143117159605026,9.365313529968262,-0.05143117159605026,9.365313529968262,9.36545467376709,9.36545467376709,3.910052328137681e-05,0.06761234998703003,0.12659358978271484,0.7014127373695374,1.3329286008278984e-09,0.00014961389041268092,1.3329286008278984e-09,0.00014961389041268092,0.0001496881654503568,0.0001496881654503568,2.0858118518778026e-10,0.00014938241787858242,1.973236358754349e-07,1.6224587162660953e-07
5725,0.1145,0,0.11937129497528076,5.1289766815898474e-06,0.12736870348453522,105.82022094726562,104.71975708007812,1.9999999494757503e-05,False,False,-0.04846173757866741,9.362239608003398,-0.04846173757866741,9.362239608003398,9.362365033349038,9.362365033349038,3.664931451085051e-05,0.0638638102299997,0.11937204106019828,0.6923717286046465,-0.04846173897385597,9.362090110778809,-0.04846173897385597,9.362090110778809,9.362215995788574,9.362215995788574,3.664910400402732e-05,0.06371442973613739,0.11937183141708374,0.6923715472221375,1.3951885619034599e-09,0.0001494972245890125,1.3951885619034599e-09,0.0001494972245890125,0.00014903756046358296,0.00014903756046358296,2.105068231883435e-10,0.00014938049386231667,2.0964311453486317e-07,1.81382509012451e-07
5750,0.115,0,0.1126520186662674,4.978050128556788e-06,0.12009911984205246,105.8158187866211,104.71975708007812,1.9999999494757503e-05,False,False,-0.04569448458014923,9.359152913459182,-0.04569448458014923,9.359152913459182,9.359264460599055,9.359264460599055,3.426985759490359e-05,0.06023166490641202,0.11265557774138013,0.6833631076339068,-0.04569448530673981,9.359004020690918,-0.04569448530673981,9.359004020690918,9.359115600585938,9.359115600585938,3.426963303354569e-05,0.06008227542042732,0.1126551628112793,0.6833627223968506,7.265905793696348e-10,0.00014889276826401954,7.265905793696348e-10,0.00014889276826401954,0.00014886001311786856,0.00014886001311786856,2.245613579053671e-10,0.0001493894859846967,4.149301008338213e-07,3.852370562551499e-07
5775,0.1155,0,0.10641029477119446,4.830879788642051e-06,0.11333470046520233,105.81058502197266,104.71975708007812,1.9999999494757503e-05,False,False,-0.04311935130083158,9.356198704140324,-0.04311935130083158,9.356198704140324,9.356298064395645,9.356298064395645,3.196059113904895e-05,0.056851991043389324,0.10641181605100425,0.6743941810402068,-0.04311935231089592,9.356049537658691,-0.04311935231089592,9.356049537658691,9.356148719787598,9.356148719787598,3.196036777808331e-05,0.05670260637998581,0.10641151666641235,0.674393892288208,1.0100643377253249e-09,0.0001491664816324345,1.0100643377253249e-09,0.0001491664816324345,0.00014934460804738592,0.00014934460804738592,2.233609656417503e-10,0.00014938466340351508,2.9938459189526867e-07,2.8875199875599833e-07
5800,0.116,0,0.10062190890312195,4.687456112151267e-06,0.10705001652240753,105.8045654296875,104.71975708007812,1.9999999494757503e-05,False,False,-0.04072671046589001,9.353370356178331,-0.04072671046589001,9.353370356178331,9.35345902245693,9.35345902245693,2.971974725879131e-05,0.0537120777774293,0.10062356941677475,0.6654715975127953,-0.040726710110902786,9.35322093963623,-0.040726710110902786,9.35322093963623,9.353309631347656,9.353309631347656,2.971952380903531e-05,0.053562697023153305,0.1006232500076294,0.6654713153839111,3.54987227113579e-10,0.0001494165421007665,3.54987227113579e-10,0.0001494165421007665,0.00014939110927336685,0.00014939110927336685,2.2344975600258337e-10,0.0001493807542759934,3.1940914535510956e-07,2.821288841436953e-07
5825,0.1165,0,0.0952637642621994,4.547757271211594e-06,0.10122077167034149,105.79782104492188,104.71975708007812,1.9999999494757503e-05,False,False,-0.038507360961985995,9.35066313046129,-0.038507360961985995,9.35066313046129,9.350742419520301,9.350742419520301,2.754556561158542e-05,0.05079978153130859,0.09526521553798828,0.6566015150996959,-0.0385073646903038,9.35051441192627,-0.0385073646903038,9.35051441192627,9.350593566894531,9.350593566894531,2.754534398263786e-05,0.05065039545297623,0.09526491165161133,0.6566012501716614,3.728317807261128e-09,0.00014871853502107513,3.728317807261128e-09,0.00014871853502107513,0.00014885262577024605,0.00014885262577024605,2.2162894755851383e-10,0.00014938607833236278,3.038863769511124e-07,2.649280345101701e-07
5850,0.117,0,0.09031377732753754,4.411753707245225e-06,0.09582376480102539,105.7904052734375,104.71975708007812,1.9999999494757503e-05,False,False,-0.03645250560930331,9.348072024072298,-0.03645250560930331,9.348072024072298,9.348143096487577,9.348143096487577,2.5436298084843496e-05,0.048103505232308344,0.09031467159155437,0.6477896587829541,-0.036452505737543106,9.347923278808594,-0.036452505737543106,9.347923278808594,9.347994804382324,9.347994804382324,2.543607661209535e-05,0.047954119741916656,0.09031438827514648,0.6477894186973572,1.2823979378406847e-10,0.00014874526370434182,1.2823979378406847e-10,0.00014874526370434182,0.00014829210525313385,0.00014829210525313385,2.2147274814733392e-10,0.00014938549039168747,2.833164078896999e-07,2.4008559695865017e-07
5875,0.11750000000000001,0,0.08575087040662766,4.279406766727334e-06,0.09083683788776398,105.78236389160156,104.71975708007812,1.9999999494757503e-05,False,False,-0.034553733414153104,9.345591820095068,-0.034553733414153104,9.345591820095068,9.345655698147707,9.345655698147707,2.3390212866874174e-05,0.04561217233499588,0.08575340424508027,0.6390413304917224,-0.034553732722997665,9.345442771911621,-0.034553732722997665,9.345442771911621,9.34550666809082,9.34550666809082,2.3389991838485003e-05,0.04546278342604637,0.08575320243835449,0.6390411257743835,6.911554384370078e-10,0.0001490481834469648,6.911554384370078e-10,0.0001490481834469648,0.0001490300568871561,0.0001490300568871561,2.2102838917104268e-10,0.00014938890894950624,2.0180672577474468e-07,2.0471733885862875e-07
5900,0.11800000000000001,0,0.08155493438243866,4.150670520175481e-06,0.08623882383108139,105.77375030517578,104.71975708007812,1.9999999494757503e-05,False,False,-0.032803006273916566,9.343218435112982,-0.032803006273916566,9.343218435112982,9.34327601879853,9.34327601879853,2.1405598037879115e-05,0.043315206320284974,0.08155849708604712,0.6303614216186176,-0.0328030064702034,9.343070030212402,-0.0328030064702034,9.343070030212402,9.343127250671387,9.343127250671387,2.1405374354799278e-05,0.043165817856788635,0.0815582275390625,0.6303611397743225,1.9628683400885194e-10,0.00014840490057999034,1.9628683400885194e-10,0.00014840490057999034,0.00014876812714348375,0.00014876812714348375,2.2368307983714744e-10,0.00014938846349633883,2.695469846214493e-07,2.81844295124678e-07
5925,0.11850000000000001,0,0.07770674675703049,4.0254954001284204e-06,0.08200952410697937,105.76461029052734,104.71975708007812,1.9999999494757503e-05,False,False,-0.031192646370349734,9.340947454225395,-0.031192646370349734,9.340947454225395,9.340999535584373,9.340999535584373,1.948076432105072e-05,0.04120250949240907,0.0777106082253507,0.6217544255360808,-0.03119264729321003,9.340799331665039,-0.03119264729321003,9.340799331665039,9.340851783752441,9.340851783752441,1.9480541595839895e-05,0.04105311632156372,0.07771039009094238,0.6217542290687561,9.228602951272258e-10,0.0001481225603559011,9.228602951272258e-10,0.0001481225603559011,0.00014775183193194152,0.00014775183193194152,2.227252108262588e-10,0.00014939317084534942,2.181344083140857e-07,1.964673247423221e-07
5950,0.11900000000000001,0,0.0741879865527153,3.90382410841994e-06,0.07812964916229248,105.75498962402344,104.71975708007812,1.9999999494757503e-05,False,False,-0.02971531713312156,9.338774907517289,-0.02971531713312156,9.338774907517289,9.338822183409794,9.338822183409794,1.7614047773676946e-05,0.03926444177589447,0.07419005783222588,0.6132244976748921,-0.029715318232774734,9.33862590789795,-0.029715318232774734,9.33862590789795,9.33867359161377,9.33867359161377,1.7613825548323803e-05,0.03911504149436951,0.07418990135192871,0.6132243275642395,1.0996531740747884e-09,0.00014899961933956263,1.0996531740747884e-09,0.00014899961933956263,0.00014859179602488837,0.00014859179602488837,2.2222535314334437e-10,0.00014940028152496398,1.5648029716430756e-07,1.7011065256422597e-07
5975,0.11950000000000001,0,0.07098113745450974,3.7855966183997225e-06,0.07458079606294632,105.74491882324219,104.71975708007812,1.9999999494757503e-05,False,False,-0.02836401144425294,9.336695781640572,-0.02836401144425294,9.336695781640572,9.336738865152546,9.336738865152546,1.580381195545194e-05,0.037491801337959846,0.07098474818871436,0.6047754304914563,-0.028364012017846107,9.336546897888184,-0.028364012017846107,9.336546897888184,9.336589813232422,9.336589813232422,1.580358912178781e-05,0.03734239935874939,0.07098448276519775,0.6047751903533936,5.735931660200144e-10,0.0001488837523879738,5.735931660200144e-10,0.0001488837523879738,0.0001490519201237106,0.0001490519201237106,2.228336641320024e-10,0.00014940197921045617,2.654235166099639e-07,2.401380627681249e-07
6000,0.12000000000000001,0,0.06806951761245728,3.6707499475596705e-06,0.07134538143873215,105.73445129394531,104.71975708007812,1.9999999494757503e-05,False,False,-0.02713203751943653,9.334707523584834,-0.02713203751943653,9.334707523584834,9.334746954167063,9.334746954167063,1.4048449573992427e-05,0.0358758073171764,0.06807034603059814,0.5964106985266916,-0.02713203802704811,9.334558486938477,-0.02713203802704811,9.334558486938477,9.33459758758545,9.33459758758545,1.404822432959918e-05,0.035726398229599,0.06807011365890503,0.5964104533195496,5.076115812407966e-10,0.00014903664635745884,5.076115812407966e-10,0.00014903664635745884,0.00014936658161346372,0.00014936658161346372,2.2524439324785918e-10,0.00014940908757739985,2.3237169310963424e-07,2.4520714203557503e-07
6025,0.12050000000000001,0,0.0654371976852417,3.559217475412879e-06,0.06840664893388748,105.7236099243164,104.71975708007812,1.9999999494757503e-05,False,False,-0.026013007867132922,9.332805170290355,-0.026013007867132922,9.332805170290355,9.332841422802419,9.332841422802419,1.2346384006083262e-05,0.034408080586284716,0.06543810537216366,0.5881334734256568,-0.026013009250164032,9.332655906677246,-0.026013009250164032,9.332655906677246,9.33269214630127,9.33269214630127,1.2346161383902654e-05,0.03425867483019829,0.065437912940979,0.5881332755088806,1.3830311097751125e-09,0.00014926361310863,1.3830311097751125e-09,0.00014926361310863,0.00014927650114948676,0.00014927650114948676,2.2262218060830241e-10,0.00014940575608642787,1.9243118465350761e-07,1.9791677619007686e-07
6050,0.12100000000000001,0,0.06306897103786469,3.4509305351093644e-06,0.06574860960245132,105.71243286132812,104.71975708007812,1.9999999494757503e-05,False,False,-0.025000829564301153,9.330985409692238,-0.025000829564301153,9.330985409692238,9.331018902422624,9.331018902422624,1.069607050610352e-05,0.0330806260596029,0.06307102974138734,0.5799466214342828,-0.025000831112265587,9.330836296081543,-0.025000831112265587,9.330836296081543,9.330869674682617,9.330869674682617,1.0695848686737008e-05,0.03293121978640556,0.06307083368301392,0.5799464583396912,1.5479644337179632e-09,0.0001491136106945845,1.5479644337179632e-09,0.0001491136106945845,0.0001492277400068076,0.0001492277400068076,2.2181936651122789e-10,0.0001494062731973375,1.960583734250676e-07,1.6309459160979145e-07
6075,0.12150000000000001,0,0.06095035746693611,3.345818640809739e-06,0.06335599720478058,105.70095825195312,104.71975708007812,1.9999999494757503e-05,False,False,-0.02408968341983495,9.329245305548227,-0.02408968341983495,9.329245305548227,9.329276407307315,9.329276407307315,9.095997097347844e-06,0.03188581815982611,0.060951847306373375,0.5718527334386279,-0.024089684709906578,9.329095840454102,-0.024089684709906578,9.329095840454102,9.329127311706543,9.329127311706543,9.095775567402598e-06,0.03173641487956047,0.06095176935195923,0.5718526840209961,1.2900716293839931e-09,0.00014946509412538944,1.2900716293839931e-09,0.00014946509412538944,0.00014909560077214223,0.00014909560077214223,2.2152994524649592e-10,0.00014940328026563643,7.795441414604198e-08,4.9417631764470116e-08
6100,0.12200000000000001,0,0.059067532420158386,3.2438101698062383e-06,0.06121425703167915,105.689208984375,104.71975708007812,1.9999999494757503e-05,False,False,-0.02327401676986498,9.327580836806527,-0.02327401676986498,9.327580836806527,9.32760987322138,9.32760987322138,7.544685253373088e-06,0.030816383967939023,0.05907098099525265,0.5638541499975955,-0.023274017497897148,9.327431678771973,-0.023274017497897148,9.327431678771973,9.327460289001465,9.327460289001465,7.544461823272286e-06,0.030666982755064964,0.059070885181427,0.5638540983200073,7.28032169272641e-10,0.00014915803455473053,7.28032169272641e-10,0.00014915803455473053,0.00014958421991551063,0.00014958421991551063,2.2343010080209507e-10,0.00014940121287405905,9.581382565126972e-08,5.1677588208676184e-08
6125,0.12250000000000001,0,0.05740731954574585,3.1448328172700712e-06,0.059309519827365875,105.6772232055664,104.71975708007812,1.9999999494757503e-05,False,False,-0.02254854095233773,9.325989598650553,-0.02254854095233773,9.325989598650553,9.326016857739289,9.326016857739289,6.040690497926126e-06,0.02986538721563275,0.0574106608250905,0.5559529638462054,-0.02254854142665863,9.32583999633789,-0.02254854142665863,9.32583999633789,9.325867652893066,9.325867652893066,6.040467269485816e-06,0.02971598505973816,0.057410597801208496,0.5559529066085815,4.743209019997252e-10,0.0001496023126623669,4.743209019997252e-10,0.0001496023126623669,0.0001492048462221618,0.0001492048462221618,2.2322844030932e-10,0.00014940215589459224,6.302388200207787e-08,5.723762386278253e-08
6150,0.12300000000000001,0,0.055957160890102386,3.04881314150407e-06,0.05762855336070061,105.66502380371094,104.71975708007812,1.9999999494757503e-05,False,False,-0.02190820629638273,9.32446813547049,-0.02190820629638273,9.32446813547049,9.324493872533116,9.324493872533116,4.5826026663409995e-06,0.029026215156278328,0.05596081157297861,0.5481510173923216,-0.02190820686519146,9.324318885803223,-0.02190820686519146,9.324318885803223,9.324344635009766,9.324344635009766,4.582378096529283e-06,0.028876813128590584,0.05596074461936951,0.5481509566307068,5.688087292843313e-10,0.00014924966726681532,5.688087292843313e-10,0.00014924966726681532,0.00014923752335072038,0.00014923752335072038,2.2456981171685013e-10,0.00014940202768774433,6.695360910136117e-08,6.076161485069065e-08
6175,0.12350000000000001,0,0.05470508337020874,2.955677928184741e-06,0.05615874007344246,105.65264129638672,104.71975708007812,1.9999999494757503e-05,False,False,-0.02134819893999864,9.323013921842696,-0.02134819893999864,9.323013921842696,9.323038363777696,9.323038363777696,3.1690461069432604e-06,0.028292564382769725,0.05470717770087835,0.5404499452722691,-0.021348198875784874,9.322864532470703,-0.021348198875784874,9.322864532470703,9.32288932800293,9.32288932800293,3.1688207400293322e-06,0.02814316377043724,0.05470713973045349,0.5404499173164368,6.421376624876629e-11,0.0001493893719928252,6.421376624876629e-11,0.0001493893719928252,0.0001490357747666593,0.0001490357747666593,2.253669139281365e-10,0.00014940061233248425,3.797042485986779e-08,2.795583231574028e-08
6200,0.12400000000000001,0,0.05363968759775162,2.8653539629885927e-06,0.05488806590437889,105.64009094238281,104.71975708007812,1.9999999494757503e-05,False,False,-0.020863932024681578,9.321623334521567,-0.020863932024681578,9.321623334521567,9.321646683626048,9.321646683626048,1.7986797624687445e-06,0.027658426926201657,0.05364324098639389,0.5328511743508336,-0.020863931626081467,9.321474075317383,-0.020863931626081467,9.321474075317383,9.321496963500977,9.321496963500977,1.7984542637350387e-06,0.027509024366736412,0.05364316701889038,0.5328510999679565,3.986001112510351e-10,0.0001492592041838492,3.986001112510351e-10,0.0001492592041838492,0.00014972012507108445,0.00014972012507108445,2.2549873370583865e-10,0.00014940255946524483,7.396750351107428e-08,7.438287707994817e-08
6225,0.12450000000000001,0,0.05275009945034981,2.777767804218456e-06,0.053805071860551834,105.62740325927734,104.71975708007812,1.9999999494757503e-05,False,False,-0.020451033660589375,9.320294324926408,-0.020451033660589375,9.320294324926408,9.320316762215391,9.320316762215391,4.7019708007439926e-07,0.027118077267260506,0.052754347871310614,0.525355941244164,-0.020451033487915993,9.320144653320312,-0.020451033487915993,9.320144653320312,9.320167541503906,9.320167541503906,4.699716100731166e-07,0.026968680322170258,0.05275428295135498,0.525355875492096,1.7267338253690312e-10,0.0001496716060955805,1.7267338253690312e-10,0.0001496716060955805,0.000149220711485043,0.000149220711485043,2.254700012826474e-10,0.00014939694509024867,6.491995563351338e-08,6.575206801251454e-08
6250,0.125,0,0.052025970071554184,2.692846919671865e-06,0.052898846566677094,105.6146011352539,104.71975708007812,1.9999999494757503e-05,False,False,-0.02010533954121729,9.319024406713355,-0.02010533954121729,9.319024406713355,9.319046094831663,9.319046094831663,-8.176741514992734e-07,0.026666061383667408,0.052029614576007244,0.5179652798034114,-0.02010533958673477,9.318875312805176,-0.02010533958673477,9.318875312805176,9.318897247314453,9.318897247314453,-8.178995472007955e-07,0.026516668498516083,0.05202946066856384,0.5179651379585266,4.551748214454143e-11,0.0001490939081794096,4.551748214454143e-11,0.0001490939081794096,0.00014884751720956046,0.00014884751720956046,2.2539570152213055e-10,0.00014939288515132543,1.5390744340093576e-07,1.418448848378162e-07
6254,0.12508,0,0.051924798637628555,2.6795021312864264e-06,0.052769552916288376,105.612548828125,104.71975708007812,1.9999999494757503e-05,False,False,-0.020055998204616177,9.318826999899272,-0.020055998204616177,9.318826999899272,9.31884858215411,9.31884858215411,-1.0200480063758186e-06,0.026601585436578354,0.05192548863428348,0.5167925396357486,-0.020055999979376793,9.318678855895996,-0.020055999979376793,9.318678855895996,9.318700790405273,9.318700790405273,-1.0202734301856253e-06,0.026452194899320602,0.05192536115646362,0.5167924165725708,1.7747606162465956e-09,0.00014814400327622934,1.7747606162465956e-09,0.00014814400327622934,0.0001477917488372782,0.0001477917488372782,2.2542380980671234e-10,0.00014939053725775142,1.274778198556703e-07,1.230631777593416e-07
6275,0.1255,0,0.051457446068525314,2.6105194592673797e-06,0.05215899273753166,105.6017074584961,104.71975708007812,1.9999999494757503e-05,False,False,-0.019822881862571216,9.317811320470826,-0.019822881862571216,9.317811320470826,9.317832406227298,9.317832406227298,-2.0661720547549485e-06,0.026297183761569178,0.05145799711148408,0.5106800636703489,-0.01982288248836994,9.317662239074707,-0.01982288248836994,9.317662239074707,9.317683219909668,9.317683219909668,-2.066397200906067e-06,0.026147788390517235,0.05145782232284546,0.5106799006462097,6.257987253399655e-10,0.00014908139611868876,6.257987253399655e-10,0.00014908139611868876,0.00014918631763016776,0.00014918631763016776,2.2514615111868879e-10,0.00014939537105194273,1.7478863861830618e-07,1.630241391881171e-07
6300,0.126,0,0.051035135984420776,2.5307140276709106e-06,0.051575612276792526,105.58872985839844,104.71975708007812,1.9999999494757503e-05,False,False,-0.0195998808933325,9.316651648522853,-0.0195998808933325,9.316651648522853,9.316672265098447,9.316672265098447,-3.2765010019691887e-06,0.026006496513190123,0.05103623636654303,0.5035010062773692,-0.019599882885813713,9.316502571105957,-0.019599882885813713,9.316502571105957,9.316523551940918,9.316523551940918,-3.276726147305453e-06,0.025857102125883102,0.05103608965873718,0.5035008788108826,1.9924812147409376e-09,0.00014907741689640375,1.9924812147409376e-09,0.00014907741689640375,0.00014871315752884584,0.00014871315752884584,2.251453362645232e-10,0.0001493943873070204,1.4670780584813414e-07,1.2746648658801263e-07
6325,0.1265,0,0.05075011029839516,2.4533601390430704e-06,0.05113928020000458,105.57569122314453,104.71975708007812,1.9999999494757503e-05,False,False,-0.019432740852146444,9.3155435340806,-0.019432740852146444,9.3155435340806,9.315563802946546,9.315563802946546,-4.449832018001132e-06,0.025789288845527326,0.05075296292688203,0.4964286558409426,-0.01943274214863777,9.31539535522461,-0.01943274214863777,9.31539535522461,9.315415382385254,9.315415382385254,-4.450056621863041e-06,0.025639893487095833,0.05075278878211975,0.4964284896850586,1.2964913274904344e-09,0.00014817885599072156,1.2964913274904344e-09,0.00014817885599072156,0.0001484205612918288,0.0001484205612918288,2.2460386190939306e-10,0.0001493953584314929,1.7414476227717302e-07,1.661558839960442e-07
6350,0.127,0,0.050593867897987366,2.3783888991602e-06,0.05084102600812912,105.56261444091797,104.71975708007812,1.9999999494757503e-05,False,False,-0.01931803992195158,9.314485302291189,-0.01931803992195158,9.314485302291189,9.314505334866956,9.314505334866956,-5.587303234523575e-06,0.025641076107793818,0.05059666218844883,0.4894634153877896,-0.01931803859770298,9.314336776733398,-0.01931803859770298,9.314336776733398,9.314356803894043,9.314356803894043,-5.587527994066477e-06,0.025491682812571526,0.05059647560119629,0.4894632399082184,1.3242485996656228e-09,0.00014852555779043541,1.3242485996656228e-09,0.00014852555779043541,0.00014853097291300799,0.00014853097291300799,2.247595429016809e-10,0.0001493932952222922,1.8658725253750674e-07,1.7547957120722657e-07
6375,0.1275,0,0.050558317452669144,2.3057318685459904e-06,0.05067230388522148,105.54951477050781,104.71975708007812,1.9999999494757503e-05,False,False,-0.01925251756799124,9.313474798687011,-0.01925251756799124,9.313474798687011,9.313494697760383,9.313494697760383,-6.690020391391231e-06,0.025557590664287852,0.05055966943047596,0.48260556528432436,-0.019252518191933632,9.313325881958008,-0.019252518191933632,9.313325881958008,9.313345909118652,9.313345909118652,-6.6902457547257654e-06,0.025408200919628143,0.05055946111679077,0.48260536789894104,6.239423908094288e-10,0.00014891672900319008,6.239423908094288e-10,0.00014891672900319008,0.00014878864173084594,0.00014878864173084594,2.253633345341904e-10,0.00014938974465970867,2.0831368519047544e-07,1.9738538331592892e-07
6397,0.12794,0,0.05062074959278107,2.2436545350501547e-06,0.05062451958656311,105.53797149658203,104.71975708007812,1.9999999494757503e-05,False,False,-0.019233073467451553,9.312622675846423,-0.019233073467451553,9.312622675846423,9.312642536563079,9.312642536563079,-7.632516491661256e-06,0.025534436186764393,0.050624162032024744,0.4766595994329145,-0.01923307403922081,9.312472343444824,-0.01923307403922081,9.312472343444824,9.312492370605469,9.312492370605469,-7.632740562257823e-06,0.0253850519657135,0.050623953342437744,0.4766594171524048,5.717692569406907e-10,0.00015033240159922912,5.717692569406907e-10,0.00015033240159922912,0.0001501659576099712,0.0001501659576099712,2.2407059656687147e-10,0.0001493842210508918,2.0868958700015483e-07,1.8228050974178345e-07
6400,0.128,0,0.05063576251268387,2.2353219719661865e-06,0.050624992698431015,105.5363998413086,104.71975708007812,1.9999999494757503e-05,False,False,-0.019233074565602293,9.312509353534145,-0.019233074565602293,9.312509353534145,9.312529214494749,9.312529214494749,-7.75905741085738e-06,0.025534771503505554,0.05063814728603622,0.4758552407072106,-0.01923307590186596,9.312359809875488,-0.01923307590186596,9.312359809875488,9.312379837036133,9.312379837036133,-7.759281288599595e-06,0.025385387241840363,0.05063796043395996,0.4758550524711609,1.336263665691062e-09,0.0001495436586562704,1.336263665691062e-09,0.0001495436586562704,0.0001493774586158736,0.0001493774586158736,2.2387774221486307e-10,0.00014938426166519192,1.8685207625601663e-07,1.8823604969187002e-07
6425,0.1285,0,0.05081888660788536,2.167093498428585e-06,0.05069136619567871,105.5232925415039,104.71975708007812,1.9999999494757503e-05,False,False,-0.019256765825615866,9.311587812915514,-0.019256765825615866,9.311587812915514,9.311607724806,9.311607724806,-8.795457001786912e-06,0.025568755953514665,0.050820210666887744,0.4692124741989789,-0.019256766885519028,9.31143856048584,-0.019256766885519028,9.31143856048584,9.311458587646484,9.311458587646484,-8.795681424089707e-06,0.02541937306523323,0.050819993019104004,0.46921226382255554,1.0599031617652965e-09,0.0001492524296740072,1.0599031617652965e-09,0.0001492524296740072,0.00014913715951614392,0.00014913715951614392,2.2442230279509938e-10,0.0001493828882814345,2.1764778374011584e-07,2.1037642333743278e-07
6450,0.129,0,0.05110073462128639,2.100982328556711e-06,0.050864070653915405,105.51020050048828,104.71975708007812,1.9999999494757503e-05,False,False,-0.01932078631705881,9.310707851005336,-0.01932078631705881,9.310707851005336,9.31072789740718,9.31072789740718,-9.800231143883772e-06,0.025655871116493312,0.05110179691166333,0.46267717564185296,-0.019320787861943245,9.310558319091797,-0.019320787861943245,9.310558319091797,9.310578346252441,9.310578346252441,-9.800453881325666e-06,0.025506488978862762,0.05110159516334534,0.4626769721508026,1.5448844356558133e-09,0.00014953191353939133,1.5448844356558133e-09,0.00014953191353939133,0.00014955115473824776,0.00014955115473824776,2.2273744189392573e-10,0.0001493821376305493,2.0174831799613102e-07,2.0349105034345172e-07
6475,0.1295,0,0.05147469416260719,2.0369254798424663e-06,0.051136117428541183,105.49713134765625,104.71975708007812,1.9999999494757503e-05,False,False,-0.01942247096948604,9.309867283610318,-0.01942247096948604,9.309867283610318,9.30988754340332,9.30988754340332,-1.0774361906163983e-05,0.02579262361826014,0.05147874823467724,0.4562491597937379,-0.019422471523284912,9.309718132019043,-0.019422471523284912,9.309718132019043,9.309738159179688,9.309738159179688,-1.0774585462058894e-05,0.02564324624836445,0.051478445529937744,0.4562488794326782,5.537988713444353e-10,0.00014915159127504296,5.537988713444353e-10,0.00014915159127504296,0.00014938422363286463,0.00014938422363286463,2.2355589491107727e-10,0.00014937736989569309,3.0270473949656207e-07,2.803610597013062e-07
6500,0.13,0,0.05193447694182396,1.9748608792724553e-06,0.051500868052244186,105.4841079711914,104.71975708007812,1.9999999494757503e-05,False,False,-0.0195592917829385,9.309065399185895,-0.0195592917829385,9.309065399185895,9.309085947192404,9.309085947192404,-1.1718801969749854e-05,0.025975694202204615,0.0519388491158419,0.44992812876531874,-0.01955929398536682,9.308916091918945,-0.01955929398536682,9.308916091918945,9.308937072753906,9.308937072753906,-1.1719027497747447e-05,0.02582632191479206,0.051938533782958984,0.44992783665657043,2.2024283195809513e-09,0.00014930726695006058,2.2024283195809513e-09,0.00014930726695006058,0.0001488744384978702,0.0001488744384978702,2.2552799759344697e-10,0.00014937228741255387,3.1533288291640815e-07,2.9210874830098987e-07
6525,0.1305,0,0.052474118769168854,1.9147287275700364e-06,0.05195200815796852,105.47113800048828,104.71975708007812,1.9999999494757503e-05,False,False,-0.019728842295472098,9.308300307949903,-0.019728842295472098,9.308300307949903,9.308321215460852,9.308321215460852,-1.263447535206863e-05,0.026201928110695348,0.05247775652737635,0.44371371207240534,-0.01972884312272072,9.308151245117188,-0.01972884312272072,9.308151245117188,9.308172225952148,9.308172225952148,-1.2634700397029519e-05,0.026052556931972504,0.052477478981018066,0.4437134563922882,8.272486202998142e-10,0.00014906283271542975,8.272486202998142e-10,0.00014906283271542975,0.00014898950870367855,0.00014898950870367855,2.2504496088880438e-10,0.0001493711787228444,2.7754635828491914e-07,2.5568011713383854e-07
6550,0.131,0,0.053087953478097916,1.8564702486401075e-06,0.052483540028333664,105.4582290649414,104.71975708007812,1.9999999494757503e-05,False,False,-0.01992883747437911,9.307570246935072,-0.01992883747437911,9.307570246935072,9.30759158215454,9.30759158215454,-1.3522278038919298e-05,0.026468328976923437,0.053091027310637695,0.4376054390999456,-0.019928837195038795,9.30742073059082,-0.019928837195038795,9.30742073059082,9.307441711425781,9.307441711425781,-1.3522502740670461e-05,0.026318956166505814,0.05309072136878967,0.4376051425933838,2.793403147682838e-10,0.00014951634425131033,2.793403147682838e-10,0.00014951634425131033,0.00014987072875882745,0.00014987072875882745,2.2470175116336708e-10,0.00014937281041762368,3.059418480222398e-07,2.9650656180324475e-07
6575,0.1315,0,0.05377059429883957,1.8000281443164567e-06,0.053089775145053864,105.44538879394531,104.71975708007812,1.9999999494757503e-05,False,False,-0.020157110828410735,9.30687355310981,-0.020157110828410735,9.30687355310981,9.30689538152717,9.30689538152717,-1.4383078710813787e-05,0.02677205089131955,0.053774148215379125,0.43160276914128365,-0.020157111808657646,9.306724548339844,-0.020157111808657646,9.306724548339844,9.306746482849121,9.306746482849121,-1.4383300367626362e-05,0.026622682809829712,0.05377382040023804,0.43160244822502136,9.802469114195134e-10,0.00014900476996615453,9.802469114195134e-10,0.00014900476996615453,0.00014889867804868118,0.00014889867804868118,2.2165681257417438e-10,0.0001493680814898396,3.278151410879282e-07,3.209162622863637e-07
6600,0.132,0,0.05451693758368492,1.7453463669880875e-06,0.053765300661325455,105.43263244628906,104.71975708007812,1.9999999494757503e-05,False,False,-0.020411603103289967,9.306209391721481,-0.020411603103289967,9.306209391721481,9.306231776401571,9.306231776401571,-1.5217719417895809e-05,0.027110392223188562,0.05451855584634502,0.4257050838883455,-0.020411603152751923,9.306060791015625,-0.020411603152751923,9.306060791015625,9.306082725524902,9.306082725524902,-1.5217942745948676e-05,0.02696102485060692,0.05451825261116028,0.4257047772407532,4.946195536481568e-11,0.0001486007058559835,4.946195536481568e-11,0.0001486007058559835,0.0001490508766686105,0.0001490508766686105,2.233280528670718e-10,0.00014936737258164356,3.0323518473984734e-07,3.066475923185763e-07
6625,0.1325,0,0.05532214045524597,1.6923708017202443e-06,0.054504990577697754,105.41996002197266,104.71975708007812,1.9999999494757503e-05,False,False,-0.02069036207793543,9.305575678261476,-0.02069036207793543,9.305575678261476,9.30559868009224,9.30559868009224,-1.6027016257002256e-05,0.027480788529631036,0.055323566810401015,0.4199116999479968,-0.02069036290049553,9.305426597595215,-0.02069036290049553,9.305426597595215,9.305449485778809,9.305449485778809,-1.6027239325921983e-05,0.02733142115175724,0.055323243141174316,0.41991138458251953,8.225600998945648e-10,0.00014908066626162508,8.225600998945648e-10,0.00014908066626162508,0.00014919431343152212,0.00014919431343152212,2.2306891972684664e-10,0.0001493673778737957,3.236692266983532e-07,3.153654772880543e-07
6650,0.133,0,0.05618160218000412,1.6410483567597112e-06,0.05530397593975067,105.40737915039062,104.71975708007812,1.9999999494757503e-05,False,False,-0.02099153555054187,9.3049711065324,-0.02099153555054187,9.3049711065324,9.304994784413777,9.304994784413777,-1.681176005086721e-05,0.02788080757072566,0.05618445507921821,0.4142218638354996,-0.02099153771996498,9.304821968078613,-0.02099153771996498,9.304821968078613,9.304845809936523,9.304845809936523,-1.681198409642093e-05,0.027731435373425484,0.05618414282798767,0.41422155499458313,2.1694231099045336e-09,0.00014913845378750068,2.1694231099045336e-09,0.00014913845378750068,0.00014897447725381596,0.00014897447725381596,2.240455537193015e-10,0.00014937219730017798,3.1225123053868487e-07,3.088409164520023e-07
6675,0.1335,0,0.05709097161889076,1.5913275319690001e-06,0.05615764111280441,105.39490509033203,104.71975708007812,1.9999999494757503e-05,False,False,-0.021313369971968386,9.30439516022229,-0.021313369971968386,9.30439516022229,9.30441957122031,9.30441957122031,-1.757271703803901e-05,0.028308141937615997,0.05709247952526081,0.40863477951049965,-0.021313371136784554,9.304245948791504,-0.021313371136784554,9.304245948791504,9.30427074432373,9.30427074432373,-1.7572941942489706e-05,0.02815876714885235,0.05709218978881836,0.4086345136165619,1.1648161671318213e-09,0.00014921143078616694,1.1648161671318213e-09,0.00014921143078616694,0.00014882689657902404,0.00014882689657902404,2.249044506945179e-10,0.00014937478876364887,2.897364424492288e-07,2.658939377564451e-07
6700,0.134,0,0.058046117424964905,1.5431584188263514e-06,0.057061608880758286,105.38253021240234,104.71975708007812,1.9999999494757503e-05,False,False,-0.02165419859937244,9.303845397183242,-0.02165419859937244,9.303845397183242,9.303870596639054,9.303870596639054,-1.8310629554226793e-05,0.02876060406769294,0.05805075406997623,0.4031495883508536,-0.021654199808835983,9.303696632385254,-0.021654199808835983,9.303696632385254,9.30372142791748,9.30372142791748,-1.831084955483675e-05,0.028611231595277786,0.05805042386054993,0.403149276971817,1.2094635432058354e-09,0.0001487647979878659,1.2094635432058354e-09,0.0001487647979878659,0.00014916872157400007,0.00014916872157400007,2.2000060995703923e-10,0.00014937247241515392,3.3020942630246353e-07,3.1137903661049293e-07
6725,0.1345,0,0.05904313176870346,1.4964922456783825e-06,0.0580117292702198,105.37027740478516,104.71975708007812,1.9999999494757503e-05,False,False,-0.022012447971099858,9.303322169289482,-0.022012447971099858,9.303322169289482,9.303348210910888,9.303348210910888,-1.9026216685793373e-05,0.029236121259777113,0.059046442381931574,0.39776537165590115,-0.02201244793832302,9.303173065185547,-0.02201244793832302,9.303173065185547,9.30319881439209,9.30319881439209,-1.902643452922348e-05,0.029086746275424957,0.05904611945152283,0.39776507019996643,3.277683680025234e-11,0.0001491041039347607,3.277683680025234e-11,0.0001491041039347607,0.00014939651879863902,0.00014939651879863902,2.178434301064382e-10,0.00014937498435215607,3.229304087470908e-07,3.0145593471475607e-07
6750,0.135,0,0.06007831171154976,1.4512818324874388e-06,0.05900407209992409,105.35813903808594,104.71975708007812,1.9999999494757503e-05,False,False,-0.02238662259562631,9.30282322601151,-0.02238662259562631,9.30282322601151,9.302850161928356,9.302850161928356,-1.972017495110182e-05,0.029732729144710014,0.060082565761526874,0.39248117818245143,-0.022386623546481133,9.302674293518066,-0.022386623546481133,9.302674293518066,9.302700996398926,9.302700996398926,-1.972039171960205e-05,0.029583357274532318,0.06008222699165344,0.39248085021972656,9.508548219627766e-10,0.00014893249344360981,9.508548219627766e-10,0.00014893249344360981,0.0001491655294305616,0.0001491655294305616,2.1676850022744345e-10,0.0001493718701776961,3.387698734313993e-07,3.279627248664596e-07
6775,0.1355,0,0.06114814803004265,1.407481249771081e-06,0.06003492325544357,105.34613037109375,104.71975708007812,1.9999999494757503e-05,False,False,-0.02277531447703126,9.302348397856857,-0.02277531447703126,9.302348397856857,9.302376278675228,9.302376278675228,-2.0393178930439743e-05,0.0302485681749191,0.061150175309687305,0.3872960041186113,-0.02277531661093235,9.302199363708496,-0.02277531661093235,9.302199363708496,9.302227020263672,9.302227020263672,-2.0393397790030576e-05,0.030099201947450638,0.06114983558654785,0.387295663356781,2.1339010905507827e-09,0.0001490341483609825,2.1339010905507827e-09,0.0001490341483609825,0.00014925841155566388,0.00014925841155566388,2.1885959083377845e-10,0.0001493662274684622,3.397231394530742e-07,3.407618303086224e-07
6800,0.136,0,0.062249328941106796,1.3650458186020842e-06,0.06110075116157532,105.33424377441406,104.71975708007812,1.9999999494757503e-05,False,False,-0.023177180714786395,9.301895626465518,-0.023177180714786395,9.301895626465518,9.301924501271992,9.301924501271992,-2.1045881910941643e-05,0.03078187878001764,0.06225223224829568,0.38220883814267276,-0.02317718230187893,9.301746368408203,-0.02317718230187893,9.301746368408203,9.301774978637695,9.301774978637695,-2.1046100300736725e-05,0.030632514506578445,0.062251895666122437,0.3822084963321686,1.5870925337835295e-09,0.00014925805731458297,1.5870925337835295e-09,0.00014925805731458297,0.00014952263429712787,0.00014952263429712787,2.1838979508199854e-10,0.00014936427343919395,3.3658217324372686e-07,3.418105041785857e-07
6825,0.1365,0,0.0633787214756012,1.3239325653557898e-06,0.062198229134082794,105.32249450683594,104.71975708007812,1.9999999494757503e-05,False,False,-0.023590961728425265,9.301464917176672,-0.023590961728425265,9.301464917176672,9.301494833570768,9.301494833570768,-2.167891652294102e-05,0.031330995188439285,0.06337970757358685,0.37721859633805227,-0.02359096147119999,9.301316261291504,-0.02359096147119999,9.301316261291504,9.301345825195312,9.301345825195312,-2.167913226003293e-05,0.03118162974715233,0.06337934732437134,0.37721824645996094,2.572252758015203e-10,0.00014865588516776995,2.572252758015203e-10,0.00014865588516776995,0.00014900837545539503,0.00014900837545539503,2.1573709191094188e-10,0.0001493654412869569,3.6024921551414124e-07,3.498780913324673e-07
6850,0.137,0,0.06453335285186768,1.284099425902241e-06,0.0633242055773735,105.31087493896484,104.71975708007812,1.9999999494757503e-05,False,False,-0.024015459934171427,9.301054327163383,-0.024015459934171427,9.301054327163383,9.301085331248204,9.301085331248204,-2.2292895342040758e-05,0.031894342829716274,0.06453548490602595,0.3723241897816243,-0.024015460163354874,9.300905227661133,-0.024015460163354874,9.300905227661133,9.300936698913574,9.300936698913574,-2.2293113943305798e-05,0.031744975596666336,0.06453514099121094,0.3723238408565521,2.2918344652622658e-10,0.0001490995022503938,2.2918344652622658e-10,0.0001490995022503938,0.00014863233463024983,0.00014863233463024983,2.1860126503961885e-10,0.00014936723304993793,3.439148150152782e-07,3.489250721688819e-07
6875,0.1375,0,0.06571043282747269,1.245505700353533e-06,0.06447570025920868,105.29939270019531,104.71975708007812,1.9999999494757503e-05,False,False,-0.024449546672543166,9.300663361288626,-0.024449546672543166,9.300663361288626,9.300695497668395,9.300695497668395,-2.2888411512609577e-05,0.03247043313903577,0.06571445521673597,0.3675244819881025,-0.024449547752738,9.300514221191406,-0.024449547752738,9.300514221191406,9.300546646118164,9.300546646118164,-2.2888627427164465e-05,0.03232107311487198,0.065714031457901,0.36752405762672424,1.0801948328864608e-09,0.0001491400972195578,1.0801948328864608e-09,0.0001491400972195578,0.00014885155023058871,0.00014885155023058871,2.159145548882521e-10,0.00014936002416379018,4.2375883496648115e-07,4.2436137825951903e-07
6900,0.138,0,0.06690730899572372,1.2081120530638145e-06,0.06564990431070328,105.28805541992188,104.71975708007812,1.9999999494757503e-05,False,False,-0.02489215887077389,9.30029154866951,-0.02489215887077389,9.30029154866951,9.30032486044583,9.30032486044583,-2.346603932199866e-05,0.033057858642630986,0.0669114994637543,0.3628183264591152,-0.024892158806324005,9.300142288208008,-0.024892158806324005,9.300142288208008,9.300175666809082,9.300175666809082,-2.3466254788218066e-05,0.032908499240875244,0.06691113114356995,0.3628179728984833,6.44498863999754e-11,0.00014926046150165462,6.44498863999754e-11,0.00014926046150165462,0.00014919363674792407,0.00014919363674792407,2.1546621940736975e-10,0.00014935940175574147,3.6832018435184466e-07,3.535606319382545e-07
6925,0.1385,0,0.06812150031328201,1.1718803989424487e-06,0.0668441504240036,105.27686309814453,104.71975708007812,1.9999999494757503e-05,False,False,-0.02534228587861326,9.299937878668311,-0.02534228587861326,9.299937878668311,9.299972407407626,9.299972407407626,-2.4026334800469514e-05,0.03365529295778122,0.0681254511225366,0.3582045566701181,-0.025342285633087158,9.299788475036621,-0.025342285633087158,9.299788475036621,9.299822807312012,9.299822807312012,-2.4026558094192296e-05,0.03350592032074928,0.06812512874603271,0.3582042455673218,2.455261029210565e-10,0.00014940363169024806,2.455261029210565e-10,0.00014940363169024806,0.00014960009561448828,0.00014960009561448828,2.2329372278265583e-10,0.00014937263703193593,3.223765038806725e-07,3.1110279630208737e-07
6950,0.139,0,0.06935064494609833,1.1367734487066627e-06,0.06805593520402908,105.26581573486328,104.71975708007812,1.9999999494757503e-05,False,False,-0.02579897959644642,9.299601338162121,-0.02579897959644642,9.299601338162121,9.299637123893326,9.299637123893326,-2.4569836246130825e-05,0.03426148299964636,0.06935510862273664,0.3536819710507649,-0.02579898200929165,9.299452781677246,-0.02579898200929165,9.299452781677246,9.29948902130127,9.29948902130127,-2.4570059395045973e-05,0.034112103283405304,0.06935474276542664,0.35368162393569946,2.412845229171623e-09,0.00014855648487532847,2.412845229171623e-09,0.00014855648487532847,0.0001481025920568868,0.0001481025920568868,2.2314891514807673e-10,0.00014937971624105761,3.658573100029372e-07,3.4711506541329484e-07
6975,0.1395,0,0.07059252262115479,1.1027555046894122e-06,0.0692829042673111,105.25492095947266,104.71975708007812,1.9999999494757503e-05,False,False,-0.026261350690915113,9.29928164325664,-0.026261350690915113,9.29928164325664,9.2993187244631,9.2993187244631,-2.5097064827008877e-05,0.03487524617291906,0.0705952978504174,0.3492493680307094,-0.026261352002620697,9.29913330078125,-0.026261352002620697,9.29913330078125,9.29917049407959,9.29917049407959,-2.5097284378716722e-05,0.034725870937108994,0.07059496641159058,0.3492490351200104,1.3117055844280578e-09,0.00014834247538964007,1.3117055844280578e-09,0.00014834247538964007,0.00014823038351075013,0.00014823038351075013,2.195517078449965e-10,0.00014937523581006612,3.3143882682828973e-07,3.329106990079822e-07
7000,0.14,0,0.07184505462646484,1.069791892405192e-06,0.07052281498908997,105.24417114257812,104.71975708007812,1.9999999494757503e-05,False,False,-0.026728548811379083,9.298977288191855,-0.026728548811379083,9.298977288191855,9.299015701762714,9.299015701762714,-2.5608525065275055e-05,0.035495470231407165,0.07184875973956473,0.3449055160003467,-0.026728549972176552,9.298828125,-0.026728549972176552,9.298828125,9.298866271972656,9.298866271972656,-2.5608746000216343e-05,0.03534609451889992,0.07184839248657227,0.34490516781806946,1.160797468563457e-09,0.00014916319185509508,1.160797468563457e-09,0.00014916319185509508,0.00014942979005816426,0.00014942979005816426,2.2093494128774078e-10,0.00014937571250724785,3.6725299246143095e-07,3.4818227723221185e-07
7025,0.1405,0,0.07310627400875092,1.0378487331763608e-06,0.07177357375621796,105.23357391357422,104.71975708007812,1.9999999494757503e-05,False,False,-0.02719978419853177,9.298688108295755,-0.02719978419853177,9.298688108295755,9.298727889535284,9.298727889535284,-2.610470540717725e-05,0.036121104431737945,0.07311029514352635,0.34064918835661534,-0.02719978615641594,9.298539161682129,-0.02719978615641594,9.298539161682129,9.298579216003418,9.298579216003418,-2.6104922653757967e-05,0.035971712321043015,0.07310998439788818,0.340648889541626,1.9578841707612593e-09,0.0001489466136259665,1.9578841707612593e-09,0.0001489466136259665,0.00014867353186609478,0.00014867353186609478,2.172465807170009e-10,0.00014939211069493058,3.107456381656881e-07,2.988149893634606e-07
7050,0.14100000000000001,0,0.07437432557344437,1.006893739941006e-06,0.07303320616483688,105.22312927246094,104.71975708007812,1.9999999494757503e-05,False,False,-0.027674310695064288,9.298413319489727,-0.027674310695064288,9.298413319489727,9.298454502095304,9.298454502095304,-2.658607869012657e-05,0.03675116262254071,0.07437864491671037,0.3364791259539234,-0.02767430990934372,9.298264503479004,-0.02767430990934372,9.298264503479004,9.29830551147461,9.29830551147461,-2.658629273355473e-05,0.036601774394512177,0.07437831163406372,0.3364787995815277,7.857205684691504e-10,0.00014881601072325168,7.857205684691504e-10,0.00014881601072325168,0.00014899062069417823,0.00014899062069417823,2.1404342815718345e-10,0.00014938822802853385,3.332826466473371e-07,3.263723956647979e-07
7075,0.14150000000000001,0,0.07564748078584671,9.768951940714032e-07,0.07429984956979752,105.21284484863281,104.71975708007812,1.9999999494757503e-05,False,False,-0.02815142679744427,9.298152890773247,-0.02815142679744427,9.298152890773247,9.298195506818816,9.298195506818816,-2.7053102682632372e-05,0.03738471510023789,0.07564858988629164,0.33239408216303656,-0.02815142832696438,9.298004150390625,-0.02815142832696438,9.298004150390625,9.298047065734863,9.298047065734863,-2.7053316443925723e-05,0.0372353233397007,0.0756482183933258,0.33239370584487915,1.5295201077902831e-09,0.00014874038262213674,1.5295201077902831e-09,0.00014874038262213674,0.0001484410839527328,0.0001484410839527328,2.137612933510787e-10,0.00014939176053719444,3.714929658338306e-07,3.7631815741345775e-07
7100,0.14200000000000002,0,0.07692410796880722,9.478225706516241e-07,0.07557176053524017,105.20270538330078,104.71975708007812,1.9999999494757503e-05,False,False,-0.028630470324200397,9.29790479756181,-0.028630470324200397,9.29790479756181,9.297948877486578,9.297948877486578,-2.7506220519249963e-05,0.03802089057488857,0.07692681098731685,0.3283927928318199,-0.028630472719669342,9.29775619506836,-0.028630472719669342,9.29775619506836,9.297800064086914,9.297800064086914,-2.7506435799296014e-05,0.03787149116396904,0.07692644000053406,0.3283924162387848,2.395468944732526e-09,0.00014860249345005627,2.395468944732526e-09,0.00014860249345005627,0.00014881339966343887,0.00014881339966343887,2.1528004605144975e-10,0.00014939941091952902,3.7098678279390285e-07,3.7659303508963404e-07
7125,0.14250000000000002,0,0.07820267230272293,9.196464247906988e-07,0.07684729993343353,105.1927261352539,104.71975708007812,1.9999999494757503e-05,False,False,-0.029110826985612532,9.297669739087707,-0.029110826985612532,9.297669739087707,9.297715311698624,9.297715311698624,-2.7945861204091446e-05,0.03865886872806648,0.07820408396084008,0.3244739787885091,-0.029110828414559364,9.297520637512207,-0.029110828414559364,9.297520637512207,9.297566413879395,9.297566413879395,-2.7946074624196626e-05,0.03850946202874184,0.0782037228345871,0.32447361946105957,1.4289468323880339e-09,0.00014910157550040992,1.4289468323880339e-09,0.00014910157550040992,0.00014889781922988732,0.00014889781922988732,2.134201051798843e-10,0.00014940669932464457,3.6112625298456713e-07,3.5932744951727713e-07
7150,0.14300000000000002,0,0.07948174327611923,8.923380505621026e-07,0.07812493294477463,105.18289947509766,104.71975708007812,1.9999999494757503e-05,False,False,-0.0295919160454815,9.2974464518699,-0.0295919160454815,9.2974464518699,9.297493544331367,9.297493544331367,-2.8372440044702105e-05,0.039297880634112256,0.0794831297146747,0.3206363883973267,-0.029591916128993034,9.297297477722168,-0.029591916128993034,9.297297477722168,9.297344207763672,9.297344207763672,-2.8372654924169183e-05,0.039148472249507904,0.07948276400566101,0.3206360340118408,8.351153449326354e-11,0.00014897414773251683,8.351153449326354e-11,0.00014897414773251683,0.00014933656769500203,0.00014933656769500203,2.1487946707756831e-10,0.00014940838460435202,3.657090136832686e-07,3.5438548590116525e-07
7175,0.14350000000000002,0,0.08075997978448868,8.658697652208502e-07,0.07940320670604706,105.17322540283203,104.71975708007812,1.9999999494757503e-05,False,False,-0.030073190029979425,9.297234404590453,-0.030073190029979425,9.297234404590453,9.297283042408626,9.297283042408626,-2.878635910093501e-05,0.039937205530533273,0.0807626715803283,0.31687874498978036,-0.030073190107941628,9.297085762023926,-0.030073190107941628,9.297085762023926,9.297134399414062,9.297134399414062,-2.878657505789306e-05,0.03978779911994934,0.08076232671737671,0.31687840819358826,7.796220266587106e-11,0.0001486425665273572,7.796220266587106e-11,0.0001486425665273572,0.00014864299456363028,0.00014864299456363028,2.1595695804877053e-10,0.00014940641058393267,3.4486295158453473e-07,3.36796192101918e-07
7200,0.14400000000000002,0,0.08203612267971039,8.402148523600772e-07,0.08068077266216278,105.16371154785156,104.71975708007812,1.9999999494757503e-05,False,False,-0.030554143336704902,9.297033746027584,-0.030554143336704902,9.297033746027584,9.297083953071022,9.297083953071022,-2.9188007613470857e-05,0.040576169273412295,0.08203745283590191,0.3131997643875619,-0.030554143711924553,9.29688549041748,-0.030554143711924553,9.29688549041748,9.29693603515625,9.29693603515625,-2.918822065112181e-05,0.04042675718665123,0.08203710615634918,0.3131994307041168,3.7521965048914474e-10,0.00014825561010312072,3.7521965048914474e-10,0.00014825561010312072,0.00014791791477186678,0.00014791791477186678,2.1303765095263372e-10,0.00014941208676106515,3.4667955273182116e-07,3.336834450973214e-07
7225,0.14450000000000002,0,0.08330900222063065,8.153473913807829e-07,0.08195637911558151,105.15435028076172,104.71975708007812,1.9999999494757503e-05,False,False,-0.031034302817597042,9.296843311436074,-0.031034302817597042,9.296843311436074,9.296895109946387,9.296895109946387,-2.95777624194823e-05,0.04121413956321602,0.08331018938266693,0.3095981899483519,-0.031034303829073906,9.2966947555542,-0.031034303829073906,9.2966947555542,9.296746253967285,9.296746253967285,-2.9577973691630177e-05,0.041064731776714325,0.08330981433391571,0.30959782004356384,1.0114768640712146e-09,0.00014855588187501212,1.0114768640712146e-09,0.00014855588187501212,0.00014885597910208048,0.00014885597910208048,2.112721478782231e-10,0.00014940778650169434,3.750487512221845e-07,3.699047880778572e-07
7250,0.14500000000000002,0,0.0845775231719017,7.91242257491831e-07,0.08322883397340775,105.1451416015625,104.71975708007812,1.9999999494757503e-05,False,False,-0.03151322016772626,9.296662675528404,-0.03151322016772626,9.296662675528404,9.296716086103109,9.296716086103109,-2.9955988346872226e-05,0.04185052692771694,0.08457960455212996,0.30607274500365694,-0.03151321783661842,9.296513557434082,-0.03151321783661842,9.296513557434082,9.2965669631958,9.2965669631958,-2.995619797729887e-05,0.041701123118400574,0.08457927405834198,0.3060724139213562,2.3311078345411573e-09,0.00014911809432227585,2.3311078345411573e-09,0.00014911809432227585,0.0001491229073078415,0.0001491229073078415,2.0963042664457398e-10,0.00014940380931636327,3.3049378797556095e-07,3.310823007418584e-07
7275,0.14550000000000002,0,0.08584066480398178,7.678752353967866e-07,0.08449703454971313,105.1360855102539,104.71975708007812,1.9999999494757503e-05,False,False,-0.03199048103695789,9.296491427213653,-0.03199048103695789,9.296491427213653,9.296546468830988,9.296546468830988,-3.0323038614939836e-05,0.04248478135197571,0.08584443919869938,0.3026221704078854,-0.03199048340320587,9.296341896057129,-0.03199048340320587,9.296341896057129,9.29639720916748,9.29639720916748,-3.0323248211061582e-05,0.04233536869287491,0.0858442485332489,0.302621990442276,2.3662479822772475e-09,0.00014953115652360793,2.3662479822772475e-09,0.00014953115652360793,0.0001492596635070953,0.0001492596635070953,2.0959612174583568e-10,0.00014941265910080326,1.9066545048351813e-07,1.7996560941480055e-07
7286,0.14572000000000002,0,0.08639449626207352,7.578215104331321e-07,0.08505343645811081,105.13214874267578,104.71975708007812,1.9999999494757503e-05,False,False,-0.03219985383644454,9.296418901048307,-0.03219985383644454,9.296418901048307,9.296474665934142,9.296474665934142,-3.0481088796229702e-05,0.042763044118131144,0.08639941304355561,0.3011273117598622,-0.03219985589385033,9.296268463134766,-0.03219985589385033,9.296268463134766,9.296323776245117,9.296323776245117,-3.0481296562356874e-05,0.04261363297700882,0.08639919757843018,0.3011271059513092,2.0574057874034324e-09,0.00015043791354152347,2.0574057874034324e-09,0.00015043791354152347,0.00015088968902432498,0.00015088968902432498,2.0776612717185493e-10,0.00014941114112232423,2.154651254360207e-07,2.0580855297769318e-07
7300,0.14600000000000002,0,0.08709748089313507,7.452228487636603e-07,0.0857599675655365,105.12718963623047,104.71975708007812,1.9999999494757503e-05,False,False,-0.03246570736285992,9.296329839140798,-0.03246570736285992,9.296329839140798,9.296386529198006,9.296386529198006,-3.0679255205050366e-05,0.043116390452915036,0.0870994566266492,0.29924520200890214,-0.03246570751070976,9.296180725097656,-0.03246570751070976,9.296180725097656,9.296236991882324,9.296236991882324,-3.067946090595797e-05,0.04296698048710823,0.08709928393363953,0.29924502968788147,1.478498434792641e-10,0.00014911404314155163,1.478498434792641e-10,0.00014911404314155163,0.00014953731568212447,0.00014953731568212447,2.0570090760124813e-10,0.0001494099658068057,1.726930096701551e-07,1.7232102067499255e-07
7325,0.14650000000000002,0,0.08834708482027054,7.232623602249078e-07,0.08701666444540024,105.11843872070312,104.71975708007812,1.9999999494757503e-05,False,False,-0.032938531065414715,9.29617622909491,-0.032938531065414715,9.29617622909491,9.296234583379336,9.296234583379336,-3.102496923344739e-05,0.0437448758284675,0.08835133777102605,0.2959405756545721,-0.032938532531261444,9.296026229858398,-0.032938532531261444,9.296026229858398,9.2960844039917,9.2960844039917,-3.102517075603828e-05,0.04359546676278114,0.08835116028785706,0.2959403991699219,1.4658467287209653e-09,0.0001499992365108227,1.4658467287209653e-09,0.0001499992365108227,0.00015017938763683958,0.00015017938763683958,2.0152259089169667e-10,0.0001494090656863553,1.7748316899490746e-07,1.764846502272377e-07
7350,0.14700000000000002,0,0.08958865702152252,7.019718282208487e-07,0.08826623857021332,105.10984802246094,104.71975708007812,1.9999999494757503e-05,False,False,-0.03340862456287701,9.296031609618261,-0.03340862456287701,9.296031609618261,9.296091642363313,9.296091642363313,-3.136050129192608e-05,0.04436979361924491,0.08959089842522888,0.29270705222547594,-0.033408623188734055,9.295882225036621,-0.033408623188734055,9.295882225036621,9.295942306518555,9.295942306518555,-3.136070154141635e-05,0.04422038793563843,0.08959071338176727,0.2927068769931793,1.3741429522040605e-09,0.00014938458163982204,1.3741429522040605e-09,0.00014938458163982204,0.0001493358447586246,0.0001493358447586246,2.0024949026856446e-10,0.0001494056836064822,1.8504346160908014e-07,1.7523229661753348e-07
7375,0.14750000000000002,0,0.09082145243883133,6.81330050156248e-07,0.08950787037611008,105.10140228271484,104.71975708007812,1.9999999494757503e-05,False,False,-0.03387567615269088,9.295894354389823,-0.03387567615269088,9.295894354389823,9.295956078285407,9.295956078285407,-3.168616181636033e-05,0.04499073394686897,0.09082482953739024,0.2895433775825645,-0.03387567400932312,9.295744895935059,-0.03387567400932312,9.295744895935059,9.295806884765625,9.295806884765625,-3.168636612826958e-05,0.044841330498456955,0.09082463383674622,0.28954318165779114,2.143367761053838e-09,0.0001494584547643285,2.143367761053838e-09,0.0001494584547643285,0.00014919351978193163,0.00014919351978193163,2.0431190925565296e-10,0.0001494034484120152,1.9570064402341103e-07,1.9592477334962055e-07
7400,0.14800000000000002,0,0.09204475581645966,6.613164487134782e-07,0.09074079990386963,105.09310913085938,104.71975708007812,1.9999999494757503e-05,False,False,-0.03433940393195225,9.295764827913988,-0.03433940393195225,9.295764827913988,9.295828254144176,9.295828254144176,-3.2002251395237163e-05,0.04560731417393615,0.09204793446412948,0.28644832762604794,-0.034339405596256256,9.295615196228027,-0.034339405596256256,9.295615196228027,9.295679092407227,9.295679092407227,-3.2002451916923746e-05,0.04545792192220688,0.09204775094985962,0.2864481508731842,1.664304007109596e-09,0.0001496316859608271,1.664304007109596e-09,0.0001496316859608271,0.0001491617369495657,0.0001491617369495657,2.005216865829892e-10,0.0001493922517292745,1.8351426986362718e-07,1.7675286373419752e-07
7425,0.14850000000000002,0,0.09325793385505676,6.419110718525189e-07,0.09196431934833527,105.0849609375,104.71975708007812,1.9999999494757503e-05,False,False,-0.03479954085625765,9.295642133372,-0.03479954085625765,9.295642133372,9.295707271626219,9.295707271626219,-3.230906109640301e-05,0.04621918255486995,0.09326295163616094,0.2834206682430498,-0.03479953855276108,9.295492172241211,-0.03479953855276108,9.295492172241211,9.295557022094727,9.295557022094727,-3.23092463077046e-05,0.04606979340314865,0.09326274693012238,0.28342047333717346,2.303496574040942e-09,0.00014996113078957762,2.303496574040942e-09,0.00014996113078957762,0.00015024953149200826,0.00015024953149200826,1.8521130159057653e-10,0.00014938915172130196,2.047060385645949e-07,1.949058763273115e-07
7450,0.14900000000000002,0,0.0944603830575943,6.230947633412143e-07,0.09317777305841446,105.07696533203125,104.71975708007812,1.9999999494757503e-05,False,False,-0.035255844622624516,9.295526705751524,-0.035255844622624516,9.295526705751524,9.295593564260423,9.295593564260423,-3.260687278845367e-05,0.04682601430423391,0.09446469692646176,0.280459187850138,-0.03525584563612938,9.295377731323242,-0.03525584563612938,9.295377731323242,9.29544448852539,9.29544448852539,-3.2607062166789547e-05,0.046676620841026306,0.0944644957780838,0.2804589867591858,1.013504863367487e-09,0.00014897442828143426,1.013504863367487e-09,0.00014897442828143426,0.00014907573503286642,0.00014907573503286642,1.8937833587548067e-10,0.00014939346320760188,2.0114837795404128e-07,2.0109095222320406e-07
7475,0.14950000000000002,0,0.09565156698226929,6.048489353815967e-07,0.09438056498765945,105.0691146850586,104.71975708007812,1.9999999494757503e-05,False,False,-0.03570809044568976,9.295417676472363,-0.03570809044568976,9.295417676472363,9.29548626204128,9.29548626204128,-3.289595943105658e-05,0.047427511175479345,0.0956559287919184,0.2775626723606083,-0.03570809215307236,9.295268058776855,-0.03570809215307236,9.295268058776855,9.295336723327637,9.295336723327637,-3.2896146876737475e-05,0.04727812111377716,0.09565575420856476,0.2775624990463257,1.7073825964164513e-09,0.00014961769550758675,1.7073825964164513e-09,0.00014961769550758675,0.00014953871364298266,0.00014953871364298266,1.874456808981283e-10,0.00014939006170218427,1.7458335363484956e-07,1.7331428259215187e-07
7500,0.15000000000000002,0,0.09683098644018173,5.871556254533061e-07,0.09557215124368668,105.06140899658203,104.71975708007812,1.9999999494757503e-05,False,False,-0.03615607576964993,9.295314845950333,-0.03615607576964993,9.295314845950333,9.295385164002605,9.295385164002605,-3.317658537277207e-05,0.04802339781009309,0.09683546068181412,0.2747299352237438,-0.036156076937913895,9.295165061950684,-0.036156076937913895,9.295165061950684,9.295235633850098,9.295235633850098,-3.317676964798011e-05,0.04787401109933853,0.09683528542518616,0.27472975850105286,1.1682639647347948e-09,0.00014978399964959976,1.1682639647347948e-09,0.00014978399964959976,0.00014953015250718238,0.00014953015250718238,1.8427520804170953e-10,0.00014938671075456073,1.7525662796002983e-07,1.7672269092550152e-07
7525,0.15050000000000002,0,0.09799817949533463,5.699973257833335e-07,0.09675203263759613,105.05384826660156,104.71975708007812,1.9999999494757503e-05,False,False,-0.036599614951714377,9.29521802682478,-0.036599614951714377,9.29521802682478,9.29529008143495,9.29529008143495,-3.3449006630662597e-05,0.04861342370344106,0.09800211105197529,0.2719597948953709,-0.03659961372613907,9.29506778717041,-0.03659961372613907,9.29506778717041,9.295140266418457,9.295140266418457,-3.344918877701275e-05,0.048464033752679825,0.09800194203853607,0.2719596326351166,1.2255753079060128e-09,0.00015023965437066522,1.2255753079060128e-09,0.00015023965437066522,0.0001498150164938039,0.0001498150164938039,1.8214635015393905e-10,0.0001493899507612334,1.690134392162701e-07,1.6226025434384894e-07
7550,0.15100000000000002,0,0.09915274381637573,5.533572675631149e-07,0.09791973978281021,105.04643249511719,104.71975708007812,1.9999999494757503e-05,False,False,-0.03703853362311548,9.29512710430328,-0.03703853362311548,9.29512710430328,9.295200898212283,9.295200898212283,-3.371347116026032e-05,0.0491973603964203,0.09915470336477142,0.2692510748378592,-0.03703853487968445,9.294977188110352,-0.03703853487968445,9.294977188110352,9.295050621032715,9.295050621032715,-3.371365164639428e-05,0.04904797300696373,0.0991545170545578,0.26925089955329895,1.2565689669341573e-09,0.00014991619292814562,1.2565689669341573e-09,0.00014991619292814562,0.00015027717956783704,0.00015027717956783704,1.8048613395927476e-10,0.00014938738945657198,1.86310213617924e-07,1.752845602553954e-07
7575,0.15150000000000002,0,0.10029429942369461,5.372191367314372e-07,0.09907485544681549,105.03915405273438,104.71975708007812,1.9999999494757503e-05,False,False,-0.0374726744090744,9.29504126192261,-0.0374726744090744,9.29504126192261,9.295116796585788,9.295116796585788,-3.39702191223207e-05,0.049774999650032827,0.10029604864579186,0.26660261353320713,-0.0374726764857769,9.294892311096191,-0.0374726764857769,9.294892311096191,9.294967651367188,9.294967651367188,-3.397040200070478e-05,0.04962560907006264,0.10029588639736176,0.26660245656967163,2.076702504405503e-09,0.00014895082641785962,2.076702504405503e-09,0.00014895082641785962,0.00014914521860021068,0.00014914521860021068,1.8287838408068743e-10,0.00014939057997018917,1.622484301078142e-07,1.5696353550254116e-07
7600,0.15200000000000002,0,0.1014225110411644,5.215672445046948e-07,0.10021701455116272,105.03201293945312,104.71975708007812,1.9999999494757503e-05,False,False,-0.03790190226472286,9.294960361476125,-0.03790190226472286,9.294960361476125,9.29503763712701,9.29503763712701,-3.421948313993438e-05,0.050346152743298705,0.10142499539012137,0.26401325947649945,-0.03790190443396568,9.294811248779297,-0.03790190443396568,9.294811248779297,9.294888496398926,9.294888496398926,-3.421966539463028e-05,0.05019675940275192,0.10142481327056885,0.2640130817890167,2.1692428200936753e-09,0.00014911269682826855,2.1692428200936753e-09,0.00014911269682826855,0.00014914072808380752,0.00014914072808380752,1.8225469590005088e-10,0.00014939334054678288,1.8211955252200873e-07,1.7768748272750656e-07
7625,0.15250000000000002,0,0.10253708809614182,5.063863000032143e-07,0.10134587436914444,105.02500915527344,104.71975708007812,1.9999999494757503e-05,False,False,-0.03832609058319426,9.294884322307563,-0.03832609058319426,9.294884322307563,9.294963337974945,9.294963337974945,-3.446148853635581e-05,0.050910650613673364,0.1025404121190178,0.261481881188994,-0.038326092064380646,9.294734954833984,-0.038326092064380646,9.294734954833984,9.294814109802246,9.294814109802246,-3.446167102083564e-05,0.050761256366968155,0.10254022479057312,0.26148170232772827,1.4811863888186672e-09,0.0001493674735790762,1.4811863888186672e-09,0.0001493674735790762,0.00014922817269891198,0.00014922817269891198,1.8248447982468618e-10,0.00014939424670520896,1.8732844467295173e-07,1.7886126574273575e-07
7650,0.15300000000000002,0,0.10363774746656418,4.916615239380917e-07,0.10246112197637558,105.01814270019531,104.71975708007812,1.9999999494757503e-05,False,False,-0.03874512400635612,9.29481304314051,-0.03874512400635612,9.29481304314051,9.294893796680476,9.294893796680476,-3.4696453581402135e-05,0.05146834146995197,0.10364118237336739,0.2590073622115771,-0.03874512389302254,9.294663429260254,-0.03874512389302254,9.294663429260254,9.294744491577148,9.294744491577148,-3.4696629882091656e-05,0.0513189472258091,0.1036410927772522,0.2590072751045227,1.1333358557186202e-10,0.0001496138802554725,1.1333358557186202e-10,0.0001496138802554725,0.00014930510332789027,0.00014930510332789027,1.7630068952168227e-10,0.00014939424414286973,8.959611519365751e-08,8.710705440284627e-08
7675,0.15350000000000003,0,0.10472425818443298,4.773787622980308e-07,0.10356249660253525,105.01141357421875,104.71975708007812,1.9999999494757503e-05,False,False,-0.03915890686382952,9.294746440110636,-0.03915890686382952,9.294746440110636,9.294828928277061,9.294828928277061,-3.492458971535482e-05,0.052019090932686744,0.10472618969405739,0.2565885860851359,-0.039158910512924194,9.294596672058105,-0.039158910512924194,9.294596672058105,9.294678688049316,9.294678688049316,-3.4924760257126763e-05,0.051869720220565796,0.1047261506319046,0.25658854842185974,3.6490946722644857e-09,0.00014976805253041903,3.6490946722644857e-09,0.00014976805253041903,0.0001502402277449022,0.0001502402277449022,1.7054177194113186e-10,0.00014937071212094838,3.906215279014802e-08,3.766327616450127e-08
7700,0.15400000000000003,0,0.10579641908407211,4.635241737105389e-07,0.10464975982904434,105.00481414794922,104.71975708007812,1.9999999494757503e-05,False,False,-0.03956734903479857,9.294683784376451,-0.03956734903479857,9.294683784376451,9.294768002842254,9.294768002842254,-3.514610177768217e-05,0.0525627783833347,0.10579832020482363,0.25422446638981544,-0.03956735134124756,9.294534683227539,-0.03956735134124756,9.294534683227539,9.294618606567383,9.294618606567383,-3.5146269510732964e-05,0.05241340026259422,0.10579833388328552,0.2542244791984558,2.3064489901303276e-09,0.00014910114891186765,2.3064489901303276e-09,0.00014910114891186765,0.0001493962748710942,0.0001493962748710942,1.6773305079674072e-10,0.00014937812074047874,1.367846189093136e-08,1.2808640370565172e-08
7725,0.15450000000000003,0,0.10685404390096664,4.5008439997218375e-07,0.10572268813848495,104.99834442138672,104.71975708007812,1.9999999494757503e-05,False,False,-0.0399703687865918,9.294625035175189,-0.0399703687865918,9.294625035175189,9.294710978555832,9.294710978555832,-3.5361188217549696e-05,0.05309929991302294,0.1068564974988977,0.25191392671884727,-0.03997036814689636,9.294475555419922,-0.03997036814689636,9.294475555419922,9.294561386108398,9.294561386108398,-3.536135409376584e-05,0.052949924021959305,0.10685649514198303,0.2519139349460602,6.396954355114559e-10,0.0001494797552670235,6.396954355114559e-10,0.0001494797552670235,0.0001495924474337329,0.0001495924474337329,1.6587621614407065e-10,0.0001493758910636328,2.3569146634372373e-09,8.22721291093842e-09
7750,0.155,0,0.10789699107408524,4.370465092051745e-07,0.10678111761808395,104.99200439453125,104.71975708007812,1.9999999494757503e-05,False,False,-0.04036790687494801,9.29457014038446,-0.04036790687494801,9.29457014038446,9.294657802330963,9.294657802330963,-3.557004130218798e-05,0.05362856551420074,0.10789964516951131,0.24965589066546312,-0.04036790877580643,9.294421195983887,-0.04036790877580643,9.294421195983887,9.294508934020996,9.294508934020996,-3.557020681910217e-05,0.053479187190532684,0.10789968073368073,0.24965593218803406,1.9008584151158914e-09,0.00014894440057311442,1.9008584151158914e-09,0.00014894440057311442,0.00014886830996729827,0.00014886830996729827,1.6551691418685175e-10,0.00014937832366805626,3.556416941496998e-08,4.152257093714695e-08
7775,0.1555,0,0.10892511904239655,4.243980527007807e-07,0.1078248843550682,104.98579406738281,104.71975708007812,1.9999999494757503e-05,False,False,-0.04075990402523399,9.294519059396354,-0.04075990402523399,9.294519059396354,9.294608432594577,9.294608432594577,-3.5772847317225575e-05,0.054150496693543874,0.10892672435896905,0.2474493193719676,-0.04075990244746208,9.2943696975708,-0.04075990244746208,9.2943696975708,9.294459342956543,9.294459342956543,-3.577301322366111e-05,0.05400111898779869,0.10892674326896667,0.2474493384361267,1.5777719061804696e-09,0.00014936182555302935,1.5777719061804696e-09,0.00014936182555302935,0.0001490896380342832,0.0001490896380342832,1.6590643553524194e-10,0.00014937770574518366,1.8909997623328678e-08,1.9064159112458512e-08
7800,0.156,0,0.10993833094835281,4.121269228107849e-07,0.10885386168956757,104.97970581054688,104.71975708007812,1.9999999494757503e-05,False,False,-0.04114631201275146,9.294471107187473,-0.04114631201275146,9.294471107187473,9.294562183413213,9.294562183413213,-3.596978676755787e-05,0.054665029280302486,0.10994066124335228,0.24529316647085117,-0.04114631563425064,9.29432201385498,-0.04114631563425064,9.29432201385498,9.294413566589355,9.294413566589355,-3.596995520638302e-05,0.05451565235853195,0.10994067788124084,0.24529318511486053,3.621499183870114e-09,0.000149093332492356,3.621499183870114e-09,0.000149093332492356,0.00014861682385713948,0.00014861682385713948,1.6843882515035985e-10,0.00014937692177053458,1.663788856687276e-08,1.8644009364132685e-08
7825,0.1565,0,0.11093655228614807,4.0022143821261125e-07,0.10986793786287308,104.97373962402344,104.71975708007812,1.9999999494757503e-05,False,False,-0.04152709110929482,9.294426294248268,-0.04152709110929482,9.294426294248268,9.294519064400783,9.294519064400783,-3.6161034555182705e-05,0.05517211061795311,0.11094044199768122,0.24318641813713407,-0.04152709245681763,9.29427719116211,-0.04152709245681763,9.29427719116211,9.2943696975708,9.2943696975708,-3.6161211028229445e-05,0.05502273142337799,0.11094048619270325,0.24318645894527435,1.3475228086146096e-09,0.00014910308615867507,1.3475228086146096e-09,0.00014910308615867507,0.00014936682998190065,0.00014936682998190065,1.764730467402405e-10,0.000149379194575118,4.4195022030901754e-08,4.080814028362134e-08
7850,0.157,0,0.11191970854997635,3.88670258644197e-07,0.11086703836917877,104.9678955078125,104.71975708007812,1.9999999494757503e-05,False,False,-0.04190221561967427,9.294384578307332,-0.04190221561967427,9.294384578307332,9.294479032476806,9.294479032476806,-3.6346760163463996e-05,0.05567169844085962,0.11192505530024802,0.24112806304910847,-0.041902218014001846,9.294235229492188,-0.041902218014001846,9.294235229492188,9.294329643249512,9.294329643249512,-3.634693712228909e-05,0.05552232265472412,0.11192509531974792,0.2411281019449234,2.3943275764826133e-09,0.000149348815144279,2.3943275764826133e-09,0.000149348815144279,0.00014938922729434978,0.00014938922729434978,1.7695882509571577e-10,0.00014937578613549718,4.001949990839471e-08,3.889581492999561e-08
7875,0.1575,0,0.11288776248693466,3.774624417474115e-07,0.11185108870267868,104.9621810913086,104.71975708007812,1.9999999494757503e-05,False,False,-0.04227166288112285,9.294346662146484,-0.04227166288112285,9.294346662146484,9.294442789626295,9.294442789626295,-3.6527127839788354e-05,0.05616376101469056,0.11288952729883991,0.23911709989815247,-0.04227166250348091,9.294197082519531,-0.04227166250348091,9.294197082519531,9.294293403625488,9.294293403625488,-3.6527300835587084e-05,0.05601438879966736,0.11288957297801971,0.23911714553833008,3.7764193855371886e-10,0.00014957962695305582,3.7764193855371886e-10,0.00014957962695305582,0.00014938600080682818,0.00014938600080682818,1.7299579873003915e-10,0.00014937221502320241,4.5679179799806846e-08,4.564017760944061e-08
7900,0.158,0,0.11384069174528122,3.665874146463466e-07,0.11282005161046982,104.95657348632812,104.71975708007812,1.9999999494757503e-05,False,False,-0.04263541197934324,9.294310534448316,-0.04263541197934324,9.294310534448316,9.294408323777883,9.294408323777883,-3.670229675197475e-05,0.056648275872662614,0.11384481937449575,0.2371525724345323,-0.042635414749383926,9.294161796569824,-0.042635414749383926,9.294161796569824,9.294260025024414,9.294260025024414,-3.670246587716974e-05,0.056498896330595016,0.11384487897157669,0.23715263605117798,2.7700406829422874e-09,0.00014873787849190023,2.7700406829422874e-09,0.00014873787849190023,0.00014829875346933363,0.00014829875346933363,1.6912519499559693e-10,0.00014937954206759724,5.9597080936946156e-08,6.361664567355874e-08
7925,0.1585,0,0.11477848887443542,3.5603486026047904e-07,0.1137738972902298,104.95108795166016,104.71975708007812,1.9999999494757503e-05,False,False,-0.04299346006864653,9.29427756432271,-0.04299346006864653,9.29427756432271,9.294377003343536,9.294377003343536,-3.687242116021822e-05,0.05712523150054933,0.11478201266739908,0.23523350688561326,-0.0429934598505497,9.29412841796875,-0.0429934598505497,9.29412841796875,9.294227600097656,9.294227600097656,-3.687258868012577e-05,0.05697585642337799,0.11478208005428314,0.23523357510566711,2.1809683226070575e-10,0.00014914635396046094,2.1809683226070575e-10,0.00014914635396046094,0.0001494032458797534,0.0001494032458797534,1.6751990755263816e-10,0.00014937507717133897,6.738688405893978e-08,6.822005385598295e-08
7950,0.159,0,0.11570115387439728,3.457949162566365e-07,0.11471261829137802,104.94571685791016,104.71975708007812,1.9999999494757503e-05,False,False,-0.04334580346654653,9.29424708797141,-0.04334580346654653,9.29424708797141,9.294348163854375,9.294348163854375,-3.703765057671345e-05,0.05759462284332446,0.11570412096813538,0.23335894449838998,-0.04334580525755882,9.294097900390625,-0.04334580525755882,9.294097900390625,9.294198989868164,9.294198989868164,-3.7037818401586264e-05,0.05744525417685509,0.11570417881011963,0.23335900902748108,1.7910122898645575e-09,0.00014918758078508176,1.7910122898645575e-09,0.00014918758078508176,0.00014917398621072664,0.00014917398621072664,1.678248728138529e-10,0.0001493686664693697,5.7841984243967026e-08,6.452909109833094e-08
7975,0.1595,0,0.11660872399806976,3.3585794767532207e-07,0.11563622951507568,104.94046020507812,104.71975708007812,1.9999999494757503e-05,False,False,-0.043692449957714444,9.294219147774617,-0.043692449957714444,9.294219147774617,9.294321847076507,9.294321847076507,-3.719812991510114e-05,0.058056454394344655,0.1166102355891304,0.23152797658528818,-0.0436924509704113,9.29407024383545,-0.0436924509704113,9.29407024383545,9.294173240661621,9.294173240661621,-3.719829328474589e-05,0.05790708586573601,0.11661029607057571,0.23152804374694824,1.0126968569279526e-09,0.0001489039391682212,1.0126968569279526e-09,0.0001489039391682212,0.00014860641488567694,0.00014860641488567694,1.6336964474370635e-10,0.00014936852860864686,6.048144531034527e-08,6.716166006670576e-08
8000,0.16,0,0.11750123649835587,3.26214660617552e-07,0.11654473841190338,104.93531036376953,104.71975708007812,1.9999999494757503e-05,False,False,-0.04403340127339382,9.294193133693279,-0.04403340127339382,9.294193133693279,9.294297442347053,9.294297442347053,-3.735399963616473e-05,0.05851073696574941,0.1175034028634998,0.2297396769358327,-0.04403340443968773,9.294044494628906,-0.04403340443968773,9.294044494628906,9.294148445129395,9.294148445129395,-3.735418067662977e-05,0.058361366391181946,0.11750346422195435,0.2297397404909134,3.1662939076193553e-09,0.00014863906437234675,3.1662939076193553e-09,0.00014863906437234675,0.00014899721765893048,0.00014899721765893048,1.8104046503575853e-10,0.00014937057456746589,6.135845453947297e-08,6.35550806982188e-08
8025,0.1605,0,0.11837872862815857,3.1685604540143686e-07,0.11743819713592529,104.93026733398438,104.71975708007812,1.9999999494757503e-05,False,False,-0.04436867910307807,9.294169038435081,-0.04436867910307807,9.294169038435081,9.294274941849451,9.294274941849451,-3.750539589566975e-05,0.05895748853096537,0.11838272411675554,0.22799314687553546,-0.0443686805665493,9.29401969909668,-0.0443686805665493,9.29401969909668,9.2941255569458,9.2941255569458,-3.7505567888729274e-05,0.05880811810493469,0.1183827817440033,0.2279932051897049,1.4634712330874322e-09,0.00014933933840133307,1.4634712330874322e-09,0.00014933933840133307,0.00014938490365068446,0.00014938490365068446,1.7199305952435122e-10,0.00014937042603067885,5.762724775149053e-08,5.8314169437689856e-08
8050,0.161,0,0.11924128234386444,3.0777340498389094e-07,0.1183166429400444,104.92533874511719,104.71975708007812,1.9999999494757503e-05,False,False,-0.04469830271700387,9.294147634282616,-0.04469830271700387,9.294147634282616,9.294255117334952,9.294255117334952,-3.7652450678276326e-05,0.059396734224706385,0.11924332813081873,0.22628748772990845,-0.04469830542802811,9.293998718261719,-0.04469830542802811,9.293998718261719,9.294106483459473,9.294106483459473,-3.7652622268069535e-05,0.05924736335873604,0.11924338340759277,0.22628754377365112,2.7110242384331684e-09,0.0001489160208976159,2.7110242384331684e-09,0.0001489160208976159,0.00014863387547947582,0.00014863387547947582,1.715897932096956e-10,0.00014937086597034688,5.5276774046930655e-08,5.604374267442758e-08
8075,0.1615,0,0.12008894979953766,2.989582981172134e-07,0.11918015033006668,104.9205093383789,104.71975708007812,1.9999999494757503e-05,False,False,-0.04502229568721979,9.294127571915332,-0.04502229568721979,9.294127571915332,9.294236619009963,9.294236619009963,-3.779529193252291e-05,0.059828505360051736,0.12009230137072777,0.22462184087680837,-0.04502229765057564,9.293978691101074,-0.04502229765057564,9.293978691101074,9.294087409973145,9.294087409973145,-3.7795463867951185e-05,0.05967913195490837,0.12009236216545105,0.22462190687656403,1.9633558459575262e-09,0.0001488808142582343,1.9633558459575262e-09,0.0001488808142582343,0.0001492090368184762,0.0001492090368184762,1.7193542827675804e-10,0.00014937340514336456,6.079472328335278e-08,6.599975566068395e-08
8100,0.162,0,0.12092183530330658,2.9040256777079776e-07,0.1200287789106369,104.91578674316406,104.71975708007812,1.9999999494757503e-05,False,False,-0.04534068561295335,9.294109634568647,-0.04534068561295335,9.294109634568647,9.294220229645605,9.294220229645605,-3.793404370152485e-05,0.06025283802427212,0.12092481016747714,0.22299534519082054,-0.04534068703651428,9.293960571289062,-0.04534068703651428,9.293960571289062,9.294071197509766,9.294071197509766,-3.7934212741674855e-05,0.060103464871644974,0.12092486023902893,0.22299540042877197,1.4235609288593132e-09,0.00014906327958463805,1.4235609288593132e-09,0.00014906327958463805,0.00014903213583927766,0.00014903213583927766,1.6904015000778058e-10,0.0001493731526271483,5.0071551793706703e-08,5.5237951435138655e-08
8125,0.1625,0,0.12174002081155777,2.820983127094223e-07,0.12086261808872223,104.91116333007812,104.71975708007812,1.9999999494757503e-05,False,False,-0.04565350475908042,9.294093180504806,-0.04565350475908042,9.294093180504806,9.29420530709338,9.29420530709338,-3.8068826243495635e-05,0.0606697744830037,0.12174398846868698,0.22140716207597425,-0.045653507113456726,9.293944358825684,-0.045653507113456726,9.293944358825684,9.29405689239502,9.29405689239502,-3.8068996218498796e-05,0.06052040308713913,0.12174401432275772,0.2214071899652481,2.3543763050248856e-09,0.00014882167912233513,2.3543763050248856e-09,0.00014882167912233513,0.00014841469836035515,0.00014841469836035515,1.6997500316159962e-10,0.0001493713958645726,2.585407074540136e-08,2.7889273862546915e-08
8150,0.163,0,0.12254361808300018,2.740378590715409e-07,0.12168175727128983,104.9066390991211,104.71975708007812,1.9999999494757503e-05,False,False,-0.04596078859699754,9.29407829408982,-0.04596078859699754,9.29407829408982,9.294191935330364,9.294191935330364,-3.819975615494631e-05,0.06107936121440446,0.12254900518820112,0.21985646044611334,-0.045960791409015656,9.293929100036621,-0.045960791409015656,9.293929100036621,9.294042587280273,9.294042587280273,-3.819993435172364e-05,0.06092998757958412,0.12254898250102997,0.21985644102096558,2.81201811835885e-09,0.00014919405319879786,2.81201811835885e-09,0.00014919405319879786,0.0001493480500904809,0.0001493480500904809,1.781967773345364e-10,0.00014937363482033644,2.268717115561092e-08,1.94251477680929e-08
8175,0.1635,0,0.12333273142576218,2.662137887909921e-07,0.12248630821704865,104.9022216796875,104.71975708007812,1.9999999494757503e-05,False,False,-0.0462625843546205,9.294065685591333,-0.0462625843546205,9.294065685591333,9.294180824300625,9.294180824300625,-3.8326946486385895e-05,0.06148164975165865,0.12333506420608735,0.21834241672489643,-0.04626258462667465,9.293916702270508,-0.04626258462667465,9.293916702270508,9.294032096862793,9.294032096862793,-3.832712536677718e-05,0.061332277953624725,0.12333505600690842,0.21834240853786469,2.7205415004116773e-10,0.00014898332082502463,2.7205415004116773e-10,0.00014898332082502463,0.00014872743783200804,0.00014872743783200804,1.7888039128692882e-10,0.00014937179803392597,8.199178933021578e-09,8.187031746986762e-09
8200,0.164,0,0.1241074800491333,2.58618968018709e-07,0.12327637523412704,104.89789581298828,104.71975708007812,1.9999999494757503e-05,False,False,-0.046558926343414436,9.294054092994157,-0.046558926343414436,9.294054092994157,9.294170711640911,9.294170711640911,-3.8450506856414796e-05,0.06187669555963764,0.12410932958880229,0.21686424989159847,-0.0465589240193367,9.293904304504395,-0.0465589240193367,9.293904304504395,9.294020652770996,9.294020652770996,-3.845068931696005e-05,0.06172732636332512,0.12410932034254074,0.21686424314975739,2.324077735815777e-09,0.00014978848976276993,2.324077735815777e-09,0.00014978848976276993,0.00015005886991481532,0.00015005886991481532,1.824605452553532e-10,0.00014936919631251822,9.246261548079282e-09,6.741841085400324e-09
8225,0.1645,0,0.1248679980635643,2.5124643343588104e-07,0.12405207753181458,104.89366149902344,104.71975708007812,1.9999999494757503e-05,False,False,-0.04684986109407122,9.294043600812069,-0.04684986109407122,9.294043600812069,9.294161681576252,9.294161681576252,-3.8570543557247754e-05,0.06226455789448241,0.12487101030253477,0.21542116891240826,-0.04684986174106598,9.29389476776123,-0.04684986174106598,9.29389476776123,9.294013023376465,9.294013023376465,-3.857073170365766e-05,0.06211518496274948,0.12487099319696426,0.2154211550951004,6.469947563814138e-10,0.0001488330508383484,6.469947563814138e-10,0.0001488330508383484,0.00014865819978737704,0.00014865819978737704,1.8814640990338525e-10,0.0001493729317329287,1.710557050171868e-08,1.3817307853436489e-08
8250,0.165,0,0.12561441957950592,2.440894490973733e-07,0.12481354176998138,104.88951873779297,104.71975708007812,1.9999999494757503e-05,False,False,-0.047135437910196476,9.294034284719643,-0.047135437910196476,9.294034284719643,9.294153809521937,9.294153809521937,-3.868715966345093e-05,0.0626452998036037,0.12561934034618918,0.2140124077862302,-0.04713543877005577,9.29388427734375,-0.04713543877005577,9.29388427734375,9.2940034866333,9.2940034866333,-3.8687354390276596e-05,0.06249593198299408,0.1256193220615387,0.21401239931583405,8.598592948771966e-10,0.00015000737589332402,8.598592948771966e-10,0.00015000737589332402,0.00015032288863636722,0.00015032288863636722,1.9472682566754182e-10,0.0001493678206096194,1.8284650488142873e-08,8.470396162252314e-09
8275,0.1655,0,0.1263468712568283,2.3714149222087144e-07,0.12556089460849762,104.8854751586914,104.71975708007812,1.9999999494757503e-05,False,False,-0.047415709503157585,9.294026882078553,-0.047415709503157585,9.294026882078553,9.294147832604477,9.294147832604477,-3.880045513103692e-05,0.06301898728317756,0.126349586181622,0.21263720551851165,-0.047415707260370255,9.293877601623535,-0.047415707260370255,9.293877601623535,9.293998718261719,9.293998718261719,-3.880065196426585e-05,0.06286962330341339,0.1263495683670044,0.21263720095157623,2.2427873308528135e-09,0.0001492804550178306,2.2427873308528135e-09,0.0001492804550178306,0.00014911434275788338,0.00014911434275788338,1.9683322893549729e-10,0.00014936397976417215,1.7814617614408945e-08,4.566935413174988e-09
8300,0.166,0,0.127065509557724,2.3039626739773666e-07,0.12629428505897522,104.88151550292969,104.71975708007812,1.9999999494757503e-05,False,False,-0.047690726661479665,9.294020132004368,-0.047690726661479665,9.294020132004368,9.294142489735778,9.294142489735778,-3.8910526896827965e-05,0.06338568955898007,0.12706895693417797,0.21129482614741554,-0.047690726816654205,9.29387092590332,-0.047690726816654205,9.29387092590332,9.29399299621582,9.29399299621582,-3.891072265105322e-05,0.06323633342981339,0.12706896662712097,0.21129484474658966,1.5517453988422858e-10,0.00014920610104773857,1.5517453988422858e-10,0.00014920610104773857,0.00014949351995774407,0.00014949351995774407,1.9575422525493083e-10,0.00014935612916668062,9.692943003791754e-09,1.8599174117506223e-08
8325,0.1665,0,0.12777046859264374,2.2384766396044142e-07,0.12701384723186493,104.87764739990234,104.71975708007812,1.9999999494757503e-05,False,False,-0.047960544810816304,9.294014777475663,-0.047960544810816304,9.294014777475663,9.294138523703774,9.294138523703774,-3.90174689743372e-05,0.06374547824388312,0.12777274910497222,0.209984538717648,-0.0479605458676815,9.293865203857422,-0.0479605458676815,9.293865203857422,9.293989181518555,9.293989181518555,-3.901766467606649e-05,0.06359611451625824,0.1277727633714676,0.20998455584049225,1.0568651995224165e-09,0.00014957361824130544,1.0568651995224165e-09,0.00014957361824130544,0.0001493421852192256,0.0001493421852192256,1.9570172929027005e-10,0.0001493637276248766,1.4266495373949084e-08,1.7122844253592007e-08
8350,0.167,0,0.12846192717552185,2.1748975598256948e-07,0.1277197301387787,104.87386322021484,104.71975708007812,1.9999999494757503e-05,False,False,-0.04822521803030155,9.294010273749187,-0.04822521803030155,9.294010273749187,9.294135389599697,9.294135389599697,-3.9121372543757853e-05,0.06409842944411526,0.12846421179211642,0.20870561978372978,-0.048225220292806625,9.293861389160156,-0.048225220292806625,9.293861389160156,9.293986320495605,9.293986320495605,-3.9121568988775834e-05,0.06394905596971512,0.1284642368555069,0.20870564877986908,2.2625050721813977e-09,0.00014888458903072888,2.2625050721813977e-09,0.00014888458903072888,0.0001490691040917369,0.0001490691040917369,1.9644501798095782e-10,0.00014937347440013848,2.5063390474144853e-08,2.899613929518985e-08
8375,0.1675,0,0.12914001941680908,2.113168164896706e-07,0.12841209769248962,104.87016296386719,104.71975708007812,1.9999999494757503e-05,False,False,-0.04848480943161702,9.294006645282611,-0.04848480943161702,9.294006645282611,9.294133111770185,9.294133111770185,-3.92223260438272e-05,0.06444461814256579,0.12914266660901938,0.20745739095906965,-0.048484813421964645,9.293856620788574,-0.048484813421964645,9.293856620788574,9.293983459472656,9.293983459472656,-3.9222526538651437e-05,0.06429524719715118,0.12914270162582397,0.20745742321014404,3.990347628712865e-09,0.00015002449403667129,3.990347628712865e-09,0.00015002449403667129,0.00014965229752839093,0.00014965229752839093,2.0049482423410963e-10,0.0001493709454146036,3.501680459483403e-08,3.225107439441821e-08
8400,0.168,0,0.12980490922927856,2.0532327482669643e-07,0.12909109890460968,104.86654663085938,104.71975708007812,1.9999999494757503e-05,False,False,-0.04873937646936852,9.294003995406348,-0.04873937646936852,9.294003995406348,9.294131793419318,9.294131793419318,-3.932041525324531e-05,0.06478412241130677,0.12980741514291727,0.20623915383090385,-0.04873937740921974,9.293854713439941,-0.04873937740921974,9.293854713439941,9.29398250579834,9.29398250579834,-3.932061372324824e-05,0.06463475525379181,0.12980744242668152,0.20623917877674103,9.398512246239221e-10,0.0001492819664061784,9.398512246239221e-10,0.0001492819664061784,0.00014928762097810022,0.00014928762097810022,1.9847000293091643e-10,0.00014936715751495688,2.7283764247876263e-08,2.4945837173717678e-08
8425,0.1685,0,0.13045677542686462,1.9950377350141935e-07,0.129756897687912,104.86300659179688,104.71975708007812,1.9999999494757503e-05,False,False,-0.04898897862395299,9.294001759452136,-0.04898897862395299,9.294001759452136,9.294130869786912,9.294130869786912,-3.941572337878948e-05,0.0651170236924278,0.13046175405408128,0.20505023251591267,-0.048988983035087585,9.293852806091309,-0.048988983035087585,9.293852806091309,9.293981552124023,9.293981552124023,-3.941592149203643e-05,0.06496765464544296,0.13046178221702576,0.2050502598285675,4.411134596482569e-09,0.0001489533608278748,4.411134596482569e-09,0.0001489533608278748,0.000149317662888393,0.000149317662888393,1.9811324695144907e-10,0.000149369046984843,2.8162944476495255e-08,2.7312654832245542e-08
8450,0.169,0,0.1310957670211792,1.9385308291930414e-07,0.13040964305400848,104.85955047607422,104.71975708007812,1.9999999494757503e-05,False,False,-0.0492336768069645,9.294000691070723,-0.0492336768069645,9.294000691070723,9.294131094435617,9.294131094435617,-3.950833113218e-05,0.06544340427052282,0.13110106245158798,0.20388997866676356,-0.049233678728342056,9.293850898742676,-0.049233678728342056,9.293850898742676,9.293981552124023,9.293981552124023,-3.950852988054976e-05,0.06529403477907181,0.1311011016368866,0.20389002561569214,1.9213775570570135e-09,0.00014979232804712694,1.9213775570570135e-09,0.00014979232804712694,0.00014954231159336473,0.00014954231159336473,1.9874836975838917e-10,0.0001493694914510152,3.918529861701714e-08,4.694892857814992e-08
8475,0.1695,0,0.1317220777273178,1.8836615822692693e-07,0.1310495287179947,104.8561782836914,104.71975708007812,1.9999999494757503e-05,False,False,-0.049473545235142115,9.294000872544151,-0.049473545235142115,9.294000872544151,9.294132549653549,9.294132549653549,-3.959831680908845e-05,0.06576334643018575,0.13172467446520383,0.20275772641322296,-0.04947354644536972,9.293851852416992,-0.04947354644536972,9.293851852416992,9.293983459472656,9.293983459472656,-3.959851892432198e-05,0.06561397761106491,0.1317247748374939,0.2027578204870224,1.2102276056302763e-09,0.00014902012715900526,1.2102276056302763e-09,0.00014902012715900526,0.00014909018089248605,0.00014909018089248605,2.0211523353265903e-10,0.00014936881912083755,1.0037229006276682e-07,9.407379944481598e-08
8500,0.17,0,0.1323358565568924,1.8303811089026567e-07,0.13167670369148254,104.85287475585938,104.71975708007812,1.9999999494757503e-05,False,False,-0.04970863400019444,9.294001046786956,-0.04970863400019444,9.294001046786956,9.294133978266679,9.294133978266679,-3.968575636600352e-05,0.06607693582602803,0.13233991437076514,0.20165285494394547,-0.04970863461494446,9.293851852416992,-0.04970863461494446,9.293851852416992,9.293984413146973,9.293984413146973,-3.968595410697162e-05,0.06592756509780884,0.13234001398086548,0.20165295898914337,6.147500147823948e-10,0.00014919436996407853,6.147500147823948e-10,0.00014919436996407853,0.00014956511970609654,0.00014956511970609654,1.977409681038888e-10,0.00014937072821918917,9.961010033476825e-08,1.040451979017476e-07
8525,0.1705,0,0.13293728232383728,1.7786418027299078e-07,0.13229134678840637,104.84964752197266,104.71975708007812,1.9999999494757503e-05,False,False,-0.04993901516052236,9.294001970539314,-0.04993901516052236,9.294001970539314,9.29413613702876,9.29413613702876,-3.977072349040107e-05,0.06638425783182628,0.1329421737937061,0.20057472842795615,-0.04993901401758194,9.293852806091309,-0.04993901401758194,9.293852806091309,9.293987274169922,9.293987274169922,-3.9770922739990056e-05,0.06623490154743195,0.1329422891139984,0.2005748450756073,1.142940422860228e-09,0.00014916444800583406,1.142940422860228e-09,0.00014916444800583406,0.00014886285883797257,0.00014886285883797257,1.992495889823918e-10,0.0001493562843943308,1.1532029231542396e-07,1.1664765114938191e-07
8550,0.171,0,0.1335265338420868,1.7283980469073867e-07,0.1328936219215393,104.84649658203125,104.71975708007812,1.9999999494757503e-05,False,False,-0.05016475154410525,9.29400375611886,-0.05016475154410525,9.29400375611886,9.29413913824454,9.29413913824454,-3.9853289671450014e-05,0.06668539950636596,0.1335308569553967,0.19952275108662504,-0.05016475170850754,9.293854713439941,-0.05016475170850754,9.293854713439941,9.293990135192871,9.293990135192871,-3.985349030699581e-05,0.06653604656457901,0.13353095948696136,0.19952285289764404,1.6440229039238474e-10,0.00014904267891857614,1.6440229039238474e-10,0.00014904267891857614,0.00014900305166953842,0.00014900305166953842,2.006355457953037e-10,0.00014935294178694547,1.0253156465522828e-07,1.0181101900430534e-07
8575,0.1715,0,0.13410378992557526,1.6796050772427407e-07,0.13348372280597687,104.84341430664062,104.71975708007812,1.9999999494757503e-05,False,False,-0.050385913525919326,9.294005794232989,-0.050385913525919326,9.294005794232989,9.294142372673134,9.294142372673134,-3.993352427071798e-05,0.06698044818926717,0.1341093381175264,0.19849632463805064,-0.05038591846823692,9.293856620788574,-0.05038591846823692,9.293856620788574,9.29399299621582,9.29399299621582,-3.993370773969218e-05,0.0668310895562172,0.13410943746566772,0.19849643111228943,4.942317596845491e-09,0.0001491734444147852,4.942317596845491e-09,0.0001491734444147852,0.0001493764573137213,0.0001493764573137213,1.8346897419818826e-10,0.00014935863304997576,9.93481413247288e-08,1.064742387868467e-07
8600,0.17200000000000001,0,0.1346692144870758,1.6322198348461825e-07,0.1340618133544922,104.84040832519531,104.71975708007812,1.9999999494757503e-05,False,False,-0.050602567505924255,9.294008843587946,-0.050602567505924255,9.294008843587946,9.29414659904443,9.29414659904443,-4.0011494584842414e-05,0.06726949122015018,0.13467304895787433,0.197494853303603,-0.05060257017612457,9.293859481811523,-0.05060257017612457,9.293859481811523,9.293996810913086,9.293996810913086,-4.001166234957054e-05,0.06712013483047485,0.1346731334924698,0.19749493896961212,2.6702003178002975e-09,0.00014936177642255188,2.6702003178002975e-09,0.00014936177642255188,0.00014978813134369773,0.00014978813134369773,1.6776472812812587e-10,0.00014935638967532305,8.453459546253761e-08,8.566600911974476e-08
8625,0.17250000000000001,0,0.13522300124168396,1.5862005398048495e-07,0.1346280574798584,104.83747100830078,104.71975708007812,1.9999999494757503e-05,False,False,-0.05081477252948993,9.294012373202273,-0.05081477252948993,9.294012373202273,9.294151286392113,9.294151286392113,-4.008726591168337e-05,0.06755261846614823,0.13522539878393147,0.19651777384718225,-0.05081477016210556,9.293863296508789,-0.05081477016210556,9.293863296508789,9.294002532958984,9.294002532958984,-4.0087437810143456e-05,0.06740325689315796,0.13522547483444214,0.19651785492897034,2.3673843718707843e-09,0.00014907669348396269,2.3673843718707843e-09,0.00014907669348396269,0.00014875343312859002,0.00014875343312859002,1.71898460086205e-10,0.00014936157299026698,7.60505106667253e-08,8.108178808918787e-08
8650,0.17300000000000001,0,0.13576532900333405,1.5415066911828035e-07,0.13518266379833221,104.8345947265625,104.71975708007812,1.9999999494757503e-05,False,False,-0.05102260441218776,9.294015749364933,-0.05102260441218776,9.294015749364933,9.294155801126019,9.294155801126019,-4.016090161031621e-05,0.06782991810938589,0.13576978939337436,0.19556451552287404,-0.05102260410785675,9.293866157531738,-0.05102260410785675,9.293866157531738,9.29400634765625,9.29400634765625,-4.016107050119899e-05,0.06768055260181427,0.13576988875865936,0.1955646127462387,3.0433101178006794e-10,0.00014959183319440683,3.0433101178006794e-10,0.00014959183319440683,0.00014945346976880103,0.00014945346976880103,1.6889088278539176e-10,0.00014936550757162215,9.9365285000097e-08,9.722336466455594e-08
8675,0.17350000000000002,0,0.1362963765859604,1.4980989249124832e-07,0.13572579622268677,104.831787109375,104.71975708007812,1.9999999494757503e-05,False,False,-0.05122612947389775,9.29401975829019,-0.05122612947389775,9.29401975829019,9.294160929520714,9.294160929520714,-4.023246316182789e-05,0.06810147973616171,0.13630171003922792,0.19463454012729417,-0.05122613161802292,9.293869972229004,-0.05122613161802292,9.293869972229004,9.294011116027832,9.294011116027832,-4.02326368202921e-05,0.06795211136341095,0.13630180060863495,0.19463463127613068,2.1441251690790253e-09,0.00014978606118631888,2.1441251690790253e-09,0.00014978606118631888,0.0001498134928823447,0.0001498134928823447,1.7365846420916951e-10,0.00014936837275075776,9.056940702967253e-08,9.114883650629402e-08
8700,0.17400000000000002,0,0.13681630790233612,1.455939155903252e-07,0.1362576186656952,104.82904815673828,104.71975708007812,1.9999999494757503e-05,False,False,-0.05142541032977349,9.29402448984325,-0.05142541032977349,9.29402448984325,9.294166761503352,9.294166761503352,-4.0302010226899346e-05,0.068367393213609,0.1368206175115647,0.19372730445051523,-0.05142541229724884,9.293875694274902,-0.05142541229724884,9.293875694274902,9.294017791748047,9.294017791748047,-4.030218406114727e-05,0.06821802258491516,0.1368207037448883,0.19372738897800446,1.9674753493070796e-09,0.00014879556834834773,1.9674753493070796e-09,0.00014879556834834773,0.00014896975530476197,0.00014896975530476197,1.7383424792672113e-10,0.00014937062869384288,8.623332359292135e-08,8.452748923026832e-08
8725,0.17450000000000002,0,0.13732531666755676,1.4149907201499445e-07,0.1367783397436142,104.82637023925781,104.71975708007812,1.9999999494757503e-05,False,False,-0.051620522674096954,9.294029336697774,-0.051620522674096954,9.294029336697774,9.294172689904142,9.294172689904142,-4.036960070124526e-05,0.06862774784719143,0.13732994114404848,0.19284226528261003,-0.05162052437663078,9.293880462646484,-0.05162052437663078,9.293880462646484,9.294023513793945,9.294023513793945,-4.036977770738304e-05,0.06847837567329407,0.13733002543449402,0.19284234941005707,1.702533829195385e-09,0.0001488740512893827,1.702533829195385e-09,0.0001488740512893827,0.0001491761101970468,0.0001491761101970468,1.7700613777439297e-10,0.00014937217389736357,8.429044554003617e-08,8.412744703645281e-08
8750,0.17500000000000002,0,0.13782356679439545,1.3752175220815843e-07,0.13728810846805573,104.8237533569336,104.71975708007812,1.9999999494757503e-05,False,False,-0.0518115234103978,9.294034413418556,-0.0518115234103978,9.294034413418556,9.294178829340789,9.294178829340789,-4.0435290770518125e-05,0.06888263294237282,0.1378291902954544,0.19197893198235383,-0.05181152746081352,9.293885231018066,-0.05181152746081352,9.293885231018066,9.294029235839844,9.294029235839844,-4.043546869070269e-05,0.06873326003551483,0.1378292590379715,0.19197900593280792,4.050415725043166e-09,0.00014918240048977793,4.050415725043166e-09,0.00014918240048977793,0.00014959350094478907,0.00014959350094478907,1.7792018456674972e-10,0.00014937290685798632,6.874251709532153e-08,7.395045409364087e-08
8775,0.17550000000000002,0,0.1383112519979477,1.3365851714297605e-07,0.1377871185541153,104.82120513916016,104.71975708007812,1.9999999494757503e-05,False,False,-0.05199849005964768,9.294040480678124,-0.05199849005964768,9.294040480678124,9.294185940654089,9.294185940654089,-4.049913496280196e-05,0.0691321378046168,0.13831387674825146,0.19113678887580643,-0.05199849233031273,9.293890953063965,-0.05199849233031273,9.293890953063965,9.294036865234375,9.294036865234375,-4.049931521876715e-05,0.06898276507854462,0.13831394910812378,0.19113686680793762,2.270665051817833e-09,0.00014952761415898408,2.270665051817833e-09,0.00014952761415898408,0.00014907541971354021,0.00014907541971354021,1.8025596519030207e-10,0.00014937272607218333,7.235987231624108e-08,7.793213119278164e-08
8800,0.17600000000000002,0,0.13878855109214783,1.299059988468798e-07,0.13827556371688843,104.81871032714844,104.71975708007812,1.9999999494757503e-05,False,False,-0.05218148878819663,9.294046259219813,-0.05218148878819663,9.294046259219813,9.294192744735282,9.294192744735282,-4.056118619708862e-05,0.06937635117771761,0.13879144493531048,0.19031533530865694,-0.052181489765644073,9.29389762878418,-0.052181489765644073,9.29389762878418,9.294044494628906,9.294044494628906,-4.0561368223279715e-05,0.06922698020935059,0.1387915164232254,0.19031541049480438,9.774474424295576e-10,0.00014863043563373424,9.774474424295576e-10,0.00014863043563373424,0.000148250106375869,0.000148250106375869,1.8202619109680988e-10,0.00014937096836702135,7.148791492106454e-08,7.518614744683738e-08
8825,0.17650000000000002,0,0.13925562798976898,1.262609288232852e-07,0.13875359296798706,104.81626892089844,104.71975708007812,1.9999999494757503e-05,False,False,-0.052360576393650965,9.294051862766098,-0.052360576393650965,9.294051862766098,9.294199355390772,9.294199355390772,-4.062149583630711e-05,0.06961536152463452,0.13926141923503602,0.18951409565930993,-0.05236057564616203,9.293903350830078,-0.05236057564616203,9.293903350830078,9.294051170349121,9.294051170349121,-4.062167863594368e-05,0.0694659873843193,0.13926151394844055,0.1895141899585724,7.474889318626055e-10,0.00014851193602005708,7.474889318626055e-10,0.00014851193602005708,0.00014818504165070578,0.00014818504165070578,1.8279963657276974e-10,0.00014937414031521157,9.47134045359288e-08,9.42992624541894e-08
8850,0.17700000000000002,0,0.13971266150474548,1.2272015226244548e-07,0.13922138512134552,104.81389617919922,104.71975708007812,1.9999999494757503e-05,False,False,-0.05253582853453003,9.294058723077603,-0.05253582853453003,9.294058723077603,9.294207204559983,9.294207204559983,-4.068011373017562e-05,0.0698492578699965,0.13971537893865094,0.18873259430616998,-0.052535831928253174,9.293910026550293,-0.052535831928253174,9.293910026550293,9.294058799743652,9.294058799743652,-4.068029375048354e-05,0.06969989091157913,0.13971547782421112,0.18873269855976105,3.393723142786076e-09,0.00014869652730986616,3.393723142786076e-09,0.00014869652730986616,0.00014840481633093816,0.00014840481633093816,1.8002030792565798e-10,0.00014936695841737124,9.888556018466943e-08,1.0425359106558396e-07
8875,0.17750000000000002,0,0.14015983045101166,1.1928061383059685e-07,0.13967913389205933,104.81156921386719,104.71975708007812,1.9999999494757503e-05,False,False,-0.05270730740081709,9.29406488952903,-0.05270730740081709,9.29406488952903,9.29421434178434,9.29421434178434,-4.073708826501694e-05,0.0700781289575977,0.14016477857169043,0.1879703681439997,-0.052707310765981674,9.293915748596191,-0.052707310765981674,9.293915748596191,9.294065475463867,9.294065475463867,-4.0737268136581406e-05,0.06992875784635544,0.14016486704349518,0.18797045946121216,3.365164584490099e-09,0.00014914093283913132,3.365164584490099e-09,0.00014914093283913132,0.00014886632047250714,0.00014886632047250714,1.7987156446778617e-10,0.00014937111124226077,8.847180474336191e-08,9.131721245836388e-08
8900,0.17800000000000002,0,0.14059731364250183,1.1593934345910384e-07,0.1401270180940628,104.8093032836914,104.71975708007812,1.9999999494757503e-05,False,False,-0.05287508862372453,9.294071791634426,-0.05287508862372453,9.294071791634426,9.294222196776433,9.294222196776433,-4.079246640741387e-05,0.07030206156538871,0.1406012174515498,0.18722696157737612,-0.0528750903904438,9.293922424316406,-0.0528750903904438,9.293922424316406,9.294073104858398,9.294073104858398,-4.0792645449982956e-05,0.07015269994735718,0.14060120284557343,0.18722695112228394,1.7667192708792356e-09,0.00014936731801995506,1.7667192708792356e-09,0.00014936731801995506,0.00014909191803447186,0.00014909191803447186,1.7904256908714365e-10,0.00014936161803152936,1.4605976372816798e-08,1.0455092180894354e-08
8925,0.17850000000000002,0,0.14102527499198914,1.126934492390319e-07,0.1405651867389679,104.80709075927734,104.71975708007812,1.9999999494757503e-05,False,False,-0.053039225103316504,9.294078870905148,-0.053039225103316504,9.294078870905148,9.294230211158162,9.294230211158162,-4.084629374599002e-05,0.0705211433138245,0.1410282175329401,0.1865019240174194,-0.053039226680994034,9.293930053710938,-0.053039226680994034,9.293930053710938,9.294081687927246,9.294081687927246,-4.084646934643388e-05,0.07037176936864853,0.14102819561958313,0.1865019053220749,1.5776775302844825e-09,0.0001488171942103378,1.5776775302844825e-09,0.0001488171942103378,0.0001485232309157425,0.0001485232309157425,1.7560044386053008e-10,0.00014937394517597347,2.1913356962333097e-08,1.8695344522479118e-08
8950,0.17900000000000002,0,0.1414438933134079,1.0954014584285687e-07,0.14099381864070892,104.80492401123047,104.71975708007812,1.9999999494757503e-05,False,False,-0.05319978091022985,9.294085541625607,-0.05319978091022985,9.294085541625607,9.294237799397164,9.294237799397164,-4.0898614534127775e-05,0.07073545985751656,0.1414493207967447,0.18579482490142213,-0.053199782967567444,9.293936729431152,-0.053199782967567444,9.293936729431152,9.294089317321777,9.294089317321777,-4.089879075763747e-05,0.07058612257242203,0.14144930243492126,0.18579481542110443,2.0573375919541448e-09,0.00014881219445506133,2.0573375919541448e-09,0.00014881219445506133,0.00014848207538697977,0.00014848207538697977,1.762235096955671e-10,0.0001493372850945307,1.8361823422852197e-08,9.480317697541096e-09
8975,0.17950000000000002,0,0.14185333251953125,1.0647672610275549e-07,0.1414131075143814,104.80281829833984,104.71975708007812,1.9999999494757503e-05,False,False,-0.053356837313133246,9.294093181383483,-0.053356837313133246,9.294093181383483,9.294246339339571,9.294246339339571,-4.09494717304099e-05,0.07094509657024146,0.1418561565996177,0.18510523867322007,-0.0533568412065506,9.293943405151367,-0.0533568412065506,9.293943405151367,9.294096946716309,9.294096946716309,-4.094964970136061e-05,0.07079571485519409,0.1418561339378357,0.18510521948337555,3.893417352407447e-09,0.00014977623211542834,3.893417352407447e-09,0.00014977623211542834,0.00014939262326230107,0.00014939262326230107,1.7797095071394936e-10,0.00014938171504737252,2.266178200649449e-08,1.918984451898531e-08
9000,0.18000000000000002,0,0.14225377142429352,1.0350056101060545e-07,0.1418232023715973,104.8007583618164,104.71975708007812,1.9999999494757503e-05,False,False,-0.053510443230629215,9.29410058417846,-0.053510443230629215,9.29410058417846,9.29425462510906,9.29425462510906,-4.099890703798985e-05,0.07115013966828024,0.1422562569889343,0.1844327522930067,-0.05351044237613678,9.293951034545898,-0.05351044237613678,9.293951034545898,9.294105529785156,9.294105529785156,-4.0999082557391375e-05,0.07100079208612442,0.1422562301158905,0.1844327300786972,8.544924351427952e-10,0.00014954963256208487,8.544924351427952e-10,0.00014954963256208487,0.00014909532390383617,0.00014909532390383617,1.7551940152351784e-10,0.00014934758215581767,2.6873043790232032e-08,2.2214309502999185e-08
9025,0.18050000000000002,0,0.14264535903930664,1.0060911392884009e-07,0.1422242820262909,104.79874420166016,104.71975708007812,1.9999999494757503e-05,False,False,-0.053660666518370766,9.294107782614036,-0.053660666518370766,9.294107782614036,9.294262689529385,9.294262689529385,-4.10469609420872e-05,0.07135067227873121,0.14264921393143115,0.18377695772751873,-0.05366067215800285,9.29395866394043,-0.05366067215800285,9.29395866394043,9.294113159179688,9.294113159179688,-4.104714025743306e-05,0.07120132446289062,0.14264921844005585,0.18377695977687836,5.639632087717228e-09,0.00014911867360645203,5.639632087717228e-09,0.00014911867360645203,0.0001495303496970024,0.0001495303496970024,1.7931534585630647e-10,0.00014934781584058365,4.50862469580926e-09,2.049359626443703e-09
9050,0.18100000000000002,0,0.14302827417850494,9.779989795788424e-08,0.14261651039123535,104.79678344726562,104.71975708007812,1.9999999494757503e-05,False,False,-0.053807573313352605,9.294115557288515,-0.053807573313352605,9.294115557288515,9.29427131340474,9.29427131340474,-4.109367274587621e-05,0.07154677837119712,0.1430306568633403,0.183137456956579,-0.0538075715303421,9.293967247009277,-0.0538075715303421,9.293967247009277,9.294122695922852,9.294122695922852,-4.109385554329492e-05,0.07139742374420166,0.14303064346313477,0.183137446641922,1.7830105031313437e-09,0.00014831027923811746,1.7830105031313437e-09,0.00014831027923811746,0.0001486174818889907,0.0001486174818889907,1.827974187084769e-10,0.00014935462699545987,1.340020552853538e-08,1.0314656989640625e-08
9075,0.18150000000000002,0,0.14340266585350037,9.507053277957311e-08,0.1430000364780426,104.79486083984375,104.71975708007812,1.9999999494757503e-05,False,False,-0.0539512123882921,9.294122649432708,-0.0539512123882921,9.294122649432708,9.294279238112885,9.294279238112885,-4.113908060851696e-05,0.0717385419152806,0.14340815287783862,0.18251387198618269,-0.053951214998960495,9.293972969055176,-0.053951214998960495,9.293972969055176,9.294129371643066,9.294129371643066,-4.113926843274385e-05,0.07158918678760529,0.1434081494808197,0.18251386284828186,2.610668396740845e-09,0.00014968037753249064,2.610668396740845e-09,0.00014968037753249064,0.00014986646981896,0.00014986646981896,1.878242268882552e-10,0.00014935512767531856,3.3970189161625086e-09,9.137900824907064e-09
9100,0.18200000000000002,0,0.14376872777938843,9.241868070830606e-08,0.14337505400180817,104.7929916381836,104.71975708007812,1.9999999494757503e-05,False,False,-0.05409166501132459,9.294130482944283,-0.05409166501132459,9.294130482944283,9.294287887849064,9.294287887849064,-4.118322157702649e-05,0.07192604407223645,0.14377336137083885,0.18190580729942424,-0.05409166216850281,9.293981552124023,-0.05409166216850281,9.293981552124023,9.29413890838623,9.29413890838623,-4.118340802961029e-05,0.07177669554948807,0.14377336204051971,0.1819058060646057,2.8428217835330116e-09,0.000148930820259352,2.8428217835330116e-09,0.000148930820259352,0.00014897946283376484,0.00014897946283376484,1.864525838005159e-10,0.00014934852274837984,6.696808663164688e-10,1.2348185252086807e-09
9125,0.18250000000000002,0,0.14412657916545868,8.984209642903807e-08,0.14374171197414398,104.79116821289062,104.71975708007812,1.9999999494757503e-05,False,False,-0.054228983830171364,9.294138415407234,-0.054228983830171364,9.294138415407234,9.294296620370782,9.294296620370782,-4.1226131621497855e-05,0.07210936431831066,0.14412988690501327,0.18131289491538513,-0.05422898381948471,9.293989181518555,-0.05422898381948471,9.293989181518555,9.294147491455078,9.294147491455078,-4.122631798963994e-05,0.07196000963449478,0.1441299021244049,0.1813129037618637,1.0686652951452658e-11,0.00014923388867948972,1.0686652951452658e-11,0.00014923388867948972,0.00014912891570340037,0.00014912891570340037,1.863681420831171e-10,0.00014935468381588324,1.5219391635845625e-08,8.846478577462236e-09
9150,0.18300000000000002,0,0.14447641372680664,8.733859857557036e-08,0.144100159406662,104.78938293457031,104.71975708007812,1.9999999494757503e-05,False,False,-0.054363221438712805,9.294145933238909,-0.054363221438712805,9.294145933238909,9.294304922272914,9.294304922272914,-4.126784566576598e-05,0.0722885846572624,0.1444813440561205,0.18073477686623307,-0.054363224655389786,9.293996810913086,-0.054363224655389786,9.293996810913086,9.294156074523926,9.294156074523926,-4.126803469262086e-05,0.07213923335075378,0.14448131620883942,0.1807347536087036,3.216676980333233e-09,0.0001491223258227592,3.216676980333233e-09,0.0001491223258227592,0.00014884774898860087,0.00014884774898860087,1.8902685487839563e-10,0.00014935130650861606,2.7847281092174825e-08,2.325752945786519e-08
9175,0.18350000000000002,0,0.14481836557388306,8.490605551969566e-08,0.14445056021213531,104.78764343261719,104.71975708007812,1.9999999494757503e-05,False,False,-0.0544944439259545,9.294153734795106,-0.0544944439259545,9.294153734795106,9.294313492153394,9.294313492153394,-4.130839762088587e-05,0.07246378259949408,0.14482340231273738,0.18017109518413574,-0.05449444428086281,9.294004440307617,-0.05449444428086281,9.294004440307617,9.294164657592773,9.294164657592773,-4.130857632844709e-05,0.07231442630290985,0.1448233723640442,0.18017105758190155,3.5490831107320986e-10,0.00014929448748901564,3.5490831107320986e-10,0.00014929448748901564,0.00014883456062086964,0.00014883456062086964,1.7870756122069812e-10,0.00014935629658423266,2.994869319206117e-08,3.760223418747266e-08
9200,0.18400000000000002,0,0.14515258371829987,8.254241379290761e-08,0.1447930783033371,104.78594970703125,104.71975708007812,1.9999999494757503e-05,False,False,-0.054622713432886154,9.294161874009044,-0.054622713432886154,9.294161874009044,9.294322384181973,9.294322384181973,-4.1347820412316745e-05,0.07263503734041706,0.1451557137201178,0.1796215019143471,-0.05462271347641945,9.294013023376465,-0.05462271347641945,9.294013023376465,9.294173240661621,9.294173240661621,-4.134799382882193e-05,0.07248568534851074,0.14515569806098938,0.17962148785591125,4.3533295024378305e-11,0.00014885063257885633,4.3533295024378305e-11,0.00014885063257885633,0.00014914352035155787,0.00014914352035155787,1.7341650518202818e-10,0.00014935199190631299,1.5659128410616674e-08,1.4058435832131622e-08
9225,0.18450000000000003,0,0.1454792469739914,8.024567677011873e-08,0.14512787759304047,104.78429412841797,104.71975708007812,1.9999999494757503e-05,False,False,-0.054748088104628806,9.294169781720813,-0.054748088104628806,9.294169781720813,9.294331029428822,9.294331029428822,-4.1386146013802015e-05,0.0728024258287641,0.14548190787364973,0.1790856541086642,-0.054748084396123886,9.294020652770996,-0.054748084396123886,9.294020652770996,9.294181823730469,9.294181823730469,-4.138631993555464e-05,0.07265307754278183,0.1454819142818451,0.1790856570005417,3.708504919819333e-09,0.0001491289498165571,3.708504919819333e-09,0.0001491289498165571,0.00014920569835297215,0.00014920569835297215,1.7392175262367741e-10,0.00014934828598227312,6.408195363238889e-09,2.8918774874764352e-09
9250,0.18500000000000003,0,0.1457984894514084,7.80139046696604e-08,0.14545507729053497,104.78267669677734,104.71975708007812,1.9999999494757503e-05,False,False,-0.0548706131793069,9.294177558735155,-0.0548706131793069,9.294177558735155,9.294339528846946,9.294339528846946,-4.142340547120554e-05,0.07296602360909422,0.14580165684475943,0.17856322383851334,-0.0548706129193306,9.294028282165527,-0.0548706129193306,9.294028282165527,9.294190406799316,9.294190406799316,-4.142358011449687e-05,0.07281667739152908,0.14580166339874268,0.1785632222890854,2.599763043731329e-10,0.00014927656962804292,2.599763043731329e-10,0.00014927656962804292,0.00014912204762929093,0.00014912204762929093,1.746432913310946e-10,0.0001493462175651411,6.553983245005668e-09,1.5494279470562589e-09
9275,0.18550000000000003,0,0.14611046016216278,7.584522876413757e-08,0.14577485620975494,104.78109741210938,104.71975708007812,1.9999999494757503e-05,False,False,-0.05499035635276225,9.294185231196707,-0.05499035635276225,9.294185231196707,9.29434790886842,9.29434790886842,-4.1459628933445583e-05,0.07312590734930553,0.1461146327048733,0.1780538831753209,-0.05499035865068436,9.294035911560059,-0.05499035865068436,9.294035911560059,9.294198989868164,9.294198989868164,-4.1459803469479084e-05,0.07297656685113907,0.14611461758613586,0.1780538707971573,2.2979221095398294e-09,0.00014931963664821524,2.2979221095398294e-09,0.00014931963664821524,0.00014891900025659766,0.00014891900025659766,1.745360335005477e-10,0.00014934049816646422,1.5118737428654327e-08,1.2378163605220038e-08
9300,0.18600000000000003,0,0.14641530811786652,7.373782295871933e-08,0.14608734846115112,104.77955627441406,104.71975708007812,1.9999999494757503e-05,False,False,-0.05510736845944735,9.294192897382754,-0.05510736845944735,9.294192897382754,9.294356267962755,9.294356267962755,-4.149484567753628e-05,0.0732821500664438,0.14642052755159018,0.17755732421668574,-0.055107370018959045,9.29404354095459,-0.055107370018959045,9.29404354095459,9.294206619262695,9.294206619262695,-4.149501910433173e-05,0.07313280552625656,0.14642053842544556,0.1775573343038559,1.5595116933941888e-09,0.0001493564281638271,1.5595116933941888e-09,0.0001493564281638271,0.00014964870005940156,0.00014964870005940156,1.7342679545326745e-10,0.00014934454018723786,1.0873855371684726e-08,1.0087170154715608e-08
9325,0.18650000000000003,0,0.14671316742897034,7.168991089656629e-08,0.14639271795749664,104.7780532836914,104.71975708007812,1.9999999494757503e-05,False,False,-0.05522171155750353,9.294200579506288,-0.05522171155750353,9.294200579506288,9.294364628608152,9.294364628608152,-4.152908413470069e-05,0.07343482449672008,0.14671902096615105,0.17707322654384883,-0.05522171035408974,9.294051170349121,-0.05522171035408974,9.294051170349121,9.294215202331543,9.294215202331543,-4.152925612288527e-05,0.07328547537326813,0.1467190384864807,0.17707324028015137,1.203413792227881e-09,0.00014940915716721292,1.203413792227881e-09,0.00014940915716721292,0.00014942627660907704,0.00014942627660907704,1.7198818457868923e-10,0.00014934912345195006,1.7520329659292955e-08,1.3736302539868461e-08
9350,0.18700000000000003,0,0.14700420200824738,6.969978016968525e-08,0.14669108390808105,104.7765884399414,104.71975708007812,1.9999999494757503e-05,False,False,-0.05533343084502856,9.29420842833282,-0.05533343084502856,9.29420842833282,9.294373141738065,9.294373141738065,-4.156237191648366e-05,0.07358400562302367,0.1470098100526978,0.17660128726095206,-0.05533343181014061,9.294058799743652,-0.05533343181014061,9.294058799743652,9.29422378540039,9.29422378540039,-4.156254362897016e-05,0.07343465834856033,0.14700984954833984,0.1766013205051422,9.651120527753854e-10,0.0001496285891668947,9.651120527753854e-10,0.0001496285891668947,0.00014935633767443335,0.00014935633767443335,1.7171248650131154e-10,0.00014934727446333507,3.949564203464817e-08,3.3244190150716335e-08
9375,0.18750000000000003,0,0.14728853106498718,6.776577521350191e-08,0.1469826102256775,104.77516174316406,104.71975708007812,1.9999999494757503e-05,False,False,-0.0554425883608244,9.294216437163385,-0.0554425883608244,9.294216437163385,9.294381800929107,9.294381800929107,-4.1594735838052635e-05,0.07372976253071341,0.1472926094382733,0.1761412209950383,-0.05544259026646614,9.294066429138184,-0.05544259026646614,9.294066429138184,9.294231414794922,9.294231414794922,-4.159490345045924e-05,0.07358042150735855,0.14729265868663788,0.17614127695560455,1.90564174162855e-09,0.00015000802520148682,1.90564174162855e-09,0.00015000802520148682,0.00015038613418560942,0.00015038613418560942,1.676124066065732e-10,0.000149341023354857,4.924836458086723e-08,5.5960566264223743e-08
9400,0.18800000000000003,0,0.1475662887096405,6.588626888515137e-08,0.1472674310207367,104.77376556396484,104.71975708007812,1.9999999494757503e-05,False,False,-0.05554923085903874,9.294224003432905,-0.05554923085903874,9.294224003432905,9.294390003816142,9.294390003816142,-4.162620194216794e-05,0.07387216402431317,0.14757109127388177,0.1756927273535209,-0.05554923415184021,9.294075012207031,-0.05554923415184021,9.294075012207031,9.294240951538086,9.294240951538086,-4.162636832916178e-05,0.07372282445430756,0.1475711464881897,0.17569278180599213,3.2928014689903584e-09,0.00014899122587408442,3.2928014689903584e-09,0.00014899122587408442,0.00014905227805606103,0.00014905227805606103,1.6638699383672746e-10,0.0001493395700056105,5.521430793131721e-08,5.445247122648489e-08
9425,0.18850000000000003,0,0.14783763885498047,6.405969088518759e-08,0.14754566550254822,104.77240753173828,104.71975708007812,1.9999999494757503e-05,False,False,-0.055653407537134186,9.29423194478239,-0.055653407537134186,9.29423194478239,9.294398568233662,9.294398568233662,-4.165679552221577e-05,0.07401128059335564,0.14784100765606126,0.1752555309765288,-0.0556534081697464,9.294082641601562,-0.0556534081697464,9.294082641601562,9.294249534606934,9.294249534606934,-4.165696373092942e-05,0.07386194169521332,0.14784105122089386,0.17525558173656464,6.326122126143474e-10,0.00014930318082662097,6.326122126143474e-10,0.00014930318082662097,0.00014903362672846754,0.00014903362672846754,1.6820871364759066e-10,0.00014933889814232326,4.3564832602482895e-08,5.0760035841257434e-08
9450,0.18900000000000003,0,0.14810268580913544,6.228452775758342e-08,0.1478174775838852,104.77108001708984,104.71975708007812,1.9999999494757503e-05,False,False,-0.05575517635007878,9.294239557602166,-0.05575517635007878,9.294239557602166,9.294406790849361,9.294406790849361,-4.16865411440359e-05,0.07414718104236478,0.1481060432521742,0.17482934398783354,-0.05575517565011978,9.294090270996094,-0.05575517565011978,9.294090270996094,9.294257164001465,9.294257164001465,-4.16867078456562e-05,0.07399784028530121,0.14810611307621002,0.1748294085264206,6.999590004830303e-10,0.00014928660607260724,6.999590004830303e-10,0.00014928660607260724,0.0001496268478966556,0.0001496268478966556,1.6670162030152846e-10,0.0001493407570635763,6.982403583100094e-08,6.453858705790516e-08
9475,0.1895,0,0.14836157858371735,6.055930157344847e-08,0.14808298647403717,104.76978302001953,104.71975708007812,1.9999999494757503e-05,False,False,-0.05585458243011175,9.294246957848314,-0.05585458243011175,9.294246957848314,9.294414787809455,9.294414787809455,-4.171546266788332e-05,0.07427993080584701,0.14836595023833643,0.17441391856355098,-0.05585458502173424,9.294097900390625,-0.05585458502173424,9.294097900390625,9.294265747070312,9.294265747070312,-4.171562613919377e-05,0.0741305872797966,0.14836600422859192,0.17441397905349731,2.591622486058931e-09,0.00014905745768878376,2.591622486058931e-09,0.00014905745768878376,0.0001490407391422366,0.0001490407391422366,1.6347131045595922e-10,0.0001493435260504078,5.39902554885785e-08,6.048994632967819e-08
9500,0.19,0,0.14861443638801575,5.8882580589170175e-08,0.1483423411846161,104.76851654052734,104.71975708007812,1.9999999494757503e-05,False,False,-0.055951682134898637,9.294254160432304,-0.055951682134898637,9.294254160432304,9.294422574288674,9.294422574288674,-4.174358326858209e-05,0.07440959531830879,0.14862045325467707,0.17400897934381024,-0.05595168098807335,9.29410457611084,-0.05595168098807335,9.29410457611084,9.294273376464844,9.294273376464844,-4.1743744077393785e-05,0.07426024228334427,0.14862051606178284,0.1740090399980545,1.1468252875124207e-09,0.00014958432146450207,1.1468252875124207e-09,0.00014958432146450207,0.00014919782383060465,0.00014919782383060465,1.60808811694457e-10,0.00014935303496452224,6.280710576622717e-08,6.065424426604515e-08
9525,0.1905,0,0.14886139333248138,5.725296858827278e-08,0.1485956311225891,104.76728820800781,104.71975708007812,1.9999999494757503e-05,False,False,-0.056046513428547315,9.294261979063549,-0.056046513428547315,9.294261979063549,9.294430964138352,9.294430964138352,-4.1770925456214803e-05,0.0745362411375957,0.14886532692717816,0.1736142734981842,-0.056046515703201294,9.294113159179688,-0.056046515703201294,9.294113159179688,9.294281959533691,9.294281959533691,-4.1771090764086694e-05,0.07438689470291138,0.14886537194252014,0.17361432313919067,2.2746539790619025e-09,0.00014881988386150624,2.2746539790619025e-09,0.00014881988386150624,0.0001490046046601634,0.0001490046046601634,1.6530787189003278e-10,0.00014934643468432485,4.501534198175783e-08,4.96410064720898e-08
9550,0.191,0,0.149102583527565,5.566911909227201e-08,0.14884302020072937,104.76608276367188,104.71975708007812,1.9999999494757503e-05,False,False,-0.056139130121035816,9.29426908366929,-0.056139130121035816,9.29426908366929,9.294438627565494,9.294438627565494,-4.1797511095539886e-05,0.0746599314515359,0.14910826100932284,0.17322954569297433,-0.056139130145311356,9.294119834899902,-0.056139130145311356,9.294119834899902,9.294289588928223,9.294289588928223,-4.179767711320892e-05,0.0745105892419815,0.14910835027694702,0.1732296347618103,2.4275539911577937e-11,0.00014924876938771092,2.4275539911577937e-11,0.00014924876938771092,0.00014903863727155908,0.00014903863727155908,1.660176690335114e-10,0.00014934220955439836,8.926762418148826e-08,8.906883597337156e-08
9575,0.1915,0,0.14933811128139496,5.41297211498204e-08,0.14908462762832642,104.7649154663086,104.71975708007812,1.9999999494757503e-05,False,False,-0.05622958548021702,9.29427685294728,-0.05622958548021702,9.29427685294728,9.294446943498837,9.294446943498837,-4.1823361425141046e-05,0.07478072748211392,0.14934106259004565,0.17285454810429682,-0.05622958764433861,9.294127464294434,-0.05622958764433861,9.294127464294434,9.294297218322754,9.294297218322754,-4.1823524952633306e-05,0.07463138550519943,0.1493411511182785,0.17285463213920593,2.1641215902645783e-09,0.00014938865284719327,2.1641215902645783e-09,0.00014938865284719327,0.0001497251760831375,0.0001497251760831375,1.6352749226077306e-10,0.00014934197691449103,8.852823285554479e-08,8.403490911468303e-08
9600,0.192,0,0.1495680958032608,5.2633502889420924e-08,0.1493205726146698,104.7637710571289,104.71975708007812,1.9999999494757503e-05,False,False,-0.0563179164272008,9.294284006504615,-0.0563179164272008,9.294284006504615,9.294454631729511,9.294454631729511,-4.184849707610816e-05,0.07489869157465352,0.14957145396535987,0.1724890579409833,-0.05631791800260544,9.294134140014648,-0.05631791800260544,9.294134140014648,9.294304847717285,9.294304847717285,-4.184866338619031e-05,0.07474935799837112,0.14957158267498016,0.17248918116092682,1.5754046400751065e-09,0.00014986648996639929,1.5754046400751065e-09,0.00014986648996639929,0.0001497840122262062,0.0001497840122262062,1.6631008214736207e-10,0.0001493335762823983,1.287096202950977e-07,1.2321994352637589e-07
9625,0.1925,0,0.14979267120361328,5.117922796671337e-08,0.14955097436904907,104.76264953613281,104.71975708007812,1.9999999494757503e-05,False,False,-0.05640416803457559,9.294290631385488,-0.05640416803457559,9.294290631385488,9.294461779513203,9.294461779513203,-4.187293808884319e-05,0.07501388551280877,0.14979917980156693,0.17213281986933515,-0.05640416964888573,9.29414176940918,-0.05640416964888573,9.29414176940918,9.294312477111816,9.294312477111816,-4.187310332781635e-05,0.07486455887556076,0.1497994065284729,0.17213304340839386,1.6143101369547885e-09,0.00014886197630836762,1.6143101369547885e-09,0.00014886197630836762,0.00014930240138610884,0.00014930240138610884,1.6523897315945347e-10,0.00014932663724800954,2.2672690597191902e-07,2.2353905870797774e-07
9650,0.193,0,0.15001195669174194,4.976569911718798e-08,0.14977595210075378,104.76156616210938,104.71975708007812,1.9999999494757503e-05,False,False,-0.056488393591323675,9.294298129302186,-0.056488393591323675,9.294298129302186,9.294469788802406,9.294469788802406,-4.1896703931540126e-05,0.07512636827188604,0.15001607472358836,0.17178561360145564,-0.05648839473724365,9.294149398803711,-0.05648839473724365,9.294149398803711,9.294321060180664,9.294321060180664,-4.189687024336308e-05,0.07497704774141312,0.15001627802848816,0.17178581655025482,1.1459199769636719e-09,0.0001487304984753024,1.1459199769636719e-09,0.0001487304984753024,0.00014872862174186707,0.00014872862174186707,1.6631182295592274e-10,0.00014932053047292393,2.0330489980402433e-07,2.029487991828116e-07
9675,0.1935,0,0.15022605657577515,4.839175460347178e-08,0.1499956101179123,104.76050567626953,104.71975708007812,1.9999999494757503e-05,False,False,-0.05657062434658896,9.294305215368505,-0.05657062434658896,9.294305215368505,9.294477374869722,9.294477374869722,-4.19198135159867e-05,0.07523619770385227,0.15022986353070897,0.17144721884944786,-0.0565706230700016,9.294156074523926,-0.0565706230700016,9.294156074523926,9.294328689575195,9.294328689575195,-4.191998596070334e-05,0.07508687674999237,0.1502300649881363,0.17144742608070374,1.27658735665781e-09,0.0001491408445790654,1.27658735665781e-09,0.0001491408445790654,0.000148685294526274,0.000148685294526274,1.7244471664154808e-10,0.00014932095385990218,2.0145742732347038e-07,2.072312558776268e-07
9700,0.194,0,0.15043507516384125,4.70562682153286e-08,0.15021009743213654,104.75946807861328,104.71975708007812,1.9999999494757503e-05,False,False,-0.05665091658854236,9.294311870529027,-0.05665091658854236,9.294311870529027,9.294484518950316,9.294484518950316,-4.194228521450427e-05,0.07534343053733547,0.15044032593503207,0.17111741532541513,-0.05665091797709465,9.29416275024414,-0.05665091797709465,9.29416275024414,9.29433536529541,9.29433536529541,-4.194245775579475e-05,0.0751941055059433,0.1504405438899994,0.1711176335811615,1.3885522870404898e-09,0.00014912028488645035,1.3885522870404898e-09,0.00014912028488645035,0.00014915365490608679,0.00014915365490608679,1.7254129047961303e-10,0.00014932503139217235,2.179549673242409e-07,2.1825574636480383e-07
9725,0.1945,0,0.150639146566391,4.575813505880433e-08,0.15041948854923248,104.75846099853516,104.71975708007812,1.9999999494757503e-05,False,False,-0.05672930265018945,9.294318926733602,-0.05672930265018945,9.294318926733602,9.294492053125746,9.294492053125746,-4.1964136875883423e-05,0.07544812630931141,0.15064327661488464,0.1707959902512753,-0.05672930181026459,9.294169425964355,-0.05672930181026459,9.294169425964355,9.294342994689941,9.294342994689941,-4.196431109448895e-05,0.07529880106449127,0.1506434828042984,0.170796200633049,8.399248657697811e-10,0.00014950076924691302,8.399248657697811e-10,0.00014950076924691302,0.00014905843580415024,0.00014905843580415024,1.7421860552509563e-10,0.0001493252448201421,2.0618941376504551e-07,2.1038177372423306e-07
9750,0.195,0,0.15083836019039154,4.449629997793636e-08,0.15062393248081207,104.75747680664062,104.71975708007812,1.9999999494757503e-05,False,False,-0.05680583469292172,9.294325663241871,-0.05680583469292172,9.294325663241871,9.294499256939645,9.294499256939645,-4.198538583998042e-05,0.07555033669338172,0.15084248034231854,0.17048273585548931,-0.05680583417415619,9.294177055358887,-0.05680583417415619,9.294177055358887,9.294350624084473,9.294350624084473,-4.198556416667998e-05,0.07540100812911987,0.15084269642829895,0.17048294842243195,5.18765530532761e-10,0.00014860788298420857,5.18765530532761e-10,0.00014860788298420857,0.0001486328551720817,0.0001486328551720817,1.783266995576899e-10,0.0001493285642618497,2.1608598041455984e-07,2.1256694263116493e-07
9775,0.1955,0,0.15103283524513245,4.326972202761681e-08,0.15082350373268127,104.75651550292969,104.71975708007812,1.9999999494757503e-05,False,False,-0.05688054091208914,9.294332213407918,-0.05688054091208914,9.294332213407918,9.294506263870426,9.294506263870426,-4.200604895258149e-05,0.07565011926067872,0.15103773685560937,0.17017745187633282,-0.056880541145801544,9.294182777404785,-0.056880541145801544,9.294182777404785,9.294357299804688,9.294357299804688,-4.2006220610346645e-05,0.07550080120563507,0.15103794634342194,0.1701776683330536,2.3371240359670864e-10,0.00014943600313266359,2.3371240359670864e-10,0.00014943600313266359,0.00014896406573861043,0.00014896406573861043,1.7165776515748162e-10,0.0001493180550436457,2.094878125691313e-07,2.1645672076964217e-07
9800,0.196,0,0.15122267603874207,4.207740644801561e-08,0.15101832151412964,104.75557708740234,104.71975708007812,1.9999999494757503e-05,False,False,-0.05695346634575194,9.294338603082021,-0.05695346634575194,9.294338603082021,9.294513099999884,9.294513099999884,-4.2026142580802776e-05,0.07574752512313443,0.15122884839630435,0.16987994055535305,-0.056953467428684235,9.294189453125,-0.056953467428684235,9.294189453125,9.294363975524902,9.294363975524902,-4.2026309529319406e-05,0.07559818029403687,0.15122905373573303,0.16988015174865723,1.0829322924510443e-09,0.00014914995702142164,1.0829322924510443e-09,0.00014914995702142164,0.00014912447498183212,0.00014912447498183212,1.6694851662950923e-10,0.00014934482909756408,2.0533942868272703e-07,2.1119330417818105e-07
9825,0.1965,0,0.15140797197818756,4.091837269015741e-08,0.15120849013328552,104.75466918945312,104.71975708007812,1.9999999494757503e-05,False,False,-0.05702465456219427,9.294345532572423,-0.05702465456219427,9.294345532572423,9.294520465848516,9.294520465848516,-4.204568262621368e-05,0.07584260848186367,0.15141164466235982,0.16959000413409717,-0.057024650275707245,9.294197082519531,-0.057024650275707245,9.294197082519531,9.294371604919434,9.294371604919434,-4.2045849113492295e-05,0.07569324970245361,0.15141187608242035,0.16959023475646973,4.28648702643919e-09,0.00014845005289210178,4.28648702643919e-09,0.00014845005289210178,0.00014886092908206194,0.00014886092908206194,1.6648727861422576e-10,0.0001493587794100526,2.314200605313399e-07,2.3062237256010754e-07
9850,0.197,0,0.1515888273715973,3.9791679284917336e-08,0.15139412879943848,104.75377655029297,104.71975708007812,1.9999999494757503e-05,False,False,-0.05709414229586545,9.294351683306838,-0.05709414229586545,9.294351683306838,9.294527043054593,9.294527043054593,-4.2064684538429104e-05,0.07593541876378973,0.15159388800213397,0.16930745987374168,-0.05709414556622505,9.29420280456543,-0.05709414556622505,9.29420280456543,9.294378280639648,9.294378280639648,-4.206485391478054e-05,0.0757860541343689,0.1515941172838211,0.16930769383907318,3.270359601181827e-09,0.00014887874140789847,3.270359601181827e-09,0.00014887874140789847,0.00014876241494476972,0.00014876241494476972,1.6937635143851647e-10,0.00014936462942083395,2.292816871363179e-07,2.3396533149755427e-07
9875,0.1975,0,0.1517653465270996,3.869640607945257e-08,0.15157531201839447,104.7529067993164,104.71975708007812,1.9999999494757503e-05,False,False,-0.057161961870911715,9.294357828849511,-0.057161961870911715,9.294357828849511,9.294533605328517,9.294533605328517,-4.2083163328232764e-05,0.07602600764251431,0.151771420629941,0.1690321225321916,-0.05716196447610855,9.294208526611328,-0.05716196447610855,9.294208526611328,9.294384002685547,9.294384002685547,-4.208333120914176e-05,0.0758766457438469,0.1517716646194458,0.16903236508369446,2.6051968360363276e-09,0.00014930223818332422,2.6051968360363276e-09,0.00014930223818332422,0.00014960264297059211,0.00014960264297059211,1.6788090899676244e-10,0.0001493618986674189,2.439895047945395e-07,2.425515028547931e-07
9900,0.198,0,0.15193763375282288,3.763166134262974e-08,0.15175215899944305,104.75205993652344,104.71975708007812,1.9999999494757503e-05,False,False,-0.05722815830906259,9.294363993365762,-0.05722815830906259,9.294363993365762,9.294540177075861,9.294540177075861,-4.2101133580499834e-05,0.07611442454496072,0.15194405980695735,0.16876380937062344,-0.05722815915942192,9.294215202331543,-0.05722815915942192,9.294215202331543,9.294391632080078,9.294391632080078,-4.210129918646999e-05,0.07596506178379059,0.15194430947303772,0.16876405477523804,8.503593315611901e-10,0.00014879103421883144,8.503593315611901e-10,0.00014879103421883144,0.0001485449957829843,0.0001485449957829843,1.6560597015350016e-10,0.00014936276117012703,2.4966608036525173e-07,2.4540461460165197e-07
9925,0.1985,0,0.15210577845573425,3.6596581765024894e-08,0.1519247591495514,104.75123596191406,104.71975708007812,1.9999999494757503e-05,False,False,-0.057292765397526216,9.294370226282073,-0.057292765397526216,9.294370226282073,9.294546807895777,9.294546807895777,-4.211860946671765e-05,0.0762007188980522,0.15211162529763114,0.16850234015348522,-0.05729276314377785,9.294220924377441,-0.05729276314377785,9.294220924377441,9.294397354125977,9.294397354125977,-4.211877967463806e-05,0.07605135440826416,0.15211185812950134,0.1685025691986084,2.2537483684859083e-09,0.00014930190463147142,2.2537483684859083e-09,0.00014930190463147142,0.00014945376980080027,0.00014945376980080027,1.702079204101846e-10,0.0001493644897880425,2.3283187020051166e-07,2.290451231734547e-07
9950,0.199,0,0.1522698551416397,3.5590328906209834e-08,0.15209320187568665,104.75043487548828,104.71975708007812,1.9999999494757503e-05,False,False,-0.05735581691999252,9.294376548674606,-0.05735581691999252,9.294376548674606,9.294553519039365,9.294553519039365,-4.213560475677013e-05,0.07628493703952943,0.1522739593958544,0.16824755717466905,-0.057355813682079315,9.294227600097656,-0.057355813682079315,9.294227600097656,9.294404983520508,9.294404983520508,-4.213577267364599e-05,0.07613556832075119,0.15227419137954712,0.168247789144516,3.2379132014481726e-09,0.00014894857694969232,3.2379132014481726e-09,0.00014894857694969232,0.0001485355188570736,0.0001485355188570736,1.6791687585884655e-10,0.0001493687187782422,2.3198369272781072e-07,2.319698469421816e-07
9975,0.1995,0,0.1524299830198288,3.461207853661108e-08,0.15225759148597717,104.74964904785156,104.71975708007812,1.9999999494757503e-05,False,False,-0.05741734809299708,9.294382361053888,-0.05741734809299708,9.294382361053888,9.294559711214495,9.294559711214495,-4.215213283058805e-05,0.07636712558796785,0.15243485941620924,0.16799928520516616,-0.05741734802722931,9.294233322143555,-0.05741734802722931,9.294233322143555,9.294410705566406,9.294410705566406,-4.215230728732422e-05,0.07621776312589645,0.1524350941181183,0.1679995208978653,6.576777317190974e-11,0.00014903891033313243,6.576777317190974e-11,0.00014903891033313243,0.00014900564808861816,0.00014900564808861816,1.744567361666033e-10,0.00014936246207139514,2.3470190904650856e-07,2.3569269913537028e-07
10000,0.2,0,0.15258625149726868,3.3661049059219295e-08,0.15241800248622894,104.74888610839844,104.71975708007812,1.9999999494757503e-05,False,False,-0.05747739124827544,9.294388406106387,-0.05747739124827544,9.294388406106387,9.29456612726326,9.29456612726326,-4.216820668912994e-05,0.07644733060027324,0.1525901725795528,0.16775734400942455,-0.05747739225625992,9.294239044189453,-0.05747739225625992,9.294239044189453,9.294416427612305,9.294416427612305,-4.2168387153651565e-05,0.07629796862602234,0.15259042382240295,0.16775760054588318,1.0079844806054616e-09,0.00014936191693415424,1.0079844806054616e-09,0.00014936191693415424,0.00014969965095446014,0.00014969965095446014,1.8046452162224624e-10,0.0001493619742509028,2.512428501633135e-07,2.5653645863155106e-07
10025,0.2005,0,0.15273872017860413,3.273646242973882e-08,0.1525745540857315,104.74813842773438,104.71975708007812,1.9999999494757503e-05,False,False,-0.057535987202400135,9.29439395803685,-0.057535987202400135,9.29439395803685,9.294572041628127,9.294572041628127,-4.2183838965831546e-05,0.07652559869502097,0.15274375127244125,0.16752161343040955,-0.057535991072654724,9.294244766235352,-0.057535991072654724,9.294244766235352,9.29442310333252,9.29442310333252,-4.218401954858564e-05,0.07637622952461243,0.15274401009082794,0.1675218790769577,3.8702545890334505e-09,0.00014919180149775002,3.8702545890334505e-09,0.00014919180149775002,0.00014893829560769234,0.00014893829560769234,1.8058275409277248e-10,0.0001493691704085448,2.588183866947258e-07,2.6564654814764666e-07
10050,0.201,0,0.1528874933719635,3.183757257829711e-08,0.15272730588912964,104.7474136352539,104.71975708007812,1.9999999494757503e-05,False,False,-0.05759316267496094,9.29439980527989,-0.05759316267496094,9.29439980527989,9.294578242866846,9.294578242866846,-4.2199041937051034e-05,0.07660197115492544,0.15289145022554676,0.16729192074238414,-0.05759316682815552,9.29425048828125,-0.05759316682815552,9.29425048828125,9.294428825378418,9.294428825378418,-4.219921902404167e-05,0.0764525979757309,0.15289171040058136,0.16729217767715454,4.1531945799144765e-09,0.00014931699863929282,4.1531945799144765e-09,0.00014931699863929282,0.00014941748842822733,0.00014941748842822733,1.7708699063352304e-10,0.0001493731791945424,2.6017503459985214e-07,2.569347704040048e-07
10075,0.2015,0,0.15303266048431396,3.096365830401737e-08,0.1528763622045517,104.7467041015625,104.71975708007812,1.9999999494757503e-05,False,False,-0.05764895285309156,9.29440529557709,-0.05764895285309156,9.29440529557709,9.29458407892556,9.29458407892556,-4.221382753238027e-05,0.07667649235188376,0.153037084276352,0.16706810823924018,-0.05764895677566528,9.294256210327148,-0.05764895677566528,9.294256210327148,9.294434547424316,9.294434547424316,-4.221400376991369e-05,0.07652711123228073,0.15303733944892883,0.16706836223602295,3.922573724168821e-09,0.00014908524994083905,3.922573724168821e-09,0.00014908524994083905,0.0001495315012434162,0.0001495315012434162,1.7623753341698732e-10,0.00014938111960302591,2.5517257684626315e-07,2.5399678277304716e-07
10100,0.202,0,0.1531742960214615,3.011401261687752e-08,0.15302179753780365,104.74600982666016,104.71975708007812,1.9999999494757503e-05,False,False,-0.05770338587462428,9.294410470772473,-0.05770338587462428,9.294410470772473,9.294589591797283,9.294589591797283,-4.2228207344688215e-05,0.07674920413027977,0.15318051073837824,0.16685003323449893,-0.05770338699221611,9.294261932373047,-0.05770338699221611,9.294261932373047,9.294441223144531,9.294441223144531,-4.222838470013812e-05,0.07659982889890671,0.15318076312541962,0.166850283741951,1.1175918315786681e-09,0.0001485383994257461,1.1175918315786681e-09,0.0001485383994257461,0.00014836865275213995,0.00014836865275213995,1.7735544990634712e-10,0.00014937523137306674,2.5238704137731105e-07,2.505074520597894e-07
10125,0.2025,0,0.15331248939037323,2.92879480667807e-08,0.15316368639469147,104.7453384399414,104.71975708007812,1.9999999494757503e-05,False,False,-0.0577564940789236,9.294416070182544,-0.0577564940789236,9.294416070182544,9.294595520961405,9.294595520961405,-4.224219263972917e-05,0.07682014917700189,0.1533176068717416,0.16663754553186733,-0.05775649473071098,9.294267654418945,-0.05775649473071098,9.294267654418945,9.29444694519043,9.29444694519043,-4.224236909067258e-05,0.07667077332735062,0.15331785380840302,0.16663779318332672,6.517873810119035e-10,0.00014841576359891917,6.517873810119035e-10,0.00014841576359891917,0.00014857577097515673,0.00014857577097515673,1.764509434154819e-10,0.00014937584965127315,2.4693666142439064e-07,2.4765145939520394e-07
10150,0.203,0,0.15344731509685516,2.8484803848982665e-08,0.1533021330833435,104.74468231201172,104.71975708007812,1.9999999494757503e-05,False,False,-0.057808312633124886,9.294421412636893,-0.057808312633124886,9.294421412636893,9.294601185456678,9.294601185456678,-4.2255794365583547e-05,0.0768893682130949,0.1534522175531838,0.16643051746449627,-0.05780831351876259,9.294272422790527,-0.05780831351876259,9.294272422790527,9.294452667236328,9.294452667236328,-4.2255975131411105e-05,0.07673998922109604,0.15345245599746704,0.1664307564496994,8.856377020638462e-10,0.00014898984636602108,8.856377020638462e-10,0.00014898984636602108,0.0001485182203495583,0.0001485182203495583,1.8076582755882729e-10,0.00014937899199886362,2.384442832348288e-07,2.389852031270401e-07
10175,0.20350000000000001,0,0.15357884764671326,2.770393159323703e-08,0.15343721210956573,104.7440414428711,104.71975708007812,1.9999999494757503e-05,False,False,-0.057858869668041095,9.294426536047894,-0.057858869668041095,9.294426536047894,9.294606623348322,9.294606623348322,-4.226902316176403e-05,0.07695689915125561,0.15358420009622598,0.16622880634590692,-0.057858873158693314,9.29427719116211,-0.057858873158693314,9.29427719116211,9.29445743560791,9.29445743560791,-4.226920282235369e-05,0.07680751383304596,0.15358445048332214,0.16622905433177948,3.4906522186628486e-09,0.00014934488578433047,3.4906522186628486e-09,0.00014934488578433047,0.00014918774041206007,0.00014918774041206007,1.796605896619099e-10,0.00014938531820965495,2.5038709616787003e-07,2.4798587255903115e-07
10200,0.20400000000000001,0,0.15370716154575348,2.6944706021936327e-08,0.15356898307800293,104.74341583251953,104.71975708007812,1.9999999494757503e-05,False,False,-0.05790818769757367,9.2944315052741,-0.05790818769757367,9.2944315052741,9.294611899613356,9.294611899613356,-4.2281889368120637e-05,0.07702278158918964,0.15371341181438955,0.16603226948962066,-0.05790818855166435,9.294281959533691,-0.05790818855166435,9.294281959533691,9.294462203979492,9.294462203979492,-4.2282070353394374e-05,0.07687340676784515,0.153713658452034,0.16603252291679382,8.540906801246528e-10,0.00014954574040793034,8.540906801246528e-10,0.00014954574040793034,0.00014969563386380003,0.00014969563386380003,1.8098527373772069e-10,0.0001493748213444862,2.466376444465457e-07,2.5342717316356733e-07
10225,0.20450000000000002,0,0.1538323312997818,2.620651784468464e-08,0.15369753539562225,104.74281311035156,104.71975708007812,1.9999999494757503e-05,False,False,-0.05795630468180293,9.294437005739702,-0.05795630468180293,9.294437005739702,9.294617699879645,9.294617699879645,-4.229440303367902e-05,0.07708705484376785,0.15383576000704907,0.1658407867386029,-0.057956304401159286,9.294288635253906,-0.057956304401159286,9.294288635253906,9.294468879699707,9.294468879699707,-4.229458500049077e-05,0.07693767547607422,0.15383601188659668,0.16584104299545288,2.806436402713608e-10,0.0001483704857960788,2.806436402713608e-10,0.0001483704857960788,0.0001488201799375588,0.0001488201799375588,1.8196681174939642e-10,0.00014937936769363058,2.518795476080804e-07,2.562568499897555e-07
10250,0.20500000000000002,0,0.1539544314146042,2.548877553465445e-08,0.15382294356822968,104.74221801757812,104.71975708007812,1.9999999494757503e-05,False,False,-0.058003240312121104,9.294441730653677,-0.058003240312121104,9.294441730653677,9.294622717485806,9.294622717485806,-4.230657392457472e-05,0.07714975486184357,0.15395906209453702,0.1656542304260044,-0.05800323933362961,9.294292449951172,-0.05800323933362961,9.294292449951172,9.294473648071289,9.294473648071289,-4.230675403960049e-05,0.07700038701295853,0.15395933389663696,0.1656544953584671,9.784914961619151e-10,0.00014928070250519454,9.784914961619151e-10,0.00014928070250519454,0.00014906941451720002,0.00014906941451720002,1.8011502577223396e-10,0.00014936784888504306,2.718020999381565e-07,2.64932462690215e-07
10275,0.20550000000000002,0,0.1540735512971878,2.4790903552229793e-08,0.15394526720046997,104.74163818359375,104.71975708007812,1.9999999494757503e-05,False,False,-0.05804902131150515,9.294446439257873,-0.05804902131150515,9.294446439257873,9.294627711807966,9.294627711807966,-4.2318411532590154e-05,0.07721091899444406,0.1540792203696848,0.16547247538824744,-0.058049026876688004,9.294297218322754,-0.058049026876688004,9.294297218322754,9.294478416442871,9.294478416442871,-4.231859202263877e-05,0.07706154137849808,0.15407949686050415,0.16547274589538574,5.565182856215323e-09,0.0001492209351194873,5.565182856215323e-09,0.0001492209351194873,0.00014929536509455943,0.00014929536509455943,1.8049004861352006e-10,0.00014937761594598087,2.7649081935088304e-07,2.7050713830023554e-07
10300,0.20600000000000002,0,0.15418973565101624,2.4112344121363094e-08,0.1540646106004715,104.74107360839844,104.71975708007812,1.9999999494757503e-05,False,False,-0.058093687030503605,9.294451064769213,-0.058093687030503605,9.294451064769213,9.294632616293253,9.294632616293253,-4.2329925082620195e-05,0.07727058150341388,0.1541961096689146,0.16529539646175423,-0.05809368938207626,9.294301986694336,-0.05809368938207626,9.294301986694336,9.294483184814453,9.294483184814453,-4.2330102587584406e-05,0.07712121307849884,0.15419641137123108,0.16529570519924164,2.3515726588207997e-09,0.00014907807487674063,2.3515726588207997e-09,0.00014907807487674063,0.00014943147879975527,0.00014943147879975527,1.7750496421163478e-10,0.00014936842491504454,3.0170231649084833e-07,3.087374874088944e-07
10325,0.20650000000000002,0,0.15430305898189545,2.3452555453218338e-08,0.15418100357055664,104.74052429199219,104.71975708007812,1.9999999494757503e-05,False,False,-0.05813724874407873,9.29445571779442,-0.05813724874407873,9.29445571779442,9.29463754160069,9.29463754160069,-4.234112354067341e-05,0.0773287772122672,0.15430960983519196,0.16512287348949026,-0.05813724920153618,9.294305801391602,-0.05813724920153618,9.294305801391602,9.294487953186035,9.294487953186035,-4.2341300286352634e-05,0.07717940956354141,0.15430988371372223,0.16512314975261688,4.5745744692293755e-10,0.00014991640281891705,4.5745744692293755e-10,0.00014991640281891705,0.00014958841465428918,0.00014958841465428918,1.7674567922242295e-10,0.00014936764872579278,2.7387853027138753e-07,2.762631266250981e-07
10350,0.20700000000000002,0,0.1544135957956314,2.2811009969814222e-08,0.15429455041885376,104.739990234375,104.71975708007812,1.9999999494757503e-05,False,False,-0.058179745799142424,9.294460385723605,-0.058179745799142424,9.294460385723605,9.294642475351413,9.294642475351413,-4.235201562086905e-05,0.0773855440337009,0.1544196032147537,0.1649547888176924,-0.05817975103855133,9.2943115234375,-0.05817975103855133,9.2943115234375,9.294493675231934,9.294493675231934,-4.235218875692226e-05,0.07723616808652878,0.1544198840856552,0.16495506465435028,5.239408906732024e-09,0.0001488622861050004,5.239408906732024e-09,0.0001488622861050004,0.00014880011947937533,0.00014880011947937533,1.7313605321016105e-10,0.00014937594717212566,2.808709015089672e-07,2.758366578758942e-07
10375,0.20750000000000002,0,0.1545214056968689,2.2187196080381e-08,0.15440529584884644,104.73947143554688,104.71975708007812,1.9999999494757503e-05,False,False,-0.05822119508205541,9.294465124428662,-0.05822119508205541,9.294465124428662,9.2946474735074,9.2946474735074,-4.2362609793170466e-05,0.07744091257870728,0.1545259896767377,0.16479104231549846,-0.05822119489312172,9.294315338134766,-0.05822119489312172,9.294315338134766,9.2944974899292,9.2944974899292,-4.236278255120851e-05,0.07729154080152512,0.15452627837657928,0.16479133069515228,1.8893368813888145e-10,0.00014978629389617026,1.8893368813888145e-10,0.00014978629389617026,0.0001499835782006187,0.0001499835782006187,1.727580380454178e-10,0.00014937177718216121,2.8869984158852446e-07,2.883796538233341e-07
10400,0.20800000000000002,0,0.15462654829025269,2.1580618181360478e-08,0.15451329946517944,104.73896026611328,104.71975708007812,1.9999999494757503e-05,False,False,-0.05826161485153484,9.294469294274881,-0.05826161485153484,9.294469294274881,9.294651896546945,9.294651896546945,-4.237291428998028e-05,0.07749491458161772,0.1546326266142432,0.16463151883241692,-0.05826161801815033,9.294320106506348,-0.05826161801815033,9.294320106506348,9.294502258300781,9.294502258300781,-4.2373088945169e-05,0.07734553515911102,0.15463291108608246,0.16463179886341095,3.166615490657332e-09,0.0001491877685335652,3.166615490657332e-09,0.0001491877685335652,0.00014963824616387456,0.00014963824616387456,1.7465518872199041e-10,0.00014937942250670133,2.8447183925139896e-07,2.8003099403206555e-07
10425,0.20850000000000002,0,0.15472909808158875,2.099079310369234e-08,0.15461865067481995,104.73846435546875,104.71975708007812,1.9999999494757503e-05,False,False,-0.058301043069765,9.294473576754836,-0.058301043069765,9.294473576754836,9.294656426173958,9.294656426173958,-4.23829371130704e-05,0.07754758542761601,0.1547354288364595,0.16447610572122784,-0.05830104276537895,9.294323921203613,-0.05830104276537895,9.294323921203613,9.294507026672363,9.294507026672363,-4.238311157678254e-05,0.07739820331335068,0.15473572909832,0.1644764095544815,3.0438605108651373e-10,0.00014965555122259389,3.0438605108651373e-10,0.00014965555122259389,0.00014939950159487125,0.00014939950159487125,1.744637121402215e-10,0.00014938211426533676,3.002618605141283e-07,3.0383325366756253e-07
10450,0.20900000000000002,0,0.15482911467552185,2.0417251889170984e-08,0.15472139418125153,104.73798370361328,104.71975708007812,1.9999999494757503e-05,False,False,-0.05833949661871321,9.294478026897938,-0.05833949661871321,9.294478026897938,9.294661117510111,9.294661117510111,-4.239268603997625e-05,0.07759895488519006,0.15483429120598124,0.16432469784452594,-0.058339495211839676,9.294328689575195,-0.058339495211839676,9.294328689575195,9.294511795043945,9.294511795043945,-4.2392861359985545e-05,0.07744956761598587,0.15483458340168,0.16432498395442963,1.4068735343375494e-09,0.00014933732274258205,1.4068735343375494e-09,0.00014933732274258205,0.0001493224661661685,0.0001493224661661685,1.7532000929688409e-10,0.00014938726920418754,2.9219569874783247e-07,2.8610990368549416e-07
10475,0.20950000000000002,0,0.15492665767669678,1.9859536237731845e-08,0.15482160449028015,104.73751068115234,104.71975708007812,1.9999999494757503e-05,False,False,-0.05837699935880346,9.294481979527502,-0.05837699935880346,9.294481979527502,9.294665305529598,9.294665305529598,-4.2402168630692585e-05,0.07764905440783654,0.1549330911420803,0.16417720007799216,-0.05837699770927429,9.294332504272461,-0.05837699770927429,9.294332504272461,9.294515609741211,9.294515609741211,-4.2402341932756826e-05,0.07749967277050018,0.1549333930015564,0.16417750716209412,1.6495291660367783e-09,0.00014947525504105386,1.6495291660367783e-09,0.00014947525504105386,0.00014969578838730513,0.00014969578838730513,1.7330206424103801e-10,0.00014938163733635434,3.018594761095006e-07,3.070841019525705e-07
10500,0.21000000000000002,0,0.1550217717885971,1.931720738923559e-08,0.1549193263053894,104.73705291748047,104.71975708007812,1.9999999494757503e-05,False,False,-0.058413572413075654,9.294486133814742,-0.058413572413075654,9.294486133814742,9.29466968951111,9.29466968951111,-4.241139223359886e-05,0.07769791179819976,0.1550277584735751,0.1640335147940359,-0.05841357260942459,9.294337272644043,-0.05841357260942459,9.294337272644043,9.294520378112793,9.294520378112793,-4.241156784701161e-05,0.07754852622747421,0.15502803027629852,0.16403378546237946,1.963489371092919e-10,0.00014886117069856653,1.963489371092919e-10,0.00014886117069856653,0.00014931139831730889,0.00014931139831730889,1.7561341274810417e-10,0.00014938557072555203,2.7180272341165157e-07,2.7066834354383396e-07
10525,0.21050000000000002,0,0.1551145315170288,1.878983191261341e-08,0.15501461923122406,104.73661041259766,104.71975708007812,1.9999999494757503e-05,False,False,-0.058449238274058825,9.29449054675493,-0.058449238274058825,9.29449054675493,9.294674326579258,9.294674326579258,-4.242036399185373e-05,0.07774555879061125,0.15511819056633203,0.1638935393585234,-0.058449242264032364,9.294341087341309,-0.058449242264032364,9.294341087341309,9.294525146484375,9.294525146484375,-4.2420542740728706e-05,0.07759618014097214,0.15511846542358398,0.16389381885528564,3.989973539064717e-09,0.0001494594136222105,3.989973539064717e-09,0.0001494594136222105,0.00014918009488340545,0.00014918009488340545,1.7874887497487365e-10,0.00014937864963911196,2.748572519584158e-07,2.794967622343769e-07
10550,0.21100000000000002,0,0.15520499646663666,1.8276994140364877e-08,0.1551075577735901,104.73617553710938,104.71975708007812,1.9999999494757503e-05,False,False,-0.05848402079029595,9.294494550643895,-0.05848402079029595,9.294494550643895,9.294678549182692,9.294678549182692,-4.242909084865106e-05,0.07779202431105449,0.1552082723494373,0.16375718615695015,-0.058484021574258804,9.294344902038574,-0.058484021574258804,9.294344902038574,9.29452896118164,9.29452896118164,-4.242927025188692e-05,0.07764262706041336,0.1552085280418396,0.16375744342803955,7.83962852968223e-10,0.00014964860532096225,7.83962852968223e-10,0.00014964860532096225,0.0001495880010509154,0.0001495880010509154,1.7940323585838606e-10,0.0001493972506411284,2.556924023067175e-07,2.5727108940443166e-07
10575,0.21150000000000002,0,0.15529319643974304,1.7778287286773775e-08,0.15519818663597107,104.73574829101562,104.71975708007812,1.9999999494757503e-05,False,False,-0.058517936829664864,9.294498146899572,-0.058517936829664864,9.294498146899572,9.294682358835637,9.294682358835637,-4.243757955341339e-05,0.07783733503883469,0.15529790619530054,0.1636243575617257,-0.0585179403424263,9.294349670410156,-0.0585179403424263,9.294349670410156,9.294533729553223,9.294533729553223,-4.2437757656443864e-05,0.07768793404102325,0.1552981734275818,0.1636246293783188,3.5127614358976267e-09,0.00014847648941618274,3.5127614358976267e-09,0.00014847648941618274,0.00014862928241399231,0.00014862928241399231,1.7810303047232105e-10,0.00014940099781143856,2.67232281248031e-07,2.718165930948313e-07
10600,0.21200000000000002,0,0.15537920594215393,1.7293318776978595e-08,0.15528656542301178,104.73533630371094,104.71975708007812,1.9999999494757503e-05,False,False,-0.05855101313568076,9.294502060516031,-0.05855101313568076,9.294502060516031,9.294686480676793,9.294686480676793,-4.244583666708143e-05,0.07788151933826579,0.15538302693928333,0.1634949609518025,-0.05855101719498634,9.294353485107422,-0.05855101719498634,9.294353485107422,9.294537544250488,9.294537544250488,-4.244601586833596e-05,0.07773211598396301,0.15538328886032104,0.1634952276945114,4.0593055861126714e-09,0.00014857540860901963,4.0593055861126714e-09,0.00014857540860901963,0.00014893642630475767,0.00014893642630475767,1.7920125452985936e-10,0.00014940335430277396,2.6192103771971453e-07,2.6674270892090846e-07
10625,0.21250000000000002,0,0.1554630696773529,1.6821701365188346e-08,0.1553727388381958,104.73493194580078,104.71975708007812,1.9999999494757503e-05,False,False,-0.058583262317229816,9.294505645399417,-0.058583262317229816,9.294505645399417,9.294690268695636,9.294690268695636,-4.245386856747064e-05,0.07792460248447906,0.15546752952355827,0.16336891872576229,-0.05858326330780983,9.294356346130371,-0.05858326330780983,9.294356346130371,9.294541358947754,9.294541358947754,-4.2454044887563214e-05,0.07777519524097443,0.15546780824661255,0.16336919367313385,9.905800138487741e-10,0.00014929926904549973,9.905800138487741e-10,0.00014929926904549973,0.0001489097478817314,0.0001489097478817314,1.7632009257316766e-10,0.0001494072435046373,2.7872305427556476e-07,2.749473715646378e-07
10650,0.21300000000000002,0,0.15554484724998474,1.6363067345537274e-08,0.1554567664861679,104.73453521728516,104.71975708007812,1.9999999494757503e-05,False,False,-0.05861470685393475,9.294508929352189,-0.05861470685393475,9.294508929352189,9.29469375082725,9.29469375082725,-4.246168145476159e-05,0.07796661228011886,0.15555132132707783,0.16324613826255757,-0.05861470848321915,9.294360160827637,-0.05861470848321915,9.294360160827637,9.29454517364502,9.29454517364502,-4.246185926604085e-05,0.07781720906496048,0.15555159747600555,0.16324640810489655,1.6292843948995106e-09,0.00014876852455181222,1.6292843948995106e-09,0.00014876852455181222,0.0001485771822302695,0.0001485771822302695,1.778112792571204e-10,0.0001494032151583835,2.7614892772476196e-07,2.6984233897353604e-07
10675,0.21350000000000002,0,0.15562458336353302,1.5917050788516462e-08,0.15553869307041168,104.7341537475586,104.71975708007812,1.9999999494757503e-05,False,False,-0.058645367879134755,9.294512610422258,-0.058645367879134755,9.294512610422258,9.294697625230853,9.294697625230853,-4.246928135605297e-05,0.0780075754044904,0.1556303547081046,0.16312654446404173,-0.05864536762237549,9.294363975524902,-0.05864536762237549,9.294363975524902,9.294548988342285,9.294548988342285,-4.246945900376886e-05,0.07785816490650177,0.15563063323497772,0.16312682628631592,2.567592666258278e-10,0.00014863489735539304,2.567592666258278e-10,0.00014863489735539304,0.00014863688856792123,0.00014863688856792123,1.77647715893963e-10,0.00014941049798862516,2.7852687312091007e-07,2.818222741840515e-07
10700,0.21400000000000002,0,0.15570232272148132,1.548330175182855e-08,0.1556185781955719,104.73377990722656,104.71975708007812,1.9999999494757503e-05,False,False,-0.0586752636062756,9.294516015288789,-0.0586752636062756,9.294516015288789,9.294701218706228,9.294701218706228,-4.24766741306177e-05,0.07804751516688134,0.15570850958918186,0.16301004470916727,-0.058675266802310944,9.294366836547852,-0.058675266802310944,9.294366836547852,9.294551849365234,9.294551849365234,-4.2476847738726065e-05,0.07789810746908188,0.15570880472660065,0.1630103439092636,3.196035346098025e-09,0.00014917874093711703,3.196035346098025e-09,0.00014917874093711703,0.00014936934099374355,0.00014936934099374355,1.7360810836472952e-10,0.00014940769779946128,2.9513741878206545e-07,2.992000963375485e-07
10725,0.21450000000000002,0,0.15577812492847443,1.5061480951317208e-08,0.15569646656513214,104.7334213256836,104.71975708007812,1.9999999494757503e-05,False,False,-0.05870441517134617,9.294519866137524,-0.05870441517134617,9.294519866137524,9.294705253550847,9.294705253550847,-4.248386547448938e-05,0.07808645712325776,0.15578173582530058,0.16289656139651595,-0.05870441719889641,9.294370651245117,-0.05870441719889641,9.294370651245117,9.2945556640625,9.2945556640625,-4.2484040022827685e-05,0.077937051653862,0.15578202903270721,0.16289685666561127,2.027550238814513e-09,0.00014921489240649066,2.027550238814513e-09,0.00014921489240649066,0.0001495894883465354,0.0001495894883465354,1.7454833830751488e-10,0.0001494054693957636,2.9320740663196787e-07,2.952690953128556e-07
10750,0.21500000000000002,0,0.15585201978683472,1.4651252655539793e-08,0.15577241778373718,104.73306274414062,104.71975708007812,1.9999999494757503e-05,False,False,-0.05873283650618028,9.294522793017679,-0.05873283650618028,9.294522793017679,9.294708359922286,9.294708359922286,-4.249086092498183e-05,0.07812442458290735,0.1558579034054958,0.16278601942794116,-0.058732837438583374,9.294373512268066,-0.058732837438583374,9.294373512268066,9.294559478759766,9.294559478759766,-4.249103585607372e-05,0.07797501981258392,0.15585820376873016,0.1627863198518753,9.32403092235301e-10,0.00014928074961240156,9.32403092235301e-10,0.00014928074961240156,0.0001488811625200981,0.0001488811625200981,1.7493109188976156e-10,0.00014940477032342192,3.0036323436788415e-07,3.00423934146421e-07
10775,0.21550000000000002,0,0.15592406690120697,1.4252297120265212e-08,0.15584644675254822,104.73271942138672,104.71975708007812,1.9999999494757503e-05,False,False,-0.058760541792004406,9.294526240848631,-0.058760541792004406,9.294526240848631,9.294711982794059,9.294711982794059,-4.249766586572767e-05,0.07816144394430052,0.15592899715098238,0.1626783487118394,-0.058760546147823334,9.294377326965332,-0.058760546147823334,9.294377326965332,9.294563293457031,9.294563293457031,-4.2497838876442984e-05,0.07801204919815063,0.1559293121099472,0.16267865896224976,4.355818927770372e-09,0.0001489138832990733,4.355818927770372e-09,0.0001489138832990733,0.0001486893370277187,0.0001486893370277187,1.730107153122772e-10,0.000149394746149889,3.149589648254736e-07,3.1025041036247814e-07
10800,0.21600000000000003,0,0.15599431097507477,1.3864299042154471e-08,0.1559186428785324,104.73238372802734,104.71975708007812,1.9999999494757503e-05,False,False,-0.0587875604588911,9.294529482417214,-0.0587875604588911,9.294529482417214,9.294715395147263,9.294715395147263,-4.250428553027708e-05,0.07819753514670748,0.1559989069973898,0.16257346664024935,-0.05878755822777748,9.294380187988281,-0.05878755822777748,9.294380187988281,9.29456615447998,9.29456615447998,-4.250445999787189e-05,0.07804814726114273,0.15599919855594635,0.16257375478744507,2.23111362024353e-09,0.00014929442893318878,2.23111362024353e-09,0.00014929442893318878,0.00014924066728205787,0.00014924066728205787,1.744675948105027e-10,0.00014938788556474736,2.915585565477219e-07,2.881471957150161e-07
10825,0.21650000000000003,0,0.1560627818107605,1.3486955552366453e-08,0.15598902106285095,104.7320556640625,104.71975708007812,1.9999999494757503e-05,False,False,-0.05881389813807926,9.294532565732059,-0.05881389813807926,9.294532565732059,9.294718645019222,9.294718645019222,-4.251072500683497e-05,0.07823272093774633,0.15606756785965764,0.16247130812811056,-0.058813903480768204,9.29438304901123,-0.058813903480768204,9.29438304901123,9.29456901550293,9.29456901550293,-4.251089922036044e-05,0.078083336353302,0.1560678631067276,0.16247160732746124,5.342688944032226e-09,0.00014951672082830214,5.342688944032226e-09,0.00014951672082830214,0.0001496295162919381,0.0001496295162919381,1.7421352547548766e-10,0.00014938458444432867,2.9524706995909256e-07,2.991993506840096e-07
10850,0.21700000000000003,0,0.15612955391407013,1.3119969111130558e-08,0.15605762600898743,104.73173522949219,104.71975708007812,1.9999999494757503e-05,False,False,-0.05883957168877482,9.294535563501285,-0.05883957168877482,9.294535563501285,9.294721805217554,9.294721805217554,-4.2516989242211466e-05,0.07826702350336563,0.15613490964618235,0.16237180308381952,-0.058839570730924606,9.29438591003418,-0.058839570730924606,9.29438591003418,9.294571876525879,9.294571876525879,-4.251716018188745e-05,0.07811763137578964,0.1561352163553238,0.16237211227416992,9.578502158102964e-10,0.00014965346710482663,9.578502158102964e-10,0.00014965346710482663,0.00014992869167507195,0.00014992869167507195,1.7093967598157773e-10,0.00014939212757598963,3.0670914144548256e-07,3.0919035040599674e-07
10875,0.21750000000000003,0,0.15619462728500366,1.2763053724995643e-08,0.1561245173215866,104.7314224243164,104.71975708007812,1.9999999494757503e-05,False,False,-0.05886460358378858,9.294538397146885,-0.05886460358378858,9.294538397146885,9.294724797302655,9.294724797302655,-4.252308304583923e-05,0.07830046531034866,0.15620086476863204,0.16227488391904427,-0.05886460095643997,9.294389724731445,-0.05886460095643997,9.294389724731445,9.294575691223145,9.294575691223145,-4.2523253796389326e-05,0.07815107703208923,0.15620116889476776,0.16227519512176514,2.6273486095074183e-09,0.00014867241544003207,2.6273486095074183e-09,0.00014867241544003207,0.00014910607951001964,0.00014910607951001964,1.7075055009919656e-10,0.00014938827825942969,3.0412613571950686e-07,3.112027208707069e-07
10900,0.21800000000000003,0,0.15625807642936707,1.2415928729581083e-08,0.1561897248029709,104.73111724853516,104.71975708007812,1.9999999494757503e-05,False,False,-0.05888900506685543,9.29454116211064,-0.05888900506685543,9.29454116211064,9.294727716780454,9.294727716780454,-4.2529011093640206e-05,0.07833306601713086,0.15626536313540312,0.1621804805421813,-0.058889009058475494,9.294391632080078,-0.058889009058475494,9.294391632080078,9.294578552246094,9.294578552246094,-4.2529183701844886e-05,0.07818367332220078,0.15626567602157593,0.1621807962656021,3.9916200622602815e-09,0.0001495300305620617,3.9916200622602815e-09,0.0001495300305620617,0.0001491645343598691,0.0001491645343598691,1.7260820467975956e-10,0.0001493926949300839,3.1288617280411657e-07,3.1572342082397675e-07
10925,0.21850000000000003,0,0.15631991624832153,1.2078322342290448e-08,0.15625329315662384,104.73082733154297,104.71975708007812,1.9999999494757503e-05,False,False,-0.05891279728393332,9.294544499739821,-0.05891279728393332,9.294544499739821,9.294731205114411,9.294731205114411,-4.2534777931724934e-05,0.078364846124652,0.15632436962111587,0.1620885303714417,-0.05891279876232147,9.294395446777344,-0.05891279876232147,9.294395446777344,9.29458236694336,9.29458236694336,-4.2534953536232933e-05,0.07821545749902725,0.15632468461990356,0.16208884119987488,1.4783881549518263e-09,0.00014905296247746946,1.4783881549518263e-09,0.00014905296247746946,0.00014883817105193486,0.00014883817105193486,1.756045079991499e-10,0.00014938862562474675,3.149987876926996e-07,3.108284331865274e-07
10950,0.21900000000000003,0,0.15638020634651184,1.1749971662311509e-08,0.15631525218486786,104.73053741455078,104.71975708007812,1.9999999494757503e-05,False,False,-0.05893598290226756,9.294547138319976,-0.05893598290226756,9.294547138319976,9.294733990627849,9.294733990627849,-4.254038798022581e-05,0.07839582613385196,0.156385756718077,0.16199896081195045,-0.0589359886944294,9.294398307800293,-0.0589359886944294,9.294398307800293,9.294585227966309,9.294585227966309,-4.254055966157466e-05,0.07824642956256866,0.1563860923051834,0.16199930012226105,5.792161840434407e-09,0.00014883051968261896,5.792161840434407e-09,0.00014883051968261896,0.00014876266154040252,0.00014876266154040252,1.7168134885188653e-10,0.00014939657128329453,3.3558710640924083e-07,3.393103105986395e-07
10975,0.21950000000000003,0,0.15643896162509918,1.1430619117902552e-08,0.15637566149234772,104.73025512695312,104.71975708007812,1.9999999494757503e-05,False,False,-0.05895858867914034,9.294549692533051,-0.05895858867914034,9.294549692533051,9.294736688155576,9.294736688155576,-4.2545845536611396e-05,0.07842602514149645,0.15644550932707918,0.1619117293080911,-0.058958590030670166,9.294401168823242,-0.058958590030670166,9.294401168823242,9.294588088989258,9.294588088989258,-4.25460166297853e-05,0.0782766193151474,0.15644584596157074,0.16191206872463226,1.3515298255550867e-09,0.0001485237098091119,1.3515298255550867e-09,0.0001485237098091119,0.00014859916631770886,0.00014859916631770886,1.7109317390314512e-10,0.00014940582634904997,3.3663449156007275e-07,3.3941654115077213e-07
11000,0.22000000000000003,0,0.15649625658988953,1.112001601910606e-08,0.1564345359802246,104.72998046875,104.71975708007812,1.9999999494757503e-05,False,False,-0.058980620242002554,9.294552283643664,-0.058980620242002554,9.294552283643664,9.29473941899125,9.29473941899125,-4.255115477928535e-05,0.07845546336769053,0.15650356236306193,0.1618267707748032,-0.05898062139749527,9.294403076171875,-0.05898062139749527,9.294403076171875,9.29458999633789,9.29458999633789,-4.255133171682246e-05,0.07830605655908585,0.15650393068790436,0.16182713210582733,1.1554927153989425e-09,0.0001492074717894809,1.1554927153989425e-09,0.0001492074717894809,0.00014942265335982086,0.00014942265335982086,1.7693753711131967e-10,0.0001494068086046879,3.6832484243132235e-07,3.613310241290524e-07
11025,0.22050000000000003,0,0.15655209124088287,1.0817919005035037e-08,0.1564919352531433,104.72972106933594,104.71975708007812,1.9999999494757503e-05,False,False,-0.05900210435537226,9.29455549966844,-0.05900210435537226,9.29455549966844,9.294742771305467,9.294742771305467,-4.2556319770917506e-05,0.07848415850502606,0.15655588070064572,0.16174402263029802,-0.0590021051466465,9.29440689086914,-0.0590021051466465,9.29440689086914,9.294593811035156,9.294593811035156,-4.2556490370770916e-05,0.0783347487449646,0.15655624866485596,0.1617443859577179,7.912742405746798e-10,0.0001486087993001206,7.912742405746798e-10,0.0001486087993001206,0.00014896027031063852,0.00014896027031063852,1.7059985341045343e-10,0.00014940976006146134,3.679642102405456e-07,3.6332741987221695e-07
11050,0.22100000000000003,0,0.1566065102815628,1.05240944847651e-08,0.15654787421226501,104.72946166992188,104.71975708007812,1.9999999494757503e-05,False,False,-0.05902303805707954,9.294558067207925,-0.05902303805707954,9.294558067207925,9.294745471701816,9.294745471701816,-4.256134446174139e-05,0.07851212936943407,0.15661035185176628,0.16166342729932964,-0.05902303755283356,9.294408798217773,-0.05902303755283356,9.294408798217773,9.294596672058105,9.294596672058105,-4.2561521695461124e-05,0.07836271822452545,0.15661069750785828,0.16166377067565918,5.042459852444559e-10,0.00014926899015144102,5.042459852444559e-10,0.00014926899015144102,0.0001487996437106176,0.0001487996437106176,1.772337197318498e-10,0.00014941114490861496,3.456560919989915e-07,3.433763295368486e-07
11075,0.22150000000000003,0,0.1566595584154129,1.023831153190713e-08,0.1566023975610733,104.72920227050781,104.71975708007812,1.9999999494757503e-05,False,False,-0.0590434381968243,9.29456000283126,-0.0590434381968243,9.29456000283126,9.294747536852451,9.294747536852451,-4.256623269245018e-05,0.07853939253016726,0.1566669207444495,0.16158492970992389,-0.05904344096779823,9.294410705566406,-0.05904344096779823,9.294410705566406,9.294598579406738,9.294598579406738,-4.256640386302024e-05,0.07838998734951019,0.15666727721691132,0.16158528625965118,2.7709739364167874e-09,0.0001492972648531321,2.7709739364167874e-09,0.0001492972648531321,0.0001489574457131937,0.0001489574457131937,1.7117057006147502e-10,0.00014940518065706399,3.5647246182657355e-07,3.56549727298372e-07
11100,0.22200000000000003,0,0.15671126544475555,9.960349878213037e-09,0.15665555000305176,104.72895812988281,104.71975708007812,1.9999999494757503e-05,False,False,-0.059063330223254926,9.294562642549849,-0.059063330223254926,9.294562642549849,9.294750302900034,9.294750302900034,-4.2570988197745307e-05,0.07856596652232187,0.15671759222608259,0.16150847979664973,-0.05906333401799202,9.294413566589355,-0.05906333401799202,9.294413566589355,9.294601440429688,9.294601440429688,-4.2571165977278724e-05,0.07841655611991882,0.1567179560661316,0.16150884330272675,3.794737093998357e-09,0.00014907596049340555,3.794737093998357e-09,0.00014907596049340555,0.00014886247034695543,0.00014886247034695543,1.7777953341771048e-10,0.00014941040240304404,3.638400490058036e-07,3.635060770168508e-07
11125,0.22250000000000003,0,0.15676166117191315,9.689991031791578e-09,0.15670736134052277,104.72872161865234,104.71975708007812,1.9999999494757503e-05,False,False,-0.05908272107899782,9.294565331564046,-0.05908272107899782,9.294565331564046,9.29475311509899,9.29475311509899,-4.257561460886413e-05,0.07859186791515065,0.15676627876173907,0.16143401748098982,-0.059082720428705215,9.294415473937988,-0.059082720428705215,9.294415473937988,9.29460334777832,9.29460334777832,-4.257578621036373e-05,0.07844244688749313,0.1567666381597519,0.1614343822002411,6.502926044871238e-10,0.00014985762605768116,6.502926044871238e-10,0.00014985762605768116,0.00014976732066962484,0.00014976732066962484,1.7160149959804995e-10,0.00014942102765751197,3.593980128224761e-07,3.647192512723496e-07
11150,0.22300000000000003,0,0.15681077539920807,9.427026270714123e-09,0.15675786137580872,104.72848510742188,104.71975708007812,1.9999999494757503e-05,False,False,-0.05910161770051389,9.294567414793372,-0.05910161770051389,9.294567414793372,9.29475531842305,9.29475531842305,-4.25801154566933e-05,0.07861711299707143,0.15681690783612187,0.1613614977040562,-0.05910162255167961,9.294418334960938,-0.05910162255167961,9.294418334960938,9.29460620880127,9.29460620880127,-4.25802863901481e-05,0.07846769690513611,0.1568172574043274,0.16136184334754944,4.8511657191330215e-09,0.0001490798324343956,4.8511657191330215e-09,0.0001490798324343956,0.00014910962178049658,0.00014910962178049658,1.7093345480240696e-10,0.0001494160919353199,3.495682055210114e-07,3.456434932436192e-07
11175,0.22350000000000003,0,0.1568586528301239,9.17125042576572e-09,0.1568070650100708,104.72825622558594,104.71975708007812,1.9999999494757503e-05,False,False,-0.05912003001192352,9.294569631259758,-0.05912003001192352,9.294569631259758,9.294757651939333,9.294757651939333,-4.2584494174647984e-05,0.07864171889900654,0.15686545183366588,0.16129086539387466,-0.05912003293633461,9.29442024230957,-0.05912003293633461,9.29442024230957,9.294608116149902,9.294608116149902,-4.2584673792589456e-05,0.07849229872226715,0.15686580538749695,0.1612912118434906,2.92441108828978e-09,0.0001493889501880119,2.92441108828978e-09,0.0001493889501880119,0.000149535789430999,0.000149535789430999,1.7961794147170048e-10,0.00014942017673938435,3.535538310728281e-07,3.4644961593999213e-07
11200,0.224,0,0.15690530836582184,8.922465433158777e-09,0.1568550318479538,104.72803497314453,104.71975708007812,1.9999999494757503e-05,False,False,-0.05913798047951149,9.294571918940528,-0.05913798047951149,9.294571918940528,9.294760053766478,9.294760053766478,-4.258875410113239e-05,0.07866569938186081,0.15691187070202633,0.1612220804981004,-0.0591379813849926,9.29442310333252,-0.0591379813849926,9.29442310333252,9.294610977172852,9.294610977172852,-4.2588926589814946e-05,0.07851627469062805,0.15691223740577698,0.161222442984581,9.054811067610302e-10,0.00014881560800894533,9.054811067610302e-10,0.00014881560800894533,0.00014907659362606296,0.00014907659362606296,1.724886825575254e-10,0.0001494246912327607,3.667037506427384e-07,3.624864805817918e-07
11225,0.2245,0,0.15695077180862427,8.680478558176219e-09,0.1569017767906189,104.72782135009766,104.71975708007812,1.9999999494757503e-05,False,False,-0.05915547472701486,9.29457431910433,-0.05915547472701486,9.29457431910433,9.294762565205412,9.294762565205412,-4.259289848246922e-05,0.0786890704532173,0.15695610936922888,0.1611550879447591,-0.059155479073524475,9.294425010681152,-0.059155479073524475,9.294425010681152,9.294612884521484,9.294612884521484,-4.2593070247676224e-05,0.07853963971138,0.15695644915103912,0.16115543246269226,4.346509617503269e-09,0.00014930842317717463,4.346509617503269e-09,0.00014930842317717463,0.00014968068392740008,0.00014968068392740008,1.7176520700424225e-10,0.000149430741837292,3.397818102435224e-07,3.4451793315404267e-07
11250,0.225,0,0.15699508786201477,8.445101506993069e-09,0.15694734454154968,104.72760772705078,104.71975708007812,1.9999999494757503e-05,False,False,-0.05917252529826128,9.29457617695153,-0.05917252529826128,9.29457617695153,9.294764531547052,9.294764531547052,-4.259693047544397e-05,0.07871184868232875,0.15700209531997641,0.16108984267496282,-0.059172529727220535,9.294427871704102,-0.059172529727220535,9.294427871704102,9.29461669921875,9.29461669921875,-4.259710476617329e-05,0.0785624235868454,0.15700243413448334,0.1610901802778244,4.428959254898501e-09,0.00014830524742848183,4.428959254898501e-09,0.00014830524742848183,0.00014783232830239967,0.00014783232830239967,1.7429072931668095e-10,0.00014942509548335203,3.388145069227466e-07,3.376028615831306e-07
11275,0.2255,0,0.15703828632831573,8.216153091211709e-09,0.15699175000190735,104.72740173339844,104.71975708007812,1.9999999494757503e-05,False,False,-0.05918914212145147,9.294578203996231,-0.05918914212145147,9.294578203996231,9.294766664351874,9.294766664351874,-4.2600853149564645e-05,0.07873404895343905,0.1570458109517902,0.1610262996298236,-0.059189144521951675,9.294429779052734,-0.059189144521951675,9.294429779052734,9.294618606567383,9.294618606567383,-4.260103378328495e-05,0.07858462631702423,0.1570461243391037,0.16102661192417145,2.400500208332712e-09,0.00014842494349665003,2.400500208332712e-09,0.00014842494349665003,0.00014805778449122897,0.00014805778449122897,1.80633720302378e-10,0.0001494226364148199,3.1338731348862225e-07,3.122943478539586e-07
11300,0.226,0,0.15708036720752716,7.993454786969778e-09,0.15703502297401428,104.72720336914062,104.71975708007812,1.9999999494757503e-05,False,False,-0.05920533643338817,9.294580362072756,-0.05920533643338817,9.294580362072756,9.294768925524222,9.294768925524222,-4.2604669489890705e-05,0.0787556836232791,0.15708721871559686,0.1609644212602681,-0.05920533835887909,9.29443073272705,-0.05920533835887909,9.29443073272705,9.2946195602417,9.2946195602417,-4.2604850023053586e-05,0.0786062628030777,0.1570875495672226,0.1609647572040558,1.925490919485462e-09,0.0001496293457048381,1.925490919485462e-09,0.0001496293457048381,0.00014936528252285086,0.00014936528252285086,1.8053316288191464e-10,0.00014942082020140413,3.308516257349847e-07,3.3594378767709543e-07
11325,0.2265,0,0.15712139010429382,7.776835175832275e-09,0.15707719326019287,104.72701263427734,104.71975708007812,1.9999999494757503e-05,False,False,-0.05922111947053455,9.29458271658758,-0.05922111947053455,9.29458271658758,9.294771380538625,9.294771380538625,-4.260838239899157e-05,0.07877676757609284,0.15712626604269375,0.16090415499759372,-0.059221118688583374,9.29443359375,-0.059221118688583374,9.29443359375,9.294622421264648,9.294622421264648,-4.260856076143682e-05,0.07862734794616699,0.15712660551071167,0.16090449690818787,7.819511774198595e-10,0.00014912283758050648,7.819511774198595e-10,0.00014912283758050648,0.0001489592739769563,0.0001489592739769563,1.783624452493071e-10,0.00014941962992584545,3.3946801791806536e-07,3.419105941426803e-07
11350,0.227,0,0.15716135501861572,7.566126392077877e-09,0.1571182906627655,104.72682189941406,104.71975708007812,1.9999999494757503e-05,False,False,-0.05923649815671783,9.294584559972087,-0.05923649815671783,9.294584559972087,9.294773321882863,9.294773321882863,-4.261199469962478e-05,0.07879731513445459,0.15716687791451223,0.1608454532796409,-0.059236496686935425,9.294435501098633,-0.059236496686935425,9.294435501098633,9.294624328613281,9.294624328613281,-4.2612169636413455e-05,0.07864788919687271,0.1571672111749649,0.1608457863330841,1.4697824068932164e-09,0.00014905887345406654,1.4697824068932164e-09,0.00014905887345406654,0.00014899326958150994,0.00014899326958150994,1.7493678867422282e-10,0.00014942593758188183,3.3326045267845217e-07,3.3305344321332697e-07
11375,0.2275,0,0.15720030665397644,7.3611650108773574e-09,0.15715834498405457,104.72663879394531,104.71975708007812,1.9999999494757503e-05,False,False,-0.05925148803784004,9.294586601493707,-0.05925148803784004,9.294586601493707,9.294775458907065,9.294775458907065,-4.261550913658578e-05,0.07881733893593007,0.15720506426456052,0.16078829858350874,-0.059251490980386734,9.294437408447266,-0.059251490980386734,9.294437408447266,9.294626235961914,9.294626235961914,-4.2615683923941106e-05,0.07866790890693665,0.15720537304878235,0.1607886105775833,2.9425466924193344e-09,0.0001491930464414537,2.9425466924193344e-09,0.0001491930464414537,0.00014922294515073986,0.00014922294515073986,1.7478735532495612e-10,0.00014943002899342472,3.0878422183078236e-07,3.1199407457549455e-07
11400,0.228,0,0.15723827481269836,7.161793824650431e-09,0.15719737112522125,104.72645568847656,104.71975708007812,1.9999999494757503e-05,False,False,-0.05926609042105569,9.294588208805633,-0.05926609042105569,9.294588208805633,9.29477715928373,9.29477715928373,-4.261892837922701e-05,0.07883685274142398,0.1572447425644553,0.16073263583722308,-0.059266094118356705,9.294438362121582,-0.059266094118356705,9.294438362121582,9.29462718963623,9.29462718963623,-4.261910362401977e-05,0.07868742942810059,0.15724503993988037,0.1607329398393631,3.6973010139607076e-09,0.0001498466840512691,3.6973010139607076e-09,0.0001498466840512691,0.00014996964749869335,0.00014996964749869335,1.7524479276439164e-10,0.00014942331332339076,2.973754250623628e-07,3.040021400169124e-07
11425,0.2285,0,0.1572752594947815,6.967858290352069e-09,0.15723539888858795,104.72628021240234,104.71975708007812,1.9999999494757503e-05,False,False,-0.05928032085403762,9.294590014549325,-0.05928032085403762,9.294590014549325,9.294779055738795,9.294779055738795,-4.262225502335788e-05,0.07885586834599759,0.15728190272153236,0.16067842749171057,-0.05928032472729683,9.294441223144531,-0.05928032472729683,9.294441223144531,9.29463005065918,9.29463005065918,-4.2622428736649454e-05,0.07870644330978394,0.15728221833705902,0.16067874431610107,3.873259206421675e-09,0.0001487914047935135,3.873259206421675e-09,0.0001487914047935135,0.0001490050796153497,0.0001490050796153497,1.7371329157441938e-10,0.00014942503621365177,3.1561552665815285e-07,3.1682439050051414e-07
11450,0.229,0,0.1573113054037094,6.7792091940077626e-09,0.15727245807647705,104.72611236572266,104.71975708007812,1.9999999494757503e-05,False,False,-0.059294190571858855,9.294592055780926,-0.059294190571858855,9.294592055780926,9.294781185397614,9.294781185397614,-4.262549159336225e-05,0.07887439754471219,0.15731650468344688,0.16062563349462633,-0.059294190257787704,9.294443130493164,-0.059294190257787704,9.294443130493164,9.294631958007812,9.294631958007812,-4.2625666537787765e-05,0.07872497290372849,0.15731684863567352,0.16062597930431366,3.140711510307703e-10,0.0001489252877622249,3.140711510307703e-10,0.0001489252877622249,0.00014922738980160943,0.00014922738980160943,1.74944425516499e-10,0.00014942464098370578,3.439522266446282e-07,3.458096873298899e-07
11475,0.2295,0,0.1573464274406433,6.59570131844589e-09,0.15730857849121094,104.72594451904297,104.71975708007812,1.9999999494757503e-05,False,False,-0.05930770649177713,9.294593649912153,-0.05930770649177713,9.294593649912153,9.294782865728314,9.294782865728314,-4.2628640544190354e-05,0.07889245437930731,0.15735249095453102,0.16057422380671174,-0.059307705610990524,9.29444408416748,-0.059307705610990524,9.29444408416748,9.294632911682129,9.294632911682129,-4.262881702743471e-05,0.07874303311109543,0.15735283493995667,0.16057457029819489,8.807866033744283e-10,0.00014956574467284156,8.807866033744283e-10,0.00014956574467284156,0.0001499540461846749,0.0001499540461846749,1.764832443528516e-10,0.00014942126821188007,3.439854256437336e-07,3.4649148314414013e-07
11500,0.23,0,0.15738065540790558,6.4171925551193e-09,0.1573437750339508,104.72578430175781,104.71975708007812,1.9999999494757503e-05,False,False,-0.05932087854996097,9.294595504244604,-0.05932087854996097,9.294595504244604,9.294784804079972,9.294784804079972,-4.2631704263242e-05,0.07891004952150506,0.15738584643557751,0.16052415587235036,-0.059320881962776184,9.294445991516113,-0.059320881962776184,9.294445991516113,9.294634819030762,9.294634819030762,-4.2631883843569085e-05,0.07876063138246536,0.1573861837387085,0.16052448749542236,3.4128152109902388e-09,0.00014951272849117458,3.4128152109902388e-09,0.00014951272849117458,0.00014998504921059919,0.00014998504921059919,1.7958032708310012e-10,0.0001494181390396948,3.3730313098168097e-07,3.3162307200296226e-07
11525,0.2305,0,0.1574140042066574,6.243546124551358e-09,0.15737806260585785,104.72562408447266,104.71975708007812,1.9999999494757503e-05,False,False,-0.05933370804739588,9.29459696060866,-0.05933370804739588,9.29459696060866,9.294786342303215,9.294786342303215,-4.263468507228311e-05,0.07892719617054066,0.15742051363091858,0.16047539965228352,-0.05933370441198349,9.294447898864746,-0.05933370441198349,9.294447898864746,9.294637680053711,9.294637680053711,-4.26348669861909e-05,0.07877777516841888,0.1574208289384842,0.1604757159948349,3.635412387792414e-09,0.00014906174391349225,3.635412387792414e-09,0.00014906174391349225,0.00014866224950438323,0.00014866224950438323,1.8191390779268186e-10,0.00014942100212177178,3.153075656125992e-07,3.1634255137635847e-07
11550,0.231,0,0.1574465036392212,6.0746283558898995e-09,0.15741148591041565,104.72547149658203,104.71975708007812,1.9999999494757503e-05,False,False,-0.059346216149647475,9.29459867381776,-0.059346216149647475,9.29459867381776,9.294788135331872,9.294788135331872,-4.263758522934565e-05,0.07894390303229254,0.15745248495116154,0.16042792010070947,-0.059346217662096024,9.294448852539062,-0.059346217662096024,9.294448852539062,9.294638633728027,9.294638633728027,-4.2637773731257766e-05,0.07879448682069778,0.157452791929245,0.1604282259941101,1.5124485483464234e-09,0.00014982127869700435,1.5124485483464234e-09,0.00014982127869700435,0.00014950160384508138,0.00014950160384508138,1.8850191211823662e-10,0.00014941621159475504,3.0697808345303557e-07,3.058934006372471e-07
11575,0.2315,0,0.15747816860675812,5.910309130996438e-09,0.1574440449476242,104.7253189086914,104.71975708007812,1.9999999494757503e-05,False,False,-0.05935839854155299,9.294600010401771,-0.05935839854155299,9.294600010401771,9.294789549679864,9.294789549679864,-4.2640406930368035e-05,0.07896018274432652,0.15748570039736712,0.160381684675098,-0.05935840308666229,9.294450759887695,-0.05935840308666229,9.294450759887695,9.29464054107666,9.29464054107666,-4.264059316483326e-05,0.07881076633930206,0.15748603641986847,0.16038201749324799,4.54510930281149e-09,0.0001492505140756606,4.54510930281149e-09,0.0001492505140756606,0.00014900860320388176,0.00014900860320388176,1.862344652271827e-10,0.00014941640502445785,3.3602250135156275e-07,3.328181499839822e-07
11600,0.232,0,0.15750901401042938,5.750462328535377e-09,0.1574757695198059,104.72517395019531,104.71975708007812,1.9999999494757503e-05,False,False,-0.059370270776259386,9.294601626859155,-0.059370270776259386,9.294601626859155,9.294791241930337,9.294791241930337,-4.264315231094443e-05,0.0789760456975297,0.15751615238014266,0.16033665832964736,-0.059370268136262894,9.294452667236328,-0.059370268136262894,9.294452667236328,9.294642448425293,9.294642448425293,-4.2643332562875e-05,0.07882662862539291,0.1575165092945099,0.16033701598644257,2.639996492248553e-09,0.0001489596228267942,2.639996492248553e-09,0.0001489596228267942,0.00014879350504415356,0.00014879350504415356,1.8025193057586266e-10,0.00014941707213678157,3.569143672277342e-07,3.5765679520793903e-07
11625,0.2325,0,0.15753908455371857,5.5949653798847976e-09,0.15750668942928314,104.72503662109375,104.71975708007812,1.9999999494757503e-05,False,False,-0.05938184408723305,9.29460355828022,-0.05938184408723305,9.29460355828022,9.294793247243456,9.294793247243456,-4.2645823448149175e-05,0.07899150172111988,0.15754381086022953,0.1602928110250989,-0.05938184633851051,9.294454574584961,-0.05938184633851051,9.294454574584961,9.294644355773926,9.294644355773926,-4.26459992013406e-05,0.07884208858013153,0.15754418075084686,0.16029317677021027,2.2512774630611965e-09,0.0001489836952597301,2.2512774630611965e-09,0.0001489836952597301,0.0001488914695304544,0.0001488914695304544,1.7575319142610268e-10,0.00014941314098834702,3.6989061732994877e-07,3.6574511136366894e-07
11650,0.233,0,0.15756836533546448,5.44369838095804e-09,0.1575368046760559,104.72489929199219,104.71975708007812,1.9999999494757503e-05,False,False,-0.059393114156175646,9.294605117583345,-0.059393114156175646,9.294605117583345,9.294794878522907,9.294794878522907,-4.264842236197647e-05,0.07900656036347997,0.15757261834195987,0.16025011272219392,-0.05939311534166336,9.294456481933594,-0.05939311534166336,9.294456481933594,9.294646263122559,9.294646263122559,-4.264860035618767e-05,0.07885715365409851,0.15757296979427338,0.1602504700422287,1.185487714938649e-09,0.0001486356497508723,1.185487714938649e-09,0.0001486356497508723,0.00014861540034871723,0.00014861540034871723,1.779942112009104e-10,0.00014940670938146106,3.5145231350175443e-07,3.573200347828376e-07
11675,0.2335,0,0.1575969159603119,5.296545868560543e-09,0.1575661599636078,104.72476196289062,104.71975708007812,1.9999999494757503e-05,False,False,-0.05940409782756232,9.294606341543851,-0.05940409782756232,9.294606341543851,9.294796172649827,9.294796172649827,-4.265095101698076e-05,0.07902123313883641,0.15760254728934664,0.16020853588494535,-0.059404097497463226,9.29445743560791,-0.059404097497463226,9.29445743560791,9.294647216796875,9.294647216796875,-4.2651136027416214e-05,0.07887182384729385,0.15760289132595062,0.16020888090133667,3.300990938925885e-10,0.0001489059359407463,3.300990938925885e-10,0.0001489059359407463,0.00014895585295171543,0.00014895585295171543,1.8501043545207565e-10,0.0001494092915425571,3.440366039830778e-07,3.4501639131767625e-07
11700,0.234,0,0.1576247215270996,5.153394599943795e-09,0.15759475529193878,104.7246322631836,104.71975708007812,1.9999999494757503e-05,False,False,-0.05941479942955032,9.294607885817701,-0.05941479942955032,9.294607885817701,9.29479778529344,9.29479778529344,-4.265341132387529e-05,0.07903552959557208,0.15762959261626872,0.16016804797082296,-0.059414803981781006,9.294458389282227,-0.059414803981781006,9.294458389282227,9.294648170471191,9.294648170471191,-4.2653591663111e-05,0.07888611406087875,0.15762990713119507,0.1601683646440506,4.552230682686176e-09,0.00014949653547446928,4.552230682686176e-09,0.00014949653547446928,0.00014961482224862266,0.00014961482224862266,1.8033923571185656e-10,0.00014941553469333124,3.1451492635281575e-07,3.166732276405071e-07
11725,0.23450000000000001,0,0.15765181183815002,5.014134885072963e-09,0.15762260556221008,104.72450256347656,104.71975708007812,1.9999999494757503e-05,False,False,-0.0594252202548738,9.294609114126425,-0.0594252202548738,9.294609114126425,9.294799080195567,9.294799080195567,-4.265580514097169e-05,0.07904945956290475,0.15765769933032994,0.16012862144383969,-0.059425219893455505,9.29446029663086,-0.059425219893455505,9.29446029663086,9.294650077819824,9.294650077819824,-4.2655978177208453e-05,0.0789000391960144,0.15765801072120667,0.16012893617153168,3.6141829806712877e-10,0.00014881749556572288,3.6141829806712877e-10,0.00014881749556572288,0.0001490023757426684,0.0001490023757426684,1.7303623676056742e-10,0.00014942036689034877,3.113908767227169e-07,3.147276919912567e-07
11750,0.23500000000000001,0,0.15767820179462433,4.878660586626893e-09,0.15764975547790527,104.72438049316406,104.71975708007812,1.9999999494757503e-05,False,False,-0.059435381474545315,9.294610655460646,-0.059435381474545315,9.294610655460646,9.29480068646841,9.29480068646841,-4.265813427563631e-05,0.07906303118504333,0.15768286735195236,0.1600902287680085,-0.05943538248538971,9.294461250305176,-0.05943538248538971,9.294461250305176,9.29465103149414,9.29465103149414,-4.26583101216238e-05,0.0789136067032814,0.15768320858478546,0.16009056568145752,1.0108443943002143e-09,0.00014940515547046118,1.0108443943002143e-09,0.00014940515547046118,0.00014965497426899788,0.00014965497426899788,1.758459874904466e-10,0.00014942448176193113,3.412328331009462e-07,3.369134490283088e-07
11775,0.23550000000000001,0,0.1577039211988449,4.74686734364127e-09,0.15767620503902435,104.72425842285156,104.71975708007812,1.9999999494757503e-05,False,False,-0.05944527876563316,9.294611897679724,-0.05944527876563316,9.294611897679724,9.294801991955342,9.294801991955342,-4.2660400485721295e-05,0.07907625316786637,0.1577090441920112,0.1600528449106137,-0.05944528058171272,9.294462203979492,-0.05944528058171272,9.294462203979492,9.294651985168457,9.294651985168457,-4.266058385837823e-05,0.07892683148384094,0.15770940482616425,0.16005320847034454,1.8160795645094652e-09,0.00014969370023187878,1.8160795645094652e-09,0.00014969370023187878,0.0001500067868853705,0.0001500067868853705,1.8337265693656743e-10,0.00014942168402543032,3.6063415304044e-07,3.6355973084822857e-07
11800,0.23600000000000002,0,0.15772897005081177,4.618654791954668e-09,0.15770196914672852,104.72413635253906,104.71975708007812,1.9999999494757503e-05,False,False,-0.059454917744368924,9.294612826194168,-0.059454917744368924,9.294612826194168,9.294802982102263,9.294802982102263,-4.26626054809038e-05,0.07908913618309599,0.1577361998112478,0.1600164398323967,-0.059454917907714844,9.294463157653809,-0.059454917907714844,9.294463157653809,9.294652938842773,9.294652938842773,-4.266277755959891e-05,0.07893972098827362,0.15773656964302063,0.16001680493354797,1.633459201233478e-10,0.00014966854035947108,1.633459201233478e-10,0.00014966854035947108,0.00015004325948986263,0.00015004325948986263,1.7207869511097224e-10,0.00014941519482236654,3.698317728173528e-07,3.6510115128396414e-07
11825,0.23650000000000002,0,0.1577533781528473,4.493924343762501e-09,0.15772707760334015,104.7240219116211,104.71975708007812,1.9999999494757503e-05,False,False,-0.05946431396974284,9.294614119674424,-0.05946431396974284,9.294614119674424,9.294804335664471,9.294804335664471,-4.2664750924092056e-05,0.0791016875324367,0.157760341639899,0.1599809935071851,-0.05946431681513786,9.294465065002441,-0.05946431681513786,9.294465065002441,9.294654846191406,9.294654846191406,-4.26649276050739e-05,0.07895228266716003,0.15776072442531586,0.159981369972229,2.8453950237650183e-09,0.00014905467198289557,2.8453950237650183e-09,0.00014905467198289557,0.00014948947306514526,0.00014948947306514526,1.7668098184302466e-10,0.00014940486527666164,3.827854168636513e-07,3.7646504391641855e-07
11850,0.23700000000000002,0,0.15777716040611267,4.37258140806307e-09,0.15775153040885925,104.72391510009766,104.71975708007812,1.9999999494757503e-05,False,False,-0.05947346744603557,9.294615811525816,-0.05947346744603557,9.294615811525816,9.294806086045892,9.294806086045892,-4.266683843262223e-05,0.07911391536009749,0.1577814371354345,0.15994647339244866,-0.059473469853401184,9.294466972351074,-0.059473469853401184,9.294466972351074,9.294657707214355,9.294657707214355,-4.266701944288798e-05,0.07896450161933899,0.15778179466724396,0.15994682908058167,2.407365612411283e-09,0.00014883917474151076,2.407365612411283e-09,0.00014883917474151076,0.0001483788315361778,0.0001483788315361778,1.8101026574976128e-10,0.00014941374075849723,3.5753180946396235e-07,3.5568813300246305e-07
11875,0.23750000000000002,0,0.1578003317117691,4.2545327261223065e-09,0.15777535736560822,104.72380065917969,104.71975708007812,1.9999999494757503e-05,False,False,-0.059482380744330335,9.2946165430171,-0.059482380744330335,9.2946165430171,9.294806874558834,9.294806874558834,-4.266886957960588e-05,0.07912582893362652,0.15780741135886356,0.15991285946201494,-0.059482377022504807,9.294466972351074,-0.059482377022504807,9.294466972351074,9.294657707214355,9.294657707214355,-4.266904215910472e-05,0.07897640764713287,0.15780776739120483,0.15991321206092834,3.7218255283244517e-09,0.0001495706660250562,3.7218255283244517e-09,0.0001495706660250562,0.00014916734447822932,0.00014916734447822932,1.7257949884159733e-10,0.00014942128649364506,3.5603234127545846e-07,3.5259891340011507e-07
11900,0.23800000000000002,0,0.15782290697097778,4.139688591919821e-09,0.15779857337474823,104.72369384765625,104.71975708007812,1.9999999494757503e-05,False,False,-0.059491068140507586,9.294617664468353,-0.059491068140507586,9.294617664468353,9.294808051586415,9.294808051586415,-4.267084589505987e-05,0.07913743583556311,0.1578302966935605,0.15988012918643996,-0.05949106812477112,9.29446792602539,-0.05949106812477112,9.29446792602539,9.294658660888672,9.294658660888672,-4.26710321335122e-05,0.07898803055286407,0.1578306257724762,0.15988045930862427,1.5736467684490663e-11,0.00014973844296228833,1.5736467684490663e-11,0.00014973844296228833,0.0001493906977430015,0.0001493906977430015,1.862384523264619e-10,0.00014940528269903608,3.290789157006646e-07,3.3012218431105467e-07
11925,0.23850000000000002,0,0.1578448861837387,4.027961075792064e-09,0.1578211933374405,104.72359466552734,104.71975708007812,1.9999999494757503e-05,False,False,-0.059499535252269684,9.29461915707757,-0.059499535252269684,9.29461915707757,9.294809598362335,9.294809598362335,-4.26727688671869e-05,0.07914874252510751,0.15785006810680977,0.15984825753300816,-0.059499531984329224,9.294469833374023,-0.059499531984329224,9.294469833374023,9.294660568237305,9.294660568237305,-4.267294207238592e-05,0.07899931818246841,0.15785038471221924,0.15984857082366943,3.2679404599056383e-09,0.00014932370354614477,3.2679404599056383e-09,0.00014932370354614477,0.0001490301250299808,0.0001490301250299808,1.732051990236392e-10,0.00014942434263909288,3.1660540947275884e-07,3.1329066127461225e-07
11950,0.23900000000000002,0,0.15786631405353546,3.919264912610743e-09,0.157843217253685,104.72349548339844,104.71975708007812,1.9999999494757503e-05,False,False,-0.05950777775117631,9.29462043396528,-0.05950777775117631,9.29462043396528,9.294810927990833,9.294810927990833,-4.267463994351371e-05,0.07915975770813824,0.15787067561275822,0.15981722197227555,-0.05950778350234032,9.29447078704834,-0.05950778350234032,9.29447078704834,9.294661521911621,9.294661521911621,-4.267481926945038e-05,0.07901033759117126,0.15787102282047272,0.15981757640838623,5.751164003364728e-09,0.00014964691693997167,5.751164003364728e-09,0.00014964691693997167,0.0001494060792115448,0.0001494060792115448,1.7932593666838796e-10,0.0001494201169669751,3.4720771449614496e-07,3.544361106833094e-07
11975,0.23950000000000002,0,0.15788717567920685,3.813517501782826e-09,0.15786468982696533,104.72339630126953,104.71975708007812,1.9999999494757503e-05,False,False,-0.05951581248044603,9.294621401669335,-0.05951581248044603,9.294621401669335,9.294811947118934,9.294811947118934,-4.2676460531954154e-05,0.07917048896719464,0.15789210168850507,0.15978700498134132,-0.0595158152282238,9.294472694396973,-0.0595158152282238,9.294472694396973,9.294663429260254,9.294663429260254,-4.267663825885393e-05,0.07902106642723083,0.15789248049259186,0.1597873866558075,2.747777769207538e-09,0.00014870727236271364,2.747777769207538e-09,0.00014870727236271364,0.0001485178586797531,0.0001485178586797531,1.7772689977292632e-10,0.00014942253996380606,3.7880408679247246e-07,3.8167446617110024e-07
12000,0.24000000000000002,0,0.15790751576423645,3.710638241116726e-09,0.1578855961561203,104.72329711914062,104.71975708007812,1.9999999494757503e-05,False,False,-0.05952363382807509,9.294622169097716,-0.05952363382807509,9.294622169097716,9.294812764615909,9.294812764615909,-4.267823200195145e-05,0.07918094416565091,0.15791431629479152,0.15975757652094671,-0.05952363833785057,9.294473648071289,-0.05952363833785057,9.294473648071289,9.29466438293457,9.29466438293457,-4.2678406316554174e-05,0.07903152704238892,0.15791471302509308,0.15975797176361084,4.5097754836076476e-09,0.00014852102642670673,4.5097754836076476e-09,0.00014852102642670673,0.00014838168133834984,0.00014838168133834984,1.7431460272345888e-10,0.00014941712326199674,3.967303015550705e-07,3.952426641251616e-07
12025,0.24050000000000002,0,0.15792731940746307,3.6105485268222992e-09,0.1579059660434723,104.72320556640625,104.71975708007812,1.9999999494757503e-05,False,False,-0.05953125735729343,9.294623336890714,-0.05953125735729343,9.294623336890714,9.294813981208877,9.294813981208877,-4.26799556855831e-05,0.07919112835853329,0.1579333393782122,0.15972892908127714,-0.059531260281801224,9.294473648071289,-0.059531260281801224,9.294473648071289,9.29466438293457,9.29466438293457,-4.268013435648754e-05,0.07904170453548431,0.15793374180793762,0.15972933173179626,2.9245077956541188e-09,0.000149688819425009,2.9245077956541188e-09,0.000149688819425009,0.00014959827430693906,0.00014959827430693906,1.7867090444011408e-10,0.00014942382304897195,4.0242972543236277e-07,4.026505191212504e-07
12050,0.24100000000000002,0,0.1579466015100479,3.513172419644661e-09,0.1579258143901825,104.72311401367188,104.71975708007812,1.9999999494757503e-05,False,False,-0.05953868435074146,9.294624242104543,-0.05953868435074146,9.294624242104543,9.294814933975376,9.294814933975376,-4.2681632878510795e-05,0.0792010499708855,0.15795310843655605,0.1597010276165308,-0.05953868106007576,9.294475555419922,-0.05953868106007576,9.294475555419922,9.294666290283203,9.294666290283203,-4.2681807826738805e-05,0.07905163615942001,0.15795351564884186,0.15970143675804138,3.2906656982634175e-09,0.0001486866846214241,3.2906656982634175e-09,0.0001486866846214241,0.0001486436921727119,0.0001486436921727119,1.7494822801002955e-10,0.00014941381146549304,4.072122858078675e-07,4.09141510587796e-07
12075,0.24150000000000002,0,0.15796540677547455,3.418435756685767e-09,0.15794514119625092,104.72303009033203,104.71975708007812,1.9999999494757503e-05,False,False,-0.05954591914502012,9.29462563806981,-0.05954591914502012,9.29462563806981,9.294816376257868,9.294816376257868,-4.268326484099308e-05,0.079210715181073,0.15796964091314608,0.15967386211362145,-0.05954591929912567,9.294476509094238,-0.05954591929912567,9.294476509094238,9.29466724395752,9.29466724395752,-4.2683444917201996e-05,0.07906129211187363,0.15797005593776703,0.159674271941185,1.5410555470607434e-10,0.00014912897557195492,1.5410555470607434e-10,0.00014912897557195492,0.00014913230034885316,0.00014913230034885316,1.8007620891533288e-10,0.0001494230691993781,4.1502462094777925e-07,4.0982756355223415e-07
12100,0.24200000000000002,0,0.1579837054014206,3.326266373449016e-09,0.15796397626399994,104.72293853759766,104.71975708007812,1.9999999494757503e-05,False,False,-0.05955296429976139,9.29462608690178,-0.05955296429976139,9.29462608690178,9.294816870217078,9.294816870217078,-4.2684852798902317e-05,0.07922012988662641,0.15799086186899158,0.15964741254637674,-0.05955296382308006,9.294477462768555,-0.05955296382308006,9.294477462768555,9.294668197631836,9.294668197631836,-4.268502743798308e-05,0.07907070964574814,0.15799127519130707,0.15964782238006592,4.76681326355699e-10,0.0001486241332244731,4.76681326355699e-10,0.0001486241332244731,0.00014867258524198235,0.00014867258524198235,1.7463908076419512e-10,0.000149420240878273,4.1332231548452114e-07,4.0983368918001695e-07
12125,0.24250000000000002,0,0.15800154209136963,3.236594547928462e-09,0.15798231959342957,104.72285461425781,104.71975708007812,1.9999999494757503e-05,False,False,-0.059559828486961945,9.294627014704023,-0.059559828486961945,9.294627014704023,9.294817841982447,9.294817841982447,-4.268639794467041e-05,0.07922930167008509,0.15800880619073832,0.1596216588886241,-0.05955982953310013,9.294477462768555,-0.05955982953310013,9.294477462768555,9.294668197631836,9.294668197631836,-4.2686573578976095e-05,0.07907988876104355,0.15800918638706207,0.15962204337120056,1.0461381830251248e-09,0.00014955193546839496,1.0461381830251248e-09,0.00014955193546839496,0.00014964435061060044,0.00014964435061060044,1.7563430568310993e-10,0.00014941290904153803,3.80196323757076e-07,3.8448257647094586e-07
12150,0.24300000000000002,0,0.15801891684532166,3.1493518903857876e-09,0.158000186085701,104.7227783203125,104.71975708007812,1.9999999494757503e-05,False,False,-0.05956651732333615,9.294628402112872,-0.05956651732333615,9.294628402112872,9.294819272226293,9.294819272226293,-4.268790143819694e-05,0.07923823642897965,0.15802345385221395,0.15959658111419123,-0.059566520154476166,9.294479370117188,-0.059566520154476166,9.294479370117188,9.294670104980469,9.294670104980469,-4.268807970220223e-05,0.07908882200717926,0.15802378952503204,0.15959692001342773,2.8311400168679057e-09,0.00014903199568472303,2.8311400168679057e-09,0.00014903199568472303,0.00014916724582469953,0.00014916724582469953,1.7826400528923913e-10,0.00014941442180038678,3.356728180969881e-07,3.388992365072063e-07
12175,0.24350000000000002,0,0.15803584456443787,3.0644720094841205e-09,0.1580176055431366,104.72269439697266,104.71975708007812,1.9999999494757503e-05,False,False,-0.059573033365261395,9.294628886746253,-0.059573033365261395,9.294628886746253,9.294819798610526,9.294819798610526,-4.2689364407711116e-05,0.07924693978000594,0.15804273742424238,0.15957216670672028,-0.059573035687208176,9.294479370117188,-0.059573035687208176,9.294479370117188,9.294670104980469,9.294670104980469,-4.268953489372507e-05,0.07909751683473587,0.15804307162761688,0.15957249701023102,2.3219467806812055e-09,0.00014951662906526053,2.3219467806812055e-09,0.00014951662906526053,0.00014969363005690184,0.00014969363005690184,1.7048601395094724e-10,0.00014942294527006683,3.3420337450240645e-07,3.3030351073715103e-07
12200,0.24400000000000002,0,0.15805232524871826,2.9818909563772422e-09,0.1580345630645752,104.72261810302734,104.71975708007812,1.9999999494757503e-05,False,False,-0.059579379673811876,9.29462984193873,-0.059579379673811876,9.29462984193873,9.294820794460769,9.294820794460769,-4.2690787950705103e-05,0.07925541705902499,0.1580586892901979,0.15954839313676727,-0.059579383581876755,9.294480323791504,-0.059579383581876755,9.294480323791504,9.294671058654785,9.294671058654785,-4.2690975533332676e-05,0.07910599559545517,0.1580590009689331,0.15954869985580444,3.9080648786549155e-09,0.00014951814722685697,3.9080648786549155e-09,0.00014951814722685697,0.00014973580598365288,0.00014973580598365288,1.8758262757228965e-10,0.00014942146356981822,3.1167873520976386e-07,3.067190371686124e-07
12225,0.24450000000000002,0,0.15806838870048523,2.901545448352749e-09,0.15805107355117798,104.72254180908203,104.71975708007812,1.9999999494757503e-05,False,False,-0.0595855575275293,9.294630629165182,-0.0595855575275293,9.294630629165182,9.294821621272858,9.294821621272858,-4.269217313472488e-05,0.07926367584857619,0.158075266974042,0.15952524538470286,-0.059585556387901306,9.29448127746582,-0.059585556387901306,9.29448127746582,9.294672012329102,9.294672012329102,-4.2692339775385335e-05,0.07911425828933716,0.15807560086250305,0.1595255732536316,1.139627996138426e-09,0.00014935169936158843,1.139627996138426e-09,0.00014935169936158843,0.0001496089437562631,0.0001496089437562631,1.6664066045839806e-10,0.000149417559239029,3.338884610459836e-07,3.2786892872893603e-07
12250,0.24500000000000002,0,0.15808402001857758,2.8233750892781018e-09,0.15806716680526733,104.72247314453125,104.71975708007812,1.9999999494757503e-05,False,False,-0.05959158249349898,9.294631848785086,-0.05959158249349898,9.294631848785086,9.294822879493408,9.294822879493408,-4.2693520998257394e-05,0.07927172092285097,0.15808848040928303,0.15950270592762622,-0.05959158390760422,9.294483184814453,-0.05959158390760422,9.294483184814453,9.294673919677734,9.294673919677734,-4.2693704017437994e-05,0.07912230491638184,0.158088818192482,0.1595030426979065,1.4141052356864137e-09,0.00014866397063251213,1.4141052356864137e-09,0.00014866397063251213,0.00014895981567342176,0.00014895981567342176,1.830191806009092e-10,0.00014941600646913022,3.3778319896704545e-07,3.367702802736794e-07
12275,0.24550000000000002,0,0.15809926390647888,2.74732037119918e-09,0.15808284282684326,104.72239685058594,104.71975708007812,1.9999999494757503e-05,False,False,-0.05959744589668604,9.294632238056824,-0.05959744589668604,9.294632238056824,9.294823306350832,9.294823306350832,-4.269483255145463e-05,0.07927955649437127,0.15810625966347328,0.15948075974590797,-0.059597451239824295,9.294483184814453,-0.059597451239824295,9.294483184814453,9.294673919677734,9.294673919677734,-4.2695002775872126e-05,0.0791301429271698,0.15810663998126984,0.15948113799095154,5.343138258229185e-09,0.00014905324237091122,5.343138258229185e-09,0.00014905324237091122,0.00014938667309749576,0.00014938667309749576,1.7022441749491588e-10,0.00014941356720146737,3.8031779656111375e-07,3.7824504356409605e-07
12300,0.24600000000000002,0,0.15811410546302795,2.6733237845633084e-09,0.15809810161590576,104.72232818603516,104.71975708007812,1.9999999494757503e-05,False,False,-0.059603156415378306,9.294633120073492,-0.059603156415378306,9.294633120073492,9.294824224966375,9.294824224966375,-4.2696108776999695e-05,0.07928718817983278,0.1581206446298018,0.15945939181991883,-0.05960315838456154,9.294483184814453,-0.05960315838456154,9.294483184814453,9.294673919677734,9.294673919677734,-4.269627606845461e-05,0.07913777232170105,0.1581210047006607,0.15945975482463837,1.969183233141436e-09,0.00014993525903861382,1.969183233141436e-09,0.00014993525903861382,0.00015030528864024006,0.00015030528864024006,1.672914549130742e-10,0.0001494158581317323,3.600708589068802e-07,3.6300471953354396e-07
12325,0.24650000000000002,0,0.158128559589386,2.601329152085441e-09,0.15811297297477722,104.72225952148438,104.71975708007812,1.9999999494757503e-05,False,False,-0.05960872093982274,9.294633805787646,-0.05960872093982274,9.294633805787646,9.294824946350664,9.294824946350664,-4.269735063075556e-05,0.07929462356177502,0.15813559283223008,0.15943858713002942,-0.05960872024297714,9.29448413848877,-0.05960872024297714,9.29448413848877,9.29467487335205,9.29467487335205,-4.2697542085079476e-05,0.07914520800113678,0.15813599526882172,0.15943898260593414,6.9684559511618e-10,0.00014966729887611052,6.9684559511618e-10,0.00014966729887611052,0.0001500729986130267,0.0001500729986130267,1.9145432391824745e-10,0.00014941556063824413,4.0243659163441414e-07,3.9547590471866734e-07
12350,0.24700000000000003,0,0.15814264118671417,2.531282072837371e-09,0.15812745690345764,104.72219848632812,104.71975708007812,1.9999999494757503e-05,False,False,-0.05961414381111021,9.294634994637557,-0.05961414381111021,9.294634994637557,9.294826169955167,9.294826169955167,-4.269855904258111e-05,0.07930186544854588,0.158147116707538,0.15941833065661054,-0.0596141442656517,9.294485092163086,-0.0596141442656517,9.294485092163086,9.294675827026367,9.294675827026367,-4.269872442819178e-05,0.07915244251489639,0.15814749896526337,0.1594187170267105,4.545414947210169e-10,0.00014990247447066452,4.545414947210169e-10,0.00014990247447066452,0.00015034292879967381,0.00015034292879967381,1.6538561066980172e-10,0.00014942293364948733,3.8225772536204516e-07,3.863700999695574e-07
12375,0.24750000000000003,0,0.1581563502550125,2.463129256113916e-09,0.15814156830310822,104.72212982177734,104.71975708007812,1.9999999494757503e-05,False,False,-0.059619421964423575,9.294635323679486,-0.059619421964423575,9.294635323679486,9.29482653284427,9.29482653284427,-4.269973491702155e-05,0.07930891889517154,0.1581631513298209,0.15939861238657577,-0.05961942672729492,9.294486045837402,-0.05961942672729492,9.294486045837402,9.294677734375,9.294677734375,-4.2699906771304086e-05,0.07915949821472168,0.15816354751586914,0.15939900279045105,4.76287134731912e-09,0.00014927784208396133,4.76287134731912e-09,0.00014927784208396133,0.00014879846927051688,0.00014879846927051688,1.718542825339636e-10,0.00014942068044986045,3.9618604824598336e-07,3.9040387528332943e-07
12400,0.24800000000000003,0,0.1581697016954422,2.3968196316559442e-09,0.15815530717372894,104.7220687866211,104.71975708007812,1.9999999494757503e-05,False,False,-0.059624564081164004,9.294636165405505,-0.059624564081164004,9.294636165405505,9.29482740753726,9.29482740753726,-4.27008791340073e-05,0.07931578839500876,0.15817572908245317,0.15937940979048124,-0.0596245639026165,9.294486999511719,-0.0596245639026165,9.294486999511719,9.294678688049316,9.294678688049316,-4.270106364856474e-05,0.07916637510061264,0.15817610919475555,0.15937979519367218,1.7854750317125578e-10,0.00014916589378621836,1.7854750317125578e-10,0.00014916589378621836,0.0001487194879441489,0.0001487194879441489,1.8451455744165554e-10,0.0001494132943961196,3.801123023838837e-07,3.8540319094448883e-07
12425,0.24850000000000003,0,0.15818272531032562,2.332302795338137e-09,0.15816868841648102,104.72200775146484,104.71975708007812,1.9999999494757503e-05,False,False,-0.05962957143603409,9.294636880447989,-0.05962957143603409,9.294636880447989,9.294828154687615,9.294828154687615,-4.27019925495487e-05,0.07932248068809244,0.15818881249593952,0.15936071285524078,-0.059629570692777634,9.294487953186035,-0.059629570692777634,9.294487953186035,9.294679641723633,9.294679641723633,-4.270215504220687e-05,0.07917308062314987,0.15818916261196136,0.1593610644340515,7.432564563814026e-10,0.00014892726195370187,7.432564563814026e-10,0.00014892726195370187,0.00014851296398177283,0.00014851296398177283,1.624926581703383e-10,0.00014940006494257307,3.501160218410959e-07,3.515788107311124e-07
12450,0.24900000000000003,0,0.1581953912973404,2.269529897347411e-09,0.15818172693252563,104.7219467163086,104.71975708007812,1.9999999494757503e-05,False,False,-0.0596344496437004,9.29463739555095,-0.0596344496437004,9.29463739555095,9.29482870107666,9.29482870107666,-4.270307599632597e-05,0.07932899830193578,0.15820239155719362,0.15934251156776805,-0.05963445082306862,9.294487953186035,-0.05963445082306862,9.294487953186035,9.294679641723633,9.294679641723633,-4.2703246435848996e-05,0.07917959988117218,0.15820275247097015,0.15934287011623383,1.1793682211380663e-09,0.00014944236491487572,1.1793682211380663e-09,0.00014944236491487572,0.00014905935302778062,0.00014905935302778062,1.7043952302297789e-10,0.00014939842076359955,3.609137765314685e-07,3.5854846577865196e-07
12475,0.24950000000000003,0,0.1582077294588089,2.208453642182917e-09,0.1581944227218628,104.72189331054688,104.71975708007812,1.9999999494757503e-05,False,False,-0.059639203046926645,9.294638439064675,-0.059639203046926645,9.294638439064675,9.294829775067358,9.294829775067358,-4.270413028439237e-05,0.07933534769573893,0.15821247369645214,0.15932478590189061,-0.059639204293489456,9.294488906860352,-0.059639204293489456,9.294488906860352,9.29468059539795,9.29468059539795,-4.270431963959709e-05,0.07918594032526016,0.1582128256559372,0.15932513773441315,1.2465628113078608e-09,0.00014953220432367686,1.2465628113078608e-09,0.00014953220432367686,0.00014917966940863892,0.00014917966940863892,1.893552047202863e-10,0.00014940737047876296,3.5195948505650776e-07,3.5183252253268016e-07
12500,0.25,0,0.15821975469589233,2.149028066611436e-09,0.1582067906856537,104.72183227539062,104.71975708007812,1.9999999494757503e-05,False,False,-0.059643828576994726,9.294638670217402,-0.059643828576994726,9.294638670217402,9.294830035895655,9.294830035895655,-4.270515620179765e-05,0.07934153083534545,0.1582269964910823,0.15930752834779396,-0.059643831104040146,9.294489860534668,-0.059643831104040146,9.294489860534668,9.294681549072266,9.294681549072266,-4.270532008376904e-05,0.07919211685657501,0.1582273244857788,0.15930785238742828,2.527045420142038e-09,0.00014880968273445205,2.527045420142038e-09,0.00014880968273445205,0.00014848682338985952,0.00014848682338985952,1.6388197138857315e-10,0.00014941397877044071,3.2799469651401125e-07,3.2403963431959504e-07
12525,0.2505,0,0.1582314670085907,2.0912078735335626e-09,0.1582188457250595,104.7217788696289,104.71975708007812,1.9999999494757503e-05,False,False,-0.059648340532475676,9.294639412102228,-0.059648340532475676,9.294639412102228,9.294830806718986,9.294830806718986,-4.270615451513625e-05,0.0793475533374512,0.15823800484081607,0.15929072889239176,-0.059648338705301285,9.294490814208984,-0.059648338705301285,9.294490814208984,9.294682502746582,9.294682502746582,-4.270632052794099e-05,0.07919812947511673,0.15823829174041748,0.15929101407527924,1.8271743909559213e-09,0.00014859789324361827,1.8271743909559213e-09,0.00014859789324361827,0.00014830397240395143,0.00014830397240395143,1.6601280474013574e-10,0.00014942386233446348,2.8689960140937387e-07,2.8518288747170217e-07
12550,0.251,0,0.158242866396904,2.034949764251337e-09,0.15823057293891907,104.72172546386719,104.71975708007812,1.9999999494757503e-05,False,False,-0.059652728958665996,9.29464002310485,-0.059652728958665996,9.29464002310485,9.294831445872203,9.294831445872203,-4.270712597018761e-05,0.07935341969541282,0.15824945626961492,0.15927437251605467,-0.05965273082256317,9.294490814208984,-0.05965273082256317,9.294490814208984,9.294682502746582,9.294682502746582,-4.270732097211294e-05,0.07920399308204651,0.15824972093105316,0.1592746376991272,1.8638971754914024e-09,0.00014920889586633734,1.8638971754914024e-09,0.00014920889586633734,0.00014894312562141465,0.00014894312562141465,1.9500192532630667e-10,0.00014942661336631025,2.646614382373347e-07,2.651830725286519e-07
12575,0.2515,0,0.1582539826631546,1.9802113282452183e-09,0.15824200212955475,104.72167205810547,104.71975708007812,1.9999999494757503e-05,False,False,-0.05965700508377235,9.29464050743778,-0.05965700508377235,9.29464050743778,9.294831957639621,9.294831957639621,-4.270807129246852e-05,0.07935913412175218,0.1582613382611213,0.15925844670242506,-0.059657007455825806,9.2944917678833,-0.059657007455825806,9.2944917678833,9.294683456420898,9.294683456420898,-4.270824138075113e-05,0.07920970767736435,0.15826158225536346,0.15925869345664978,2.372053456434209e-09,0.00014873955447924914,2.372053456434209e-09,0.00014873955447924914,0.0001485012187227852,0.0001485012187227852,1.7008828261035492e-10,0.00014942644438782626,2.4399424217169674e-07,2.467542247197585e-07
12600,0.252,0,0.15826480090618134,1.9269510431740855e-09,0.15825313329696655,104.72162628173828,104.71975708007812,1.9999999494757503e-05,False,False,-0.05966117325202467,9.294641514297803,-0.05966117325202467,9.294641514297803,9.294832991232385,9.294832991232385,-4.270899118779392e-05,0.07936469970565199,0.1582696682586579,0.15924294143841658,-0.059661176055669785,9.294492721557617,-0.059661176055669785,9.294492721557617,9.294684410095215,9.294684410095215,-4.2709150875452906e-05,0.07921529561281204,0.1582699567079544,0.15924322605133057,2.803645114679565e-09,0.00014879274018575472,2.803645114679565e-09,0.00014879274018575472,0.00014858113716975652,0.00014858113716975652,1.5968765898358508e-10,0.00014940409283994982,2.8844929650384543e-07,2.84612913986626e-07
12625,0.2525,0,0.15827533602714539,1.875128941009052e-09,0.15826398134231567,104.72157287597656,104.71975708007812,1.9999999494757503e-05,False,False,-0.059665230391284574,9.294641703755662,-0.059665230391284574,9.294641703755662,9.294833206728974,9.294833206728974,-4.270988634277487e-05,0.07937011925546017,0.15828238133632025,0.15922784671094295,-0.05966522917151451,9.294492721557617,-0.05966522917151451,9.294492721557617,9.294684410095215,9.294684410095215,-4.271006037015468e-05,0.07922069728374481,0.15828269720077515,0.1592281609773636,1.2197700627325503e-09,0.0001489821980449335,1.2197700627325503e-09,0.0001489821980449335,0.00014879663375921837,0.00014879663375921837,1.7402737980738063e-10,0.00014942197171535776,3.1586445489728554e-07,3.1426642063681065e-07
12650,0.253,0,0.15828560292720795,1.824705830877349e-09,0.15827453136444092,104.72152709960938,104.71975708007812,1.9999999494757503e-05,False,False,-0.05966917957578303,9.294642475249614,-0.05966917957578303,9.294642475249614,9.294834003558401,9.294834003558401,-4.2710757425406496e-05,0.07937539894954215,0.15829151738729733,0.1592131475003749,-0.05966918170452118,9.294492721557617,-0.05966918170452118,9.294492721557617,9.294684410095215,9.294684410095215,-4.2710951674962416e-05,0.07922596484422684,0.15829184651374817,0.15921348333358765,2.1287381510304293e-09,0.00014975369199632382,2.1287381510304293e-09,0.00014975369199632382,0.0001495934631865481,0.0001495934631865481,1.9424955592065203e-10,0.00014943410531531587,3.291264508431535e-07,3.358332127390007e-07
12675,0.2535,0,0.15829558670520782,1.7756439651961387e-09,0.15828481316566467,104.72148132324219,104.71975708007812,1.9999999494757503e-05,False,False,-0.05967302769015317,9.29464308331237,-0.05967302769015317,9.29464308331237,9.294834636312803,9.294834636312803,-4.271160508554088e-05,0.07938054047290664,0.15830104394863698,0.15919883880016947,-0.05967302620410919,9.294493675231934,-0.05967302620410919,9.294493675231934,9.294685363769531,9.294685363769531,-4.271177022019401e-05,0.07923112064599991,0.15830139815807343,0.15919919312000275,1.4860439753738852e-09,0.00014940808043562015,1.4860439753738852e-09,0.00014940808043562015,0.00014927254327190553,0.00014927254327190553,1.6513465313054698e-10,0.0001494198269067354,3.5420943644837166e-07,3.543198332789377e-07
12700,0.254,0,0.1583053320646286,1.7279062625163988e-09,0.15829482674598694,104.721435546875,104.71975708007812,1.9999999494757503e-05,False,False,-0.059676774735075905,9.294643607378248,-0.059676774735075905,9.294643607378248,9.294835184424741,9.294835184424741,-4.271242995540384e-05,0.079385547476406,0.1583109485039814,0.15918490809396876,-0.05967677757143974,9.29449462890625,-0.05967677757143974,9.29449462890625,9.294686317443848,9.294686317443848,-4.271258876542561e-05,0.07923614978790283,0.15831132233142853,0.1591852754354477,2.836363838243372e-09,0.00014897847199790704,2.836363838243372e-09,0.00014897847199790704,0.00014886698089355832,0.00014886698089355832,1.588100217669408e-10,0.0001493976885031667,3.7382744713654326e-07,3.673414789295837e-07
12725,0.2545,0,0.1583148092031479,1.6814567516121315e-09,0.1583045870065689,104.72138977050781,104.71975708007812,1.9999999494757503e-05,False,False,-0.059680426324896375,9.294643977280442,-0.059680426324896375,9.294643977280442,9.294835577764779,9.294835577764779,-4.271323265005325e-05,0.07939042557673595,0.15832121853697267,0.15917134286541493,-0.059680428355932236,9.29449462890625,-0.059680428355932236,9.29449462890625,9.294686317443848,9.294686317443848,-4.27134073106572e-05,0.07924099266529083,0.15832160413265228,0.15917173027992249,2.0310358603281564e-09,0.00014934837419211533,2.0310358603281564e-09,0.00014934837419211533,0.0001492603209314325,0.0001492603209314325,1.746606039527e-10,0.00014943291144511872,3.855956796083859e-07,3.874145075577484e-07
12750,0.255,0,0.15832403302192688,1.6362605714803635e-09,0.15831409394741058,104.72134399414062,104.71975708007812,1.9999999494757503e-05,False,False,-0.059683982460259306,9.294644217999263,-0.059683982460259306,9.294644217999263,9.294835841312608,9.294835841312608,-4.271401376787071e-05,0.07939517449306184,0.15833184653779622,0.15915813560469338,-0.05968398600816727,9.294495582580566,-0.05968398600816727,9.294495582580566,9.294687271118164,9.294687271118164,-4.271421494195238e-05,0.07924573868513107,0.15833225846290588,0.15915854275226593,3.5479079604772146e-09,0.00014863541869658548,3.5479079604772146e-09,0.00014863541869658548,0.00014857019444391995,0.00014857019444391995,2.0117408166566136e-10,0.00014943580793076727,4.119251096612597e-07,4.0714757254534106e-07
12775,0.2555,0,0.15833303332328796,1.5922837492965414e-09,0.15832333266735077,104.72130584716797,104.71975708007812,1.9999999494757503e-05,False,False,-0.059687441873494104,9.294645082022827,-0.059687441873494104,9.294645082022827,9.294836727532578,9.294836727532578,-4.271477389099041e-05,0.07939979956124463,0.1583388524530466,0.1591452788019895,-0.05968744307756424,9.294495582580566,-0.05968744307756424,9.294495582580566,9.294687271118164,9.294687271118164,-4.2714942537713796e-05,0.07925039529800415,0.15833927690982819,0.15914569795131683,1.2040701352633576e-09,0.00014949944226039236,1.2040701352633576e-09,0.00014949944226039236,0.00014945641441421742,0.00014945641441421742,1.686467233834939e-10,0.00014940426324047684,4.2445678158364863e-07,4.1914932732978194e-07
12800,0.256,0,0.15834179520606995,1.5494930893922287e-09,0.15833234786987305,104.72126007080078,104.71975708007812,1.9999999494757503e-05,False,False,-0.059690812715740796,9.294645129781411,-0.059690812715740796,9.294645129781411,9.294836796936888,9.294836796936888,-4.2715513585772096e-05,0.07940430499380614,0.15835016885354775,0.15913275994094553,-0.05969081446528435,9.294496536254883,-0.05969081446528435,9.294496536254883,9.29468822479248,9.29468822479248,-4.2715670133475214e-05,0.0792548730969429,0.15835058689117432,0.159133180975914,1.7495435516989843e-09,0.00014859352652862867,1.7495435516989843e-09,0.00014859352652862867,0.00014857214440766597,0.00014857214440766597,1.5654770311828142e-10,0.00014943189686324188,4.1803762657055543e-07,4.210349684730108e-07
12825,0.2565,0,0.15835031867027283,1.5078566173443164e-09,0.15834112465381622,104.72122192382812,104.71975708007812,1.9999999494757503e-05,False,False,-0.059694098064899614,9.294645729554583,-0.059694098064899614,9.294645729554583,9.294837417796561,9.294837417796561,-4.271623340321118e-05,0.07940869107158126,0.15835784564557479,0.1591205740150183,-0.05969410017132759,9.294496536254883,-0.05969410017132759,9.294496536254883,9.29468822479248,9.29468822479248,-4.271639772923663e-05,0.07925926893949509,0.15835826098918915,0.15912099182605743,2.1064279764893e-09,0.000149193299700201,2.1064279764893e-09,0.000149193299700201,0.00014919300408067215,0.00014919300408067215,1.6432602544994403e-10,0.0001494221320861716,4.153436143627953e-07,4.1781103912730266e-07
12850,0.257,0,0.1583586186170578,1.467342802818905e-09,0.1583496630191803,104.72118377685547,104.71975708007812,1.9999999494757503e-05,False,False,-0.05969729357616059,9.294646241693892,-0.05969729357616059,9.294646241693892,9.29483795044834,9.29483795044834,-4.271693387937179e-05,0.07941296425377015,0.15836584285636074,0.15910870850785,-0.05969729274511337,9.2944974899292,-0.05969729274511337,9.2944974899292,9.294689178466797,9.294689178466797,-4.271712532499805e-05,0.07926355302333832,0.15836623311042786,0.15910910069942474,8.310472171535466e-10,0.00014875176469253404,8.310472171535466e-10,0.00014875176469253404,0.00014877198154295002,0.00014877198154295002,1.914456262586844e-10,0.00014941123043182847,3.90254067117457e-07,3.9219157474401634e-07
12875,0.2575,0,0.15836670994758606,1.4279214477497248e-09,0.15835799276828766,104.72114562988281,104.71975708007812,1.9999999494757503e-05,False,False,-0.059700410477406735,9.294646641218998,-0.059700410477406735,9.294646641218998,9.294838369984427,9.294838369984427,-4.271761553577391e-05,0.0794171248212076,0.15837415297609092,0.15909715590962592,-0.059700414538383484,9.2944974899292,-0.059700414538383484,9.2944974899292,9.294689178466797,9.294689178466797,-4.271780562703498e-05,0.0792677029967308,0.15837454795837402,0.1590975522994995,4.0609767493204885e-09,0.0001491512897988656,4.0609767493204885e-09,0.0001491512897988656,0.00014919151763059801,0.00014919151763059801,1.9009126106419964e-10,0.0001494218244767892,3.9498228310286265e-07,3.9638987359147393e-07
12900,0.258,0,0.1583745926618576,1.3895627981597158e-09,0.1583660989999771,104.72110748291016,104.71975708007812,1.9999999494757503e-05,False,False,-0.0597034431555003,9.294646957603568,-0.0597034431555003,9.294646957603568,9.294838705841748,9.294838705841748,-4.2718278879818164e-05,0.07942117698641553,0.15838277099822243,0.15908591121380317,-0.05970344319939613,9.294498443603516,-0.05970344319939613,9.294498443603516,9.294690132141113,9.294690132141113,-4.271844227332622e-05,0.07927178591489792,0.15838319063186646,0.15908633172512054,4.3895831414175746e-11,0.00014851400005255755,4.3895831414175746e-11,0.00014851400005255755,0.00014857370063481312,0.00014857370063481312,1.6339350805385155e-10,0.00014939107151761,4.1963364402763936e-07,4.205113173783026e-07
12925,0.2585,0,0.15838226675987244,1.3522382102948427e-09,0.15837399661540985,104.72107696533203,104.71975708007812,1.9999999494757503e-05,False,False,-0.05970640157138742,9.294647838921067,-0.05970640157138742,9.294647838921067,9.294839606144297,9.294839606144297,-4.271892440517075e-05,0.07942512271523743,0.15838771436607804,0.15907496440729538,-0.05970640480518341,9.294498443603516,-0.05970640480518341,9.294498443603516,9.294690132141113,9.294690132141113,-4.271907891961746e-05,0.0792756974697113,0.1583881378173828,0.15907539427280426,3.2337959879336076e-09,0.00014939531755153723,3.2337959879336076e-09,0.00014939531755153723,0.00014947400318376936,0.00014947400318376936,1.5451444670863375e-10,0.0001494252455261219,4.234513047707278e-07,4.2986550888302055e-07
12950,0.259,0,0.15838973224163055,1.3159195955125824e-09,0.15838168561458588,104.72103881835938,104.71975708007812,1.9999999494757503e-05,False,False,-0.059709277032254864,9.294647946365577,-0.059709277032254864,9.294647946365577,9.294839732057866,9.294839732057866,-4.2719552592112905e-05,0.0794289659393604,0.15839692065702485,0.15906430798028792,-0.059709277004003525,9.294498443603516,-0.059709277004003525,9.294498443603516,9.294690132141113,9.294690132141113,-4.27197155659087e-05,0.07927956432104111,0.15839731693267822,0.15906471014022827,2.8251338768381373e-11,0.0001495027620617151,2.8251338768381373e-11,0.0001495027620617151,0.00014959991675311812,0.00014959991675311812,1.629737957949259e-10,0.000149401618319292,3.962756533748557e-07,4.0215994034920044e-07
12975,0.2595,0,0.15839700400829315,1.2805796423265292e-09,0.1583891659975052,104.72100830078125,104.71975708007812,1.9999999494757503e-05,False,False,-0.05971207823232052,9.29464865018251,-0.05971207823232052,9.29464865018251,9.294840453855373,9.294840453855373,-4.272016390789871e-05,0.07943270890546279,0.1584024322675233,0.15905392941642296,-0.05971207842230797,9.294499397277832,-0.05971207842230797,9.294499397277832,9.29469108581543,9.29469108581543,-4.272035221219994e-05,0.07928328961133957,0.15840278565883636,0.15905427932739258,1.8998744938381051e-10,0.00014925290467715513,1.8998744938381051e-10,0.00014925290467715513,0.0001493680399438091,0.0001493680399438091,1.88304301228996e-10,0.00014941929412322363,3.533913130737698e-07,3.499109696158964e-07
13000,0.26,0,0.15840409696102142,1.246191927428697e-09,0.15839645266532898,104.7209701538086,104.71975708007812,1.9999999494757503e-05,False,False,-0.05971480209156156,9.294648609600117,-0.05971480209156156,9.294648609600117,9.294840430772883,9.294840430772883,-4.272075880715678e-05,0.07943635357938808,0.15841219178148366,0.15904382621242907,-0.05971480533480644,9.294499397277832,-0.05971480533480644,9.294499397277832,9.29469108581543,9.29469108581543,-4.272096339263953e-05,0.07928694039583206,0.15841257572174072,0.15904420614242554,3.2432448809904812e-09,0.00014921232228459758,3.2432448809904812e-09,0.00014921232228459758,0.00014934495745322351,0.00014934495745322351,2.0458548275078224e-10,0.00014941318355601862,3.839402570593453e-07,3.799299964635239e-07
13025,0.2605,0,0.15841099619865417,1.2127306936449145e-09,0.15840356051921844,104.72093963623047,104.71975708007812,1.9999999494757503e-05,False,False,-0.05971746291864555,9.294649119641988,-0.05971746291864555,9.294649119641988,9.29484095789912,9.29484095789912,-4.2721337732189525e-05,0.07943990276948425,0.15841825160845263,0.15903399586503464,-0.059717465192079544,9.294499397277832,-0.059717465192079544,9.294499397277832,9.29469108581543,9.29469108581543,-4.2721509089460596e-05,0.0792904794216156,0.15841862559318542,0.1590343713760376,2.2734339966135053e-09,0.00014972236415644602,2.2734339966135053e-09,0.00014972236415644602,0.00014987208369099392,0.00014987208369099392,1.7135727107148732e-10,0.0001494233478686463,3.739847327932644e-07,3.7551100295907247e-07
13050,0.261,0,0.1584177166223526,1.1801707389125227e-09,0.1584104746580124,104.72090911865234,104.71975708007812,1.9999999494757503e-05,False,False,-0.059720050753171786,9.294649562831662,-0.059720050753171786,9.294649562831662,9.294841417706316,9.294841417706316,-4.27219011133414e-05,0.0794433598457688,0.1584245692723917,0.1590244233546103,-0.05972005054354668,9.294500350952148,-0.05972005054354668,9.294500350952148,9.294692039489746,9.294692039489746,-4.272205478628166e-05,0.07929395139217377,0.15842486917972565,0.15902473032474518,2.096251089378498e-10,0.0001492118795134445,2.096251089378498e-10,0.0001492118795134445,0.0001493782165695734,0.0001493782165695734,1.53672940258337e-10,0.0001494084535950263,2.999073339393643e-07,3.069701348668019e-07
13075,0.2615,0,0.1584242582321167,1.1484879713918872e-09,0.158417209982872,104.72087860107422,104.71975708007812,1.9999999494757503e-05,False,False,-0.05972257120921984,9.294649916154642,-0.05972257120921984,9.294649916154642,9.294841787216463,9.294841787216463,-4.272244936931898e-05,0.07944672705492006,0.15843113726348612,0.15901510117134132,-0.059722572565078735,9.294501304626465,-0.059722572565078735,9.294501304626465,9.294692993164062,9.294692993164062,-4.2722600483102724e-05,0.07929730415344238,0.15843145549297333,0.15901541709899902,1.3558588973783259e-09,0.0001486115281768008,1.3558588973783259e-09,0.0001486115281768008,0.00014879405240009191,0.00014879405240009191,1.5111378374478828e-10,0.00014942290147768045,3.182294872061675e-07,3.15927657701387e-07
13100,0.262,0,0.15843063592910767,1.1176582992433737e-09,0.1584237664937973,104.7208480834961,104.71975708007812,1.9999999494757503e-05,False,False,-0.05972502428720149,9.294650205714586,-0.05972502428720149,9.294650205714586,9.294842092532626,9.294842092532626,-4.2722982907477735e-05,0.07945000523944232,0.15843795307846453,0.15900602681195633,-0.05972502380609512,9.294501304626465,-0.05972502380609512,9.294501304626465,9.294692993164062,9.294692993164062,-4.272314617992379e-05,0.07930059731006622,0.15843826532363892,0.15900634229183197,4.811063700205231e-10,0.00014890108812082303,4.811063700205231e-10,0.00014890108812082303,0.00014909936856355444,0.00014909936856355444,1.6327244605282435e-10,0.00014940792937609415,3.1224517438310784e-07,3.1547987563995683e-07
13125,0.2625,0,0.1584368348121643,1.0876588518726749e-09,0.15843014419078827,104.72081756591797,104.71975708007812,1.9999999494757503e-05,False,False,-0.05972740998752025,9.294650410182001,-0.05972740998752025,9.294650410182001,9.294842312325706,9.294842312325706,-4.272350212416091e-05,0.07945319833102274,0.15844500920751206,0.15899719276664045,-0.05972740799188614,9.294501304626465,-0.05972740799188614,9.294501304626465,9.294692993164062,9.294692993164062,-4.272369187674485e-05,0.07930376380681992,0.15844525396823883,0.15899743139743805,1.995634109352995e-09,0.00014910555553626637,1.995634109352995e-09,0.00014910555553626637,0.00014931916164329095,0.00014931916164329095,1.8975258393911804e-10,0.00014943452420282388,2.447607267697105e-07,2.3863079759434136e-07
13150,0.263,0,0.158442884683609,1.0584670917523908e-09,0.1584363728761673,104.72079467773438,104.71975708007812,1.9999999494757503e-05,False,False,-0.059729743886338324,9.29465120261068,-0.059729743886338324,9.29465120261068,9.294843119735637,9.294843119735637,-4.2724007404986156e-05,0.07945630801467007,0.1584483255972234,0.15898859152557923,-0.059729740023612976,9.294502258300781,-0.059729740023612976,9.294502258300781,9.294693946838379,9.294693946838379,-4.2724226659629494e-05,0.07930692285299301,0.15844859182834625,0.1589888632297516,3.862725347913987e-09,0.00014894430989897955,3.862725347913987e-09,0.00014894430989897955,0.0001491728972577988,0.0001491728972577988,2.192546433378074e-10,0.0001493851616770625,2.6623112284185346e-07,2.7170417235544697e-07
13175,0.2635,0,0.15844877064228058,1.030061258511239e-09,0.158442422747612,104.72076416015625,104.71975708007812,1.9999999494757503e-05,False,False,-0.05973200605995602,9.294651267209204,-0.05973200605995602,9.294651267209204,9.294843198870092,9.294843198870092,-4.272449912515319e-05,0.07945933597539304,0.15845584733478024,0.15898022308877266,-0.05973200500011444,9.294502258300781,-0.05973200500011444,9.294502258300781,9.294693946838379,9.294693946838379,-4.272468140698038e-05,0.07930990308523178,0.15845608711242676,0.15898045897483826,1.0598415825513463e-09,0.00014900890842284298,1.0598415825513463e-09,0.00014900890842284298,0.00014925203171323176,0.00014925203171323176,1.822818271920556e-10,0.00014943289016125516,2.397776465157264e-07,2.358860655971018e-07
13200,0.264,0,0.15845449268817902,1.0024200358671465e-09,0.15844832360744476,104.72074127197266,104.71975708007812,1.9999999494757503e-05,False,False,-0.059734216433144506,9.294651898158657,-0.059734216433144506,9.294651898158657,9.294843844011432,9.294843844011432,-4.272497764970529e-05,0.07946228417903516,0.1584596118100998,0.15897206993331967,-0.05973421782255173,9.294503211975098,-0.05973421782255173,9.294503211975098,9.294694900512695,9.294694900512695,-4.272513615433127e-05,0.07931288331747055,0.15845981240272522,0.15897226333618164,1.3894072212194963e-09,0.00014868618355912133,1.3894072212194963e-09,0.00014868618355912133,0.00014894349873628698,0.00014894349873628698,1.5850462597581964e-10,0.0001494008615646053,2.0059262542670986e-07,1.9340286197544465e-07
13225,0.2645,0,0.1584600806236267,9.755227736718552e-10,0.1584540605545044,104.72071075439453,104.71975708007812,1.9999999494757503e-05,False,False,-0.05973636069516982,9.294651830189943,-0.05973636069516982,9.294651830189943,9.294843789824677,9.294843789824677,-4.272544333383899e-05,0.07946515431060523,0.1584675691169071,0.15896413706576357,-0.05973635986447334,9.294502258300781,-0.05973635986447334,9.294502258300781,9.294693946838379,9.294693946838379,-4.272559090168215e-05,0.07931572198867798,0.15846776962280273,0.1589643359184265,8.306964768833858e-10,0.00014957188916220332,8.306964768833858e-10,0.00014957188916220332,0.00014984298629805437,0.00014984298629805437,1.4756784316505072e-10,0.00014943232192725364,2.005058956366934e-07,1.9885266294705772e-07
13250,0.265,0,0.15846551954746246,9.493493768886196e-10,0.1584596484899521,104.72068786621094,104.71975708007812,1.9999999494757503e-05,False,False,-0.05973845315778271,9.294652359730835,-0.05973845315778271,9.294652359730835,9.294844332802764,9.294844332802764,-4.2725896523104935e-05,0.07946795058262517,0.15847176165166246,0.15895641196974636,-0.05973845720291138,9.294503211975098,-0.05973845720291138,9.294503211975098,9.294694900512695,9.294694900512695,-4.272604564903304e-05,0.07931851595640182,0.158471941947937,0.1589565873146057,4.0451286695275535e-09,0.00014914775573693362,4.0451286695275535e-09,0.00014914775573693362,0.00014943229006902925,0.00014943229006902925,1.491259281046018e-10,0.00014943462622334092,1.8029627454896335e-07,1.7534485935444266e-07
13275,0.2655,0,0.15847080945968628,9.238803055922062e-10,0.15846510231494904,104.72066497802734,104.71975708007812,1.9999999494757503e-05,False,False,-0.059740495086148655,9.294652790432202,-0.059740495086148655,9.294652790432202,9.29484477661904,9.29484477661904,-4.2726337553762554e-05,0.07947067327592969,0.15847615695141382,0.15894888963872517,-0.059740498661994934,9.294504165649414,-0.059740498661994934,9.294504165649414,9.294695854187012,9.294695854187012,-4.2726500396383926e-05,0.07932127267122269,0.15847639739513397,0.1589491367340088,3.5758462788026968e-09,0.00014862478278843128,3.5758462788026968e-09,0.00014862478278843128,0.0001489224320287974,0.0001489224320287974,1.628426213724733e-10,0.00014940060470700067,2.404437201564136e-07,2.4709528362309996e-07
13300,0.266,0,0.15847595036029816,8.990964639465915e-10,0.15847040712833405,104.72063446044922,104.71975708007812,1.9999999494757503e-05,False,False,-0.05974247651753639,9.294652478433086,-0.05974247651753639,9.294652478433086,9.294844477361778,9.294844477361778,-4.2726766752961054e-05,0.0794733246371971,0.15848473006302338,0.15894157257597133,-0.05974247679114342,9.294503211975098,-0.05974247679114342,9.294503211975098,9.294694900512695,9.294694900512695,-4.272695514373481e-05,0.07932388037443161,0.15848498046398163,0.1589418202638626,2.7360702592460484e-10,0.00014926645798851723,2.7360702592460484e-10,0.00014926645798851723,0.00014957684908267765,0.00014957684908267765,1.883907737587078e-10,0.0001494442627654885,2.5040095824602204e-07,2.476878912804903e-07
13325,0.2665,0,0.15848097205162048,8.749794222495666e-10,0.15847556293010712,104.72061157226562,104.71975708007812,1.9999999494757503e-05,False,False,-0.059744406150937,9.294652817835887,-0.059744406150937,9.294652817835887,9.294844829160459,9.294844829160459,-4.272718443901769e-05,0.07947590550893184,0.15848952087968035,0.15893444576185575,-0.05974440649151802,9.294503211975098,-0.05974440649151802,9.294503211975098,9.294694900512695,9.294694900512695,-4.27274098910857e-05,0.07932648807764053,0.15848982334136963,0.15893474221229553,3.405810217183003e-10,0.00014960586078949234,3.405810217183003e-10,0.00014960586078949234,0.00014992864776353088,0.00014992864776353088,2.2545206801167887e-10,0.00014941743129130713,3.024616892777221e-07,2.9645043977954977e-07
13350,0.267,0,0.15848585963249207,8.51511028354679e-10,0.15848059952259064,104.72058868408203,104.71975708007812,1.9999999494757503e-05,False,False,-0.0597462908646639,9.294653064577501,-0.0597462908646639,9.294653064577501,9.294845088011527,9.294845088011527,-4.27275909216458e-05,0.0794784189803166,0.1584945019449754,0.15892750919637824,-0.05974629148840904,9.294504165649414,-0.05974629148840904,9.294504165649414,9.294695854187012,9.294695854187012,-4.272779551683925e-05,0.0793289989233017,0.15849480032920837,0.1589278131723404,6.237451458113163e-10,0.00014889892808689353,6.237451458113163e-10,0.00014889892808689353,0.00014923382451570433,0.00014923382451570433,2.045951934481977e-10,0.00014942005701490402,2.9838423296069116e-07,3.039759621514815e-07
13375,0.2675,0,0.1584906131029129,8.286739072715932e-10,0.15848548710346222,104.72057342529297,104.71975708007812,1.9999999494757503e-05,False,False,-0.05974812378156259,9.294653942514879,-0.05974812378156259,9.294653942514879,9.294845977712745,9.294845977712745,-4.2727986502191384e-05,0.07948086701719495,0.15849569320550314,0.15892075536972428,-0.059748124331235886,9.294504165649414,-0.059748124331235886,9.294504165649414,9.294695854187012,9.294695854187012,-4.272815931471996e-05,0.0793314203619957,0.15849605202674866,0.15892110764980316,5.496732929932691e-10,0.0001497768654648013,5.496732929932691e-10,0.0001497768654648013,0.00015012352573329224,0.00015012352573329224,1.7281252857615772e-10,0.00014944665519925349,3.5882124552188976e-07,3.522800788857694e-07
13400,0.268,0,0.1584952473640442,8.0645096156573e-10,0.15849025547504425,104.72055053710938,104.71975708007812,1.9999999494757503e-05,False,False,-0.05974990742967544,9.294654084772606,-0.05974990742967544,9.294654084772606,9.29484613143316,9.29484613143316,-4.2728371473868276e-05,0.07948325074290602,0.1585010372451736,0.15891418177862215,-0.05974990874528885,9.294504165649414,-0.05974990874528885,9.294504165649414,9.294695854187012,9.294695854187012,-4.272852311260067e-05,0.0793338418006897,0.15850137174129486,0.15891452133655548,1.3156134098801786e-09,0.00014991912319217704,1.3156134098801786e-09,0.00014991912319217704,0.00015027724614746774,0.00015027724614746774,1.5163873239352034e-10,0.0001494089422163225,3.3449612127367523e-07,3.395579333265175e-07
13425,0.2685,0,0.15849976241588593,7.848255934028714e-10,0.15849490463733673,104.72052764892578,104.71975708007812,1.9999999494757503e-05,False,False,-0.05975164615896895,9.294654164123639,-0.05975164615896895,9.294654164123639,9.294846221959759,9.294846221959759,-4.2728746121966546e-05,0.07948557156162374,0.15850655901712452,0.15890778591980054,-0.05975164473056793,9.29450511932373,-0.05975164473056793,9.29450511932373,9.294696807861328,9.294696807861328,-4.272888691048138e-05,0.07933615148067474,0.15850695967674255,0.1589081883430481,1.4284010155241056e-09,0.0001490447999081823,1.4284010155241056e-09,0.0001490447999081823,0.00014941409843061138,0.00014941409843061138,1.4078851483207777e-10,0.00014942008094899484,4.0065961803836814e-07,4.0242324755856984e-07
13450,0.269,0,0.1585041582584381,7.637816490380089e-10,0.15849941968917847,104.72050476074219,104.71975708007812,1.9999999494757503e-05,False,False,-0.059753334356082204,9.294654208075812,-0.059753334356082204,9.294654208075812,9.294846276763703,9.294846276763703,-4.272911072408463e-05,0.07948783172002649,0.15851224600499794,0.15890155527690142,-0.059753336012363434,9.29450511932373,-0.059753336012363434,9.29450511932373,9.294696807861328,9.294696807861328,-4.272925070836209e-05,0.07933838665485382,0.15851259231567383,0.1589019000530243,1.6562812302223229e-09,0.00014908875208163863,1.6562812302223229e-09,0.00014908875208163863,0.00014946890237510502,0.00014946890237510502,1.3998427745876571e-10,0.00014944506517267087,3.4631067588608566e-07,3.447761228736468e-07
13475,0.2695,0,0.15850843489170074,7.433035298376467e-10,0.15850383043289185,104.72048950195312,104.71975708007812,1.9999999494757503e-05,False,False,-0.05975498759887051,9.294654838598923,-0.05975498759887051,9.294654838598923,9.294846917902055,9.294846917902055,-4.2729465550323976e-05,0.07949003234145342,0.15851412566520304,0.1588954898499248,-0.05975499376654625,9.294506072998047,-0.05975499376654625,9.294506072998047,9.294697761535645,9.294697761535645,-4.27296145062428e-05,0.0793406218290329,0.1585145741701126,0.15889593958854675,6.1676757381889935e-09,0.00014876560087628832,6.1676757381889935e-09,0.00014876560087628832,0.00014915636640999708,0.00014915636640999708,1.4895591882071579e-10,0.00014941051242052528,4.4850490957260014e-07,4.497386219548538e-07
13500,0.27,0,0.15851260721683502,7.233759147240448e-10,0.15850810706615448,104.72046661376953,104.71975708007812,1.9999999494757503e-05,False,False,-0.0597565859597934,9.294654790704708,-0.0597565859597934,9.294654790704708,9.294846880284558,9.294846880284558,-4.272981086349827e-05,0.07949217539174809,0.15852014058165012,0.15888958713559934,-0.05975658819079399,9.294506072998047,-0.05975658819079399,9.294506072998047,9.294697761535645,9.294697761535645,-4.2729978304123506e-05,0.07934275269508362,0.15852053463459015,0.1588899791240692,2.2310005926007292e-09,0.000148717706661472,2.2310005926007292e-09,0.000148717706661472,0.00014911874891332388,0.00014911874891332388,1.6744062523489384e-10,0.0001494226966644724,3.940529400281445e-07,3.919884698777576e-07
13525,0.2705,0,0.15851666033267975,7.039839267086734e-10,0.15851227939128876,104.72045135498047,104.71975708007812,1.9999999494757503e-05,False,False,-0.059758149367127075,9.294655333032269,-0.059758149367127075,9.294655333032269,9.294847432652189,9.294847432652189,-4.2730146919326944e-05,0.07949426255591921,0.15852233565407112,0.15888383712083862,-0.059758152812719345,9.294506072998047,-0.059758152812719345,9.294506072998047,9.294697761535645,9.294697761535645,-4.2730342102004215e-05,0.07934480160474777,0.1585227996110916,0.15888430178165436,3.445592269835096e-09,0.00014926003422210954,3.445592269835096e-09,0.00014926003422210954,0.00014967111654407006,0.00014967111654407006,1.951826772715647e-10,0.00014946095117143732,4.6395702049673027e-07,4.646608157410359e-07
13550,0.271,0,0.15852060914039612,6.85113077381061e-10,0.15851634740829468,104.72042846679688,104.71975708007812,1.9999999494757503e-05,False,False,-0.05975966912010743,9.294655150071021,-0.05975966912010743,9.294655150071021,9.294847259465596,9.294847259465596,-4.273047396662461e-05,0.07949629579981032,0.15852866097619092,0.15887824481218588,-0.05975966900587082,9.294506072998047,-0.05975966900587082,9.294506072998047,9.294697761535645,9.294697761535645,-4.2730705899884924e-05,0.07934685051441193,0.158529132604599,0.15887871384620667,1.142366132245165e-10,0.00014907707297417971,1.142366132245165e-10,0.00014907707297417971,0.0001494979299518917,0.0001494979299518917,2.3193326031706752e-10,0.0001494452853983974,4.716284080774624e-07,4.690340207891275e-07
13575,0.2715,0,0.15852445363998413,6.667494334422486e-10,0.15852031111717224,104.72041320800781,104.71975708007812,1.9999999494757503e-05,False,False,-0.05976115392019436,9.294655584277706,-0.05976115392019436,9.294655584277706,9.2948477032097,9.2948477032097,-4.273079224749972e-05,0.07949827484258666,0.15853116144774157,0.1588728001965548,-0.05976115167140961,9.294507026672363,-0.05976115167140961,9.294507026672363,9.294698715209961,9.294698715209961,-4.273102240404114e-05,0.07934889197349548,0.15853159129619598,0.15887323021888733,2.2487847556318386e-09,0.00014855760534260298,2.2487847556318386e-09,0.00014855760534260298,0.00014898799973828147,0.00014898799973828147,2.301565414219043e-10,0.00014938286909117748,4.298484544140724e-07,4.3002233252043e-07
13600,0.272,0,0.1585281938314438,6.488791726155796e-10,0.15852415561676025,104.72039794921875,104.71975708007812,1.9999999494757503e-05,False,False,-0.059762593803424836,9.294655990668021,-0.059762593803424836,9.294655990668021,9.294848118849444,9.294848118849444,-4.2731101997521074e-05,0.07950020080758743,0.15853380210249948,0.15886749576413103,-0.05976259708404541,9.294506072998047,-0.05976259708404541,9.294506072998047,9.294697761535645,9.294697761535645,-4.273129525245167e-05,0.07935075461864471,0.15853431820869446,0.15886801481246948,3.2806205738089567e-09,0.00014991766997418665,3.2806205738089567e-09,0.00014991766997418665,0.00015035731379953177,0.00015035731379953177,1.9325493059941991e-10,0.0001494461889427201,5.161061949754409e-07,5.190483384487354e-07
13625,0.2725,0,0.15853184461593628,6.314891387582122e-10,0.1585279107093811,104.72037506103516,104.71975708007812,1.9999999494757503e-05,False,False,-0.059763995646279995,9.294655676262865,-0.059763995646279995,9.294655676262865,9.294847813464248,9.294847813464248,-4.2731403445921705e-05,0.07950207734566485,0.15854056049059823,0.1588623365214572,-0.05976399779319763,9.294506072998047,-0.05976399779319763,9.294506072998047,9.294697761535645,9.294697761535645,-4.2731568100862205e-05,0.07935261726379395,0.1585410237312317,0.15886279940605164,2.146917636725032e-09,0.00014960326481805453,2.146917636725032e-09,0.00014960326481805453,0.00015005192860328975,0.00015005192860328975,1.6465494049997973e-10,0.00014946008187090298,4.632406334637018e-07,4.628845944321114e-07
13650,0.273,0,0.15853539109230042,6.145663422607583e-10,0.1585315614938736,104.7203598022461,104.71975708007812,1.9999999494757503e-05,False,False,-0.05976536253721957,9.29465598323814,-0.05976536253721957,9.29465598323814,9.29484812922211,9.29484812922211,-4.2731696815752703e-05,0.0795039038951494,0.15854348401504156,0.15885731495871885,-0.05976536497473717,9.294507026672363,-0.05976536497473717,9.294507026672363,9.294698715209961,9.294698715209961,-4.273184094927274e-05,0.07935447990894318,0.15854397416114807,0.1588578075170517,2.4375175974866714e-09,0.00014895656577706973,2.4375175974866714e-09,0.00014895656577706973,0.00014941401214940697,0.00014941401214940697,1.4413352003345321e-10,0.00014942398620622355,4.901461065076607e-07,4.925583328430072e-07
13675,0.2735,0,0.1585388481616974,5.98098071069586e-10,0.15853512287139893,104.72034454345703,104.71975708007812,1.9999999494757503e-05,False,False,-0.05976669573918715,9.294656242190896,-0.05976669573918715,9.294656242190896,9.294848396742024,9.294848396742024,-4.273198232404952e-05,0.0795056824218846,0.15854654021287745,0.15885242606937303,-0.05976669490337372,9.294507026672363,-0.05976669490337372,9.294507026672363,9.294698715209961,9.294698715209961,-4.273211379768327e-05,0.07935627549886703,0.1585470736026764,0.1588529646396637,8.35813432353838e-10,0.0001492155185331967,8.35813432353838e-10,0.0001492155185331967,0.0001496815320631839,0.0001496815320631839,1.3147363375125374e-10,0.00014940692301756986,5.333897989401315e-07,5.385702906701706e-07
13700,0.274,0,0.1585422158241272,5.820722237537268e-10,0.1585385948419571,104.72032928466797,104.71975708007812,1.9999999494757503e-05,False,False,-0.05976799525238128,9.294656453121123,-0.05976799525238128,9.294656453121123,9.294848616023964,9.294848616023964,-4.2732260181979575e-05,0.07950741292587041,0.15854972658083405,0.15884766735014794,-0.05976799502968788,9.294507026672363,-0.05976799502968788,9.294507026672363,9.294699668884277,9.294699668884277,-4.27323866460938e-05,0.07935795187950134,0.1585501879453659,0.1588481217622757,2.2269339844394054e-10,0.00014942644875937106,2.2269339844394054e-10,0.00014942644875937106,0.00014894713968693907,0.00014894713968693907,1.2646411422543658e-10,0.00014946104636906488,4.613645318563009e-07,4.544121277594293e-07
13725,0.2745,0,0.15854549407958984,5.664767543933635e-10,0.1585419625043869,104.7203140258789,104.71975708007812,1.9999999494757503e-05,False,False,-0.05976925546337369,9.29465664494083,-0.05976925546337369,9.29465664494083,9.294848815943235,9.294848815943235,-4.273253059502426e-05,0.0795090990579591,0.15855303811236843,0.1588430337945006,-0.05976925417780876,9.29450798034668,-0.05976925417780876,9.29450798034668,9.294700622558594,9.294700622558594,-4.273265949450433e-05,0.07935962826013565,0.15855355560779572,0.15884354710578918,1.2855649253462609e-09,0.00014866459414974997,1.2855649253462609e-09,0.00014866459414974997,0.0001481933846410044,0.0001481933846410044,1.288994800721405e-10,0.00014947079782344497,5.174954272879617e-07,5.133112885857827e-07
13750,0.275,0,0.15854868292808533,5.513001166690401e-10,0.15854524075984955,104.72029876708984,104.71975708007812,1.9999999494757503e-05,False,False,-0.05977048198597583,9.294656792669686,-0.05977048198597583,9.294656792669686,9.294848971556105,9.294848971556105,-4.2732793763134726e-05,0.07951074109898551,0.1585564723042088,0.15883852289915928,-0.059770483523607254,9.294507026672363,-0.059770483523607254,9.294507026672363,9.294699668884277,9.294699668884277,-4.2732932342914864e-05,0.07936130464076996,0.15855702757835388,0.15883907675743103,1.5376314249637701e-09,0.00014976599732285933,1.5376314249637701e-09,0.00014976599732285933,0.00014930267182755586,0.00014930267182755586,1.38579780138183e-10,0.00014943645821555163,5.552741450809418e-07,5.538582717456997e-07
13775,0.2755,0,0.15855179727077484,5.365310418170566e-10,0.15854844450950623,104.72028350830078,104.71975708007812,1.9999999494757503e-05,False,False,-0.059771680433991094,9.294656897150189,-0.059771680433991094,9.294656897150189,9.294849083741138,9.294849083741138,-4.273304988087322e-05,0.07951233989145405,0.15856002665308408,0.15883413216085285,-0.05977167934179306,9.29450798034668,-0.05977167934179306,9.29450798034668,9.294700622558594,9.294700622558594,-4.2733205191325396e-05,0.07936295866966248,0.15856049954891205,0.15883460640907288,1.0921980334033243e-09,0.000148916803508925,1.0921980334033243e-09,0.000148916803508925,0.00014846118254396856,0.00014846118254396856,1.5531045217530726e-10,0.0001493812217915752,4.728958279687223e-07,4.742482200281728e-07
13800,0.276,0,0.1585548222064972,5.221584831183179e-10,0.15855155885219574,104.72026824951172,104.71975708007812,1.9999999494757503e-05,False,False,-0.05977284519397732,9.294656959505673,-0.05977284519397732,9.294656959505673,9.29484915358554,9.29484915358554,-4.273329913755119e-05,0.07951389655870388,0.15856369615245064,0.1588298565730377,-0.05977284535765648,9.294507026672363,-0.05977284535765648,9.294507026672363,9.294699668884277,9.294699668884277,-4.273347803973593e-05,0.07936444878578186,0.15856419503688812,0.15883035957813263,1.6367916050308295e-10,0.00014993283330966278,1.6367916050308295e-10,0.00014993283330966278,0.00014948470126263658,0.00014948470126263658,1.7890218473993027e-10,0.00014944777292201505,4.98884437483138e-07,5.030050949372811e-07
13825,0.2765,0,0.15855775773525238,5.08171837942939e-10,0.1585545837879181,104.72026062011719,104.71975708007812,1.9999999494757503e-05,False,False,-0.05977398061782937,9.294657652789931,-0.05977398061782937,9.294657652789931,9.294849854157158,9.294849854157158,-4.273354171739449e-05,0.07951541278574371,0.15856350825871782,0.15882569613571404,-0.05977398157119751,9.294508934020996,-0.05977398157119751,9.294508934020996,9.29470157623291,9.29470157623291,-4.273375088814646e-05,0.07936593890190125,0.15856407582759857,0.15882626175880432,9.53368141376476e-10,0.00014871876893529645,9.53368141376476e-10,0.00014871876893529645,0.00014827792424831898,0.00014827792424831898,2.0917075196750807e-10,0.00014947388384246862,5.675688807549317e-07,5.656230902817416e-07
13850,0.277,0,0.1585606336593628,4.945607257056395e-10,0.15855753421783447,104.72024536132812,104.71975708007812,1.9999999494757503e-05,False,False,-0.059775083615976096,9.29465766036904,-0.059775083615976096,9.29465766036904,9.294849868829415,9.294849868829415,-4.27337777996544e-05,0.07951688941507794,0.1585674080590674,0.15882165084888192,-0.059775084257125854,9.29450798034668,-0.059775084257125854,9.29450798034668,9.294700622558594,9.294700622558594,-4.273402373655699e-05,0.07936742901802063,0.15856792032718658,0.158822163939476,6.411497582847758e-10,0.00014968002236059874,6.411497582847758e-10,0.00014968002236059874,0.00014924627082102404,0.00014924627082102404,2.459369025908909e-10,0.00014946039705730774,5.122681191738199e-07,5.130905940953223e-07
13875,0.2775,0,0.15856342017650604,4.813149323545929e-10,0.15856041014194489,104.72023010253906,104.71975708007812,1.9999999494757503e-05,False,False,-0.05977615854021798,9.294657603089469,-0.05977615854021798,9.294657603089469,9.294849818463916,9.294849818463916,-4.2734007558761296e-05,0.07951832644670656,0.15857141049355092,0.1588177081961837,-0.05977616086602211,9.294508934020996,-0.05977616086602211,9.294508934020996,9.29470157623291,9.29470157623291,-4.27342856710311e-05,0.07936891913414001,0.15857183933258057,0.15881814062595367,2.3258041326190693e-09,0.0001486690684728842,2.3258041326190693e-09,0.0001486690684728842,0.00014824223100617928,0.00014824223100617928,2.78112269806285e-10,0.00014940731256654627,4.2883902964807596e-07,4.3242976996427096e-07
13900,0.278,0,0.15856614708900452,4.684246879271825e-10,0.15856321156024933,104.72022247314453,104.71975708007812,1.9999999494757503e-05,False,False,-0.05977720974267161,9.29465820452733,-0.05977720974267161,9.29465820452733,9.294850426649793,9.294850426649793,-4.273423116444193e-05,0.07951972556563826,0.15857154051530548,0.15881386567434744,-0.059777211397886276,9.294508934020996,-0.059777211397886276,9.294508934020996,9.29470157623291,9.29470157623291,-4.273446756997146e-05,0.07937033474445343,0.15857209265232086,0.1588144153356552,1.655214666718141e-09,0.00014927050633417593,1.655214666718141e-09,0.00014927050633417593,0.00014885041688295075,0.00014885041688295075,2.364055295245955e-10,0.00014939082118482772,5.521370153860339e-07,5.496613077748957e-07
13925,0.2785,0,0.15856879949569702,4.5588044450539655e-10,0.1585659384727478,104.72020721435547,104.71975708007812,1.9999999494757503e-05,False,False,-0.0597782285196543,9.294658097526382,-0.0597782285196543,9.294658097526382,9.29485032620309,9.29485032620309,-4.273444878186265e-05,0.07952108761437748,0.15857575572787122,0.15881013579973147,-0.059778232127428055,9.294508934020996,-0.059778232127428055,9.294508934020996,9.29470157623291,9.29470157623291,-4.273464946891181e-05,0.07937163859605789,0.15857630968093872,0.15881069004535675,3.6077737533557475e-09,0.00014916350538562995,3.6077737533557475e-09,0.00014916350538562995,0.00014874997017955138,0.00014874997017955138,2.0068704915932305e-10,0.0001494490183195918,5.539530675002791e-07,5.542456252838335e-07
13950,0.279,0,0.15857137739658356,4.4367282070467695e-10,0.1585685908794403,104.7201919555664,104.71975708007812,1.9999999494757503e-05,False,False,-0.05977921922319764,9.29465795457875,-0.05977921922319764,9.29465795457875,9.294850189630006,9.294850189630006,-4.273466057173465e-05,0.0795224137162634,0.1585800635614842,0.15880649854616277,-0.059779223054647446,9.294508934020996,-0.059779223054647446,9.294508934020996,9.29470157623291,9.29470157623291,-4.2734831367852166e-05,0.07937294244766235,0.15858052670955658,0.1588069647550583,3.83144980325989e-09,0.0001490205577532322,3.83144980325989e-09,0.0001490205577532322,0.00014861339709604238,0.00014861339709604238,1.7079611751730792e-10,0.00014947126860104243,4.631480723660264e-07,4.662088955165178e-07
13975,0.2795,0,0.15857388079166412,4.31792768207373e-10,0.15857116878032684,104.72018432617188,104.71975708007812,1.9999999494757503e-05,False,False,-0.059780186205624884,9.294658448176559,-0.059780186205624884,9.294658448176559,9.29485068943674,9.29485068943674,-4.2734866690438365e-05,0.07952370499463512,0.1585804989823687,0.1588029614234564,-0.05978018790483475,9.294509887695312,-0.05978018790483475,9.294509887695312,9.294702529907227,9.294702529907227,-4.273501326679252e-05,0.07937424629926682,0.1585809588432312,0.15880341827869415,1.6992098630930208e-09,0.0001485604812465624,1.6992098630930208e-09,0.0001485604812465624,0.00014815952951430233,0.00014815952951430233,1.4657635415610054e-10,0.0001494586953683097,4.598608625006051e-07,4.5685523775151893e-07
14000,0.28,0,0.15857632458209991,4.2023151625159016e-10,0.1585736870765686,104.72016906738281,104.71975708007812,1.9999999494757503e-05,False,False,-0.059781126376412676,9.294658236705562,-0.059781126376412676,9.294658236705562,9.294850484016909,9.294850484016909,-4.273506729015487e-05,0.07952496257283188,0.15858499706461973,0.15879951441852572,-0.05978112667798996,9.294508934020996,-0.05978112667798996,9.294508934020996,9.29470157623291,9.29470157623291,-4.2735195165732875e-05,0.07937555015087128,0.1585855484008789,0.15880006551742554,3.0157728397872674e-10,0.00014930268456581075,3.0157728397872674e-10,0.00014930268456581075,0.00014890778399845317,0.00014890778399845317,1.2787557800576343e-10,0.0001494124219606069,5.513362591746951e-07,5.510988998203015e-07
14025,0.2805,0,0.15857870876789093,4.089804606088876e-10,0.1585761308670044,104.72016143798828,104.71975708007812,1.9999999494757503e-05,False,False,-0.05978204282650242,9.294658689287836,-0.05978204282650242,9.294658689287836,9.294850942484144,9.294850942484144,-4.2735262518971496e-05,0.0795261875741928,0.15858561772759913,0.15879616253791426,-0.05978204309940338,9.294508934020996,-0.05978204309940338,9.294508934020996,9.29470157623291,9.29470157623291,-4.273537706467323e-05,0.07937684655189514,0.15858617424964905,0.15879671275615692,2.7290095877541276e-10,0.00014975526683969065,2.7290095877541276e-10,0.00014975526683969065,0.00014936625123418423,0.00014936625123418423,1.1454570173369824e-10,0.000149341022297661,5.56522049915964e-07,5.502182426619928e-07
14050,0.281,0,0.15858101844787598,3.98031246851005e-10,0.1585785150527954,104.72014617919922,104.71975708007812,1.9999999494757503e-05,False,False,-0.059782932465086314,9.294658412944312,-0.059782932465086314,9.294658412944312,9.2948506718683,9.2948506718683,-4.273545252098536e-05,0.07952738027955271,0.15859029604540245,0.1587928957685359,-0.059782933443784714,9.294508934020996,-0.059782933443784714,9.294508934020996,9.29470157623291,9.29470157623291,-4.2735558963613585e-05,0.07937796413898468,0.15859076380729675,0.1587933599948883,9.786984001003418e-10,0.00014947892331562684,9.786984001003418e-10,0.00014947892331562684,0.00014909563538978432,0.00014909563538978432,1.0644262822366709e-10,0.00014941614056802888,4.677618943016437e-07,4.642263524146095e-07
14075,0.28150000000000003,0,0.15858326852321625,3.87375742594287e-10,0.15858083963394165,104.72013854980469,104.71975708007812,1.9999999494757503e-05,False,False,-0.05978380399698072,9.294658775954556,-0.05978380399698072,9.294658775954556,9.294851040476624,9.294851040476624,-4.27356374364164e-05,0.0795285409697464,0.15859109694393364,0.15878972412347622,-0.059783805161714554,9.294508934020996,-0.059783805161714554,9.294508934020996,9.29470157623291,9.29470157623291,-4.273574086255394e-05,0.07937908172607422,0.15859149396419525,0.15879012644290924,1.1647338371556515e-09,0.00014984193355971342,1.1647338371556515e-09,0.00014984193355971342,0.0001494642437140925,0.0001494642437140925,1.0342613754093979e-10,0.00014945924367218422,3.970202616110363e-07,4.023194330182722e-07
14100,0.28200000000000003,0,0.15858547389507294,3.770060930108343e-10,0.15858310461044312,104.72013092041016,104.71975708007812,1.9999999494757503e-05,False,False,-0.05978465306999795,9.29465913277261,-0.05978465306999795,9.29465913277261,9.294851402748513,9.294851402748513,-4.2735817401716175e-05,0.07952967020644347,0.15859197544388326,0.15878663007983498,-0.059784650802612305,9.294509887695312,-0.059784650802612305,9.294509887695312,9.294702529907227,9.294702529907227,-4.2735922761494294e-05,0.07938019931316376,0.15859249234199524,0.15878714621067047,2.2673856472921194e-09,0.0001492450772975218,2.2673856472921194e-09,0.0001492450772975218,0.00014887284128661804,0.00014887284128661804,1.0535977811905331e-10,0.00014947089327971286,5.168981119796356e-07,5.16130835487294e-07
14125,0.28250000000000003,0,0.15858760476112366,3.669145820506259e-10,0.1585853099822998,104.7201156616211,104.71975708007812,1.9999999494757503e-05,False,False,-0.059785475331695065,9.294658763192365,-0.059785475331695065,9.294658763192365,9.29485103846475,9.29485103846475,-4.2735992549668875e-05,0.07953076967465252,0.15859690659211315,0.15878361614088318,-0.05978547781705856,9.294508934020996,-0.05978547781705856,9.294508934020996,9.29470157623291,9.29470157623291,-4.273610466043465e-05,0.0793813169002533,0.1585974544286728,0.1587841659784317,2.485363498339055e-09,0.00014982917136840967,2.485363498339055e-09,0.00014982917136840967,0.00014946223183898155,0.00014946223183898155,1.1211076577315572e-10,0.00014945277439921967,5.478365596445212e-07,5.498375485191165e-07
14150,0.28300000000000003,0,0.1585896909236908,3.5709371570824544e-10,0.15858744084835052,104.72010803222656,104.71975708007812,1.9999999494757503e-05,False,False,-0.059786273873646566,9.294659087419888,-0.059786273873646566,9.294659087419888,9.294851367821908,9.294851367821908,-4.273616300947906e-05,0.07953184105938241,0.15859795281125674,0.15878068981643592,-0.059786275029182434,9.294510841369629,-0.059786275029182434,9.294510841369629,9.294703483581543,9.294703483581543,-4.2736286559375e-05,0.07938243448734283,0.15859845280647278,0.15878118574619293,1.1555358683801309e-09,0.00014824605025864912,1.1555358683801309e-09,0.00014824605025864912,0.00014788424036460412,0.00014788424036460412,1.2354989594061654e-10,0.0001494065720395732,4.999952160356091e-07,4.959297570106269e-07
14175,0.28350000000000003,0,0.15859171748161316,3.475362220228817e-10,0.15858952701091766,104.72010040283203,104.71975708007812,1.9999999494757503e-05,False,False,-0.05978705557068474,9.294659358583736,-0.05978705557068474,9.294659358583736,9.294851644008206,9.294851644008206,-4.273632890686652e-05,0.07953288464146795,0.1585990741285472,0.15877783859013553,-0.05978705734014511,9.294510841369629,-0.05978705734014511,9.294510841369629,9.294703483581543,9.294703483581543,-4.273646845831536e-05,0.07938355207443237,0.15859943628311157,0.15877820551395416,1.7694603698936717e-09,0.00014851721410735763,1.7694603698936717e-09,0.00014851721410735763,0.00014816042666332407,0.00014816042666332407,1.3955144884044172e-10,0.0001493325670355733,3.621545643650581e-07,3.66923818634346e-07
14200,0.28400000000000003,0,0.15859369933605194,3.3823496781160145e-10,0.15859156847000122,104.7200927734375,104.71975708007812,1.9999999494757503e-05,False,False,-0.0597878204229195,9.294659601945073,-0.0597878204229195,9.294659601945073,9.29485189228428,9.29485189228428,-4.273649036417434e-05,0.07953390042090915,0.1586002705439841,0.15877506246198156,-0.059787821024656296,9.294510841369629,-0.059787821024656296,9.294510841369629,9.294703483581543,9.294703483581543,-4.273665035725571e-05,0.07938454300165176,0.15860067307949066,0.1587754637002945,6.017367923383254e-10,0.00014876057544377375,6.017367923383254e-10,0.00014876057544377375,0.00014840870273680196,0.00014840870273680196,1.5999308137154078e-10,0.00014935741925738155,4.0253550656621506e-07,4.012383129359254e-07
14225,0.28450000000000003,0,0.15859562158584595,3.2918315295837886e-10,0.1585935354232788,104.72008514404297,104.71975708007812,1.9999999494757503e-05,False,False,-0.05978855720324027,9.294659843326718,-0.05978855720324027,9.294659843326718,9.294852138400197,9.294852138400197,-4.273664750046017e-05,0.07953488895937555,0.158601539554296,0.15877235892870264,-0.05978855863213539,9.294509887695312,-0.05978855863213539,9.294509887695312,9.294702529907227,9.294702529907227,-4.273683225619607e-05,0.07938547432422638,0.1586020439863205,0.15877285599708557,1.428895120281215e-09,0.00014995563140551837,1.428895120281215e-09,0.00014995563140551837,0.00014960849297018797,0.00014960849297018797,1.847557358974428e-10,0.00014941463514916986,5.04432024484025e-07,4.970683829264022e-07
14250,0.28500000000000003,0,0.15859748423099518,3.203740328583393e-10,0.158595472574234,104.7200698852539,104.71975708007812,1.9999999494757503e-05,False,False,-0.059789278399737335,9.294659336418903,-0.059789278399737335,9.294659336418903,9.294851636141948,9.294851636141948,-4.2736800431589166e-05,0.07953585109937153,0.1586068537030741,0.158769727990299,-0.059789277613162994,9.294509887695312,-0.059789277613162994,9.294509887695312,9.294702529907227,9.294702529907227,-4.273701415513642e-05,0.079386405646801,0.1586073786020279,0.15877024829387665,7.86574340383428e-10,0.00014944872359023975,7.86574340383428e-10,0.00014944872359023975,0.00014910623472097484,0.00014910623472097484,2.137235472556313e-10,0.00014944545257053465,5.248989538020332e-07,5.20303577639103e-07
14275,0.28550000000000003,0,0.15859930217266083,3.1180105719563755e-10,0.15859735012054443,104.72006225585938,104.71975708007812,1.9999999494757503e-05,False,False,-0.05978998149092753,9.294659500304357,-0.05978998149092753,9.294659500304357,9.294851804546683,9.294851804546683,-4.273694927029885e-05,0.07953678740256673,0.15860827040640751,0.15876717215004157,-0.059789981693029404,9.294509887695312,-0.059789981693029404,9.294509887695312,9.294702529907227,9.294702529907227,-4.2737196054076776e-05,0.07938733696937561,0.15860873460769653,0.15876764059066772,2.0210187690050674e-10,0.00014961260904478024,2.0210187690050674e-10,0.00014961260904478024,0.0001492746394564648,0.0001492746394564648,2.4678377792903064e-10,0.00014945043319111728,4.642012890188063e-07,4.6844062615014614e-07
14300,0.28600000000000003,0,0.1586010754108429,3.034579254546088e-10,0.15859916806221008,104.72005462646484,104.71975708007812,1.9999999494757503e-05,False,False,-0.059790662124122256,9.294659666422636,-0.059790662124122256,9.294659666422636,9.294851975039784,9.294851975039784,-4.273709412630279e-05,0.07953770067730902,0.15860975469807312,0.15876468389811632,-0.059790659695863724,9.294510841369629,-0.059790659695863724,9.294510841369629,9.294703483581543,9.294703483581543,-4.273737795301713e-05,0.07938826829195023,0.15861010551452637,0.1587650328874588,2.428258531750327e-09,0.0001488250530066182,2.428258531750327e-09,0.0001488250530066182,0.00014849145824058496,0.00014849145824058496,2.838267143420682e-10,0.00014943238535879144,3.508164532484148e-07,3.489893424801771e-07
14325,0.28650000000000003,0,0.15860280394554138,2.953384481418908e-10,0.15860094130039215,104.72004699707031,104.71975708007812,1.9999999494757503e-05,False,False,-0.059791325913026126,9.294659807827564,-0.059791325913026126,9.294659807827564,9.294852120711743,9.294852120711743,-4.273723510637626e-05,0.07953858923858964,0.15861130407479931,0.1587622607312517,-0.05979132279753685,9.294510841369629,-0.05979132279753685,9.294510841369629,9.294703483581543,9.294703483581543,-4.2737559851957485e-05,0.07938919961452484,0.15861156582832336,0.15876252949237823,3.1154892762841335e-09,0.0001489664579352734,3.1154892762841335e-09,0.0001489664579352734,0.00014863713020041303,0.00014863713020041303,3.247455812222552e-10,0.0001493896240647996,2.617535240501123e-07,2.6876112654838913e-07
14350,0.28700000000000003,0,0.1586044877767563,2.8743660229757495e-10,0.15860266983509064,104.72003936767578,104.71975708007812,1.9999999494757503e-05,False,False,-0.05979197285773309,9.29465992620415,-0.05979197285773309,9.29465992620415,9.294852243247524,9.294852243247524,-4.273737231440295e-05,0.07953945477141733,0.15861291853658593,0.15875990264944745,-0.05979197099804878,9.294510841369629,-0.05979197099804878,9.294510841369629,9.294703483581543,9.294703483581543,-4.273771628504619e-05,0.07939013093709946,0.15861330926418304,0.15876029431819916,1.859684309324372e-09,0.00014908483452025223,1.859684309324372e-09,0.00014908483452025223,0.0001487596659810464,0.0001487596659810464,3.4397064324176007e-10,0.00014932383431787155,3.907275971104518e-07,3.9166875170915105e-07
14375,0.28750000000000003,0,0.1586061269044876,2.7974653149520634e-10,0.15860435366630554,104.72003173828125,104.71975708007812,1.9999999494757503e-05,False,False,-0.05979260295833469,9.294660020429047,-0.05979260295833469,9.294660020429047,9.294852341523809,9.294852341523809,-4.273750585148306e-05,0.07954029615245298,0.15861459558016114,0.1587576071494318,-0.05979260429739952,9.294510841369629,-0.05979260429739952,9.294510841369629,9.294703483581543,9.294703483581543,-4.273780723451637e-05,0.0793909803032875,0.15861505270004272,0.15875805914402008,1.3390648312405773e-09,0.0001491790594183584,1.3390648312405773e-09,0.0001491790594183584,0.00014885794226593418,0.00014885794226593418,3.0138303330984545e-10,0.00014931584916547114,4.5711988158614325e-07,4.5199458828526495e-07
14400,0.28800000000000003,0,0.15860772132873535,2.722625458417838e-10,0.15860599279403687,104.72002410888672,104.71975708007812,1.9999999494757503e-05,False,False,-0.059793216214920133,9.294660093029773,-0.059793216214920133,9.294660093029773,9.294852418068054,9.294852418068054,-4.273763581600723e-05,0.07954111590920965,0.15861633270225384,0.15875537172793364,-0.05979321524500847,9.294510841369629,-0.05979321524500847,9.294510841369629,9.294703483581543,9.294703483581543,-4.2737898183986545e-05,0.0793917253613472,0.1586167812347412,0.158755823969841,9.699116648720363e-10,0.00014925166014378988,9.699116648720363e-10,0.00014925166014378988,0.00014893448651065455,0.00014893448651065455,2.6236797931174054e-10,0.0001493905478624491,4.4853248737375395e-07,4.5224190736714576e-07
14425,0.28850000000000003,0,0.1586092710494995,2.6497914973333536e-10,0.1586076021194458,104.72001647949219,104.71975708007812,1.9999999494757503e-05,False,False,-0.05979381824118169,9.294660119025993,-0.05979381824118169,9.294660119025993,9.294852447936554,9.294852447936554,-4.273776230371712e-05,0.07954191432252221,0.158618129902864,0.15875319638495297,-0.05979382246732712,9.294510841369629,-0.05979382246732712,9.294510841369629,9.294703483581543,9.294703483581543,-4.273798913345672e-05,0.07939247041940689,0.1586185246706009,0.15875358879566193,4.226145426666772e-09,0.00014927765636407742,4.226145426666772e-09,0.00014927765636407742,0.0001489643550112163,0.0001489643550112163,2.268297396023104e-10,0.00014944390311531774,3.947677368887348e-07,3.9241070895479346e-07
14450,0.28900000000000003,0,0.1586107760667801,2.5789090307704043e-10,0.15860915184020996,104.72000885009766,104.71975708007812,1.9999999494757503e-05,False,False,-0.05979439780999297,9.29466014865919,-0.05979439780999297,9.29466014865919,9.294852481297523,9.294852481297523,-4.273788540778595e-05,0.0795426911115557,0.15861998217544848,0.1587510761139466,-0.05979440361261368,9.294510841369629,-0.05979440361261368,9.294510841369629,9.294703483581543,9.294703483581543,-4.27380800829269e-05,0.07939321547746658,0.15862025320529938,0.15875135362148285,5.802620710315676e-09,0.0001493072895613068,5.802620710315676e-09,0.0001493072895613068,0.00014899771598031464,0.00014899771598031464,1.9467514095038033e-10,0.0001494756340891107,2.7102985089566545e-07,2.775075362559942e-07
14475,0.28950000000000004,0,0.15861225128173828,2.5099261558025887e-10,0.15861065685749054,104.72000122070312,104.71975708007812,1.9999999494757503e-05,False,False,-0.05979496053504225,9.29466018445688,-0.05979496053504225,9.29466018445688,9.294852520714537,9.294852520714537,-4.273800521887933e-05,0.07954344880382344,0.15862189202327828,0.15874901341818554,-0.059794966131448746,9.294510841369629,-0.059794966131448746,9.294510841369629,9.294703483581543,9.294703483581543,-4.2738171032397076e-05,0.07939396053552628,0.15862201154232025,0.15874913334846497,5.596406497943018e-09,0.0001493430872514523,5.596406497943018e-09,0.0001493430872514523,0.0001490371329939677,0.0001490371329939677,1.6581351774887535e-10,0.00014948826829716544,1.195190419689407e-07,1.1993027942969192e-07
14500,0.29000000000000004,0,0.1586136817932129,2.442791524615018e-10,0.15861213207244873,104.72000122070312,104.71975708007812,1.9999999494757503e-05,False,False,-0.05979551638331328,9.294660846703858,-0.05979551638331328,9.294660846703858,9.29485318652367,9.29485318652367,-4.2738121825235057e-05,0.07954418683765571,0.15861988940603472,0.15874701080094197,-0.05979552119970322,9.294511795043945,-0.05979552119970322,9.294511795043945,9.29470443725586,9.29470443725586,-4.2738261981867254e-05,0.07939470559358597,0.15862014889717102,0.15874727070331573,4.816389939654719e-09,0.00014905165991230263,4.816389939654719e-09,0.00014905165991230263,0.00014874926780983344,0.00014874926780983344,1.4015663219721147e-10,0.0001494812440697435,2.5949113630074905e-07,2.5990237376150027e-07
14525,0.29050000000000004,0,0.15861506760120392,2.3774551771715835e-10,0.15861357748508453,104.7199935913086,104.71975708007812,1.9999999494757503e-05,False,False,-0.059796056648323985,9.294660791539199,-0.059796056648323985,9.294660791539199,9.294853134835794,9.294853134835794,-4.273823531270568e-05,0.07954490408971344,0.15862191440435638,0.15874506325567278,-0.059796061366796494,9.294511795043945,-0.059796061366796494,9.294511795043945,9.29470443725586,9.29470443725586,-4.273835293133743e-05,0.07939545065164566,0.15862226486206055,0.1587454080581665,4.718472508546956e-09,0.00014899649525368375,4.718472508546956e-09,0.00014899649525368375,0.00014869757993452026,0.00014869757993452026,1.1761863175313667e-10,0.00014945343806778422,3.504577041624213e-07,3.4480249372359495e-07
14550,0.29100000000000004,0,0.15861643850803375,2.3138690963264708e-10,0.15861496329307556,104.71998596191406,104.71975708007812,1.9999999494757503e-05,False,False,-0.05979657445620113,9.29466079390385,-0.05979657445620113,9.29466079390385,9.294853140531593,9.294853140531593,-4.273834576484368e-05,0.07954560308750969,0.15862398946810882,0.15874316577583436,-0.05979657918214798,9.294511795043945,-0.05979657918214798,9.294511795043945,9.29470443725586,9.29470443725586,-4.273844388080761e-05,0.07939619570970535,0.15862436592578888,0.15874354541301727,4.725946849137852e-09,0.00014899885990438122,4.725946849137852e-09,0.00014899885990438122,0.00014870327573390796,0.00014870327573390796,9.811596392799273e-11,0.00014940737780433366,3.764576800568964e-07,3.7963718291234017e-07
14575,0.29150000000000004,0,0.1586177498102188,2.2519866527126453e-10,0.1586163341999054,104.71997833251953,104.71975708007812,1.9999999494757503e-05,False,False,-0.05979708664783009,9.294660701388338,-0.05979708664783009,9.294660701388338,9.294853051313092,9.294853051313092,-4.2738453262968184e-05,0.07954628298854015,0.1586261120940207,0.1587413158581554,-0.05979708954691887,9.294511795043945,-0.05979708954691887,9.294511795043945,9.29470443725586,9.29470443725586,-4.2738534830277786e-05,0.07939694076776505,0.1586264818906784,0.15874168276786804,2.899088781538328e-09,0.00014890634439268524,2.899088781538328e-09,0.00014890634439268524,0.00014861405723287646,0.00014861405723287646,8.15673096015053e-11,0.00014934222077510328,3.697966577120848e-07,3.6690971264019545e-07
14600,0.29200000000000004,0,0.15861904621124268,2.1917619108524633e-10,0.15861764550209045,104.719970703125,104.71975708007812,1.9999999494757503e-05,False,False,-0.059797576382472364,9.294660667244633,-0.059797576382472364,9.294660667244633,9.294853020320744,9.294853020320744,-4.2738557886212057e-05,0.07954694547781349,0.1586282797788207,0.15873951099936456,-0.05979757755994797,9.294511795043945,-0.05979757755994797,9.294511795043945,9.29470443725586,9.29470443725586,-4.273862577974796e-05,0.07939768582582474,0.15862858295440674,0.1587398201227188,1.177475603131306e-09,0.00014887220068793283,1.177475603131306e-09,0.00014887220068793283,0.00014858306488463313,0.00014858306488463313,6.789353590642326e-11,0.00014925965198875346,3.0317558602499517e-07,3.091233542473759e-07
14625,0.29250000000000004,0,0.15862029790878296,2.1331500454913055e-10,0.15861894190311432,104.719970703125,104.71975708007812,1.9999999494757503e-05,False,False,-0.059798064854493266,9.294661236535724,-0.059798064854493266,9.294661236535724,9.294853592742607,9.294853592742607,-4.273865971157705e-05,0.07954759055532981,0.15862652748873268,0.15873775870927653,-0.059798065572977066,9.294512748718262,-0.059798065572977066,9.294512748718262,9.294705390930176,9.294705390930176,-4.273871672921814e-05,0.07939829677343369,0.1586267203092575,0.15873795747756958,7.184838002327609e-10,0.0001484878174622395,7.184838002327609e-10,0.0001484878174622395,0.00014820181243102581,0.00014820181243102581,5.701764109006203e-11,0.00014929378189612597,1.9282052482472167e-07,1.9876829304710242e-07
14650,0.29300000000000004,0,0.15862150490283966,2.0761081742648457e-10,0.1586201936006546,104.71996307373047,104.71975708007812,1.9999999494757503e-05,False,False,-0.059798532129817054,9.294661116203839,-0.059798532129817054,9.294661116203839,9.294853475419421,9.294853475419421,-4.2738758814006546e-05,0.07954821737858463,0.15862880281420988,0.15873606149116287,-0.05979853495955467,9.294511795043945,-0.05979853495955467,9.294511795043945,9.29470443725586,9.29470443725586,-4.273880767868832e-05,0.07939885556697845,0.15862883627414703,0.15873609483242035,2.8297376178376688e-09,0.00014932115989374495,2.8297376178376688e-09,0.00014932115989374495,0.00014903816356159894,0.00014903816356159894,4.886468177111398e-11,0.0001493618116061718,3.345993715431206e-08,3.334125747711525e-08
14675,0.29350000000000004,0,0.15862269699573517,2.020593831142392e-10,0.1586214154958725,104.71995544433594,104.71975708007812,1.9999999494757503e-05,False,False,-0.05979898817556343,9.29466100512561,-0.05979898817556343,9.29466100512561,9.294853367277476,9.294853367277476,-4.273885526642661e-05,0.07954882819425636,0.1586311181920317,0.15873440432539385,-0.059798989444971085,9.294511795043945,-0.059798989444971085,9.294511795043945,9.29470443725586,9.29470443725586,-4.2738898628158495e-05,0.07939941436052322,0.15863114595413208,0.15873442590236664,1.2694076553798617e-09,0.0001492100816644637,1.2694076553798617e-09,0.0001492100816644637,0.00014893002161642244,0.00014893002161642244,4.336173188226747e-11,0.0001494138337331391,2.776210036858906e-08,2.1576972791814697e-08
14700,0.29400000000000004,0,0.1586238592863083,1.9665662154277896e-10,0.158622607588768,104.7199478149414,104.71975708007812,1.9999999494757503e-05,False,False,-0.05979943299179659,9.294660877759036,-0.05979943299179659,9.294660877759036,9.2948532427753,9.2948532427753,-4.273894913979853e-05,0.07954942272151012,0.15863346861565505,0.15873278220542636,-0.0597994327545166,9.294511795043945,-0.0597994327545166,9.294511795043945,9.29470443725586,9.29470443725586,-4.273898957762867e-05,0.079399973154068,0.15863361954689026,0.15873293578624725,2.372799873251452e-10,0.00014908271509028737,2.372799873251452e-10,0.00014908271509028737,0.00014880551944074227,0.00014880551944074227,4.043783014061157e-11,0.0001494495674421309,1.509312352043768e-07,1.5358082089411695e-07
14725,0.29450000000000004,0,0.15862497687339783,1.9139853590921518e-10,0.15862376987934113,104.7199478149414,104.71975708007812,1.9999999494757503e-05,False,False,-0.05979987093219781,9.29466138077342,-0.05979987093219781,9.29466138077342,9.29485374859682,9.29485374859682,-4.2739040503196044e-05,0.07955000152201563,0.1586319040709335,0.1587312176607048,-0.05979987233877182,9.294512748718262,-0.05979987233877182,9.294512748718262,9.294705390930176,9.294705390930176,-4.273908052709885e-05,0.07940053194761276,0.15863212943077087,0.15873144567012787,1.4065740100432933e-09,0.00014863205515780464,1.4065740100432933e-09,0.00014863205515780464,0.00014835766664411665,0.00014835766664411665,4.0023902805007543e-11,0.00014946957440287179,2.2535983737470566e-07,2.2800942306444583e-07
14750,0.29500000000000004,0,0.15862607955932617,1.8628122655517387e-10,0.15862488746643066,104.71994018554688,104.71975708007812,1.9999999494757503e-05,False,False,-0.05980028767602026,9.294661249461333,-0.05980028767602026,9.294661249461333,9.294853619968647,9.294853619968647,-4.273912942382123e-05,0.0795505668424511,0.15863434961887624,0.15872969066505668,-0.05980028957128525,9.294511795043945,-0.05980028957128525,9.294511795043945,9.29470443725586,9.29470443725586,-4.273917147656903e-05,0.07940109074115753,0.15863461792469025,0.15872995555400848,1.8952649866177396e-09,0.0001494544173876733,1.8952649866177396e-09,0.0001494544173876733,0.00014918271278752115,0.00014918271278752115,4.205274779930327e-11,0.00014947610129356637,2.683058140107164e-07,2.64888951800879e-07
14775,0.29550000000000004,0,0.15862713754177094,1.8130096035573473e-10,0.158625990152359,104.71993255615234,104.71975708007812,1.9999999494757503e-05,False,False,-0.05980069880411302,9.29466105105774,-0.05980069880411302,9.29466105105774,9.294853424214244,9.294853424214244,-4.273921596707988e-05,0.07955111559363394,0.15863682520607766,0.15872819370866725,-0.05980069935321808,9.294511795043945,-0.05980069935321808,9.294511795043945,9.29470443725586,9.29470443725586,-4.2739262426039204e-05,0.0794016495347023,0.15863709151744843,0.1587284654378891,5.491050600325842e-10,0.00014925601379545128,5.491050600325842e-10,0.00014925601379545128,0.0001489869583846115,0.0001489869583846115,4.645895932640096e-11,0.00014946605893163822,2.663113707612741e-07,2.717292218457068e-07
14800,0.29600000000000004,0,0.1586281806230545,1.7645404581934088e-10,0.15862706303596497,104.71993255615234,104.71975708007812,1.9999999494757503e-05,False,False,-0.05980110305664145,9.294661534961591,-0.05980110305664145,9.294661534961591,9.294853910708945,9.294853910708945,-4.273930019663899e-05,0.07955165002224235,0.15863538582493353,0.15872675432752312,-0.05980110168457031,9.294511795043945,-0.05980110168457031,9.294511795043945,9.29470443725586,9.29470443725586,-4.273935337550938e-05,0.07940220832824707,0.15863560140132904,0.15872697532176971,1.3720711372622318e-09,0.00014973991764577477,1.3720711372622318e-09,0.00014973991764577477,0.00014947345308513604,0.00014947345308513604,5.3178870391989465e-11,0.00014944169399527807,2.1557639551250674e-07,2.2099424659693945e-07
14825,0.29650000000000004,0,0.15862919390201569,1.7173687472116228e-10,0.15862809121608734,104.71992492675781,104.71975708007812,1.9999999494757503e-05,False,False,-0.05980148611267169,9.294661358435304,-0.05980148611267169,9.294661358435304,9.294853736650818,9.294853736650818,-4.273938217444304e-05,0.0795521701282764,0.158637949026639,0.15872534498563773,-0.05980148911476135,9.294512748718262,-0.05980148911476135,9.294512748718262,9.294705390930176,9.294705390930176,-4.273944432497956e-05,0.07940276712179184,0.1586380898952484,0.15872548520565033,3.002089660197882e-09,0.0001486097170424472,3.002089660197882e-09,0.0001486097170424472,0.00014834572064259532,0.00014834572064259532,6.215053652118292e-11,0.0001494030064845553,1.4086860941620039e-07,1.4022001260105554e-07
14850,0.29700000000000004,0,0.15863017737865448,1.67145977614247e-10,0.15862910449504852,104.71992492675781,104.71975708007812,1.9999999494757503e-05,False,False,-0.05980186790690472,9.294661814817475,-0.05980186790690472,9.294661814817475,9.29485419547995,9.29485419547995,-4.27394619607615e-05,0.07955267703507528,0.15863657222728392,0.15872396818628265,-0.059801872819662094,9.294512748718262,-0.059801872819662094,9.294512748718262,9.294705390930176,9.294705390930176,-4.2739535274449736e-05,0.07940332591533661,0.15863659977912903,0.15872399508953094,4.912757374520016e-09,0.0001490660992136128,4.912757374520016e-09,0.0001490660992136128,0.00014880454977372892,0.00014880454977372892,7.331368823658424e-11,0.00014935111973866932,2.755184511094022e-08,2.690324829579538e-08
14875,0.29750000000000004,0,0.1586311310529709,1.6267795444058208e-10,0.1586301028728485,104.71991729736328,104.71975708007812,1.9999999494757503e-05,False,False,-0.05980223973188973,9.294661560808851,-0.05980223973188973,9.294661560808851,9.294853943868866,9.294853943868866,-4.2739539614258996e-05,0.07955317018096932,0.15863921803695094,0.15872264145235881,-0.05980224162340164,9.294512748718262,-0.05980224162340164,9.294512748718262,9.294705390930176,9.294705390930176,-4.273962622391991e-05,0.07940388470888138,0.1586390882730484,0.15872250497341156,1.8915119123774637e-09,0.00014881209058970057,1.8915119123774637e-09,0.00014881209058970057,0.00014855293868976105,0.00014855293868976105,8.660966091718087e-11,0.0001492854720879372,1.2976390253993664e-07,1.3647894725465903e-07
14900,0.29800000000000004,0,0.1586320549249649,1.5832954392003273e-10,0.15863105654716492,104.71990966796875,104.71975708007812,1.9999999494757503e-05,False,False,-0.05980259471421595,9.294661319704717,-0.05980259471421595,9.294661319704717,9.294853705053653,9.294853705053653,-4.273961519202358e-05,0.07955365097013262,0.15864188136951887,0.15872133224133592,-0.059802599251270294,9.294511795043945,-0.059802599251270294,9.294511795043945,9.29470443725586,9.29470443725586,-4.273971717339009e-05,0.07940444350242615,0.15864159166812897,0.15872104465961456,4.53705434333429e-09,0.00014952466077211568,4.53705434333429e-09,0.00014952466077211568,0.00014926779779322885,0.00014926779779322885,1.019813665074443e-10,0.0001492074677064692,2.8970138990502825e-07,2.875817213532361e-07
14925,0.29850000000000004,0,0.15863296389579773,1.5409754028361533e-10,0.15863199532032013,104.71990966796875,104.71975708007812,1.9999999494757503e-05,False,False,-0.059802948434978215,9.294661736208528,-0.059802948434978215,9.294661736208528,9.294854123824669,9.294854123824669,-4.273968874962007e-05,0.07955411799839106,0.1586406297337419,0.15872008060555895,-0.05980295315384865,9.294512748718262,-0.05980295315384865,9.294512748718262,9.294705390930176,9.294705390930176,-4.273980812286027e-05,0.07940492033958435,0.15864047408103943,0.15871992707252502,4.718870433295663e-09,0.00014898749026670544,4.718870433295663e-09,0.00014898749026670544,0.00014873289449290894,0.00014873289449290894,1.19373240194912e-10,0.00014919765880670732,1.5565270247708263e-07,1.535330339252905e-07
14950,0.29900000000000004,0,0.15863385796546936,1.499788071512853e-10,0.15863290429115295,104.71990203857422,104.71975708007812,1.9999999494757503e-05,False,False,-0.059803286572961856,9.294661494248036,-0.059803286572961856,9.294661494248036,9.294853884044766,9.294853884044766,-4.273976034112474e-05,0.07955457266991862,0.158643365661185,0.1587188439894112,-0.05980328842997551,9.294512748718262,-0.05980328842997551,9.294512748718262,9.294705390930176,9.294705390930176,-4.2739899072330445e-05,0.0794052928686142,0.15864333510398865,0.15871880948543549,1.8570136539608484e-09,0.00014874552977417466,1.8570136539608484e-09,0.00014874552977417466,0.000148493114590309,0.000148493114590309,1.3873120570216538e-10,0.00014927980130442775,3.055719635658427e-08,3.4503975704369694e-08
14975,0.29950000000000004,0,0.1586347073316574,1.4597031916530057e-10,0.1586337834596634,104.71990203857422,104.71975708007812,1.9999999494757503e-05,False,False,-0.05980361783592751,9.294661886038497,-0.05980361783592751,9.294661886038497,9.294854277958477,9.294854277958477,-4.2739830019168073e-05,0.07955501498471529,0.1586421766071964,0.1587176549354226,-0.05980361998081207,9.294513702392578,-0.05980361998081207,9.294513702392578,9.294706344604492,9.294706344604492,-4.273999002180062e-05,0.07940566539764404,0.1586422175168991,0.15871769189834595,2.144884561627869e-09,0.00014818364591917543,2.144884561627869e-09,0.00014818364591917543,0.00014793335398444185,0.00014793335398444185,1.6000263254893534e-10,0.0001493495870712458,4.0909702708757933e-08,3.696292336097251e-08
15000,0.30000000000000004,0,0.15863555669784546,1.4206910647907023e-10,0.15863464772701263,104.71989440917969,104.71975708007812,1.9999999494757503e-05,False,False,-0.05980393912975695,9.29466162048799,-0.05980393912975695,9.29466162048799,9.294854014480693,9.294854014480693,-4.273989783495748e-05,0.07955544606612043,0.15864498012297115,0.15871648590760648,-0.05980394035577774,9.294512748718262,-0.05980394035577774,9.294512748718262,9.294705390930176,9.294705390930176,-4.27400809712708e-05,0.07940603792667389,0.15864506363868713,0.1587165743112564,1.2260207918335375e-09,0.00014887176972777638,1.2260207918335375e-09,0.00014887176972777638,0.00014862355051725729,0.00014862355051725729,1.8313631331773805e-10,0.0001494081394465413,8.351571598175234e-08,8.840364992823702e-08
15025,0.30050000000000004,0,0.18231427669525146,1.7937578377313912e-05,0.16686323285102844,104.67478942871094,104.71975708007812,1.9999999494757503e-05,False,False,-0.06292074970384734,9.321261004185363,-0.06292074970384734,9.321261004185363,9.321473366849792,9.321473366849792,-4.6183877329237824e-05,0.08392314741665165,0.18232261119815635,0.15890843927367648,-0.06292074918746948,9.321112632751465,-0.06292074918746948,9.321112632751465,9.321325302124023,9.321325302124023,-4.6184053644537926e-05,0.08377374708652496,0.18232271075248718,0.15890853106975555,5.163778571404265e-10,0.00014837143389812013,5.163778571404265e-10,0.00014837143389812013,0.00014806472576900376,0.00014806472576900376,1.7631530010140967e-10,0.00014940033012668386,9.955433083463916e-08,9.179607907139342e-08
15050,0.30100000000000005,0,0.2054954320192337,3.819715857389383e-05,0.18449851870536804,104.63134002685547,104.71975708007812,1.9999999494757503e-05,False,False,-0.06959229858592018,9.335723586280896,-0.06959229858592018,9.335723586280896,9.335982967393626,9.335982967393626,-6.002740723033484e-05,0.09279738613279967,0.20550189813500727,0.159464090460627,-0.06959229707717896,9.335575103759766,-0.06959229707717896,9.335575103759766,9.335834503173828,9.335834503173828,-6.00275925535243e-05,0.0926479920744896,0.205501988530159,0.15946418046951294,1.50874122917255e-09,0.00014848252112997784,1.50874122917255e-09,0.00014848252112997784,0.00014846421979797242,0.00014846421979797242,1.8532318945906718e-10,0.00014939405831007613,9.039515172504231e-08,9.000888592791689e-08
15075,0.30150000000000005,0,0.22779999673366547,4.6467095671687275e-05,0.2052571326494217,104.5902328491211,104.71975708007812,1.9999999494757503e-05,False,False,-0.07741472658355228,9.345097604581724,-0.07741472658355228,9.345097604581724,9.34541825062159,9.34541825062159,-8.049460570381563e-05,0.1031638278765182,0.22780827975069054,0.16036640720880135,-0.07741472125053406,9.344948768615723,-0.07741472125053406,9.344948768615723,9.345269203186035,9.345269203186035,-8.049477764870971e-05,0.10301442444324493,0.22780835628509521,0.1603664755821228,5.333018221476138e-09,0.00014883596600157034,5.333018221476138e-09,0.00014883596600157034,0.00014904743555455013,0.00014904743555455013,1.7194489408678404e-10,0.00014940343327327077,7.653440467492167e-08,6.837332144904451e-08
15100,0.30200000000000005,0,0.24910347163677216,4.586974682752043e-05,0.22661450505256653,104.55168151855469,104.71975708007812,1.9999999494757503e-05,False,False,-0.08543978054524695,9.352259128010123,-0.08543978054524695,9.352259128010123,9.35264939755299,9.35264939755299,-0.00010249222413850883,0.11380945563076954,0.24911019825963973,0.16159506295317694,-0.0854397788643837,9.352110862731934,-0.0854397788643837,9.352110862731934,9.352500915527344,9.352500915527344,-0.00010249239858239889,0.1136600598692894,0.24911025166511536,0.16159512102603912,1.6808632541387425e-09,0.00014826527818989632,1.6808632541387425e-09,0.00014826527818989632,0.00014848202564543556,0.00014848202564543556,1.7444389006492523e-10,0.00014939576148013944,5.340547562515674e-08,5.807286218573182e-08
15125,0.30250000000000005,0,0.2693836987018585,4.090309448656626e-05,0.24757283926010132,104.51567840576172,104.71975708007812,1.9999999494757503e-05,False,False,-0.0932997720920663,9.358382915279645,-0.0932997720920663,9.358382915279645,9.358847986609803,9.358847986609803,-0.0001229892751583592,0.124253490061562,0.2693906112407458,0.1631290427290539,-0.09329976886510849,9.358233451843262,-0.09329976886510849,9.358233451843262,9.358698844909668,9.358698844909668,-0.00012298945512156934,0.1241040974855423,0.26939067244529724,0.16312909126281738,3.2269578120747155e-09,0.00014946343638300164,3.2269578120747155e-09,0.00014946343638300164,0.00014914170013469175,0.00014914170013469175,1.7996321013263872e-10,0.00014939257601970235,6.120455142699655e-08,4.8533763480351766e-08
15150,0.30300000000000005,0,0.2886589467525482,3.448300049058162e-05,0.2677539885044098,104.48214721679688,104.71975708007812,1.9999999494757503e-05,False,False,-0.10085854039032638,9.36395257543156,-0.10085854039032638,9.36395257543156,9.364495730155522,9.364495730155522,-0.00014070807626482632,0.13431276762863514,0.28866861967557983,0.1649477220820947,-0.10085853934288025,9.363802909851074,-0.10085853934288025,9.363802909851074,9.364346504211426,9.364346504211426,-0.00014070824545342475,0.13416336476802826,0.288668692111969,0.1649477779865265,1.0474461298315418e-09,0.0001496655804853475,1.0474461298315418e-09,0.0001496655804853475,0.00014922594409583212,0.00014922594409583212,1.6918859843391247e-10,0.00014940286060688424,7.2436389164654e-08,5.590443177827531e-08
15175,0.30350000000000005,0,0.3069629371166229,2.8093631044612266e-05,0.28703078627586365,104.45099639892578,104.71975708007812,1.9999999494757503e-05,False,False,-0.10807210565020392,9.369171253761646,-0.10807210565020392,9.369171253761646,9.369794531489644,9.369794531489644,-0.00015537196473591291,0.1439250011410569,0.3069719980849168,0.16703120500998425,-0.10807210206985474,9.369022369384766,-0.10807210206985474,9.369022369384766,9.369646072387695,9.369646072387695,-0.00015537215222138911,0.14377561211585999,0.30697208642959595,0.16703127324581146,3.5803491837960166e-09,0.00014888437688043155,3.5803491837960166e-09,0.00014888437688043155,0.00014845910194871692,0.00014845910194871692,1.874854762000562e-10,0.00014938902519692765,8.8344679127772e-08,6.823582721082744e-08
15200,0.30400000000000005,0,0.3243344724178314,2.2358524802257307e-05,0.30537715554237366,104.42211151123047,104.71975708007812,1.9999999494757503e-05,False,False,-0.11493294638683053,9.374125837611244,-0.11493294638683053,9.374125837611244,9.37483038788094,9.37483038788094,-0.00016717217027838296,0.15307684926121767,0.3243413272817064,0.1693604841718093,-0.11493295431137085,9.373976707458496,-0.11493295431137085,9.373976707458496,9.37468147277832,9.37468147277832,-0.00016717231483198702,0.1529274582862854,0.32434141635894775,0.16936056315898895,7.924540315618067e-09,0.00014913015274764518,7.924540315618067e-09,0.00014913015274764518,0.00014891510261882956,0.00014891510261882956,1.4455360405852755e-10,0.00014939097493227305,8.90772413608687e-08,7.898717965804103e-08
15225,0.30450000000000005,0,0.340813547372818,1.746277484926395e-05,0.32280728220939636,104.39537048339844,104.71975708007812,1.9999999494757503e-05,False,False,-0.121447770558756,9.378855735503958,-0.121447770558756,9.378855735503958,9.379642022399853,9.379642022399853,-0.00017647367942460906,0.1617746178535281,0.34082209934932184,0.1719174909534896,-0.12144777923822403,9.378705978393555,-0.12144777923822403,9.378705978393555,9.379491806030273,9.379491806030273,-0.00017647382628638297,0.1616252213716507,0.34082216024398804,0.17191755771636963,8.679468033179205e-09,0.0001497571104032147,8.679468033179205e-09,0.0001497571104032147,0.00015021636957968099,0.00015021636957968099,1.4686177390844067e-10,0.00014939648187739518,6.089466619840778e-08,6.67628800299358e-08
15250,0.30500000000000005,0,0.3564395010471344,1.3393719200394116e-05,0.33935070037841797,104.37067413330078,104.71975708007812,1.9999999494757503e-05,False,False,-0.12762858234064572,9.383382828666557,-0.12762858234064572,9.383382828666557,9.384250762013165,9.384250762013165,-0.000183673604671307,0.17003230091565324,0.35644875987886493,0.1746850278794457,-0.12762857973575592,9.383234024047852,-0.12762857973575592,9.383234024047852,9.384101867675781,9.384101867675781,-0.0001836737646954134,0.1698829084634781,0.356448769569397,0.1746850460767746,2.6048898038588675e-09,0.00014880461870525608,2.6048898038588675e-09,0.00014880461870525608,0.00014889433738396463,0.00014889433738396463,1.6002410640624139e-10,0.00014939245217515662,9.690532043471478e-09,1.8197328893743148e-08
15275,0.30550000000000005,0,0.37125054001808167,1.006243473966606e-05,0.35504236817359924,104.34791564941406,104.71975708007812,1.9999999494757503e-05,False,False,-0.133489137695709,9.387719959814653,-0.133489137695709,9.387719959814653,9.388668989467313,9.388668989467313,-0.00018914123161659945,0.17786667832639086,0.3712606331893309,0.1776468036584011,-0.13348914682865143,9.38757038116455,-0.13348914682865143,9.38757038116455,9.388519287109375,9.388519287109375,-0.00018914139945991337,0.17771731317043304,0.3712606430053711,0.17764681577682495,9.13294243010121e-09,0.0001495786501024554,9.13294243010121e-09,0.0001495786501024554,0.00014970235793754227,0.00014970235793754227,1.6784331392728953e-10,0.00014936515595781463,9.816040202892395e-09,1.211842384774009e-08
15300,0.30600000000000005,0,0.38528352975845337,7.359963547060033e-06,0.369918555021286,104.3270034790039,104.71975708007812,1.9999999494757503e-05,False,False,-0.13904353917713283,9.391877592068125,-0.13904353917713283,9.391877592068125,9.392906781725147,9.392906781725147,-0.00019319764169106784,0.18529531405527686,0.3852899095725171,0.18078733805906275,-0.13904353976249695,9.391728401184082,-0.13904353976249695,9.391728401184082,9.392757415771484,9.392757415771484,-0.0001931977749336511,0.18514597415924072,0.3852899372577667,0.1807873547077179,5.853641182884672e-10,0.00014919088404319325,5.853641182884672e-10,0.00014919088404319325,0.0001493659536624392,0.0001493659536624392,1.3324258325364893e-10,0.0001493398960361325,2.7685249648357058e-08,1.6648655148943092e-08
15325,0.30650000000000005,0,0.39857372641563416,5.181028427614365e-06,0.38401514291763306,104.30782318115234,104.71975708007812,1.9999999494757503e-05,False,False,-0.1443056056244282,9.395862051030766,-0.1443056056244282,9.395862051030766,9.396970138816805,9.396970138816805,-0.00019611293381479914,0.19233571815156705,0.3985815205273346,0.18409197442647912,-0.14430561661720276,9.395712852478027,-0.14430561661720276,9.395712852478027,9.396821022033691,9.396821022033691,-0.0001961130474228412,0.1921863853931427,0.39858153462409973,0.1840919852256775,1.0992774551743523e-08,0.00014919855273909377,1.0992774551743523e-08,0.00014919855273909377,0.00014911678311335663,0.00014911678311335663,1.1360804205479309e-10,0.00014933275842435312,1.4096765144078205e-08,1.0799198368882656e-08
15350,0.30700000000000005,0,0.4111550748348236,3.432571475059376e-06,0.39736706018447876,104.29029083251953,104.71975708007812,1.9999999494757503e-05,False,False,-0.14928875917815784,9.399681348914369,-0.14928875917815784,9.399681348914369,9.400866800181014,9.400866800181014,-0.00019811043386391285,0.19900500187911332,0.4111652733794269,0.18754682210679427,-0.14928877353668213,9.399532318115234,-0.14928877353668213,9.399532318115234,9.400717735290527,9.400717735290527,-0.00019811054517049342,0.1988556683063507,0.41116535663604736,0.18754687905311584,1.4358524286217644e-08,0.00014903079913430872,1.4358524286217644e-08,0.00014903079913430872,0.00014906489048627236,0.00014906489048627236,1.1130658057029695e-10,0.0001493335727626166,8.325662048669358e-08,5.694632157493551e-08
15375,0.30750000000000005,0,0.42305999994277954,2.0356487766548526e-06,0.4100079834461212,104.27433013916016,104.71975708007812,1.9999999494757503e-05,False,False,-0.15400590290349658,9.403343185882747,-0.15400590290349658,9.403343185882747,9.404604238861761,9.404604238861761,-0.00019937307671147726,0.20531974066898517,0.4230677338661406,0.19113872140144625,-0.15400591492652893,9.403193473815918,-0.15400591492652893,9.403193473815918,9.404454231262207,9.404454231262207,-0.00019937314209528267,0.2051704227924347,0.42306777834892273,0.19113875925540924,1.2023032347485696e-08,0.00014971206682901084,1.2023032347485696e-08,0.00014971206682901084,0.00015000759955441367,0.00015000759955441367,6.538380541197888e-11,0.000149317876550481,4.448278212443313e-08,3.785396299194055e-08
15400,0.30800000000000005,0,0.4343195855617523,9.246541594620794e-07,0.42197027802467346,104.25984191894531,104.71975708007812,1.9999999494757503e-05,False,False,-0.15846936305415768,9.406852615555987,-0.15846936305415768,9.406852615555987,9.408187321148496,9.408187321148496,-0.00020004992544621103,0.21129592132252892,0.43432808877490175,0.19485521603118,-0.15846936404705048,9.40670394897461,-0.15846936404705048,9.40670394897461,9.408039093017578,9.408039093017578,-0.00020004998077638447,0.21114662289619446,0.4343281388282776,0.1948552429676056,9.928927957592038e-10,0.00014866658137790978,9.928927957592038e-10,0.00014866658137790978,0.00014822813091797116,0.00014822813091797116,5.533017343991101e-11,0.0001492984263344599,5.0053375832970204e-08,2.6936425590040614e-08
15425,0.30850000000000005,0,0.444963663816452,4.564753197655591e-08,0.4332849979400635,104.24675750732422,104.71975708007812,1.9999999494757503e-05,False,False,-0.16269097384049627,9.410216872845531,-0.16269097384049627,9.410216872845531,9.41162313030839,9.41162313030839,-0.00020026206187216696,0.21694891954458437,0.4449703080988209,0.19868452309678844,-0.16269098222255707,9.410067558288574,-0.16269098222255707,9.410067558288574,9.411474227905273,9.411474227905273,-0.0002002621185965836,0.21679961681365967,0.44497033953666687,0.19868454337120056,8.382060795453228e-09,0.000149314556956881,8.382060795453228e-09,0.000149314556956881,0.00014890240311693503,0.00014890240311693503,5.6724416640620626e-11,0.0001493027309246997,3.143784599313193e-08,2.027441212137937e-08
15450,0.30900000000000005,0,0.4550206959247589,-6.454665708588436e-07,0.44398194551467896,104.2349853515625,104.71975708007812,1.9999999494757503e-05,False,False,-0.16668202558277714,9.413440379866916,-0.16668202558277714,9.413440379866916,9.414915967918214,9.414915967918214,-0.00020010763505142436,0.22229350949186766,0.455030915292756,0.20261549553003944,-0.16668203473091125,9.413291931152344,-0.16668203473091125,9.413291931152344,9.414767265319824,9.414767265319824,-0.00020010766456834972,0.2221442013978958,0.4550309181213379,0.20261551439762115,9.148134111347517e-09,0.00014844871457242448,9.148134111347517e-09,0.00014844871457242448,0.00014870259838950517,0.00014870259838950517,2.951692536223849e-11,0.00014930809397184497,2.82858186873014e-09,1.8867581719206328e-08
15475,0.30950000000000005,0,0.4645180106163025,-1.1846232155221514e-06,0.4540896713733673,104.22447204589844,104.71975708007812,1.9999999494757503e-05,False,False,-0.17045336399156985,9.416530524151522,-0.17045336399156985,9.416530524151522,9.418073128914077,9.418073128914077,-0.00019966607907017603,0.2273438677046585,0.46452718439514185,0.2066375995642317,-0.17045338451862335,9.416380882263184,-0.17045338451862335,9.416380882263184,9.417923927307129,9.417923927307129,-0.00019966608670074493,0.22719451785087585,0.4645272195339203,0.20663762092590332,2.0527053501417925e-08,0.0001496418883384365,2.0527053501417925e-08,0.0001496418883384365,0.00014920160694842366,0.00014920160694842366,7.630568892675813e-12,0.00014934985378264876,3.513877844252278e-08,2.1361671626030088e-08
15500,0.31,0,0.4734816551208496,-1.6010551462386502e-06,0.46363547444343567,104.21514129638672,104.71975708007812,1.9999999494757503e-05,False,False,-0.17401529865497042,9.419492051200567,-0.17401529865497042,9.419492051200567,9.421099289721804,9.421099289721804,-0.00019900159133433038,0.23211358995688747,0.47348888032437175,0.2107408746818499,-0.17401529848575592,9.419342994689941,-0.17401529848575592,9.419342994689941,9.420949935913086,9.420949935913086,-0.00019900155893992633,0.23196424543857574,0.47348886728286743,0.21074087917804718,1.6921450352036516e-10,0.0001490565106259112,1.6921450352036516e-10,0.0001490565106259112,0.00014935380871783366,0.00014935380871783366,3.239440405375729e-11,0.00014934451831172257,1.304150432090978e-08,4.49619727560524e-09
15525,0.3105,0,0.4819366931915283,-1.9185167730029207e-06,0.4726455509662628,104.20691680908203,104.71975708007812,1.9999999494757503e-05,False,False,-0.1773776967430473,9.422329345190795,-0.1773776967430473,9.422329345190795,9.423998786955856,9.423998786955856,-0.0001981659817009372,0.2366157058595455,0.4819463212218522,0.21491591358839227,-0.17737770080566406,9.42218017578125,-0.17737770080566406,9.42218017578125,9.423850059509277,9.423850059509277,-0.00019816597341559827,0.2364663928747177,0.48194634914398193,0.214915931224823,4.062616770772465e-09,0.00014916940954456948,4.062616770772465e-09,0.00014916940954456948,0.0001487274465787891,0.0001487274465787891,8.285338913430543e-12,0.00014931298482778743,2.7922129719470945e-08,1.763643073249277e-08
15550,0.311,0,0.4899069666862488,-2.156296659450163e-06,0.4811449646949768,104.19975280761719,104.71975708007812,1.9999999494757503e-05,False,False,-0.18055002746663362,9.425048784997468,-0.18055002746663362,9.425048784997468,9.426777970865786,9.426777970865786,-0.00019720099786271723,0.24086270357414513,0.48991447325801096,0.2191538471927413,-0.18055003881454468,9.42490005493164,-0.18055003881454468,9.42490005493164,9.426629066467285,9.426629066467285,-0.00019720103591680527,0.24071340262889862,0.4899144768714905,0.21915385127067566,1.1347911055281656e-08,0.00014873006582760695,1.1347911055281656e-08,0.00014873006582760695,0.0001489043985003491,0.0001489043985003491,3.805408803824947e-11,0.00014930094524651105,3.6134795156073096e-09,4.077934351309764e-09
15575,0.3115,0,0.4974154531955719,-2.3300476641452406e-06,0.48915767669677734,104.19357299804688,104.71975708007812,1.9999999494757503e-05,False,False,-0.18354127282807348,9.427653939806357,-0.18354127282807348,9.427653939806357,9.429440397371291,9.429440397371291,-0.0001961402196727061,0.2448665410461124,0.4974247009417645,0.2234463145679049,-0.18354128301143646,9.427504539489746,-0.18354128301143646,9.427504539489746,9.429290771484375,9.429290771484375,-0.000196140244952403,0.24471724033355713,0.4974247217178345,0.223446324467659,1.01833629861936e-08,0.0001494003166104818,1.01833629861936e-08,0.0001494003166104818,0.00014962588691602718,0.00014962588691602718,2.527969690134177e-11,0.00014930071255528365,2.0776069975525502e-08,9.899754099818026e-09
15600,0.312,0,0.5044839382171631,-2.452465196256526e-06,0.49670663475990295,104.1883316040039,104.71975708007812,1.9999999494757503e-05,False,False,-0.1863600679163029,9.430150252630483,-0.1863600679163029,9.430150252630483,9.431991510921781,9.431991510921781,-0.00019501060044886017,0.24863866622489197,0.5044929492227179,0.22778542540194327,-0.18636007606983185,9.430001258850098,-0.18636007606983185,9.430001258850098,9.431842803955078,9.431842803955078,-0.00019501062342897058,0.2484893947839737,0.504492998123169,0.22778545320034027,8.153528935350707e-09,0.0001489937803853536,8.153528935350707e-09,0.0001489937803853536,0.00014870696670321593,0.00014870696670321593,2.298011040897767e-11,0.00014927144091828048,4.8900451021793856e-08,2.7798397000955433e-08
15625,0.3125,0,0.5111334323883057,-2.5338401883345796e-06,0.5038138031959534,104.18396759033203,104.71975708007812,1.9999999494757503e-05,False,False,-0.18901463521397854,9.432541693885554,-0.18901463521397854,9.432541693885554,9.434435295194643,9.434435295194643,-0.00019383372048256608,0.25219004233907805,0.5111435612298101,0.2321637424750682,-0.18901464343070984,9.432392120361328,-0.18901464343070984,9.432392120361328,9.434286117553711,9.434286117553711,-0.00019383376638870686,0.2520407736301422,0.5111436247825623,0.23216377198696136,8.216731295362933e-09,0.00014957352422584336,8.216731295362933e-09,0.00014957352422584336,0.00014917764093169694,0.00014917764093169694,4.590614078648671e-11,0.00014926870893583466,6.35527521719581e-08,2.9511893151479285e-08
15650,0.313,0,0.5173839926719666,-2.582510433057905e-06,0.5105001926422119,104.18043518066406,104.71975708007812,1.9999999494757503e-05,False,False,-0.19151285153782263,9.434833098037117,-0.19151285153782263,9.434833098037117,9.436776608573545,9.436776608573545,-0.000192626805818955,0.25553115295144085,0.5173933780838624,0.2365742716465563,-0.1915128529071808,9.434683799743652,-0.1915128529071808,9.434683799743652,9.436627388000488,9.436627388000488,-0.00019262684509158134,0.25538191199302673,0.5173933506011963,0.23657426238059998,1.3693581546458944e-09,0.00014929829346499446,1.3693581546458944e-09,0.00014929829346499446,0.00014922057305710723,0.00014922057305710723,3.927262635645794e-11,0.00014924095841412077,2.748266614283068e-08,9.265956335546832e-09
15675,0.3135,0,0.5232546329498291,-2.6052252906083595e-06,0.5167859196662903,104.17768096923828,104.71975708007812,1.9999999494757503e-05,False,False,-0.19386223121689714,9.437027934331798,-0.19386223121689714,9.437027934331798,9.439018953156683,9.439018953156683,-0.00019140355616160525,0.2586720395907886,0.5232636214825515,0.24101042680894774,-0.19386222958564758,9.43687915802002,-0.19386222958564758,9.43687915802002,9.438870429992676,9.438870429992676,-0.0001914035965455696,0.2585228383541107,0.5232636332511902,0.24101042747497559,1.6312495521031423e-09,0.00014877631177867556,1.6312495521031423e-09,0.00014877631177867556,0.00014852316400748578,0.00014852316400748578,4.0383964347492224e-11,0.0001492012366778872,1.1768638730202952e-08,6.660278439873935e-10
15700,0.314,0,0.5287638306617737,-2.6074451398017118e-06,0.5226901769638062,104.1756591796875,104.71975708007812,1.9999999494757503e-05,False,False,-0.1960699441199461,9.43913055710134,-0.1960699441199461,9.43913055710134,9.441166723291749,9.441166723291749,-0.00019017481741307485,0.2616223000669588,0.5287719486132254,0.245466029888046,-0.19606994092464447,9.438981056213379,-0.19606994092464447,9.438981056213379,9.441017150878906,9.441017150878906,-0.0001901748328236863,0.26147302985191345,0.5287719368934631,0.24546600878238678,3.19530163439552e-09,0.0001495008879608406,3.19530163439552e-09,0.0001495008879608406,0.00014957241284285772,0.00014957241284285772,1.541061145338661e-11,0.00014927021504534954,1.1719762271766854e-08,2.1105659220310713e-08
15725,0.3145,0,0.5339289903640747,-2.5935835310519906e-06,0.5282313823699951,104.17432403564453,104.71975708007812,1.9999999494757503e-05,False,False,-0.19814285907698279,9.441144394725946,-0.19814285907698279,9.441144394725946,9.443223394300716,9.443223394300716,-0.00018894912784920588,0.26439111093760165,0.5339363871474231,0.2499352732938447,-0.198142871260643,9.440995216369629,-0.198142871260643,9.440995216369629,9.443074226379395,9.443074226379395,-0.0001889491395559162,0.2642417848110199,0.5339363813400269,0.24993523955345154,1.2183660219600156e-08,0.00014917835631678145,1.2183660219600156e-08,0.00014917835631678145,0.0001491679213216912,0.0001491679213216912,1.1706710308177076e-11,0.00014932612658175026,5.807396230572692e-09,3.374039317383115e-08
15750,0.315,0,0.5387669205665588,-2.567203637227067e-06,0.5334270596504211,104.17362976074219,104.71975708007812,1.9999999494757503e-05,False,False,-0.20008750031601338,9.443072997052477,-0.20008750031601338,9.443072997052477,9.445192567409325,9.445192567409325,-0.0001877331615257901,0.26698726457837224,0.538775320221244,0.2544127049008981,-0.2000875025987625,9.442923545837402,-0.2000875025987625,9.442923545837402,9.445043563842773,9.445043563842773,-0.00018773316696751863,0.2668379247188568,0.5387752056121826,0.25441262125968933,2.2827491286125934e-09,0.00014945121507459191,2.2827491286125934e-09,0.00014945121507459191,0.0001490035665518974,0.0001490035665518974,5.441728529375842e-12,0.00014933985951542939,1.1460906135241089e-07,8.364120879233994e-08
15775,0.3155,0,0.5432935953140259,-2.5311787794635165e-06,0.5382940769195557,104.17353820800781,104.71975708007812,1.9999999494757503e-05,False,False,-0.20191015260734765,9.444919879228852,-0.20191015260734765,9.444919879228852,9.447077814582574,9.447077814582574,-0.00018653208832097566,0.2694191500861652,0.5433035038786712,0.25889321803523513,-0.20191015303134918,9.444770812988281,-0.20191015303134918,9.444770812988281,9.446928977966309,9.446928977966309,-0.0001865321391960606,0.26926976442337036,0.5433034896850586,0.258893221616745,4.240015283318854e-10,0.000149066240570761,4.240015283318854e-10,0.000149066240570761,0.0001488366162654131,0.0001488366162654131,5.087508493368913e-11,0.0001493856627948209,1.4193612618562668e-08,3.581509866457111e-09
15800,0.316,0,0.5475243330001831,-2.48782271228265e-06,0.5428484678268433,104.17401885986328,104.71975708007812,1.9999999494757503e-05,False,False,-0.20361679581293068,9.446689180703608,-0.20361679581293068,9.446689180703608,9.448883334889882,9.448883334889882,-0.00018534986596728344,0.27169480607605506,0.5475320320257698,0.2633720164285574,-0.20361679792404175,9.446539878845215,-0.20361679792404175,9.446539878845215,9.448734283447266,9.448734283447266,-0.00018534992705099285,0.2715454399585724,0.5475320816040039,0.2633720338344574,2.1111110637406227e-09,0.00014930185839290289,2.1111110637406227e-09,0.00014930185839290289,0.00014905144261589953,0.00014905144261589953,6.108370940679543e-11,0.00014936611748267437,4.9578234073699434e-08,1.7405899999101138e-08
15825,0.3165,0,0.5514737367630005,-2.4389955797232687e-06,0.547105610370636,104.17501831054688,104.71975708007812,1.9999999494757503e-05,False,False,-0.20521311319531496,9.44838254855936,-0.20521311319531496,9.44838254855936,9.450610837705062,9.450610837705062,-0.00018418947692025846,0.2738218937211566,0.5514842441279509,0.26784463174114004,-0.20521311461925507,9.448232650756836,-0.20521311461925507,9.448232650756836,9.450461387634277,9.450461387634277,-0.00018418955733068287,0.27367252111434937,0.551484227180481,0.26784461736679077,1.4239401047166922e-09,0.0001498978025242792,1.4239401047166922e-09,0.0001498978025242792,0.00014945007078459582,0.00014945007078459582,8.041042441273016e-11,0.00014937260680725206,1.694746998293084e-08,1.4374349266432773e-08
15850,0.317,0,0.5551558136940002,-2.3861894078436308e-06,0.5510801672935486,104.17652130126953,104.71975708007812,1.9999999494757503e-05,False,False,-0.20670458908034162,9.450004875583891,-0.20670458908034162,9.450004875583891,9.45226528064602,9.45226528064602,-0.00018305312050250107,0.2758077607829571,0.5551638897892706,0.2723068684898575,-0.20670457184314728,9.44985580444336,-0.20670457184314728,9.44985580444336,9.452116012573242,9.452116012573242,-0.00018305321282241493,0.27565842866897583,0.5551639199256897,0.272306889295578,1.7237194338548534e-08,0.0001490711405320866,1.7237194338548534e-08,0.0001490711405320866,0.00014926807277859666,0.00014926807277859666,9.231991386637883e-11,0.00014933211398127089,3.01364191379605e-08,2.080572047979956e-08
15875,0.3175,0,0.5585839152336121,-2.330597908439813e-06,0.5547861456871033,104.17848205566406,104.71975708007812,1.9999999494757503e-05,False,False,-0.20809639749959294,9.451558034484188,-0.20809639749959294,9.451558034484188,9.453848602017853,9.453848602017853,-0.0001819423685249481,0.2776594202678722,0.5585909066774641,0.2767548290808999,-0.20809639990329742,9.451408386230469,-0.20809639990329742,9.451408386230469,9.453699111938477,9.453699111938477,-0.0001819424651330337,0.2775101065635681,0.5585909485816956,0.27675485610961914,2.403704485454128e-09,0.0001496482537195476,2.403704485454128e-09,0.0001496482537195476,0.00014949007937659076,0.00014949007937659076,9.660808559922886e-11,0.0001493137043040993,4.190423141814392e-08,2.702871926274497e-08
15900,0.318,0,0.5617707371711731,-2.273173777211923e-06,0.5582370162010193,104.18087005615234,104.71975708007812,1.9999999494757503e-05,False,False,-0.20939353728288354,9.453044717460767,-0.20939353728288354,9.453044717460767,9.455363561691783,9.455363561691783,-0.0001808582913959898,0.27938356390731606,0.5617775427067827,0.2811848712541551,-0.20939353108406067,9.452896118164062,-0.20939353108406067,9.452896118164062,9.455215454101562,9.455215454101562,-0.0001808583620004356,0.27923426032066345,0.5617774724960327,0.2811848223209381,6.198822871672505e-09,0.00014859929670407723,6.198822871672505e-09,0.00014859929670407723,0.00014810759022054754,0.00014810759022054754,7.060444579248121e-11,0.0001493035866526049,7.021074999169485e-08,4.893321697840847e-08
15925,0.3185,0,0.5647285580635071,-2.2146741684991866e-06,0.5614455342292786,104.18365478515625,104.71975708007812,1.9999999494757503e-05,False,False,-0.21060073572435212,9.454467833336878,-0.21060073572435212,9.454467833336878,9.456813135591153,9.456813135591153,-0.00017980156022918788,0.28098659473453685,0.5647363011251769,0.2855936080832101,-0.21060074865818024,9.45431900024414,-0.21060074865818024,9.45431900024414,9.456664085388184,9.456664085388184,-0.00017980161646846682,0.2808372676372528,0.5647363066673279,0.28559359908103943,1.2933828119621182e-08,0.00014883309273727718,1.2933828119621182e-08,0.00014883309273727718,0.00014905020296929195,0.00014905020296929195,5.623927894020907e-11,0.00014932709728404658,5.542150960380354e-09,9.002170675564969e-09
15950,0.319,0,0.5674689412117004,-2.155698439310072e-06,0.5644239187240601,104.18681335449219,104.71975708007812,1.9999999494757503e-05,False,False,-0.2117225315229273,9.455830373921225,-0.2117225315229273,9.455830373921225,9.458200383303671,9.458200383303671,-0.00017877252929907175,0.28247463045463495,0.5674759579576181,0.28997789796226386,-0.21172253787517548,9.455680847167969,-0.21172253787517548,9.455680847167969,9.458050727844238,9.458050727844238,-0.00017877259233500808,0.28232529759407043,0.5674759149551392,0.28997787833213806,6.3522481719147095e-09,0.00014952675325652365,6.3522481719147095e-09,0.00014952675325652365,0.00014965545943290692,0.00014965545943290692,6.303593633400287e-11,0.00014933286056451056,4.300247891109166e-08,1.9630125802638787e-08
15975,0.3195,0,0.5700030326843262,-2.096718390021124e-06,0.5671839118003845,104.1903076171875,104.71975708007812,1.9999999494757503e-05,False,False,-0.2127632511997628,9.457133816422003,-0.2127632511997628,9.457133816422003,9.45952684983629,9.45952684983629,-0.00017777130290309615,0.2838535158012928,0.5700134420877989,0.2943348070570548,-0.21276326477527618,9.456985473632812,-0.21276326477527618,9.456985473632812,9.459378242492676,9.459378242492676,-0.00017777133325580508,0.2837041914463043,0.5700134634971619,0.2943348288536072,1.3575513380104098e-08,0.00014834278919018118,1.3575513380104098e-08,0.00014834278919018118,0.00014860734361477057,0.00014860734361477057,3.035270892590668e-11,0.00014932435498848928,2.1409362949142974e-08,2.179655239631373e-08
16000,0.32,0,0.5723415017127991,-2.038102593360236e-06,0.5697367191314697,104.19412994384766,104.71975708007812,1.9999999494757503e-05,False,False,-0.21372708018820144,9.458382152770369,-0.21372708018820144,9.458382152770369,9.460796595036319,9.460796595036319,-0.00017679778917088304,0.2851288236601147,0.5723500150162165,0.2986616243244891,-0.21372707188129425,9.458233833312988,-0.21372707188129425,9.458233833312988,9.460648536682129,9.460648536682129,-0.00017679781012702733,0.28497952222824097,0.572350025177002,0.29866161942481995,8.306907189892243e-09,0.00014831945738080776,8.306907189892243e-09,0.00014831945738080776,0.00014805835419018365,0.00014805835419018365,2.095614429057681e-11,0.00014930143187374956,1.0160785435253672e-08,4.899669170388421e-09
16025,0.3205,0,0.5744944214820862,-1.98013685803744e-06,0.5720928907394409,104.1982421875,104.71975708007812,1.9999999494757503e-05,False,False,-0.21461789421143818,9.459576547867316,-0.21461789421143818,9.459576547867316,9.462010848940995,9.462010848940995,-0.0001758517435547046,0.28630588427544534,0.5745030386925423,0.3029558489962839,-0.21461789309978485,9.459427833557129,-0.21461789309978485,9.459427833557129,9.461862564086914,9.461862564086914,-0.00017585184832569212,0.28615662455558777,0.5745030641555786,0.30295583605766296,1.1116533249477811e-09,0.000148714310187259,1.1116533249477811e-09,0.000148714310187259,0.00014828485408102665,0.00014828485408102665,1.0477098751288452e-10,0.00014925971985757513,2.5463036346096146e-08,1.293862095241849e-08
16050,0.321,0,0.5764715075492859,-1.923039917528513e-06,0.5742626786231995,104.20262145996094,104.71975708007812,1.9999999494757503e-05,False,False,-0.2154394868534354,9.46071916682218,-0.2154394868534354,9.46071916682218,9.463171842779367,9.463171842779367,-0.00017493280380527642,0.2873897863737083,0.576482120227904,0.30721517055279457,-0.21543949842453003,9.460570335388184,-0.21543949842453003,9.460570335388184,9.46302318572998,9.46302318572998,-0.0001749328657751903,0.287240594625473,0.5764820575714111,0.3072151243686676,1.157109463800765e-08,0.00014883143399657683,1.157109463800765e-08,0.00014883143399657683,0.00014865704938671342,0.00014865704938671342,6.196991387381022e-11,0.00014919174823530001,6.265649288295094e-08,4.6184126967219186e-08
16075,0.3215,0,0.5782819986343384,-1.8669771861823392e-06,0.576255738735199,104.20726013183594,104.71975708007812,1.9999999494757503e-05,False,False,-0.2161954587216096,9.461813489313105,-0.2161954587216096,9.461813489313105,9.464283120391068,9.464283120391068,-0.000174040518166223,0.28838538839679845,0.5782891093916142,0.31143746621974255,-0.2161954641342163,9.461664199829102,-0.2161954641342163,9.461664199829102,9.464134216308594,9.464134216308594,-0.0001740405714372173,0.28823620080947876,0.5782889723777771,0.31143730878829956,5.412606696175715e-09,0.00014928948400338982,5.412606696175715e-09,0.00014928948400338982,0.00014890408247403286,0.00014890408247403286,5.3270994305196565e-11,0.00014918758731968795,1.3701383705377879e-07,1.5743144299307232e-07
16100,0.322,0,0.5799346566200256,-1.8120706499757944e-06,0.5780814290046692,104.21212005615234,104.71975708007812,1.9999999494757503e-05,False,False,-0.21688923467046223,9.462859785133274,-0.21688923467046223,9.462859785133274,9.465345015011787,9.465345015011787,-0.00017317436797850206,0.28929732748879405,0.5799419063367286,0.31562077343222944,-0.21688924729824066,9.462711334228516,-0.21688924729824066,9.462711334228516,9.46519660949707,9.46519660949707,-0.0001731744414428249,0.28914815187454224,0.5799417495727539,0.31562063097953796,1.2627778434026737e-08,0.00014845090475823497,1.2627778434026737e-08,0.00014845090475823497,0.0001484055147162877,0.0001484055147162877,7.346432284120047e-11,0.00014917561425181747,1.5676397469022163e-07,1.4245269147616924e-07
16125,0.3225,0,0.5814380049705505,-1.7584080751475994e-06,0.5797485709190369,104.2171859741211,104.71975708007812,1.9999999494757503e-05,False,False,-0.21752408498890247,9.463860628864529,-0.21752408498890247,9.463860628864529,9.466360162708916,9.466360162708916,-0.00017233378577037115,0.2901300262359935,0.5814466813308965,0.3197633173707229,-0.21752408146858215,9.463711738586426,-0.21752408146858215,9.463711738586426,9.466211318969727,9.466211318969727,-0.00017233386461157352,0.28998085856437683,0.5814465284347534,0.3197631537914276,3.520320313032954e-09,0.00014889027810305322,3.520320313032954e-09,0.00014889027810305322,0.00014884373918988558,0.00014884373918988558,7.88412023655042e-11,0.00014916767161665678,1.528961430796727e-07,1.635792952758841e-07
16150,0.323,0,0.5827999711036682,-1.7060496020349092e-06,0.5812655687332153,104.22244262695312,104.71975708007812,1.9999999494757503e-05,False,False,-0.21810312310045796,9.464818090890857,-0.21810312310045796,9.464818090890857,9.467330693810217,9.467330693810217,-0.00017151816973493212,0.290887706146984,0.5828097473282462,0.32386346590216947,-0.21810314059257507,9.464669227600098,-0.21810314059257507,9.464669227600098,9.467182159423828,9.467182159423828,-0.00017151824431493878,0.29073843359947205,0.5828096866607666,0.32386335730552673,1.749211711588039e-08,0.00014886329075913807,1.749211711588039e-08,0.00014886329075913807,0.0001485343863887323,0.0001485343863887323,7.458000666690778e-11,0.0001492725475119583,6.06674795955442e-08,1.0859664273388248e-07
16175,0.3235,0,0.5840282440185547,-1.6550337704757112e-06,0.582640528678894,104.22787475585938,104.71975708007812,1.9999999494757503e-05,False,False,-0.2186293503657428,9.465734155054019,-0.2186293503657428,9.465734155054019,9.46825865125143,9.46825865125143,-0.00017072689523803247,0.291574401132712,0.5840375599693847,0.3279197295799943,-0.21862934529781342,9.465584754943848,-0.21862934529781342,9.465584754943848,9.468109130859375,9.468109130859375,-0.00017072695482056588,0.2914251387119293,0.5840374231338501,0.3279195725917816,5.0679293817079696e-09,0.00014940011017117172,5.0679293817079696e-09,0.00014940011017117172,0.0001495203920551802,0.0001495203920551802,5.95825334057977e-11,0.00014926242078266982,1.3683553456989017e-07,1.5698821270726526e-07
16200,0.324,0,0.5851301550865173,-1.6053813851613086e-06,0.583881139755249,104.23345947265625,104.71975708007812,1.9999999494757503e-05,False,False,-0.2191055954628755,9.466610048406222,-0.2191055954628755,9.466610048406222,9.46914531890544,9.46914531890544,-0.00016995932398430595,0.2921939586298222,0.5851406926282596,0.33193076414737266,-0.2191055864095688,9.466461181640625,-0.2191055864095688,9.466461181640625,9.468996047973633,9.468996047973633,-0.0001699593849480152,0.29204466938972473,0.585140585899353,0.33193063735961914,9.053306715411935e-09,0.00014886676559733303,9.053306715411935e-09,0.00014886676559733303,0.0001492709318071661,0.0001492709318071661,6.096370925982343e-11,0.00014928924009749434,1.0672890660146095e-07,1.2678775351826488e-07
16225,0.3245,0,0.5861126780509949,-1.5571000631098286e-06,0.5849947333335876,104.23918914794922,104.71975708007812,1.9999999494757503e-05,False,False,-0.21953458483216037,9.467448150899399,-0.21953458483216037,9.467448150899399,9.469993132199509,9.469993132199509,-0.0001692148112055933,0.29275003623064055,0.5861219037617578,0.3358953555176005,-0.21953459084033966,9.46729850769043,-0.21953459084033966,9.46729850769043,9.469843864440918,9.469843864440918,-0.0001692148798611015,0.29260072112083435,0.5861217379570007,0.3358951807022095,6.008179287420035e-09,0.0001496432089691524,6.008179287420035e-09,0.0001496432089691524,0.00014926775859080976,0.00014926775859080976,6.865550819913982e-11,0.00014931510980620288,1.6580475703520392e-07,1.748153910519079e-07
16250,0.325,0,0.5869823694229126,-1.5101865074029774e-06,0.5859883427619934,104.24504089355469,104.71975708007812,1.9999999494757503e-05,False,False,-0.21991890107836937,9.468249135903315,-0.21991890107836937,9.468249135903315,9.470802818271817,9.470802818271817,-0.0001684927113581143,0.29324612976665254,0.586992042103698,0.339812434793724,-0.219918891787529,9.468099594116211,-0.219918891787529,9.468099594116211,9.470653533935547,9.470653533935547,-0.0001684927847236395,0.2930968701839447,0.5869918465614319,0.3398122489452362,9.29084037482042e-09,0.00014954178710446797,9.29084037482042e-09,0.00014954178710446797,0.0001492843362704832,0.0001492843362704832,7.336552518928327e-11,0.00014925958270783912,1.9554226615703385e-07,1.8584848782143837e-07
16275,0.3255,0,0.5877456665039062,-1.4646293493569829e-06,0.5868685245513916,104.25100708007812,104.71975708007812,1.9999999494757503e-05,False,False,-0.22026098013371484,9.469015470776286,-0.22026098013371484,9.469015470776286,9.4715768953839,9.4715768953839,-0.00016779238252550945,0.2936855800485391,0.5877541014184935,0.34368102319656546,-0.22026099264621735,9.468866348266602,-0.22026099264621735,9.468866348266602,9.471427917480469,9.471427917480469,-0.00016779244469944388,0.2935364246368408,0.5877538919448853,0.34368082880973816,1.25125025063344e-08,0.00014912250968457386,1.25125025063344e-08,0.00014912250968457386,0.00014897790343049166,0.00014897790343049166,6.217393443076931e-11,0.0001491554116982985,2.0947360823697636e-07,1.943868273013294e-07
16300,0.326,0,0.5884085893630981,-1.4204105127646471e-06,0.5876417756080627,104.25706481933594,104.71975708007812,1.9999999494757503e-05,False,False,-0.22056320351449082,9.469747509867114,-0.22056320351449082,9.469747509867114,9.472315768985903,9.472315768985903,-0.00016711318983842903,0.29407156387946287,0.5884191407147735,0.34750026210398177,-0.22056320309638977,9.469598770141602,-0.22056320309638977,9.469598770141602,9.472167015075684,9.472167015075684,-0.00016711324860807508,0.29392242431640625,0.5884189009666443,0.3474999964237213,4.181010537784857e-10,0.0001487397255122147,4.181010537784857e-10,0.0001487397255122147,0.00014875391021895723,0.00014875391021895723,5.876964605071311e-11,0.00014913956305662168,2.397481292382153e-07,2.6568026045836746e-07
16325,0.3265,0,0.5889768004417419,-1.3775073739452637e-06,0.5883140563964844,104.26321411132812,104.71975708007812,1.9999999494757503e-05,False,False,-0.22082780006705027,9.470447779856247,-0.22082780006705027,9.470447779856247,9.473022013500579,9.473022013500579,-0.00016645450807564833,0.2944071131518338,0.5889864090110717,0.3512694005345064,-0.22082780301570892,9.470298767089844,-0.22082780301570892,9.470298767089844,9.472872734069824,9.472872734069824,-0.00016645457071717829,0.2942579388618469,0.5889860987663269,0.35126909613609314,2.9486586505811374e-09,0.00014901276640344463,2.9486586505811374e-09,0.00014901276640344463,0.0001492794307544898,0.0001492794307544898,6.264152995687049e-11,0.00014917428998689752,3.1024474478336117e-07,3.043984132533595e-07
16350,0.327,0,0.5894558429718018,-1.3358937849261565e-06,0.5888912081718445,104.26943969726562,104.71975708007812,1.9999999494757503e-05,False,False,-0.22105692194002585,9.471117313037634,-0.22105692194002585,9.471117313037634,9.473696708258018,9.473696708258018,-0.00016581572362883148,0.29469510810727445,0.5894632030472371,0.3549877901408068,-0.22105693817138672,9.470968246459961,-0.22105693817138672,9.470968246459961,9.47354793548584,9.47354793548584,-0.00016581578529439867,0.2945459187030792,0.58946293592453,0.3549875319004059,1.6231360866481026e-08,0.00014906657767355114,1.6231360866481026e-08,0.00014906657767355114,0.00014877277217806295,0.00014877277217806295,6.166556718381622e-11,0.00014918940419522686,2.6712270706497065e-07,2.582404008966144e-07
16375,0.3275,0,0.5898510217666626,-1.2955408692505443e-06,0.5893787145614624,104.27571868896484,104.71975708007812,1.9999999494757503e-05,False,False,-0.22125257119573713,9.471756548859807,-0.22125257119573713,9.471756548859807,9.474340336990716,9.474340336990716,-0.00016519623592736016,0.2949383054200993,0.5898608897343004,0.358654880203141,-0.22125259041786194,9.471607208251953,-0.22125259041786194,9.471607208251953,9.474190711975098,9.474190711975098,-0.00016519629571121186,0.2947891354560852,0.5898606777191162,0.358654648065567,1.92221248085378e-08,0.00014934060785343206,1.92221248085378e-08,0.00014934060785343206,0.00014962501561832653,0.00014962501561832653,5.978385169726208e-11,0.00014916996401409532,2.1201518418667575e-07,2.3213757399664914e-07
16400,0.328,0,0.5901671648025513,-1.2564178177854046e-06,0.5897818207740784,104.28205871582031,104.71975708007812,1.9999999494757503e-05,False,False,-0.22141672543577484,9.472368067651253,-0.22141672543577484,9.472368067651253,9.474955523661409,9.474955523661409,-0.00016459545847320918,0.2951393213472267,0.5901750184038039,0.3622701925966423,-0.22141672670841217,9.472219467163086,-0.22141672670841217,9.472219467163086,9.474806785583496,9.474806785583496,-0.00016459556354675442,0.2949901223182678,0.5901747941970825,0.36226993799209595,1.2726373288529658e-09,0.00014860048816700555,1.2726373288529658e-09,0.00014860048816700555,0.00014873807791282445,0.00014873807791282445,1.0507354524218887e-10,0.0001491990289588796,2.2420672141088005e-07,2.5460454633474683e-07
16425,0.3285,0,0.5904090404510498,-1.2184927982161753e-06,0.5901054739952087,104.28843688964844,104.71975708007812,1.9999999494757503e-05,False,False,-0.22155118609899235,9.472952049370626,-0.22155118609899235,9.472952049370626,9.475542488836036,9.475542488836036,-0.00016401281954157615,0.2953006530716236,0.5904171236859721,0.36583334432076253,-0.22155119478702545,9.47280216217041,-0.22155119478702545,9.47280216217041,9.47539234161377,9.47539234161377,-0.0001640129485167563,0.29515141248703003,0.5904168486595154,0.3658330738544464,8.688033098502856e-09,0.00014988720021591462,8.688033098502856e-09,0.00014988720021591462,0.00015014722226602828,0.00015014722226602828,1.2897518014524934e-10,0.00014924058459359069,2.7502645671972914e-07,2.7046631612126504e-07
16450,0.329,0,0.5905812382698059,-1.1817331824204302e-06,0.5903545022010803,104.29484558105469,104.71975708007812,1.9999999494757503e-05,False,False,-0.2216577425875023,9.473509796595854,-0.2216577425875023,9.473509796595854,9.476102575481473,9.476102575481473,-0.00016344776262225733,0.2954246787023049,0.5905908752285379,0.3693440324796437,-0.22165775299072266,9.473361015319824,-0.22165775299072266,9.473361015319824,9.475954055786133,9.475954055786133,-0.00016344791220035404,0.29527539014816284,0.5905906558036804,0.3693437874317169,1.0403220368493393e-08,0.00014878127602990787,1.0403220368493393e-08,0.00014878127602990787,0.00014851969534035447,0.00014851969534035447,1.4957809670772607e-10,0.00014928855414203523,2.1942485750603424e-07,2.4504792678348153e-07
16475,0.3295,0,0.5906879901885986,-1.1461063422757434e-06,0.5905333757400513,104.30128479003906,104.71975708007812,1.9999999494757503e-05,False,False,-0.22173806670225524,9.474043165323005,-0.22173806670225524,9.474043165323005,9.476637677395312,9.476637677395312,-0.00016289974663604998,0.29551365839767346,0.5906960252076173,0.37280200924940193,-0.2217380702495575,9.473894119262695,-0.2217380702495575,9.473894119262695,9.476489067077637,9.476489067077637,-0.00016289990162476897,0.2953643500804901,0.5906957983970642,0.3728017807006836,3.5473022574894486e-09,0.0001490460603097432,3.5473022574894486e-09,0.0001490460603097432,0.00014861031767487987,0.00014861031767487987,1.5498871898888232e-10,0.0001493083171833498,2.268105531166853e-07,2.285487183395496e-07
16500,0.33,0,0.5907333493232727,-1.1115790812255e-06,0.5906464457511902,104.30773162841797,104.71975708007812,1.9999999494757503e-05,False,False,-0.22179373726297671,9.474551791926997,-0.22179373726297671,9.474551791926997,9.477147467450116,9.477147467450116,-0.00016236824600760082,0.29556974784558976,0.5907443360511465,0.3762071194272008,-0.2217937558889389,9.47440242767334,-0.2217937558889389,9.47440242767334,9.476998329162598,9.476998329162598,-0.0001623684074729681,0.29542040824890137,0.590744137763977,0.3762069046497345,1.8625962189267042e-08,0.00014936425365696948,1.8625962189267042e-08,0.00014936425365696948,0.00014913828751872416,0.00014913828751872416,1.6146536728099334e-10,0.00014933959668839147,1.9828716946168612e-07,2.1477746631193284e-07
16525,0.3305,0,0.5907213091850281,-1.0781188848341117e-06,0.5906978249549866,104.31419372558594,104.71975708007812,1.9999999494757503e-05,False,False,-0.22182630882712773,9.475038194674108,-0.22182630882712773,9.475038194674108,9.477634499273595,9.477634499273595,-0.00016185275061826872,0.29559499601669315,0.5907317350846726,0.3795592628821783,-0.22182631492614746,9.474888801574707,-0.22182631492614746,9.474888801574707,9.477484703063965,9.477484703063965,-0.00016185292042791843,0.29544565081596375,0.5907315015792847,0.3795590400695801,6.099019733696309e-09,0.00014939309940054102,6.099019733696309e-09,0.00014939309940054102,0.00014979620963018192,0.00014979620963018192,1.698096497128928e-10,0.0001493452007294005,2.335053879143345e-07,2.2281259820511323e-07
16550,0.331,0,0.5906554460525513,-1.0456934660396655e-06,0.590691328048706,104.3206558227539,104.71975708007812,1.9999999494757503e-05,False,False,-0.22183717585721577,9.475502584644493,-0.22183717585721577,9.475502584644493,9.478099016374369,9.478099016374369,-0.00016135276564971523,0.2955913608911508,0.5906661223364892,0.3828583945554463,-0.22183719277381897,9.475353240966797,-0.22183719277381897,9.475353240966797,9.477950096130371,9.477950096130371,-0.00016135293117258698,0.2954420745372772,0.590665876865387,0.38285815715789795,1.691660320157773e-08,0.0001493436776964785,1.691660320157773e-08,0.0001493436776964785,0.00014892024399770776,0.00014892024399770776,1.6552287174904055e-10,0.0001492863538735678,2.4547110222261637e-07,2.373975483416224e-07
16575,0.3315,0,0.590539276599884,-1.0142709925275994e-06,0.5906307697296143,104.32711791992188,104.71975708007812,1.9999999494757503e-05,False,False,-0.22182776560030495,9.475946301153686,-0.22182776560030495,9.475946301153686,9.47854239110315,9.47854239110315,-0.00016086781136107382,0.29556068699187366,0.5905475178327687,0.3861045344731772,-0.22182777523994446,9.475797653198242,-0.22182777523994446,9.475797653198242,9.4783935546875,9.4783935546875,-0.00016086797404568642,0.29541143774986267,0.5905472636222839,0.3861042857170105,9.639639503289388e-09,0.0001486479554433373,9.639639503289388e-09,0.0001486479554433373,0.0001488364156507771,0.0001488364156507771,1.6268461260743848e-10,0.00014924924201098477,2.542104847735871e-07,2.4875616672082046e-07
16600,0.332,0,0.5903761982917786,-9.838205414780532e-07,0.5905196070671082,104.33356475830078,104.71975708007812,1.9999999494757503e-05,False,False,-0.22179933902652804,9.47636966295407,-0.22179933902652804,9.47636966295407,9.478964971754504,9.478964971754504,-0.00016039742280826957,0.29550473683801387,0.5903839342490249,0.3892977502237031,-0.2217993438243866,9.476221084594727,-0.2217993438243866,9.476221084594727,9.478816032409668,9.478816032409668,-0.00016039758338592947,0.2953554689884186,0.5903836488723755,0.3892974853515625,4.797858554894674e-09,0.00014857835934378727,4.797858554894674e-09,0.00014857835934378727,0.00014893934483595217,0.00014893934483595217,1.6057765989292705e-10,0.0001492678495952915,2.8537664942263063e-07,2.648721406095511e-07
16625,0.3325,0,0.5901694297790527,-9.543116448185174e-07,0.5903611779212952,104.3399887084961,104.71975708007812,1.9999999494757503e-05,False,False,-0.2217531289329878,9.47677347824149,-0.2217531289329878,9.47677347824149,9.479367595366945,9.479367595366945,-0.00015994114951834424,0.29542519206830337,0.5901794667891549,0.39243816446733015,-0.22175315022468567,9.47662353515625,-0.22175315022468567,9.47662353515625,9.479217529296875,9.479217529296875,-0.00015994130808394402,0.2952759265899658,0.5901792049407959,0.3924379050731659,2.1291697877012794e-08,0.00014994308524052258,2.1291697877012794e-08,0.00014994308524052258,0.0001500660700699541,0.0001500660700699541,1.58565599778053e-10,0.00014926547833754578,2.6184835899556447e-07,2.593941642592412e-07
16650,0.333,0,0.5899218320846558,-9.257146302843466e-07,0.5901587605476379,104.34639739990234,104.71975708007812,1.9999999494757503e-05,False,False,-0.22169037849710327,9.477159298365201,-0.22169037849710327,9.477159298365201,9.479751842242928,9.479751842242928,-0.00015949855515092536,0.29532363996098454,0.5899303081254901,0.39552594241998085,-0.221690371632576,9.477010726928711,-0.221690371632576,9.477010726928711,9.47960376739502,9.47960376739502,-0.00015949872613418847,0.29517433047294617,0.5899300575256348,0.39552566409111023,6.864527279937249e-09,0.00014857143649038562,6.864527279937249e-09,0.00014857143649038562,0.00014807484790857472,0.00014807484790857472,1.709832631111973e-10,0.00014930948803837385,2.505998553115063e-07,2.783288706176279e-07
16675,0.3335,0,0.5896363854408264,-8.980007919490163e-07,0.5899153351783752,104.35277557373047,104.71975708007812,1.9999999494757503e-05,False,False,-0.2216121707542026,9.477527300479862,-0.2216121707542026,9.477527300479862,9.480117915172125,9.480117915172125,-0.000159069217118986,0.2952016003939493,0.5896446136200231,0.3985612943564658,-0.22161218523979187,9.477377891540527,-0.22161218523979187,9.477377891540527,9.479968070983887,9.479968070983887,-0.00015906938642729074,0.29505234956741333,0.5896443724632263,0.398561030626297,1.4485589283630418e-08,0.00014940893933435007,1.4485589283630418e-08,0.00014940893933435007,0.00014984418823793533,0.00014984418823793533,1.6930830473499067e-10,0.00014925082653599597,2.411567967541828e-07,2.637301688146465e-07
16700,0.334,0,0.5893158316612244,-8.711421060070279e-07,0.5896337628364563,104.35911560058594,104.71975708007812,1.9999999494757503e-05,False,False,-0.2215195605303996,9.477878046768817,-0.2215195605303996,9.477878046768817,9.480466401244184,9.480466401244184,-0.0001586527262160328,0.29506050899465236,0.5893266061435001,0.40154447060394055,-0.2215195596218109,9.477728843688965,-0.2215195596218109,9.477728843688965,9.480317115783691,9.480317115783691,-0.00015865289606153965,0.2949115037918091,0.5893263816833496,0.4015442132949829,9.085886765181073e-10,0.00014920307985200054,9.085886765181073e-10,0.00014920307985200054,0.00014928546049297609,0.00014928546049297609,1.6984550685371705e-10,0.00014900520284327756,2.24460150466399e-07,2.573089576407561e-07
16725,0.3345,0,0.5889626145362854,-8.451113444607472e-07,0.5893167853355408,104.36542510986328,104.71975708007812,1.9999999494757503e-05,False,False,-0.2214135905771079,9.478213066001564,-0.2214135905771079,9.478213066001564,9.480798853610121,9.480798853610121,-0.0001582486862282952,0.29490172837350237,0.5889725985252874,0.40447575653536216,-0.22141359746456146,9.478063583374023,-0.22141359746456146,9.478063583374023,9.4806489944458,9.4806489944458,-0.0001582488330313936,0.29475271701812744,0.5889723896980286,0.40447553992271423,6.887453551929212e-09,0.00014948262754010955,6.887453551929212e-09,0.00014948262754010955,0.0001498591643205316,0.0001498591643205316,1.4680309837764374e-10,0.00014901135537492838,2.088272588185447e-07,2.166126479297148e-07
16750,0.335,0,0.5885793566703796,-8.198822456506605e-07,0.588966965675354,104.37169647216797,104.71975708007812,1.9999999494757503e-05,False,False,-0.22129520442729333,9.478533087570455,-0.22129520442729333,9.478533087570455,9.481116023953636,9.481116023953636,-0.00015785671353834462,0.29472655823391497,0.5885868787211916,0.4073554675629465,-0.22129520773887634,9.478384017944336,-0.22129520773887634,9.478384017944336,9.480966567993164,9.480966567993164,-0.0001578568626428023,0.29457756876945496,0.588586688041687,0.40735527873039246,3.3115830078145336e-09,0.00014906962611860308,3.3115830078145336e-09,0.00014906962611860308,0.00014945596047155618,0.00014945596047155618,1.4910445767608513e-10,0.00014898946446001426,1.906795046302534e-07,1.8883255403778776e-07
16775,0.3355,0,0.588168203830719,-7.954291731948615e-07,0.5885868668556213,104.37791442871094,104.71975708007812,1.9999999494757503e-05,False,False,-0.2211653297657511,9.478837283631238,-0.2211653297657511,9.478837283631238,9.481417106775128,9.481417106775128,-0.0001574764367415693,0.2945362207689031,0.5881777547927702,0.41018396666106927,-0.22116532921791077,9.47868824005127,-0.22116532921791077,9.47868824005127,9.481267929077148,9.481267929077148,-0.00015747659199405462,0.29438722133636475,0.5881776213645935,0.4101838171482086,5.478403286574007e-10,0.0001490435799684775,5.478403286574007e-10,0.0001490435799684775,0.00014917769797939684,0.00014917769797939684,1.5525248531970785e-10,0.000148999432538377,1.3342817672956642e-07,1.4951286064768254e-07
16800,0.336,0,0.5877314805984497,-7.717275138929836e-07,0.5881786942481995,104.38408660888672,104.71975708007812,1.9999999494757503e-05,False,False,-0.22102480876735162,9.479127699296946,-0.22102480876735162,9.479127699296946,9.481704166744986,9.481704166744986,-0.00015710749626693399,0.2943318876212174,0.5877416346937085,0.41296163432700655,-0.22102481126785278,9.478979110717773,-0.22102481126785278,9.478979110717773,9.481555938720703,9.481555938720703,-0.00015710765728726983,0.2941828966140747,0.587741494178772,0.41296151280403137,2.500501167235214e-09,0.00014858857917232626,2.500501167235214e-09,0.00014858857917232626,0.0001482280242832701,0.0001482280242832701,1.6102033584524528e-10,0.00014899100714271807,1.4051493657518677e-07,1.215229751827529e-07
16825,0.3365,0,0.5872712731361389,-7.487532229788485e-07,0.5877447128295898,104.39021301269531,104.71975708007812,1.9999999494757503e-05,False,False,-0.22087449005066484,9.479405140181369,-0.22087449005066484,9.479405140181369,9.481978029506928,9.481978029506928,-0.00015674954399024104,0.29411466752661514,0.5872789239539982,0.41568887609075017,-0.22087450325489044,9.479256629943848,-0.22087450325489044,9.479256629943848,9.481829643249512,9.481829643249512,-0.00015674970927648246,0.2939656376838684,0.5872788429260254,0.41568875312805176,1.3204225601803898e-08,0.00014851023752093795,1.3204225601803898e-08,0.00014851023752093795,0.00014838625741653289,0.00014838625741653289,1.6528624142649918e-10,0.00014902984274672848,8.102797277587115e-08,1.229626984122767e-07
16850,0.337,0,0.5867894887924194,-7.264832788678177e-07,0.5872870683670044,104.39627838134766,104.71975708007812,1.9999999494757503e-05,False,False,-0.22071514546135804,9.479668899591923,-0.22071514546135804,9.479668899591923,9.482238006996363,9.482238006996363,-0.0001564022428816724,0.2938856006971641,0.5867980182497006,0.4183661425411797,-0.22071515023708344,9.479520797729492,-0.22071515023708344,9.479520797729492,9.48208999633789,9.48208999633789,-0.00015640241326764226,0.2937365770339966,0.586797833442688,0.4183659851551056,4.775725398475927e-09,0.00014810186243074952,4.775725398475927e-09,0.00014810186243074952,0.000148010658472586,0.000148010658472586,1.703859698731075e-10,0.00014902366316749127,1.8480701258205556e-07,1.5738607411774908e-07
16875,0.3375,0,0.5862880349159241,-7.048951715660223e-07,0.5868076682090759,104.40229034423828,104.71975708007812,1.9999999494757503e-05,False,False,-0.22054750594346018,9.479920652050442,-0.22054750594346018,9.479920652050442,9.48248579073812,9.48248579073812,-0.00015606526662333595,0.29364569027474,0.5862953981293766,0.42099388677044686,-0.22054749727249146,9.479772567749023,-0.22054749727249146,9.479772567749023,9.482337951660156,9.482337951660156,-0.0001560654491186142,0.29349663853645325,0.5862952470779419,0.42099371552467346,8.670968720814187e-09,0.00014808430141854956,8.670968720814187e-09,0.00014808430141854956,0.0001478390779645622,0.0001478390779645622,1.8249527824793117e-10,0.0001490517382867762,1.5105143469362758e-07,1.7124577339489022e-07
16900,0.338,0,0.5857687592506409,-6.839673005742952e-07,0.5863084197044373,104.40823364257812,104.71975708007812,1.9999999494757503e-05,False,False,-0.22037225431300173,9.480159888403682,-0.22037225431300173,9.480159888403682,9.482720888024128,9.482720888024128,-0.0001557382992739485,0.2933958708775294,0.5857794893083463,0.42357258940668996,-0.2203722596168518,9.480010986328125,-0.2203722596168518,9.480010986328125,9.482571601867676,9.482571601867676,-0.00015573848213534802,0.293246865272522,0.5857793688774109,0.42357245087623596,5.303850081350703e-09,0.00014890207555673385,5.303850081350703e-09,0.00014890207555673385,0.0001492861564518222,0.0001492861564518222,1.8286139952510688e-10,0.0001490056050074129,1.204309354463362e-07,1.385304539969212e-07
16925,0.3385,0,0.585233211517334,-6.636787475144956e-07,0.5857911705970764,104.41412353515625,104.71975708007812,1.9999999494757503e-05,False,False,-0.22019011561733687,9.480388332490968,-0.22019011561733687,9.480388332490968,9.482945039482537,9.482945039482537,-0.00015542103491744967,0.2931370288201344,0.5852428523602818,0.426102756110763,-0.2201901078224182,9.480239868164062,-0.2201901078224182,9.480239868164062,9.482796669006348,9.482796669006348,-0.00015542117762379348,0.29298800230026245,0.5852426886558533,0.4261026084423065,7.794918654990823e-09,0.0001484643269051844,7.794918654990823e-09,0.0001484643269051844,0.00014837047618954102,0.00014837047618954102,1.4270634381228359e-10,0.00014902651987197535,1.6370442856850076e-07,1.4766845646274618e-07
16950,0.339,0,0.5846830010414124,-6.440091624426714e-07,0.5852575302124023,104.4199447631836,104.71975708007812,1.9999999494757503e-05,False,False,-0.22000166116619407,9.480605490829296,-0.22000166116619407,9.480605490829296,9.483157765410132,9.483157765410132,-0.0001551131773351839,0.29287001334696505,0.5846939380332191,0.42858489254352017,-0.22000166773796082,9.480457305908203,-0.22000166773796082,9.480457305908203,9.483009338378906,9.483009338378906,-0.0001551133900647983,0.2927210330963135,0.5846937894821167,0.4285847544670105,6.571766741902962e-09,0.0001481849210929198,6.571766741902962e-09,0.0001481849210929198,0.00014842703122575074,0.00014842703122575074,2.127296143872217e-10,0.00014898025065157583,1.4855110241907e-07,1.3807650967034846e-07
16975,0.3395,0,0.5841196775436401,-6.249390480661532e-07,0.584709107875824,104.42570495605469,104.71975708007812,1.9999999494757503e-05,False,False,-0.21980751069596136,9.48081272795328,-0.21980751069596136,9.48081272795328,9.48336044470942,9.48336044470942,-0.0001548144396866535,0.2925956186588117,0.5841293119869513,0.4310195369083454,-0.21980752050876617,9.480664253234863,-0.21980752050876617,9.480664253234863,9.4832124710083,9.4832124710083,-0.00015481471200473607,0.29244664311408997,0.5841291546821594,0.4310193657875061,9.812804818709608e-09,0.00014847471841683557,9.812804818709608e-09,0.00014847471841683557,0.0001479737011198523,0.0001479737011198523,2.7231808255308125e-10,0.00014897554472170782,1.5730479185904755e-07,1.711208392762842e-07
17000,0.34,0,0.5835446715354919,-6.064494755264604e-07,0.5841473937034607,104.431396484375,104.71975708007812,1.9999999494757503e-05,False,False,-0.2196082071947536,9.481010026342842,-0.2196082071947536,9.481010026342842,9.483553072782415,9.483553072782415,-0.00015452454419884147,0.292314599639594,0.5835534999880829,0.43340724242825235,-0.21960820257663727,9.480860710144043,-0.21960820257663727,9.480860710144043,9.483404159545898,9.483404159545898,-0.00015452482330147177,0.292165607213974,0.5835533738136292,0.43340709805488586,4.618116333787725e-09,0.00014931619879909874,4.618116333787725e-09,0.00014931619879909874,0.00014891323651688992,0.00014891323651688992,2.791026303030752e-10,0.00014899242561999815,1.2617445377394176e-07,1.4437336648409627e-07
17025,0.3405,0,0.5829592943191528,-5.885220843993011e-07,0.5835738778114319,104.43701934814453,104.71975708007812,1.9999999494757503e-05,False,False,-0.21940430987838083,9.4811977973169,-0.21940430987838083,9.4811977973169,9.483736074092322,9.483736074092322,-0.00015424322186517628,0.29202767073302205,0.582967057762899,0.4357485648295261,-0.21940430998802185,9.481048583984375,-0.21940430998802185,9.481048583984375,9.483587265014648,9.483587265014648,-0.00015424349112436175,0.29187867045402527,0.5829669237136841,0.4357483983039856,1.0964101848642827e-10,0.0001492133325253775,1.0964101848642827e-10,0.0001492133325253775,0.00014880907767356177,0.00014880907767356177,2.692591854775578e-10,0.00014900027899678037,1.3404921495041577e-07,1.6652554052365431e-07
17050,0.341,0,0.5823647975921631,-5.711392532248283e-07,0.5829898118972778,104.44256591796875,104.71975708007812,1.9999999494757503e-05,False,False,-0.2191962725276752,9.481376037902251,-0.2191962725276752,9.481376037902251,9.48390945644237,9.48390945644237,-0.00015397021215199597,0.2917355003258998,0.5823745461238058,0.4380440923809821,-0.21919627487659454,9.48122787475586,-0.21919627487659454,9.48122787475586,9.48376178741455,9.48376178741455,-0.00015397048264276236,0.2915865480899811,0.5823743939399719,0.4380439221858978,2.348919336814248e-09,0.00014816314639176653,2.348919336814248e-09,0.00014816314639176653,0.00014766902781992997,0.00014766902781992997,2.7049076639553554e-10,0.00014895223591870899,1.5218383386805812e-07,1.701950842480926e-07
17075,0.3415,0,0.581762433052063,-5.542837584471272e-07,0.5823965668678284,104.44804382324219,104.71975708007812,1.9999999494757503e-05,False,False,-0.2189846258735421,9.48154585432026,-0.2189846258735421,9.48154585432026,9.48407433827607,9.48407433827607,-0.00015370526272215238,0.29143872535153464,0.5817725582665836,0.4402943908219914,-0.21898463368415833,9.48139762878418,-0.21898463368415833,9.48139762878418,9.483925819396973,9.483925819396973,-0.00015370552137028426,0.2912897765636444,0.5817723870277405,0.44029420614242554,7.810616237113877e-09,0.000148225536079849,7.810616237113877e-09,0.000148225536079849,0.00014851887909728134,0.00014851887909728134,2.586481318836084e-10,0.00014894878789023513,1.7123884310521476e-07,1.8467956586221135e-07
17100,0.342,0,0.5811532139778137,-5.379391154747282e-07,0.581795334815979,104.45345306396484,104.71975708007812,1.9999999494757503e-05,False,False,-0.218769817551073,9.481707542184969,-0.218769817551073,9.481707542184969,9.484231025686725,9.484231025686725,-0.00015344812916504418,0.2911379445497023,0.5811616899698625,0.4425000559311842,-0.21876981854438782,9.481559753417969,-0.21876981854438782,9.481559753417969,9.48408317565918,9.48408317565918,-0.00015344838902819902,0.2909889817237854,0.5811614990234375,0.44249987602233887,9.933148192864394e-10,0.00014778876700027865,9.933148192864394e-10,0.00014778876700027865,0.0001478500275453598,0.0001478500275453598,2.598631548389029e-10,0.00014896282591692067,1.909464250049453e-07,1.7990884532137486e-07
17125,0.3425,0,0.580538272857666,-5.220893513069313e-07,0.5811871290206909,104.45878601074219,104.71975708007812,1.9999999494757503e-05,False,False,-0.2185522121604783,9.481861196141107,-0.2185522121604783,9.481861196141107,9.484379621900777,9.484379621900777,-0.00015319857473093426,0.29083372183666395,0.5805465245754926,0.44466169850681964,-0.21855223178863525,9.48171329498291,-0.21855223178863525,9.48171329498291,9.484231948852539,9.484231948852539,-0.00015319883823394775,0.2906847894191742,0.5805463790893555,0.44466152787208557,1.9628156960882492e-08,0.0001479011581970724,1.9628156960882492e-08,0.0001479011581970724,0.00014767304823770644,0.00014767304823770644,2.635030134899314e-10,0.0001489324174897555,1.4548613713749603e-07,1.7063473406464524e-07
17150,0.343,0,0.579918622970581,-5.067188908469689e-07,0.5805731415748596,104.46404266357422,104.71975708007812,1.9999999494757503e-05,False,False,-0.21833225759773248,9.48200704552526,-0.21833225759773248,9.48200704552526,9.484520366686889,9.484520366686889,-0.00015295637008026552,0.2905265896751849,0.5799276553588325,0.4467799118242563,-0.21833226084709167,9.48185920715332,-0.21833226084709167,9.48185920715332,9.48437213897705,9.48437213897705,-0.0001529566216049716,0.290377676486969,0.5799275636672974,0.4467797875404358,3.2493591983762116e-09,0.00014783837193910188,3.2493591983762116e-09,0.00014783837193910188,0.00014822770983791145,0.00014822770983791145,2.5152470606521274e-10,0.0001489131882159156,9.16915351423242e-08,1.2428382051288267e-07
17175,0.3435,0,0.5792951583862305,-4.91812897962518e-07,0.5799542665481567,104.46922302246094,104.71975708007812,1.9999999494757503e-05,False,False,-0.21811028986143366,9.482145589107398,-0.21811028986143366,9.482145589107398,9.484653766562717,9.484653766562717,-0.00015272129304583259,0.2902170468278549,0.5793057006279558,0.44885531419156793,-0.21811027824878693,9.4819974899292,-0.21811027824878693,9.4819974899292,9.484505653381348,9.484505653381348,-0.00015272154996637255,0.290068119764328,0.5793056488037109,0.4488552212715149,1.1612646733105692e-08,0.00014809917819924578,1.1612646733105692e-08,0.00014809917819924578,0.00014811318136942475,0.00014811318136942475,2.5692053996426156e-10,0.00014892706352687135,5.1824244895470883e-08,9.292005304084583e-08
17200,0.34400000000000003,0,0.5786688327789307,-4.773567638949316e-07,0.5793315768241882,104.47433471679688,104.71975708007812,1.9999999494757503e-05,False,False,-0.2178867281374411,9.482277769100072,-0.2178867281374411,9.482277769100072,9.4847807732529,9.4847807732529,-0.00015249312838316854,0.28990556622046254,0.5786773011408028,0.45088851891028553,-0.21788671612739563,9.482129096984863,-0.21788671612739563,9.482129096984863,9.48463249206543,9.48463249206543,-0.00015249340503942221,0.2897566258907318,0.5786771774291992,0.45088839530944824,1.2010045458143992e-08,0.00014867211520908086,1.2010045458143992e-08,0.00014867211520908086,0.00014828118747090002,0.00014828118747090002,2.7665625367857827e-10,0.00014894032973072902,1.2371160362789624e-07,1.2360083728735205e-07
17225,0.34450000000000003,0,0.578040361404419,-4.6333653358487936e-07,0.5787058472633362,104.47936248779297,104.71975708007812,1.9999999494757503e-05,False,False,-0.217661831969931,9.48240259218704,-0.217661831969931,9.48240259218704,9.48490039976235,9.48490039976235,-0.00015227166757556895,0.2895925983120141,0.5780510303057153,0.45288015430156925,-0.21766184270381927,9.482254028320312,-0.21766184270381927,9.482254028320312,9.48475170135498,9.48475170135498,-0.0001522719394415617,0.28944364190101624,0.578050971031189,0.45288005471229553,1.0733888278213755e-08,0.00014856386672690292,1.0733888278213755e-08,0.00014856386672690292,0.00014869840737041784,0.00014869840737041784,2.718659927443499e-10,0.00014895641099788026,5.9274526287289575e-08,9.958927371656046e-08
17250,0.34500000000000003,0,0.5774105787277222,-4.4973862145525345e-07,0.5780779719352722,104.48432159423828,104.71975708007812,1.9999999494757503e-05,False,False,-0.21743596937963622,9.482521706716751,-0.21743596937963622,9.482521706716751,9.485014302526615,9.485014302526615,-0.00015205670857858645,0.2892785497512876,0.577419563846857,0.4548308411767646,-0.21743597090244293,9.482373237609863,-0.21743597090244293,9.482373237609863,9.48486614227295,9.48486614227295,-0.00015205697854980826,0.2891295850276947,0.5774194598197937,0.45483073592185974,1.522806714060465e-09,0.00014846910688781634,1.522806714060465e-09,0.00014846910688781634,0.00014816025366570784,0.00014816025366570784,2.699712218102307e-10,0.0001489647235928815,1.0402706329681877e-07,1.052549048474738e-07
17275,0.34550000000000003,0,0.5767802596092224,-4.3654998194142536e-07,0.5774486660957336,104.48919677734375,104.71975708007812,1.9999999494757503e-05,False,False,-0.21720937771236457,9.482634259678141,-0.21720937771236457,9.482634259678141,9.485121634253712,9.485121634253712,-0.0001518480556255899,0.28896380921363457,0.5767914626562122,0.456741195340674,-0.2172093689441681,9.4824857711792,-0.2172093689441681,9.4824857711792,9.484972953796387,9.484972953796387,-0.00015184833318926394,0.28881481289863586,0.5767913460731506,0.4567410945892334,8.76819647444016e-09,0.000148488498942001,8.76819647444016e-09,0.000148488498942001,0.0001486804573254119,0.0001486804573254119,2.775636740305447e-10,0.00014899631499870614,1.1658306153794484e-07,1.007514405793053e-07
17300,0.34600000000000003,0,0.5761500000953674,-4.2375788211757026e-07,0.5768187642097473,104.49400329589844,104.71975708007812,1.9999999494757503e-05,False,False,-0.21698240264825971,9.482741561461799,-0.21698240264825971,9.482741561461799,9.485223712940773,9.485223712940773,-0.0001516455190285029,0.28864874852431904,0.5761594149743022,0.45861185012100064,-0.2169824093580246,9.482592582702637,-0.2169824093580246,9.482592582702637,9.485074996948242,9.485074996948242,-0.00015164581418503076,0.288499653339386,0.5761593580245972,0.45861178636550903,6.709764882595337e-09,0.00014897875916197734,6.709764882595337e-09,0.00014897875916197734,0.00014871599253041268,0.00014871599253041268,2.9515652785359545e-10,0.00014909518493305685,5.694970506286978e-08,6.375549160830829e-08
17325,0.34650000000000003,0,0.5755204558372498,-4.113500153835048e-07,0.576188862323761,104.49872589111328,104.71975708007812,1.9999999494757503e-05,False,False,-0.21675523690856127,9.482842717492742,-0.21675523690856127,9.482842717492742,9.485319648669329,9.485319648669329,-0.00015144891497479218,0.2883337147951436,0.5755319942094693,0.4604434338389049,-0.2167552411556244,9.482693672180176,-0.2167552411556244,9.482693672180176,9.485170364379883,9.485170364379883,-0.0001514492032583803,0.2881844937801361,0.5755319595336914,0.460443377494812,4.247063117857053e-09,0.00014904531256654252,4.247063117857053e-09,0.00014904531256654252,0.00014928428944571692,0.00014928428944571692,2.882835881091398e-10,0.00014922101500747242,3.4675777915715855e-08,5.634409289134723e-08
17350,0.34700000000000003,0,0.5748923420906067,-3.993145583081059e-07,0.575559675693512,104.50337982177734,104.71975708007812,1.9999999494757503e-05,False,False,-0.2165281814018273,9.48293938392604,-0.2165281814018273,9.48293938392604,9.48541110403533,9.48541110403533,-0.0001512580653399904,0.2880190214377356,0.5749018785891484,0.4622365698090036,-0.21652817726135254,9.48279094696045,-0.21652817726135254,9.48279094696045,9.485262870788574,9.485262870788574,-0.0001512583694420755,0.28786981105804443,0.574901819229126,0.4622364938259125,4.140474768599134e-09,0.00014843696559019293,4.140474768599134e-09,0.00014843696559019293,0.0001482332467563907,0.0001482332467563907,3.0410208509343284e-10,0.00014921037969117812,5.936002245299221e-08,7.598309109679846e-08
17375,0.34750000000000003,0,0.5742660164833069,-3.876400000990543e-07,0.5749317407608032,104.5079574584961,104.71975708007812,1.9999999494757503e-05,False,False,-0.21630142238452385,9.48303089181297,-0.21630142238452385,9.48303089181297,9.485497414495702,9.485497414495702,-0.00015107279750289657,0.2877049740003483,0.574273668978091,0.4639918863524571,-0.21630144119262695,9.482882499694824,-0.21630144119262695,9.482882499694824,9.48534870147705,9.48534870147705,-0.00015107310900930315,0.2875557541847229,0.5742736458778381,0.46399185061454773,1.8808103102729845e-08,0.00014839211814532405,1.8808103102729845e-08,0.00014839211814532405,0.00014871301865149178,0.00014871301865149178,3.115064065798822e-10,0.00014921981562537878,2.3100252821706135e-08,3.573790935407217e-08
17400,0.34800000000000003,0,0.5736421942710876,-3.763151710245438e-07,0.5743056535720825,104.512451171875,104.71975708007812,1.9999999494757503e-05,False,False,-0.21607516863013582,9.483117052714402,-0.21607516863013582,9.483117052714402,9.485578396385812,9.485578396385812,-0.00015089294417202628,0.28739185331777317,0.5736519687443192,0.465710014293697,-0.21607516705989838,9.4829683303833,-0.21607516705989838,9.4829683303833,9.485429763793945,9.485429763793945,-0.00015089326188899577,0.2872425615787506,0.573651909828186,0.46570995450019836,1.570237440073896e-09,0.00014872233110097,1.570237440073896e-09,0.00014872233110097,0.0001486325918662601,0.0001486325918662601,3.1771696948693084e-10,0.0001492917390225612,5.8916133194308884e-08,5.979349865237182e-08
17425,0.34850000000000003,0,0.5730212330818176,-3.653292992567003e-07,0.5736818909645081,104.51687622070312,104.71975708007812,1.9999999494757503e-05,False,False,-0.21584963143519872,9.483199265651976,-0.21584963143519872,9.483199265651976,9.485655453127785,9.485655453127785,-0.0001507183432099177,0.28707991775801855,0.573029448605454,0.4673915694375258,-0.2158496379852295,9.483050346374512,-0.2158496379852295,9.483050346374512,9.485507011413574,9.485507011413574,-0.00015071866801008582,0.2869306802749634,0.5730293989181519,0.4673915207386017,6.5500307677712755e-09,0.00014891927746418787,6.5500307677712755e-09,0.00014891927746418787,0.00014844171421124486,0.00014844171421124486,3.2480016812501573e-10,0.0001492374830551757,4.9687302161594005e-08,4.8698924115520015e-08
17450,0.34900000000000003,0,0.572403609752655,-3.5467201087158173e-07,0.5730610489845276,104.5212173461914,104.71975708007812,1.9999999494757503e-05,False,False,-0.21562500390055434,9.483276227321939,-0.21562500390055434,9.483276227321939,9.485727286086004,9.485727286086004,-0.0001505488374724368,0.28676940883900526,0.5724146744600227,0.46903717259528904,-0.21562500298023224,9.483126640319824,-0.21562500298023224,9.483126640319824,9.485577583312988,9.485577583312988,-0.0001505491673015058,0.286620169878006,0.5724146366119385,0.46903711557388306,9.203220963094338e-10,0.00014958700211487042,9.203220963094338e-10,0.00014958700211487042,0.00014970277301529222,0.00014970277301529222,3.298290690047223e-10,0.00014923896099927614,3.784808422224728e-08,5.7021405985846485e-08
17475,0.34950000000000003,0,0.5717898011207581,-3.4433313089721196e-07,0.5724434852600098,104.5254898071289,104.71975708007812,1.9999999494757503e-05,False,False,-0.2154014524950711,9.48334971508741,-0.2154014524950711,9.48334971508741,9.485795675871659,9.485795675871659,-0.00015038427464968975,0.28646055909194046,0.5718003220321888,0.4706474445783321,-0.21540145576000214,9.483201026916504,-0.21540145576000214,9.483201026916504,9.485647201538086,9.485647201538086,-0.0001503845996921882,0.2863113284111023,0.5718002915382385,0.470647394657135,3.264931047741726e-09,0.00014868817090629705,3.264931047741726e-09,0.00014868817090629705,0.00014847433357267903,0.00014847433357267903,3.2504249845074357e-10,0.00014923068083816382,3.0493950253784874e-08,4.992119706503928e-08
17500,0.35000000000000003,0,0.5711801052093506,-3.343029391089658e-07,0.571829617023468,104.5296859741211,104.71975708007812,1.9999999494757503e-05,False,False,-0.21517911890262625,9.483419065559595,-0.21517911890262625,9.483419065559595,9.485859962398292,9.485859962398292,-0.00015022450710800597,0.28615357858124874,0.571190989683432,0.4722230112045437,-0.21517913043498993,9.483270645141602,-0.21517913043498993,9.483270645141602,9.485712051391602,9.485712051391602,-0.00015022481966298074,0.28600436449050903,0.5711909532546997,0.4722229540348053,1.1532363675126334e-08,0.00014842041799312256,1.1532363675126334e-08,0.00014842041799312256,0.0001479110066906486,0.0001479110066906486,3.125549747674556e-10,0.00014921409073970215,3.642873225295773e-08,5.71697383877634e-08
17525,0.35050000000000003,0,0.570574939250946,-3.2457197107760294e-07,0.5712198615074158,104.5338134765625,104.71975708007812,1.9999999494757503e-05,False,False,-0.21495817625358388,9.483485135462951,-0.21495817625358388,9.483485135462951,9.485921006000684,9.485921006000684,-0.0001500693917463838,0.28584865265789233,0.5705832881324334,0.47376445573619597,-0.21495817601680756,9.483336448669434,-0.21495817601680756,9.483336448669434,9.485772132873535,9.485772132873535,-0.00015006975445430726,0.2856994569301605,0.5705832242965698,0.47376441955566406,2.367763207722362e-10,0.00014868679351742742,2.367763207722362e-10,0.00014868679351742742,0.00014887312714861878,0.00014887312714861878,3.6270792345602897e-10,0.0001491957277318101,6.383586359515192e-08,3.6180531903795554e-08
17550,0.35100000000000003,0,0.5699746012687683,-3.151310181692679e-07,0.5706146359443665,104.53785705566406,104.71975708007812,1.9999999494757503e-05,False,False,-0.2147387506502584,9.483546566449526,-0.2147387506502584,9.483546566449526,9.485977451430475,9.485977451430475,-0.00014991878984597316,0.2855459677961728,0.5699857857809922,0.47527240148790617,-0.21473875641822815,9.483397483825684,-0.21473875641822815,9.483397483825684,9.485828399658203,9.485828399658203,-0.00014991917123552412,0.2853967547416687,0.5699857473373413,0.47527235746383667,5.767969740722023e-09,0.00014908262384238924,5.767969740722023e-09,0.00014908262384238924,0.0001490517722722018,0.0001490517722722018,3.8138955096292046e-10,0.00014921305450410483,3.844365092930957e-08,4.4024069500991914e-08
17575,0.35150000000000003,0,0.569379448890686,-3.059712412323279e-07,0.5700141787528992,104.54183959960938,104.71975708007812,1.9999999494757503e-05,False,False,-0.21452097932301836,9.483605740973548,-0.21452097932301836,9.483605740973548,9.48603168352268,9.48603168352268,-0.00014977256693723433,0.2852456902502868,0.5693871657835087,0.47674744924484724,-0.21452099084854126,9.4834566116333,-0.21452099084854126,9.4834566116333,9.485882759094238,9.485882759094238,-0.0001497729535913095,0.2850964665412903,0.5693871378898621,0.47674742341041565,1.1525522897182228e-08,0.0001491293402473559,1.1525522897182228e-08,0.0001491293402473559,0.00014892442844249842,0.00014892442844249842,3.866540751581906e-10,0.00014922370899650428,2.789364661470728e-08,2.583443159398513e-08
17600,0.35200000000000004,0,0.5687897205352783,-2.970840284888254e-07,0.5694188475608826,104.54573822021484,104.71975708007812,1.9999999494757503e-05,False,False,-0.21430495037865055,9.483660600111168,-0.21430495037865055,9.483660600111168,9.486081645751197,9.486081645751197,-0.00014963059266441832,0.28494797728771765,0.5687999340395709,0.4781901872758346,-0.21430493891239166,9.483511924743652,-0.21430493891239166,9.483511924743652,9.485933303833008,9.485933303833008,-0.00014963098510634154,0.2847987711429596,0.5687999129295349,0.47819018363952637,1.1466258886816405e-08,0.00014867536751594912,1.1466258886816405e-08,0.00014867536751594912,0.00014834191818913212,0.00014834191818913212,3.924419232235934e-10,0.00014920614475805172,2.111003594151839e-08,3.6363082545065595e-09
17625,0.35250000000000004,0,0.5682056546211243,-2.8846105237789743e-07,0.5688289403915405,104.54956817626953,104.71975708007812,1.9999999494757503e-05,False,False,-0.21409080777821554,9.483712520360154,-0.21409080777821554,9.483712520360154,9.486128717385775,9.486128717385775,-0.0001494927406516547,0.2846529637091654,0.5682167387373552,0.4796012088562265,-0.21409082412719727,9.483563423156738,-0.21409082412719727,9.483563423156738,9.485980033874512,9.485980033874512,-0.00014949314936529845,0.2845037579536438,0.5682167410850525,0.4796012043952942,1.634898172397925e-08,0.0001490972034154936,1.634898172397925e-08,0.0001490972034154936,0.0001486835112629592,0.0001486835112629592,4.087136437397245e-10,0.00014920575552157533,2.347697258819892e-09,4.460932290228925e-09
17650,0.35300000000000004,0,0.567627489566803,-2.8009424113406567e-07,0.5682446360588074,104.55332946777344,104.71975708007812,1.9999999494757503e-05,False,False,-0.213878619334833,9.483761738693211,-0.213878619334833,9.483761738693211,9.486173136734847,9.486173136734847,-0.00014935888838671536,0.28436078543866916,0.5676381756554916,0.4809811097646528,-0.21387863159179688,9.483613014221191,-0.21387863159179688,9.483613014221191,9.486024856567383,9.486024856567383,-0.00014935930084902793,0.28421157598495483,0.5676381587982178,0.48098111152648926,1.2256963888290784e-08,0.00014872447201952355,1.2256963888290784e-08,0.00014872447201952355,0.0001482801674637102,0.0001482801674637102,4.124623125684179e-10,0.00014920945371432737,1.6857273799075756e-08,1.761836454505783e-09
17675,0.35350000000000004,0,0.5670554637908936,-2.7197583563065564e-07,0.5676662921905518,104.55702209472656,104.71975708007812,1.9999999494757503e-05,False,False,-0.21366852012452303,9.483808163112167,-0.21366852012452303,9.483808163112167,9.486214814730118,9.486214814730118,-0.00014922891708817355,0.28407155256346706,0.5670648180431662,0.4823304632502996,-0.21366852521896362,9.483658790588379,-0.21366852521896362,9.483658790588379,9.486065864562988,9.486065864562988,-0.0001492293376941234,0.28392231464385986,0.5670648813247681,0.4823305010795593,5.094440591602023e-09,0.00014937252378821597,5.094440591602023e-09,0.00014937252378821597,0.0001489501671301241,0.0001489501671301241,4.206059498357718e-10,0.00014923791960719246,6.328160184754239e-08,3.7829259724730946e-08
17700,0.35400000000000004,0,0.5664898157119751,-2.6409821884954e-07,0.5670939683914185,104.56063842773438,104.71975708007812,1.9999999494757503e-05,False,False,-0.21346051757113696,9.483851537719884,-0.21346051757113696,9.483851537719884,9.486253495562595,9.486253495562595,-0.00014910271159452405,0.28378537741747584,0.5665012141964275,0.4836498450656246,-0.2134605199098587,9.483702659606934,-0.2134605199098587,9.483702659606934,9.486104965209961,9.486104965209961,-0.000149103143485263,0.2836361527442932,0.566501259803772,0.483649879693985,2.3387217440440367e-09,0.00014887811295061226,2.3387217440440367e-09,0.00014887811295061226,0.00014853035263406866,0.00014853035263406866,4.3189073893829324e-10,0.0001492246731826241,4.5607344456577437e-08,3.462836040135642e-08
17725,0.35450000000000004,0,0.5659306049346924,-2.564540864113951e-07,0.5665280222892761,104.56419372558594,104.71975708007812,1.9999999494757503e-05,False,False,-0.2132547779098412,9.483892792148161,-0.2132547779098412,9.483892792148161,9.486290112223072,9.486290112223072,-0.00014898016025062584,0.28350235211450714,0.5659399947805512,0.48493983096308524,-0.21325477957725525,9.483743667602539,-0.21325477957725525,9.483743667602539,9.486141204833984,9.486141204833984,-0.0001489806018071249,0.28335312008857727,0.5659400820732117,0.48493990302085876,1.667414040174009e-09,0.00014912454562221455,1.667414040174009e-09,0.00014912454562221455,0.00014890738908768242,0.00014890738908768242,4.415564990739324e-10,0.0001492320259298685,8.729266043339123e-08,7.205777352581322e-08
17750,0.35500000000000004,0,0.5653780698776245,-2.490363328888634e-07,0.5659685134887695,104.56767272949219,104.71975708007812,1.9999999494757503e-05,False,False,-0.21305129302033762,9.483930975540709,-0.21305129302033762,9.483930975540709,9.486323713761731,9.486323713761731,-0.0001488611547957509,0.28322256539835505,0.5653896606090041,0.48620097666896644,-0.21305128931999207,9.483781814575195,-0.21305128931999207,9.483781814575195,9.486174583435059,9.486174583435059,-0.00014886159624438733,0.2830733358860016,0.5653896927833557,0.4862010180950165,3.7003455577444555e-09,0.00014916096551331748,3.7003455577444555e-09,0.00014916096551331748,0.00014913032667251969,0.00014913032667251969,4.414486364347561e-10,0.00014922951235346593,3.21743516273898e-08,4.142605003476518e-08
17775,0.35550000000000004,0,0.564832329750061,-2.4183810864997213e-07,0.5654156804084778,104.57109069824219,104.71975708007812,1.9999999494757503e-05,False,False,-0.21285018424248425,9.483967312799654,-0.21285018424248425,9.483967312799654,9.486355527344754,9.486355527344754,-0.00014874559025806127,0.28294610151945704,0.564842814811075,0.4874338303997389,-0.2128501832485199,9.483818054199219,-0.2128501832485199,9.483818054199219,9.4862060546875,9.4862060546875,-0.00014874602493364364,0.2827968895435333,0.5648428797721863,0.48743391036987305,9.939643552669963e-10,0.00014925860043568662,9.939643552669963e-10,0.00014925860043568662,0.00014947265725417935,0.00014947265725417935,4.346755823662028e-10,0.00014921197592371316,6.496111126796933e-08,7.997013412586185e-08
17800,0.35600000000000004,0,0.5642935037612915,-2.3485272038215044e-07,0.5648695826530457,104.5744400024414,104.71975708007812,1.9999999494757503e-05,False,False,-0.21265145901972424,9.48400130662125,-0.21265145901972424,9.48400130662125,9.486385055805863,9.486385055805863,-0.00014863336485390697,0.28267303349485917,0.5643039906631829,0.4886389528882307,-0.21265146136283875,9.48385238647461,-0.21265146136283875,9.48385238647461,9.486236572265625,9.486236572265625,-0.00014863380056340247,0.28252384066581726,0.5643040537834167,0.4886389970779419,2.3431145079744198e-09,0.00014892014664091846,2.3431145079744198e-09,0.00014892014664091846,0.0001484835402383311,0.0001484835402383311,4.3570949550143095e-10,0.0001491928290419109,6.312023381749299e-08,4.418971116804116e-08
17825,0.35650000000000004,0,0.5637617111206055,-2.2807373056821234e-07,0.5643303990364075,104.57772827148438,104.71975708007812,1.9999999494757503e-05,False,False,-0.21245520067650767,9.484033579006447,-0.21245520067650767,9.484033579006447,9.486412922702465,9.486412922702465,-0.00014852437988605263,0.2824034129981625,0.5637697588316642,0.4898168873443692,-0.21245521306991577,9.483884811401367,-0.21245521306991577,9.483884811401367,9.4862642288208,9.4862642288208,-0.00014852482127025723,0.2822541892528534,0.5637698173522949,0.48981696367263794,1.2393408105326742e-08,0.00014876760507931408,1.2393408105326742e-08,0.00014876760507931408,0.00014869388166438569,0.00014869388166438569,4.4138420460357493e-10,0.00014922374530912386,5.852063067468549e-08,7.632826876102783e-08
17850,0.35700000000000004,0,0.5632370710372925,-2.2149488643208315e-07,0.5637982487678528,104.58094024658203,104.71975708007812,1.9999999494757503e-05,False,False,-0.21226142363276904,9.484062849004456,-0.21226142363276904,9.484062849004456,9.486437847571086,9.486437847571086,-0.0001484185396459211,0.282137301813022,0.5632485925939987,0.49096816195845217,-0.21226143836975098,9.48391342163086,-0.21226143836975098,9.48391342163086,9.486288070678711,9.486288070678711,-0.00014841895608697087,0.28198811411857605,0.5632486939430237,0.490968257188797,1.4736981940322025e-08,0.00014942737359646685,1.4736981940322025e-08,0.00014942737359646685,0.00014977689237483105,0.00014977689237483105,4.164410497757391e-10,0.00014918769444594027,1.0134902495018139e-07,9.52303448320535e-08
17875,0.35750000000000004,0,0.5627195835113525,-2.1511013414965419e-07,0.5632731914520264,104.58409881591797,104.71975708007812,1.9999999494757503e-05,False,False,-0.21207019729574733,9.484091077983589,-0.21207019729574733,9.484091077983589,9.486461792684825,9.486461792684825,-0.0001483157513254792,0.28187474824302144,0.5627291100195264,0.49209331243059246,-0.21207021176815033,9.483942985534668,-0.21207021176815033,9.483942985534668,9.486313819885254,9.486313819885254,-0.000148316117702052,0.28172555565834045,0.5627292394638062,0.49209341406822205,1.4472402998233491e-08,0.000148092448920778,1.4472402998233491e-08,0.000148092448920778,0.00014797279957079468,0.00014797279957079468,3.663765727975922e-10,0.0001491925846809905,1.294442797394879e-07,1.016376295903676e-07
17900,0.35800000000000004,0,0.5622093677520752,-2.0891359042707336e-07,0.5627553462982178,104.58718872070312,104.71975708007812,1.9999999494757503e-05,False,False,-0.21188153609405375,9.484116961402746,-0.21188153609405375,9.484116961402746,9.486483453994152,9.486483453994152,-0.0001482159249213565,0.28161579048169233,0.5622197743726409,0.49319285693800197,-0.21188154816627502,9.483968734741211,-0.21188154816627502,9.483968734741211,9.486334800720215,9.486334800720215,-0.0001482162915635854,0.2814665734767914,0.5622198581695557,0.49319297075271606,1.2072221278192075e-08,0.00014822666153513353,1.2072221278192075e-08,0.00014822666153513353,0.0001486532739374269,0.0001486532739374269,3.6664222889280437e-10,0.0001492170049009478,8.37969147404749e-08,1.1381471409777077e-07
17925,0.35850000000000004,0,0.56170654296875,-2.0289959934416402e-07,0.562244713306427,104.59021759033203,104.71975708007812,1.9999999494757503e-05,False,False,-0.2116954560089244,9.484141408669677,-0.2116954560089244,9.484141408669677,9.486503740880392,9.486503740880392,-0.00014811897315315857,0.281360464475888,0.5617171287836917,0.4942673111546208,-0.21169546246528625,9.483992576599121,-0.21169546246528625,9.483992576599121,9.48635482788086,9.48635482788086,-0.00014811934670433402,0.281211256980896,0.5617172122001648,0.49426737427711487,6.4563618618063146e-09,0.0001488320705558266,6.4563618618063146e-09,0.0001488320705558266,0.00014891299953312398,0.00014891299953312398,3.735511754521942e-10,0.00014920749499197639,8.341647306231437e-08,6.312249406503767e-08
17950,0.35900000000000004,0,0.5612110495567322,-1.9706261866758723e-07,0.5617414116859436,104.59318542480469,104.71975708007812,1.9999999494757503e-05,False,False,-0.21151200239480591,9.484164145860037,-0.21151200239480591,9.484164145860037,9.486522380344343,9.486522380344343,-0.000148024811374549,0.2811087994324269,0.561221671403718,0.4953171732314885,-0.2115120142698288,9.484015464782715,-0.2115120142698288,9.484015464782715,9.486373901367188,9.486373901367188,-0.00014802518126089126,0.2809595763683319,0.561221718788147,0.4953172206878662,1.1875022881691066e-08,0.0001486810773219105,1.1875022881691066e-08,0.0001486810773219105,0.0001484789771559747,0.0001484789771559747,3.698863422583326e-10,0.0001492230640949832,4.7384428936148026e-08,4.745637771641498e-08
17975,0.35950000000000004,0,0.5607229471206665,-1.913973193268248e-07,0.5612455010414124,104.5960922241211,104.71975708007812,1.9999999494757503e-05,False,False,-0.21133119817585258,9.48418519881329,-0.21133119817585258,9.48418519881329,9.486539398574777,9.486539398574777,-0.00014793335749263453,0.28086082118810973,0.5607339078935739,0.4963429488294588,-0.21133121848106384,9.484036445617676,-0.21133121848106384,9.484036445617676,9.486391067504883,9.486391067504883,-0.0001479337370255962,0.2807116210460663,0.5607339143753052,0.4963429868221283,2.0305211262394707e-08,0.00014875319561369338,2.0305211262394707e-08,0.00014875319561369338,0.00014833106989442513,0.00014833106989442513,3.795329616719783e-10,0.00014920014204344856,6.481731262830692e-09,3.7992669510433785e-08
18000,0.36000000000000004,0,0.5602422952651978,-1.858985285707604e-07,0.5607569813728333,104.59894561767578,104.71975708007812,1.9999999494757503e-05,False,False,-0.2111530592333124,9.484205352302173,-0.2111530592333124,9.484205352302173,9.486555580349528,9.486555580349528,-0.0001478445318935091,0.28061654209966763,0.560250361357436,0.49734513359629945,-0.2111530750989914,9.48405647277832,-0.2111530750989914,9.48405647277832,9.486406326293945,9.486406326293945,-0.00014784491213504225,0.2804673910140991,0.5602504014968872,0.4973451793193817,1.5865678992810217e-08,0.00014887952385223002,1.5865678992810217e-08,0.00014887952385223002,0.0001492540555823041,0.0001492540555823041,3.8024153313845344e-10,0.00014915108556851076,4.0139451207288346e-08,4.5723082264803594e-08
18025,0.36050000000000004,0,0.5597690939903259,-1.8056122996767954e-07,0.5602759122848511,104.60173034667969,104.71975708007812,1.9999999494757503e-05,False,False,-0.21097757768465597,9.484223176027058,-0.21097757768465597,9.484223176027058,9.486569495395818,9.486569495395818,-0.00014775825735842524,0.28037597564717054,0.5597794550073532,0.4983242056568775,-0.21097758412361145,9.484074592590332,-0.21097758412361145,9.484074592590332,9.486420631408691,9.486420631408691,-0.0001477586483815685,0.28022685647010803,0.5597795248031616,0.4983242452144623,6.4389554799149096e-09,0.0001485834367258576,6.4389554799149096e-09,0.0001485834367258576,0.00014886398712654625,0.00014886398712654625,3.9102314325378286e-10,0.00014911917706250666,6.9795808466111e-08,3.955758476337223e-08
18050,0.36100000000000004,0,0.559303343296051,-1.7538056340526964e-07,0.559802234172821,104.60446166992188,104.71975708007812,1.9999999494757503e-05,False,False,-0.21080476234562864,9.484240127252647,-0.21080476234562864,9.484240127252647,9.486582600663787,9.486582600663787,-0.00014767445899255228,0.28013913531068835,0.5593137268875537,0.4992806481426029,-0.2108047753572464,9.484091758728027,-0.2108047753572464,9.484091758728027,9.486433982849121,9.486433982849121,-0.00014767485845368356,0.2799900770187378,0.5593137145042419,0.4992806613445282,1.301161775546511e-08,0.0001483685246199684,1.301161775546511e-08,0.0001483685246199684,0.00014861781466635193,0.00014861781466635193,3.994611312736762e-10,0.00014905829195055453,1.2383311709385225e-08,1.3201925275208026e-08
18075,0.36150000000000004,0,0.5588451027870178,-1.7035183930147468e-07,0.5593360662460327,104.60713958740234,104.71975708007812,1.9999999494757503e-05,False,False,-0.21063465850550678,9.484256103813305,-0.21063465850550678,9.484256103813305,9.486594794871532,9.486594794871532,-0.00014759306415587767,0.2799060199668817,0.5588536526196328,0.500214936675071,-0.21063466370105743,9.484107971191406,-0.21063466370105743,9.484107971191406,9.486446380615234,9.486446380615234,-0.00014759345503989607,0.279757022857666,0.5588536858558655,0.5002149939537048,5.1955506563672316e-09,0.0001481326218986112,5.1955506563672316e-09,0.0001481326218986112,0.00014841425629796845,0.00014841425629796845,3.9088401840390447e-10,0.0001489971092156761,3.323623265494291e-08,5.7278633835977644e-08
18100,0.36200000000000004,0,0.5583942532539368,-1.6547046755022166e-07,0.5588772892951965,104.60975646972656,104.71975708007812,1.9999999494757503e-05,False,False,-0.21046720638932884,9.484270442205913,-0.21046720638932884,9.484270442205913,9.486605413205826,9.486605413205826,-0.00014751400238955487,0.279676637479125,0.5584036578393332,0.5011275243464335,-0.21046720445156097,9.484121322631836,-0.21046720445156097,9.484121322631836,9.486455917358398,9.486455917358398,-0.00014751437993254513,0.2795276939868927,0.558403730392456,0.5011276006698608,1.9377678628362816e-09,0.00014911957407726106,1.9377678628362816e-09,0.00014911957407726106,0.00014949584742751654,0.00014949584742751654,3.775429902519098e-10,0.00014894349223232295,7.255312284293325e-08,7.63234273559732e-08
18125,0.36250000000000004,0,0.5579508543014526,-1.6073202857569413e-07,0.558426022529602,104.61231994628906,104.71975708007812,1.9999999494757503e-05,False,False,-0.210302466639005,9.484283698153416,-0.210302466639005,9.484283698153416,9.486615012454815,9.486615012454815,-0.00014743720535242942,0.27945097324400897,0.5579602230952149,0.5020188642488413,-0.210302472114563,9.484135627746582,-0.210302472114563,9.484135627746582,9.486467361450195,9.486467361450195,-0.0001474375749239698,0.27930206060409546,0.5579602718353271,0.502018928527832,5.475557979250922e-09,0.00014807040683351147,5.475557979250922e-09,0.00014807040683351147,0.00014765100461922032,0.00014765100461922032,3.695715403899489e-10,0.0001489126399135121,4.8740112279510583e-08,6.427899068572884e-08
18150,0.36300000000000004,0,0.5575148463249207,-1.5613224491062283e-07,0.5579821467399597,104.61483001708984,104.71975708007812,1.9999999494757503e-05,False,False,-0.21014039480205024,9.484295971579249,-0.21014039480205024,9.484295971579249,9.486623691389994,9.486623691389994,-0.00014736260675113594,0.27922902613819434,0.5575238014794291,0.5028894094744458,-0.2101404070854187,9.484147071838379,-0.2101404070854187,9.484147071838379,9.486474990844727,9.486474990844727,-0.0001473629818065092,0.2790801227092743,0.5575239062309265,0.5028895139694214,1.2283368461263322e-08,0.00014889974086962354,1.2283368461263322e-08,0.00014889974086962354,0.0001487005452673884,0.0001487005452673884,3.750553732601719e-10,0.00014890342892004416,1.0475149736510758e-07,1.0449497556130893e-07
18175,0.36350000000000005,0,0.5570862293243408,-1.5166696698543092e-07,0.5575456619262695,104.6172866821289,104.71975708007812,1.9999999494757503e-05,False,False,-0.2099809912795975,9.48430725349878,-0.2099809912795975,9.48430725349878,9.486631440899785,9.486631440899785,-0.00014729014228385525,0.27901078717496824,0.5570948310644985,0.5037395980957694,-0.20998097956180573,9.484158515930176,-0.20998097956180573,9.484158515930176,9.486482620239258,9.486482620239258,-0.00014729051326867193,0.2788618803024292,0.557094931602478,0.5037397146224976,1.1717791764676022e-08,0.00014873756860467324,1.1717791764676022e-08,0.00014873756860467324,0.000148820660527349,0.000148820660527349,3.7098481667848134e-10,0.00014890687253904522,1.005379794971617e-07,1.1652672815554155e-07
18200,0.36400000000000005,0,0.5566650032997131,-1.4733214470652456e-07,0.5571165680885315,104.61968994140625,104.71975708007812,1.9999999494757503e-05,False,False,-0.20982425646595868,9.484317524817266,-0.20982425646595868,9.484317524817266,9.48663824176707,9.48663824176707,-0.00014721974957255477,0.2787962372575645,0.556673752426216,0.5045698706886051,-0.20982424914836884,9.484169006347656,-0.20982424914836884,9.484169006347656,9.486489295959473,9.486489295959473,-0.00014722012565471232,0.2786473035812378,0.5566738247871399,0.504569947719574,7.317589839628269e-09,0.00014851846960972637,7.317589839628269e-09,0.00014851846960972637,0.0001489458075969452,0.0001489458075969452,3.760821575492755e-10,0.0001489336763267346,7.236092391949e-08,7.703096882583083e-08
18225,0.36450000000000005,0,0.556251049041748,-1.431238842997118e-07,0.5566948652267456,104.62203979492188,104.71975708007812,1.9999999494757503e-05,False,False,-0.20967019074844048,9.484326571090634,-0.20967019074844048,9.484326571090634,9.486643879475203,9.486643879475203,-0.00014715136810728076,0.2785853640292524,0.5562609861142032,0.5053806478025746,-0.20967018604278564,9.48417854309082,-0.20967018604278564,9.48417854309082,9.486495971679688,9.486495971679688,-0.00014715174620505422,0.27843645215034485,0.5562610626220703,0.5053807497024536,4.7056548380108865e-09,0.00014802799981339376,4.7056548380108865e-09,0.00014802799981339376,0.00014790779551532296,0.00014790779551532296,3.7809777346780454e-10,0.00014891187890753166,7.650786715274194e-08,1.0189987897923913e-07
18250,0.36500000000000005,0,0.5558443665504456,-1.3903840567763837e-07,0.5562804341316223,104.62434387207031,104.71975708007812,1.9999999494757503e-05,False,False,-0.20951876490735213,9.484335242188722,-0.20951876490735213,9.484335242188722,9.486649202909915,9.486649202909915,-0.00014708493918670106,0.2783781438999091,0.5558529676181327,0.5061723374709415,-0.20951877534389496,9.484186172485352,-0.20951877534389496,9.484186172485352,9.486499786376953,9.486499786376953,-0.00014708531671203673,0.2782292068004608,0.555853009223938,0.5061723589897156,1.0436542824399098e-08,0.00014906970337058567,1.0436542824399098e-08,0.00014906970337058567,0.00014941653296141055,0.00014941653296141055,3.775253356729392e-10,0.00014893709944829858,4.160580524548152e-08,2.1518774095952153e-08
18275,0.36550000000000005,0,0.5554448962211609,-1.3507204243978777e-07,0.5558732748031616,104.62659454345703,104.71975708007812,1.9999999494757503e-05,False,False,-0.20936996402299504,9.484342744356496,-0.20936996402299504,9.484342744356496,9.486653418053319,9.486653418053319,-0.00014702040586587955,0.2781745555260906,0.5554541025475742,0.5069453727596842,-0.2093699723482132,9.4841947555542,-0.2093699723482132,9.4841947555542,9.486505508422852,9.486505508422852,-0.00014702077896799892,0.27802562713623047,0.5554540753364563,0.5069453716278076,8.325218153748537e-09,0.00014798880229704992,8.325218153748537e-09,0.00014798880229704992,0.00014790963046706906,0.00014790963046706906,3.731021193766667e-10,0.0001489283898601368,2.721111791448294e-08,1.1318765924528407e-09
18300,0.36600000000000005,0,0.5550525784492493,-1.3122122766162647e-07,0.5554733276367188,104.62879943847656,104.71975708007812,1.9999999494757503e-05,False,False,-0.20922378127026173,9.484349729867754,-0.20922378127026173,9.484349729867754,9.486657176745219,9.486657176745219,-0.0001469577129003005,0.2779745798110314,0.555060808869299,0.5077001441791651,-0.20922379195690155,9.484200477600098,-0.20922379195690155,9.484200477600098,9.4865083694458,9.4865083694458,-0.00014695806021336466,0.27782565355300903,0.5550607442855835,0.5077000856399536,1.0686639823065391e-08,0.0001492522676560526,1.0686639823065391e-08,0.0001492522676560526,0.0001488072994177969,0.0001488072994177969,3.4731306415916596e-10,0.0001489262580223749,6.458371548667685e-08,5.853921147824792e-08
18325,0.36650000000000005,0,0.5546673536300659,-1.274825223163134e-07,0.5550805926322937,104.63095092773438,104.71975708007812,1.9999999494757503e-05,False,False,-0.20908020173768535,9.48435539822731,-0.20908020173768535,9.48435539822731,9.486659678234599,9.486659678234599,-0.00014689680669230381,0.2777781886712519,0.5546774546438039,0.5084370472462902,-0.20908020436763763,9.484207153320312,-0.20908020436763763,9.484207153320312,9.48651123046875,9.48651123046875,-0.00014689716044813395,0.2776292562484741,0.5546773672103882,0.5084369778633118,2.6299522837280875e-09,0.00014824490699716364,2.6299522837280875e-09,0.00014824490699716364,0.00014844776584865826,0.00014844776584865826,3.537558301304998e-10,0.00014893242277780327,8.743341572969854e-08,6.938297847369768e-08
18350,0.36700000000000005,0,0.5542892217636108,-1.238525868529905e-07,0.5546948909759521,104.633056640625,104.71975708007812,1.9999999494757503e-05,False,False,-0.20893917369158496,9.484360690239377,-0.20893917369158496,9.484360690239377,9.486661861838487,9.486661861838487,-0.00014683763524394737,0.2775853484065775,0.5543004678509469,0.5091564824845083,-0.20893917977809906,9.484211921691895,-0.20893917977809906,9.484211921691895,9.486513137817383,9.486513137817383,-0.00014683797780890018,0.27743640542030334,0.5543003678321838,0.5091564059257507,6.086514098280205e-09,0.00014876854748280266,6.086514098280205e-09,0.00014876854748280266,0.00014872402110377436,0.00014872402110377436,3.425649528041204e-10,0.0001489429862741587,1.0001876304954749e-07,7.65587575557447e-08
18375,0.36750000000000005,0,0.5539180636405945,-1.2032818119678268e-07,0.5543162822723389,104.63511657714844,104.71975708007812,1.9999999494757503e-05,False,False,-0.20880071987543924,9.484365278058181,-0.20880071987543924,9.484365278058181,9.48666340017691,9.48666340017691,-0.00014678014810772788,0.2773960343035466,0.5539302189749176,0.5098588203780089,-0.20880071818828583,9.484216690063477,-0.20880071818828583,9.484216690063477,9.486515045166016,9.486515045166016,-0.00014678049774374813,0.2772471010684967,0.5539300441741943,0.5098586678504944,1.6871534169737856e-09,0.00014858799470474082,1.6871534169737856e-09,0.00014858799470474082,0.00014835501089471848,0.00014835501089471848,3.4963602024988723e-10,0.0001489332350498862,1.7480072322939577e-07,1.5252751450756108e-07
18400,0.36800000000000005,0,0.5535538196563721,-1.1690615053794318e-07,0.5539446473121643,104.63713836669922,104.71975708007812,1.9999999494757503e-05,False,False,-0.20866481092253877,9.484369901521896,-0.20866481092253877,9.484369901521896,9.486665032149697,9.486665032149697,-0.0001467242963356937,0.2772102137853228,0.5535631159694017,0.5105444414240687,-0.20866481959819794,9.484221458435059,-0.20866481959819794,9.484221458435059,9.486516952514648,9.486516952514648,-0.00014672464749310166,0.2770612835884094,0.5535629987716675,0.5105443000793457,8.675659163293048e-09,0.0001484430868377018,8.675659163293048e-09,0.0001484430868377018,0.00014807963504814836,0.00014807963504814836,3.5115740794778444e-10,0.00014893019691336606,1.1719773418406021e-07,1.4134472303695134e-07
18425,0.36850000000000005,0,0.553196370601654,-1.1358346796441765e-07,0.5535799264907837,104.63910675048828,104.71975708007812,1.9999999494757503e-05,False,False,-0.20853139427300116,9.484373080902968,-0.20853139427300116,9.484373080902968,9.486665277122109,9.486665277122109,-0.0001466700324376642,0.27702785090505333,0.5532074693992276,0.5112137111003343,-0.20853140950202942,9.484224319458008,-0.20853140950202942,9.484224319458008,9.486516952514648,9.486516952514648,-0.0001466703979531303,0.2768789231777191,0.553207278251648,0.5112135410308838,1.522902826067707e-08,0.0001487614449597885,1.522902826067707e-08,0.0001487614449597885,0.00014832460746028175,0.00014832460746028175,3.655154660929874e-10,0.00014892772733421378,1.9114757965343898e-07,1.700694505224476e-07
18450,0.36900000000000005,0,0.5528457164764404,-1.1035717051299798e-07,0.5532220602035522,104.64103698730469,104.71975708007812,1.9999999494757503e-05,False,False,-0.20840047817473717,9.48437622179156,-0.20840047817473717,9.48437622179156,9.486665540419805,9.486665540419805,-0.00014661731033503017,0.2768489074692061,0.5528556971515894,0.5118669923811817,-0.20840048789978027,9.484227180480957,-0.20840048789978027,9.484227180480957,9.486516952514648,9.486516952514648,-0.00014661767636425793,0.2766999900341034,0.5528555512428284,0.5118668675422668,9.725043104147346e-09,0.00014904131060333725,9.725043104147346e-09,0.00014904131060333725,0.0001485879051568162,0.0001485879051568162,3.6602922776074465e-10,0.00014891743510270228,1.4590876107334338e-07,1.2483891487224952e-07
18475,0.36950000000000005,0,0.5525017976760864,-1.0722440180188642e-07,0.5528709888458252,104.6429214477539,104.71975708007812,1.9999999494757503e-05,False,False,-0.20827202526752056,9.484378626983515,-0.20827202526752056,9.484378626983515,9.486665124082895,9.486665124082895,-0.0001465660853180356,0.27667335764098056,0.5525121297379101,0.5125046432344427,-0.2082720249891281,9.484230041503906,-0.2082720249891281,9.484230041503906,9.486516952514648,9.486516952514648,-0.00014656645362265408,0.2765244245529175,0.5525119304656982,0.5125044584274292,2.7839244798322227e-10,0.00014858547960905355,2.7839244798322227e-10,0.00014858547960905355,0.00014817156824697975,0.00014817156824697975,3.6830461849269615e-10,0.0001489330880630746,1.9927221184268262e-07,1.8480701347023398e-07
18500,0.37000000000000005,0,0.5521644949913025,-1.0418238360898613e-07,0.552526593208313,104.64476776123047,104.71975708007812,1.9999999494757503e-05,False,False,-0.20814600611406583,9.48438092066877,-0.20814600611406583,9.48438092066877,9.486664651404466,9.486664651404466,-0.00014651631400399668,0.2765011542401315,0.5521731425693449,0.5131270116148636,-0.20814600586891174,9.484232902526855,-0.20814600586891174,9.484232902526855,9.486516952514648,9.486516952514648,-0.00014651668607257307,0.276352196931839,0.5521729588508606,0.5131268501281738,2.4515409147163325e-10,0.00014801814191400808,2.4515409147163325e-10,0.00014801814191400808,0.00014769888981724932,0.00014769888981724932,3.7206857638806025e-10,0.00014895730829250775,1.837184843145323e-07,1.61486689798096e-07
18525,0.37050000000000005,0,0.5518336892127991,-1.0122842297732859e-07,0.5521888136863708,104.64656829833984,104.71975708007812,1.9999999494757503e-05,False,False,-0.20802238335901438,9.48438229898174,-0.20802238335901438,9.48438229898174,9.486663317796017,9.486663317796017,-0.00014646795429632534,0.27633226581316245,0.5518430486344157,0.5137344379673754,-0.20802240073680878,9.484233856201172,-0.20802240073680878,9.484233856201172,9.486515045166016,9.486515045166016,-0.0001464683300582692,0.2761833071708679,0.5518428087234497,0.5137342214584351,1.737779439792142e-08,0.0001484427805689137,1.737779439792142e-08,0.0001484427805689137,0.00014827263000150026,0.00014827263000150026,3.757619438586428e-10,0.0001489586422945277,2.39910965982304e-07,2.1650894033165002e-07
18550,0.37100000000000005,0,0.5515093803405762,-9.835991221507356e-08,0.551857590675354,104.64833068847656,104.71975708007812,1.9999999494757503e-05,False,False,-0.20790114997019324,9.484383492773617,-0.20790114997019324,9.484383492773617,9.486661853684657,9.486661853684657,-0.00014642096534716703,0.27616665079652425,0.5515182158344631,0.5143272627369097,-0.20790114998817444,9.484234809875488,-0.20790114998817444,9.484234809875488,9.486513137817383,9.486513137817383,-0.00014642132737208158,0.2760177254676819,0.5515180230140686,0.5143270492553711,1.798119986240465e-11,0.00014868289812852709,1.798119986240465e-11,0.00014868289812852709,0.00014871586727416286,0.00014871586727416286,3.6202491454943517e-10,0.0001489253288423642,1.9282039454004973e-07,2.1348153855793583e-07
18575,0.37150000000000005,0,0.5511914491653442,-9.55743288955091e-08,0.5515328049659729,104.6500473022461,104.71975708007812,1.9999999494757503e-05,False,False,-0.20778224615841834,9.484383792483339,-0.20778224615841834,9.484383792483339,9.48665954827827,9.48665954827827,-0.00014637530751749505,0.27600427099668534,0.5512029321252947,0.5149058013356828,-0.20778226852416992,9.484235763549805,-0.20778226852416992,9.484235763549805,9.48651123046875,9.48651123046875,-0.0001463756780140102,0.27585533261299133,0.5512027144432068,0.514905571937561,2.2365751584096927e-08,0.0001480289335340501,2.2365751584096927e-08,0.0001480289335340501,0.00014831780952029305,0.00014831780952029305,3.704965151406052e-10,0.00014893838369400836,2.1768208791073107e-07,2.2939812172051433e-07
18600,0.37200000000000005,0,0.5508798360824585,-9.286921454076946e-08,0.5512144565582275,104.6517333984375,104.71975708007812,1.9999999494757503e-05,False,False,-0.20766570242797325,9.484384397118182,-0.20766570242797325,9.484384397118182,9.486657600876281,9.486657600876281,-0.00014633094234202528,0.27584508372675715,0.5508895878581166,0.5154703892020829,-0.20766569674015045,9.484235763549805,-0.20766569674015045,9.484235763549805,9.486509323120117,9.486509323120117,-0.0001463313092244789,0.27569612860679626,0.5508893728256226,0.5154701471328735,5.687822796085484e-09,0.00014863356837757635,5.687822796085484e-09,0.00014863356837757635,0.00014827775616410577,0.00014827775616410577,3.668824536165981e-10,0.00014895511996088073,2.150324940330961e-07,2.42069209344109e-07
18625,0.37250000000000005,0,0.5505743622779846,-9.02421817272625e-08,0.5509023666381836,104.65337371826172,104.71975708007812,1.9999999494757503e-05,False,False,-0.20755142140816407,9.484383919008199,-0.20755142140816407,9.484383919008199,9.486654621923888,9.486654621923888,-0.00014628783249225687,0.2756890440531732,0.5505864385257832,0.5160213367417825,-0.20755143463611603,9.484235763549805,-0.20755143463611603,9.484235763549805,9.486506462097168,9.486506462097168,-0.00014628820645157248,0.2755401134490967,0.5505861639976501,0.5160210728645325,1.3227951956018558e-08,0.0001481554583939726,1.3227951956018558e-08,0.0001481554583939726,0.00014815982672011785,0.00014815982672011785,3.739593156079808e-10,0.0001489306040765026,2.7452813300410384e-07,2.638772500507258e-07
18650,0.37300000000000005,0,0.5502750873565674,-8.769094250737908e-08,0.5505965352058411,104.65498352050781,104.71975708007812,1.9999999494757503e-05,False,False,-0.20743943355647232,9.484383762619885,-0.20743943355647232,9.484383762619885,9.486652016135194,9.486652016135194,-0.00014624594174352917,0.27553611265906264,0.5502858519500567,0.5165589568637259,-0.20743942260742188,9.484234809875488,-0.20743942260742188,9.484234809875488,9.486502647399902,9.486502647399902,-0.00014624631148763,0.2753871977329254,0.5502855777740479,0.5165587067604065,1.0949050444075681e-08,0.0001489527443965244,1.0949050444075681e-08,0.0001489527443965244,0.00014936873529158845,0.00014936873529158845,3.6974410084220435e-10,0.00014891492613722246,2.74176008896454e-07,2.5010331938801755e-07
18675,0.37350000000000005,0,0.5499818325042725,-8.521324446064682e-08,0.5502967834472656,104.65655517578125,104.71975708007812,1.9999999494757503e-05,False,False,-0.2073296566262937,9.484383217268705,-0.2073296566262937,9.484383217268705,9.486649071117002,9.486649071117002,-0.00014620523493899943,0.2753862502275546,0.5499920935573005,0.5170835424506851,-0.207329660654068,9.484233856201172,-0.207329660654068,9.484233856201172,9.486499786376953,9.486499786376953,-0.00014620560978073627,0.2752373516559601,0.5499918460845947,0.5170832872390747,4.0277742807681705e-09,0.00014936106753360434,4.0277742807681705e-09,0.00014936106753360434,0.0001492847400488273,0.0001492847400488273,3.748417368328299e-10,0.00014889857159450237,2.4747270577218927e-07,2.5521161040042983e-07
18700,0.37400000000000005,0,0.5496945381164551,-8.280692753714902e-08,0.5500031113624573,104.65808868408203,104.71975708007812,1.9999999494757503e-05,False,False,-0.20722209081492163,9.484382136977537,-0.20722209081492163,9.484382136977537,9.486645640854322,9.486645640854322,-0.00014616567796125356,0.2752394118250826,0.5497054787597302,0.517595408914876,-0.2072220891714096,9.484233856201172,-0.2072220891714096,9.484233856201172,9.486496925354004,9.486496925354004,-0.0001461660722270608,0.2750905156135559,0.5497052669525146,0.5175951719284058,1.6435120209212783e-09,0.00014828077636508397,1.6435120209212783e-09,0.00014828077636508397,0.0001487155003179197,0.0001487155003179197,3.9426580723074187e-10,0.00014889621152669452,2.1180721554436843e-07,2.369864702256308e-07
18725,0.37450000000000006,0,0.5494130849838257,-8.046988142496048e-08,0.5497153997421265,104.65959167480469,104.71975708007812,1.9999999494757503e-05,False,False,-0.2071167065202047,9.48438114481264,-0.2071167065202047,9.48438114481264,9.486642347543059,9.486642347543059,-0.0001461272376969532,0.2750955491480623,0.5494223053670829,0.5180948266096265,-0.20711670815944672,9.484232902526855,-0.20711670815944672,9.484232902526855,9.486494064331055,9.486494064331055,-0.00014612762606702745,0.2749466598033905,0.5494219660758972,0.5180944800376892,1.6392420199018432e-09,0.00014824228578369514,1.6392420199018432e-09,0.00014824228578369514,0.0001482832120043298,0.0001482832120043298,3.8837007424580815e-10,0.0001488893446717765,3.3929118570252825e-07,3.46571937259732e-07
18750,0.37500000000000006,0,0.5491374135017395,-7.820007397185691e-08,0.5494335293769836,104.66105651855469,104.71975708007812,1.9999999494757503e-05,False,False,-0.2070134439426219,9.484379637874046,-0.2070134439426219,9.484379637874046,9.486638587049303,9.486638587049303,-0.00014608988200898174,0.2749546296196578,0.5491468463155359,0.518582095927523,-0.20701345801353455,9.484230995178223,-0.20701345801353455,9.484230995178223,9.486490249633789,9.486490249633789,-0.000146090256748721,0.2748057246208191,0.5491464734077454,0.518581748008728,1.4070912657260237e-08,0.00014864269582304246,1.4070912657260237e-08,0.00014864269582304246,0.00014833741551356638,0.00014833741551356638,3.747397392666208e-10,0.0001489049988386837,3.7290779053567036e-07,3.479187949961826e-07
18775,0.37550000000000006,0,0.5488674640655518,-7.599551565817819e-08,0.5491575002670288,104.66248321533203,104.71975708007812,1.9999999494757503e-05,False,False,-0.2069123032638686,9.484377461197832,-0.2069123032638686,9.484377461197832,9.48663420438036,9.48663420438036,-0.0001460535797065821,0.2748165993195892,0.5488793744616888,0.5190574897251651,-0.2069123089313507,9.484228134155273,-0.2069123089313507,9.484228134155273,9.48648452758789,9.48648452758789,-0.00014605394972022623,0.2746677100658417,0.5488790273666382,0.5190571546554565,5.667482094739995e-09,0.00014932704255876672,5.667482094739995e-09,0.00014932704255876672,0.00014967679246957744,0.00014967679246957744,3.7001364412746554e-10,0.0001488892537475084,3.4709505059016266e-07,3.3506970853469653e-07
18800,0.37600000000000006,0,0.5486031174659729,-7.385430222939249e-08,0.5488871335983276,104.66388702392578,104.71975708007812,1.9999999494757503e-05,False,False,-0.2068132474641327,9.484376022620319,-0.2068132474641327,9.484376022620319,9.486630606162649,9.486630606162649,-0.000146018300515226,0.2746814223010032,0.5486122175749591,0.5195212808591522,-0.206813246011734,9.484227180480957,-0.206813246011734,9.484227180480957,9.486481666564941,9.486481666564941,-0.00014601866132579744,0.2745324969291687,0.5486118793487549,0.5195209383964539,1.4523987013070894e-09,0.0001488421393620598,1.4523987013070894e-09,0.0001488421393620598,0.00014893959770745369,0.00014893959770745369,3.608105714431129e-10,0.00014892537183447407,3.3822620426615657e-07,3.4246269831061937e-07
18825,0.37650000000000006,0,0.5483442544937134,-7.177455785267739e-08,0.5486223697662354,104.66525268554688,104.71975708007812,1.9999999494757503e-05,False,False,-0.20671622411296994,9.48437383005664,-0.20671622411296994,9.48437383005664,9.486626299458347,9.486626299458347,-0.00014598401505143885,0.27454905026031556,0.5483535910958564,0.5199737396828119,-0.20671622455120087,9.484225273132324,-0.20671622455120087,9.484225273132324,9.486477851867676,9.486477851867676,-0.00014598439156543463,0.27440017461776733,0.5483532547950745,0.5199733972549438,4.3823092377159867e-10,0.00014855692431581247,4.3823092377159867e-10,0.00014855692431581247,0.0001484475906714522,0.0001484475906714522,3.765139957895725e-10,0.0001488756425482296,3.363007818890651e-07,3.424278680608239e-07
18850,0.37700000000000006,0,0.5480908155441284,-6.975449196033878e-08,0.5483631491661072,104.66658782958984,104.71975708007812,1.9999999494757503e-05,False,False,-0.20662122598500415,9.484371508819574,-0.20662122598500415,9.484371508819574,9.486621909211731,9.486621909211731,-0.00014595069479333902,0.2744194371406205,0.548099785324303,0.5204151290396576,-0.2066212296485901,9.484222412109375,-0.2066212296485901,9.484222412109375,9.486473083496094,9.486473083496094,-0.00014595106767956167,0.27427053451538086,0.5480994582176208,0.5204148292541504,3.6635859346212385e-09,0.000149096710199359,3.6635859346212385e-09,0.000149096710199359,0.00014882571563745728,0.00014882571563745728,3.728862226588456e-10,0.00014890262523964415,3.2710668218527417e-07,2.997855071962263e-07
18875,0.37750000000000006,0,0.5478427410125732,-6.779234240639198e-08,0.5481093525886536,104.66788482666016,104.71975708007812,1.9999999494757503e-05,False,False,-0.20652819329178057,9.484368445898973,-0.20652819329178057,9.484368445898973,9.48661682119545,9.48661682119545,-0.00014591831205800626,0.2742925402550298,0.54785503064086,0.5208457067666594,-0.2065282016992569,9.484220504760742,-0.2065282016992569,9.484220504760742,9.486469268798828,9.486469268798828,-0.00014591867511626333,0.27414363622665405,0.5478547811508179,0.5208454728126526,8.407476326244279e-09,0.00014794113823057842,8.407476326244279e-09,0.00014794113823057842,0.00014755239662100905,0.00014755239662100905,3.630582570690599e-10,0.00014890402837575145,2.4949004218122184e-07,2.3395400683412504e-07
18900,0.37800000000000006,0,0.5475999116897583,-6.588641809912588e-08,0.5478609204292297,104.66915893554688,104.71975708007812,1.9999999494757503e-05,False,False,-0.2064371338205407,9.48436583805505,-0.2064371338205407,9.48436583805505,9.48661223199756,9.48661223199756,-0.00014588683997295853,0.27416831466997676,0.5476116322855012,0.5212657231909729,-0.2064371407032013,9.484216690063477,-0.2064371407032013,9.484216690063477,9.48646354675293,9.48646354675293,-0.00014588719932362437,0.2740194499492645,0.5476114153862,0.5212655067443848,6.8826605803540275e-09,0.00014914799157317304,6.8826605803540275e-09,0.00014914799157317304,0.00014868524463018673,0.00014868524463018673,3.5935066584175633e-10,0.00014886472071223844,2.1689930129742407e-07,2.1644658809716333e-07
18925,0.37850000000000006,0,0.5473622679710388,-6.40350705793935e-08,0.5476177334785461,104.67040252685547,104.71975708007812,1.9999999494757503e-05,False,False,-0.20634798776646485,9.48436306890758,-0.20634798776646485,9.48436306890758,9.486607524026345,9.486607524026345,-0.00014585625245285138,0.2740467143285557,0.5473738106257016,0.521675426136482,-0.2063480019569397,9.484214782714844,-0.2063480019569397,9.484214782714844,9.486459732055664,9.486459732055664,-0.00014585661119781435,0.27389782667160034,0.5473735928535461,0.5216752290725708,1.419047485073932e-08,0.0001482861927364354,1.419047485073932e-08,0.0001482861927364354,0.0001477919706811548,0.0001477919706811548,3.587449629624106e-10,0.00014888765695536543,2.177721554197376e-07,1.970639111892325e-07
18950,0.379,0,0.5471296906471252,-6.22367011260394e-08,0.5473796725273132,104.67161560058594,104.71975708007812,1.9999999494757503e-05,False,False,-0.20626071037025295,9.48436010363385,-0.20626071037025295,9.48436010363385,9.486602661440182,9.486602661440182,-0.00014582652417751622,0.27392770440725217,0.5471418034722585,0.5220750534139843,-0.20626071095466614,9.484211921691895,-0.20626071095466614,9.484211921691895,9.486454963684082,9.486454963684082,-0.00014582686708308756,0.27377885580062866,0.5471416115760803,0.5220748782157898,5.844131845123002e-10,0.00014818194195598267,5.844131845123002e-10,0.00014818194195598267,0.00014769775610012914,0.00014769775610012914,3.429055713422696e-10,0.0001488486066235084,1.9189617816994797e-07,1.7519819450750873e-07
18975,0.3795,0,0.5469021201133728,-6.048976075589962e-08,0.547146737575531,104.67280578613281,104.71975708007812,1.9999999494757503e-05,False,False,-0.20617531677343726,9.484357466501876,-0.20617531677343726,9.484357466501876,9.486598168660699,9.486598168660699,-0.00014579763056665063,0.2738112388491605,0.5469118735891068,0.5224648403310055,-0.2061753273010254,9.484209060668945,-0.2061753273010254,9.484209060668945,9.4864501953125,9.4864501953125,-0.00014579796697944403,0.27366238832473755,0.5469117164611816,0.5224646925926208,1.0527588134578991e-08,0.00014840583293107557,1.0527588134578991e-08,0.00014840583293107557,0.00014797334819860453,0.00014797334819860453,3.364127934015436e-10,0.00014885052442292768,1.5712792511557439e-07,1.477383846371083e-07
19000,0.38,0,0.5466793775558472,-5.8792743118374347e-08,0.5469188094139099,104.67396545410156,104.71975708007812,1.9999999494757503e-05,False,False,-0.2060917471790065,9.4843543311787,-0.2060917471790065,9.4843543311787,9.486593218200277,9.486593218200277,-0.00014576954775899525,0.2736972637340008,0.5466882313306363,0.5228450246983444,-0.2060917615890503,9.484206199645996,-0.2060917615890503,9.484206199645996,9.486445426940918,9.486445426940918,-0.0001457698963349685,0.2735483944416046,0.5466880798339844,0.5228448510169983,1.4410043797097316e-08,0.00014813153270409884,1.4410043797097316e-08,0.00014813153270409884,0.00014779125935859838,0.00014779125935859838,3.48575973261548e-10,0.00014886929239615876,1.5149665189007067e-07,1.7368134608286567e-07
19025,0.3805,0,0.5464615225791931,-5.7144195153568944e-08,0.5466957688331604,104.67509460449219,104.71975708007812,1.9999999494757503e-05,False,False,-0.20600995681523537,9.484350971592164,-0.20600995681523537,9.484350971592164,9.486588082901473,9.486588082901473,-0.000145742252590506,0.2735857498549545,0.5464710994880138,0.5232158293071679,-0.20600995421409607,9.48420238494873,-0.20600995421409607,9.48420238494873,9.48643970489502,9.48643970489502,-0.0001457425969420001,0.27343690395355225,0.5464709997177124,0.5232157111167908,2.60113930394823e-09,0.0001485866434336458,2.60113930394823e-09,0.0001485866434336458,0.00014837800645395305,0.00014837800645395305,3.443514940966279e-10,0.0001488459014022392,9.977030135388532e-08,1.181903771518833e-07
19050,0.381,0,0.5462483763694763,-5.5542702881439254e-08,0.5464775562286377,104.67619323730469,104.71975708007812,1.9999999494757503e-05,False,False,-0.20592992335082802,9.484347132856744,-0.20592992335082802,9.484347132856744,9.486582507407988,9.486582507407988,-0.00014571572257312892,0.27347664441508107,0.5462606958458653,0.5235774719421021,-0.2059299200773239,9.484198570251465,-0.2059299200773239,9.484198570251465,9.486433982849121,9.486433982849121,-0.00014571605424862355,0.2733277976512909,0.5462605357170105,0.5235773324966431,3.2735041066711545e-09,0.00014856260527906784,3.2735041066711545e-09,0.00014856260527906784,0.00014852455886682492,0.00014852455886682492,3.316754946321339e-10,0.00014884676379017803,1.6012885484251171e-07,1.3944545906863226e-07
19075,0.3815,0,0.546039879322052,-5.39868878490779e-08,0.5462640523910522,104.67727661132812,104.71975708007812,1.9999999494757503e-05,False,False,-0.20585163199141385,9.484344217191806,-0.20585163199141385,9.484344217191806,9.486577893243338,9.486577893243338,-0.00014568993587498098,0.2733699058508311,0.5460492931016344,0.5239301703877722,-0.20585162937641144,9.484195709228516,-0.20585162937641144,9.484195709228516,9.486429214477539,9.486429214477539,-0.00014569026825483888,0.27322107553482056,0.546049177646637,0.5239300727844238,2.615002409056544e-09,0.00014850796329035632,2.615002409056544e-09,0.00014850796329035632,0.00014867876579849337,0.00014867876579849337,3.323798579034018e-10,0.00014883031601053975,1.1545499745135857e-07,9.76033484034744e-08
19100,0.382,0,0.5458359718322754,-5.2475424894282696e-08,0.5460551977157593,104.67832946777344,104.71975708007812,1.9999999494757503e-05,False,False,-0.20577503038924794,9.484340842543567,-0.20577503038924794,9.484340842543567,9.486572857500843,9.486572857500843,-0.00014566487130053147,0.27326549484533397,0.5458450516238565,0.5242741399255318,-0.20577503740787506,9.484192848205566,-0.20577503740787506,9.484192848205566,9.486424446105957,9.486424446105957,-0.0001456651953049004,0.2731166481971741,0.5458449721336365,0.5242740511894226,7.018627123933641e-09,0.0001479943380005011,7.018627123933641e-09,0.0001479943380005011,0.00014841139488552813,0.00014841139488552813,3.240043689345818e-10,0.0001488466481598949,7.949022007291973e-08,8.873610923831876e-08
19125,0.3825,0,0.5456364750862122,-5.100702082927455e-08,0.545850932598114,104.67935180664062,104.71975708007812,1.9999999494757503e-05,False,False,-0.20570009620258844,9.484336759643142,-0.20570009620258844,9.484336759643142,9.486567150444671,9.486567150444671,-0.00014564050827178674,0.2731633642183444,0.5456481741775272,0.5246095833203767,-0.2057000994682312,9.484188079833984,-0.2057000994682312,9.484188079833984,9.486418724060059,9.486418724060059,-0.0001456408208468929,0.27301451563835144,0.5456480979919434,0.5246095061302185,3.265642756211662e-09,0.0001486798091576702,3.265642756211662e-09,0.0001486798091576702,0.00014842638461232127,0.00014842638461232127,3.1257510615207915e-10,0.0001488485799929773,7.618558384159257e-08,7.71901581542167e-08
19150,0.383,0,0.5454414486885071,-4.958042154612485e-08,0.5456511974334717,104.68035888671875,104.71975708007812,1.9999999494757503e-05,False,False,-0.2056268370383884,9.484333482987866,-0.2056268370383884,9.484333482987866,9.48656228634141,9.48656228634141,-0.0001456168268096099,0.27306348363970523,0.5454509209437326,0.5249367058405745,-0.20562686026096344,9.484185218811035,-0.20562686026096344,9.484185218811035,9.486413955688477,9.486413955688477,-0.0001456171303289011,0.2729146182537079,0.5454508662223816,0.5249366760253906,2.3222575029624437e-08,0.00014826417683089232,2.3222575029624437e-08,0.00014826417683089232,0.00014833065293373693,0.00014833065293373693,3.0351929121625633e-10,0.00014886538599734322,5.4721351006037366e-08,2.9815183877346385e-08
19175,0.3835,0,0.5452507138252258,-4.819441201675545e-08,0.545455813407898,104.68133544921875,104.71975708007812,1.9999999494757503e-05,False,False,-0.20555515568236,9.48432961816717,-0.20555515568236,9.48432961816717,9.486556868963081,9.486556868963081,-0.00014559380751604393,0.2729658014358146,0.5452614347681072,0.5252557052445781,-0.20555514097213745,9.48418140411377,-0.20555514097213745,9.48418140411377,9.486408233642578,9.486408233642578,-0.00014559410919900984,0.272816926240921,0.5452613830566406,0.5252556800842285,1.4710222540070816e-08,0.00014821405340015303,1.4710222540070816e-08,0.00014821405340015303,0.0001486353205031321,0.0001486353205031321,3.016829659078634e-10,0.00014887519489359402,5.171146655325032e-08,2.5160349581554442e-08
19200,0.384,0,0.5450642108917236,-4.684781274022498e-08,0.5452647805213928,104.68228912353516,104.71975708007812,1.9999999494757503e-05,False,False,-0.20548506719398746,9.484325696188918,-0.20548506719398746,9.484325696188918,9.486551429483168,9.486551429483168,-0.00014557143155710415,0.27287027828980176,0.5450759458720558,0.5255667842973831,-0.20548506081104279,9.484177589416504,-0.20548506081104279,9.484177589416504,9.486403465270996,9.486403465270996,-0.0001455717283533886,0.27272140979766846,0.5450758934020996,0.5255667567253113,6.382944672811419e-09,0.00014810677241428039,6.382944672811419e-09,0.00014810677241428039,0.00014796421217155853,0.00014796421217155853,2.9679628446208604e-10,0.00014886849213330278,5.2469956157708e-08,2.7572071847892232e-08
19225,0.3845,0,0.5448818206787109,-4.553947974272887e-08,0.545077919960022,104.6832275390625,104.71975708007812,1.9999999494757503e-05,False,False,-0.20541651927026244,9.48432244790357,-0.20541651927026244,9.48432244790357,9.486546697412958,9.486546697412958,-0.0001455496806455707,0.2727768726381175,0.5448906494311819,0.525870110718184,-0.20541653037071228,9.484173774719238,-0.20541653037071228,9.484173774719238,9.486397743225098,9.486397743225098,-0.00014554998779203743,0.2726280391216278,0.5448907017707825,0.525870144367218,1.1100449837098125e-08,0.0001486731843325373,1.1100449837098125e-08,0.0001486731843325373,0.00014895418786053938,0.00014895418786053938,3.071464667347458e-10,0.00014883351648969922,5.233960054251696e-08,3.3649034003602196e-08
19250,0.385,0,0.5447035431861877,-4.426830457759934e-08,0.5448952913284302,104.68413543701172,104.71975708007812,1.9999999494757503e-05,False,False,-0.20534950450508874,9.484318395829284,-0.20534950450508874,9.484318395829284,9.486541195423454,9.486541195423454,-0.0001455285370251865,0.2726855507805869,0.5447136932976631,0.5261658872719766,-0.20534950494766235,9.484169960021973,-0.20534950494766235,9.484169960021973,9.486392974853516,9.486392974853516,-0.00014552882930729538,0.2725367248058319,0.5447136759757996,0.5261658430099487,4.425736166435712e-10,0.00014843580731138672,4.425736166435712e-10,0.00014843580731138672,0.00014822056993857302,0.00014822056993857302,2.922821088890276e-10,0.00014882597475501802,1.7321863499120127e-08,4.426202782070732e-08
19275,0.3855,0,0.5445292592048645,-4.3033203667164344e-08,0.5447167158126831,104.68502044677734,104.71975708007812,1.9999999494757503e-05,False,False,-0.20528397059494416,9.48431426295311,-0.20528397059494416,9.48431426295311,9.486535645167788,9.486535645167788,-0.00014550798345472175,0.2725962632902866,0.5445412801569174,0.5264542891877696,-0.2052839696407318,9.484166145324707,-0.2052839696407318,9.484166145324707,9.486387252807617,9.486387252807617,-0.00014550828200299293,0.272447407245636,0.5445412993431091,0.5264543294906616,9.542123480255071e-10,0.00014811762840238885,9.542123480255071e-10,0.00014811762840238885,0.0001483923601703907,0.0001483923601703907,2.985482711742593e-10,0.00014885604465059155,1.9186191746456416e-08,4.0302892023724723e-08
19300,0.386,0,0.5443589091300964,-4.183313961902968e-08,0.544542133808136,104.6858901977539,104.71975708007812,1.9999999494757503e-05,False,False,-0.20521991010676285,9.484310686944184,-0.20521991010676285,9.484310686944184,9.486530683974404,9.486530683974404,-0.0001454880031925073,0.27250897646704153,0.544369615197634,0.5267354941978434,-0.20521990954875946,9.484162330627441,-0.20521990954875946,9.484162330627441,9.486382484436035,9.486382484436035,-0.0001454883167752996,0.2723601460456848,0.544369637966156,0.5267355442047119,5.580033934915463e-10,0.00014835631674259275,5.580033934915463e-10,0.00014835631674259275,0.00014819953836919808,0.00014819953836919808,3.135827923012296e-10,0.00014883042135671598,2.2768521956706422e-08,5.0006868534957505e-08
19325,0.3865,0,0.544192373752594,-4.066709635708321e-08,0.544371485710144,104.68673706054688,104.71975708007812,1.9999999494757503e-05,False,False,-0.2051572857046075,9.484306857196053,-0.2051572857046075,9.484306857196053,9.48652550058944,9.48652550058944,-0.000145468579981436,0.27242365211732017,0.5442028411858696,0.5270096725246635,-0.20515727996826172,9.48415756225586,-0.20515727996826172,9.48415756225586,9.48637580871582,9.48637580871582,-0.0001454688754165545,0.27227482199668884,0.5442029237747192,0.5270097851753235,5.736345787266117e-09,0.00014929494019355616,5.736345787266117e-09,0.00014929494019355616,0.00014969187362012804,0.00014969187362012804,2.9543511850783043e-10,0.00014883012063132695,8.258884964806867e-08,1.1265066002241753e-07
19350,0.387,0,0.5440295934677124,-3.953408622692223e-08,0.5442046523094177,104.68756103515625,104.71975708007812,1.9999999494757503e-05,False,False,-0.2050960525581082,9.484302835436981,-0.2050960525581082,9.484302835436981,9.486520155729016,9.486520155729016,-0.0001454496980356388,0.2723402509242518,0.5440411283440901,0.527276994390696,-0.2050960659980774,9.484153747558594,-0.2050960659980774,9.484153747558594,9.486371040344238,9.486371040344238,-0.00014545001613441855,0.2721914052963257,0.5440412759780884,0.5272771120071411,1.3439969193118628e-08,0.0001490878783876326,1.3439969193118628e-08,0.0001490878783876326,0.00014911538477768715,0.00014911538477768715,3.1809877973874856e-10,0.00014884562792610856,1.4763399824868628e-07,1.1761644513885727e-07
19375,0.3875,0,0.5438705086708069,-3.843315710128081e-08,0.544041633605957,104.68836975097656,104.71975708007812,1.9999999494757503e-05,False,False,-0.20503622566109278,9.484299151551387,-0.20503622566109278,9.484299151551387,9.486515179450866,9.486515179450866,-0.0001454313420252186,0.2722587324476261,0.5438806693446272,0.5275376250118633,-0.2050362229347229,9.484150886535645,-0.2050362229347229,9.484150886535645,9.486367225646973,9.486367225646973,-0.00014543165161740035,0.27210986614227295,0.543880820274353,0.5275377631187439,2.7263698798574154e-09,0.00014826501574205508,2.7263698798574154e-09,0.00014826501574205508,0.00014795380389287516,0.00014795380389287516,3.09592181751972e-10,0.00014886630535315692,1.5092972582841924e-07,1.381068805983432e-07
19400,0.388,0,0.5437150597572327,-3.736337816917512e-08,0.5438823103904724,104.68915557861328,104.71975708007812,1.9999999494757503e-05,False,False,-0.20497774523780773,9.48429520376209,-0.20497774523780773,9.48429520376209,9.486509968800293,9.486509968800293,-0.0001454134970630598,0.2721790652339467,0.5437256044502657,0.5277917321073596,-0.20497775077819824,9.484146118164062,-0.20497775077819824,9.484146118164062,9.486360549926758,9.486360549926758,-0.00014541381096933037,0.27203017473220825,0.5437257885932922,0.5277919173240662,5.540390507485782e-09,0.0001490855980268435,5.540390507485782e-09,0.0001490855980268435,0.00014941887353536742,0.00014941887353536742,3.139062705788138e-10,0.0001488905017384412,1.841430264937216e-07,1.8521670652749123e-07
19425,0.3885,0,0.543563187122345,-3.632385769947177e-08,0.5437265634536743,104.68992614746094,104.71975708007812,1.9999999494757503e-05,False,False,-0.2049205813737987,9.484291728536117,-0.2049205813737987,9.484291728536117,9.486505259401335,9.486505259401335,-0.00014539614869257537,0.27210121333636006,0.5435721038038939,0.5280394583636637,-0.20492057502269745,9.484143257141113,-0.20492057502269745,9.484143257141113,9.486356735229492,9.486356735229492,-0.00014539647963829339,0.2719523310661316,0.5435723066329956,0.5280396342277527,6.3511012560191205e-09,0.00014847139500417939,6.3511012560191205e-09,0.00014847139500417939,0.00014852417184307853,0.00014852417184307853,3.309457180143086e-10,0.00014888227022846756,2.0282910173641255e-07,1.7586408895819972e-07
19450,0.389,0,0.5434147119522095,-3.531371461917843e-08,0.5435744524002075,104.690673828125,104.71975708007812,1.9999999494757503e-05,False,False,-0.2048647416414879,9.484287606516324,-0.2048647416414879,9.484287606516324,9.486499932297843,9.486499932297843,-0.00014537928287411465,0.2720251329446387,0.5434243176813823,0.5282809815130557,-0.2048647552728653,9.484139442443848,-0.2048647552728653,9.484139442443848,9.48635196685791,9.48635196685791,-0.00014537959941662848,0.2718762755393982,0.5434244871139526,0.5282811522483826,1.3631377387968158e-08,0.00014816407247586483,1.3631377387968158e-08,0.00014816407247586483,0.0001479654399325625,0.0001479654399325625,3.1654251382616863e-10,0.00014885740524051005,1.6943257030721526e-07,1.7073532687650328e-07
19475,0.3895,0,0.543269693851471,-3.4332106935153206e-08,0.5434257388114929,104.69139862060547,104.71975708007812,1.9999999494757503e-05,False,False,-0.2048101363029172,9.484283310349507,-0.2048101363029172,9.484283310349507,9.486494458065456,9.486494458065456,-0.00014536288597271084,0.2719507914819469,0.5432823812593955,0.5285164367321998,-0.20481014251708984,9.484134674072266,-0.20481014251708984,9.484134674072266,9.486346244812012,9.486346244812012,-0.00014536318485625088,0.2718019187450409,0.5432825684547424,0.5285166501998901,6.214172648677518e-09,0.00014863627724182038,6.214172648677518e-09,0.00014863627724182038,0.00014821325344449576,0.00014821325344449576,2.9888354004204906e-10,0.00014887273690600278,1.871953468901566e-07,2.1346769030206048e-07
19500,0.39,0,0.5431280136108398,-3.337821397053631e-08,0.5432804822921753,104.6921157836914,104.71975708007812,1.9999999494757503e-05,False,False,-0.20475681768040865,9.484279842569542,-0.20475681768040865,9.484279842569542,9.486489840112492,9.486489840112492,-0.00014534694474649672,0.2718781518780923,0.543138497143773,0.5287459717141174,-0.20475682616233826,9.484131813049316,-0.20475682616233826,9.484131813049316,9.48634147644043,9.48634147644043,-0.00014534726506099105,0.2717292904853821,0.5431387424468994,0.5287461876869202,8.48192960312133e-09,0.00014802952022563431,8.48192960312133e-09,0.00014802952022563431,0.00014836367206250145,0.00014836367206250145,3.2031449432971815e-10,0.00014886139271019783,2.45303126367169e-07,2.159728027528729e-07
19525,0.3905,0,0.5429896116256714,-3.2451232812036324e-08,0.5431385040283203,104.69281005859375,104.71975708007812,1.9999999494757503e-05,False,False,-0.20470468864169228,9.484276036691735,-0.20470468864169228,9.484276036691735,9.486484910108537,9.486484910108537,-0.00014533144633485404,0.2718071882962739,0.5430007581147186,0.5289697341518305,-0.20470468699932098,9.48412799835205,-0.20470468699932098,9.48412799835205,9.486336708068848,9.486336708068848,-0.00014533176727127284,0.271658331155777,0.5430010557174683,0.5289700031280518,1.6423712945190516e-09,0.00014803833968457525,1.6423712945190516e-09,0.00014803833968457525,0.00014820203968923806,0.00014820203968923806,3.2093641879802313e-10,0.00014885714049694965,2.9760274966594835e-07,2.689762212959579e-07
19550,0.391,0,0.542854368686676,-3.1550392520784953e-08,0.5429998636245728,104.69348907470703,104.71975708007812,1.9999999494757503e-05,False,False,-0.20465378658766567,9.48427221938778,-0.20465378658766567,9.48427221938778,9.486479995436424,9.486479995436424,-0.0001453163782471647,0.2717378591729427,0.5428653343151195,0.5291878667318172,-0.2046537846326828,9.484123229980469,-0.2046537846326828,9.484123229980469,9.48633098602295,9.48633098602295,-0.00014531669148709625,0.2715890407562256,0.5428656339645386,0.5291881561279297,1.9549828700338168e-09,0.00014898940731100652,1.9549828700338168e-09,0.00014898940731100652,0.0001490094134748432,0.0001490094134748432,3.132399315516725e-10,0.00014881841671710028,2.9964941905546993e-07,2.893961125183253e-07
19575,0.3915,0,0.5427222847938538,-3.067494347419597e-08,0.5428643822669983,104.69415283203125,104.71975708007812,1.9999999494757503e-05,False,False,-0.20460404420855752,9.484268661215154,-0.20460404420855752,9.484268661215154,9.486475365119249,9.486475365119249,-0.00014530172835229855,0.27167013193126266,0.5427323559150973,0.529400499624199,-0.20460404455661774,9.48412036895752,-0.20460404455661774,9.48412036895752,9.486327171325684,9.486327171325684,-0.00014530203770846128,0.27152130007743835,0.5427325963973999,0.5294007658958435,3.4806021953492916e-10,0.0001482922576343526,3.4806021953492916e-10,0.0001482922576343526,0.00014819379356545426,0.00014819379356545426,3.0935616272972054e-10,0.00014883185382430497,2.4048230262696535e-07,2.6627164451120677e-07
19600,0.392,0,0.542593240737915,-2.982415026053786e-08,0.5427320599555969,104.69479370117188,104.71975708007812,1.9999999494757503e-05,False,False,-0.20455544664325842,9.484264456139307,-0.20455544664325842,9.484264456139307,9.486470112994551,9.486470112994551,-0.00014528748486749887,0.2716039739943981,0.5426059381447208,0.529607775515454,-0.2045554518699646,9.484116554260254,-0.2045554518699646,9.484116554260254,9.486322402954102,9.486322402954102,-0.00014528777683153749,0.27145513892173767,0.5426062941551208,0.5296081304550171,5.2267061789734726e-09,0.00014790187905333596,5.2267061789734726e-09,0.00014790187905333596,0.00014771004044966674,0.00014771004044966674,2.919640386118798e-10,0.00014883507266044704,3.560104000488451e-07,3.5493956307419694e-07
19625,0.3925,0,0.5424671769142151,-2.8997309442502228e-08,0.5426028370857239,104.69542694091797,104.71975708007812,1.9999999494757503e-05,False,False,-0.20450800127206997,9.48426091095132,-0.20450800127206997,9.48426091095132,9.486465545691054,9.486465545691054,-0.00014527363634857295,0.27153934941549557,0.542478261080386,0.52980981956916,-0.2045080065727234,9.484111785888672,-0.2045080065727234,9.484111785888672,9.486316680908203,9.486316680908203,-0.00014527392340824008,0.27139052748680115,0.5424785614013672,0.5298101305961609,5.3006534161958996e-09,0.00014912506264863623,5.3006534161958996e-09,0.00014912506264863623,0.00014886478285092153,0.00014886478285092153,2.8705966713372076e-10,0.00014882192869442035,3.0032098119470163e-07,3.11027000932107e-07
19650,0.393,0,0.5423440933227539,-2.819373356999222e-08,0.5424765944480896,104.696044921875,104.71975708007812,1.9999999494757503e-05,False,False,-0.20446164832976885,9.484257523795204,-0.20446164832976885,9.484257523795204,9.486461160164188,9.486461160164188,-0.00014526017167958112,0.27147622561771945,0.5423534249325335,0.5300067594521664,-0.20446164906024933,9.484108924865723,-0.20446164906024933,9.484108924865723,9.486312866210938,9.486312866210938,-0.0001452604483347386,0.271327406167984,0.5423538088798523,0.5300071239471436,7.304804816588018e-10,0.00014859892948138054,7.304804816588018e-10,0.00014859892948138054,0.0001482939532504446,0.0001482939532504446,2.766551574959718e-10,0.00014881944973543781,3.8394731882718247e-07,3.6449497720081325e-07
19675,0.3935,0,0.5422238707542419,-2.741275473283622e-08,0.5423532724380493,104.69664001464844,104.71975708007812,1.9999999494757503e-05,False,False,-0.20441635051279022,9.484253496421053,-0.20441635051279022,9.484253496421053,9.486456157529634,9.486456157529634,-0.00014524708006352955,0.2714145767642686,0.5422355299116032,0.5301987228313225,-0.20441634953022003,9.484105110168457,-0.20441634953022003,9.484105110168457,9.486308097839355,9.486308097839355,-0.00014524735161103308,0.27126574516296387,0.5422358512878418,0.5301990509033203,9.825701918764196e-10,0.00014838625259550042,9.825701918764196e-10,0.00014838625259550042,0.00014805969027875676,0.00014805969027875676,2.715475035314826e-10,0.00014883160130474415,3.213762386211627e-07,3.280719977905022e-07
19700,0.394,0,0.5421065092086792,-2.665372456078785e-08,0.5422328114509583,104.69722747802734,104.71975708007812,1.9999999494757503e-05,False,False,-0.20437211517625473,9.484250241157921,-0.20437211517625473,9.484250241157921,9.486451949931846,9.486451949931846,-0.00014523435101262847,0.27135437140164664,0.5421167510874475,0.5303858298636625,-0.2043721228837967,9.484101295471191,-0.2043721228837967,9.484101295471191,9.486303329467773,9.486303329467773,-0.00014523461868520826,0.2712055444717407,0.5421170592308044,0.5303861498832703,7.707541965773501e-09,0.00014894568673007313,7.707541965773501e-09,0.00014894568673007313,0.00014862046407237983,0.00014862046407237983,2.676725797934841e-10,0.00014882692990592084,3.081433569418479e-07,3.2001960781347094e-07
19725,0.3945,0,0.5419918298721313,-2.591601777623964e-08,0.5421152114868164,104.69779968261719,104.71975708007812,1.9999999494757503e-05,False,False,-0.20432892746044695,9.484246743063196,-0.20432892746044695,9.484246743063196,9.486447522328996,9.486447522328996,-0.00014522197433958765,0.2712955690896435,0.5420011736508783,0.5305681931964071,-0.20432893931865692,9.484098434448242,-0.20432893931865692,9.484098434448242,9.486299514770508,9.486299514770508,-0.00014522224955726415,0.2711467444896698,0.5420016050338745,0.5305685997009277,1.1858209969517475e-08,0.00014830861495340741,1.1858209969517475e-08,0.00014830861495340741,0.0001480075584883167,0.0001480075584883167,2.752176765023588e-10,0.0001488245999736737,4.313829962132587e-07,4.0650452060031483e-07
19750,0.395,0,0.5418798923492432,-2.5199021536082e-08,0.542000412940979,104.69834899902344,104.71975708007812,1.9999999494757503e-05,False,False,-0.20428675006826527,9.484242509267553,-0.20428675006826527,9.484242509267553,9.486442381148537,9.486442381148537,-0.00014520994014867775,0.2712381462381366,0.5418929078254217,0.5307459505094918,-0.20428675413131714,9.484094619750977,-0.20428675413131714,9.484094619750977,9.486294746398926,9.486294746398926,-0.00014521022967528552,0.2710893452167511,0.5418933629989624,0.5307464003562927,4.063051867175815e-09,0.00014788951657607186,4.063051867175815e-09,0.00014788951657607186,0.00014763474961121403,0.00014763474961121403,2.895266077666131e-10,0.00014880102138548068,4.5517354074764427e-07,4.498468009206391e-07
19775,0.3955,0,0.5417705774307251,-2.4502144313487406e-08,0.5418882369995117,104.69889831542969,104.71975708007812,1.9999999494757503e-05,False,False,-0.2042455603050447,9.484239626838825,-0.2042455603050447,9.484239626838825,9.486438612472236,9.486438612472236,-0.00014519823882736083,0.27118207476364686,0.5417801336078949,0.5309191994305064,-0.20424555242061615,9.484090805053711,-0.20424555242061615,9.484090805053711,9.486289978027344,9.486289978027344,-0.00014519854448735714,0.27103325724601746,0.5417805910110474,0.5309196710586548,7.884428554483236e-09,0.00014882178511399502,7.884428554483236e-09,0.00014882178511399502,0.00014863444489243705,0.00014863444489243705,3.0565999630991457e-10,0.0001488175176294071,4.57403152465119e-07,4.7162814842405254e-07
19800,0.396,0,0.5416638851165771,-2.3824812345196733e-08,0.5417787432670593,104.69942474365234,104.71975708007812,1.9999999494757503e-05,False,False,-0.20420533601900914,9.48423595366615,-0.20420533601900914,9.48423595366615,9.486434074196284,9.486434074196284,-0.00014518686103768633,0.2711273277060343,0.5416748887861059,0.5310880601164861,-0.20420534908771515,9.484086990356445,-0.20420534908771515,9.484086990356445,9.486285209655762,9.486285209655762,-0.00014518717944156379,0.27097851037979126,0.5416753888130188,0.5310885310173035,1.3068706006258424e-08,0.00014896330970515237,1.3068706006258424e-08,0.00014896330970515237,0.00014886454052209785,0.00014886454052209785,3.1840387745558744e-10,0.00014881732624305588,5.000269128752066e-07,4.7090081733980327e-07
19825,0.3965,0,0.5415596961975098,-2.316646607880557e-08,0.5416718125343323,104.69994354248047,104.71975708007812,1.9999999494757503e-05,False,False,-0.20416606207806948,9.48423279991055,-0.20416606207806948,9.48423279991055,9.486430075840099,9.486430075840099,-0.00014517579770839055,0.2710738724884631,0.5415693259004631,0.5312526301950213,-0.20416606962680817,9.484084129333496,-0.20416606962680817,9.484084129333496,9.486281394958496,9.486281394958496,-0.00014517611998599023,0.27092504501342773,0.5415697693824768,0.5312530994415283,7.548738689688861e-09,0.0001486705770545882,7.548738689688861e-09,0.0001486705770545882,0.00014868088160291393,0.00014868088160291393,3.222775996807384e-10,0.00014882747503536242,4.434820136678397e-07,4.6924650698443315e-07
19850,0.397,0,0.5414579510688782,-2.252656550183474e-08,0.5415674448013306,104.70044708251953,104.71975708007812,1.9999999494757503e-05,False,False,-0.20412772363382384,9.484229365075386,-0.20412772363382384,9.484229365075386,9.486425816761242,9.486425816761242,-0.00014516504002712934,0.271021681027454,0.5414675276385064,0.5314130198100607,-0.2041277140378952,9.48408031463623,-0.2041277140378952,9.48408031463623,9.486276626586914,9.486276626586914,-0.00014516535156872123,0.2708728313446045,0.54146808385849,0.5314135551452637,9.595928635031115e-09,0.00014905043915547367,9.595928635031115e-09,0.00014905043915547367,0.00014919017432823978,0.00014919017432823978,3.1154159189483027e-10,0.00014884968284950562,5.562199836273152e-07,5.353352029446867e-07
19875,0.3975,0,0.5413586497306824,-2.19045812599461e-08,0.5414655208587646,104.70093536376953,104.71975708007812,1.9999999494757503e-05,False,False,-0.20409027580936406,9.48422581867337,-0.20409027580936406,9.48422581867337,9.486421465456324,9.486421465456324,-0.00014515457943321374,0.27097072074617123,0.541369601640912,0.5315693366022809,-0.20409028232097626,9.484076499938965,-0.20409028232097626,9.484076499938965,9.486271858215332,9.486271858215332,-0.0001451548741897568,0.27082186937332153,0.541370153427124,0.5315698981285095,6.511612193893512e-09,0.00014931873440460208,6.511612193893512e-09,0.00014931873440460208,0.0001496072409921112,0.0001496072409921112,2.9475654306655025e-10,0.00014885137284970096,5.517862120552053e-07,5.615262286262634e-07
19900,0.398,0,0.5412616729736328,-2.130000709144042e-08,0.5413660407066345,104.701416015625,104.71975708007812,1.9999999494757503e-05,False,False,-0.20405373348561773,9.484222613134175,-0.20405373348561773,9.484222613134175,9.48641747455988,9.48641747455988,-0.00014514440760974236,0.2709209747945274,0.54127167299168,0.5317216781992725,-0.20405372977256775,9.484074592590332,-0.20405372977256775,9.484074592590332,9.4862699508667,9.4862699508667,-0.00014514468784909695,0.27077215909957886,0.5412722229957581,0.5317222476005554,3.7130499785931192e-09,0.0001480205438433302,3.7130499785931192e-09,0.0001480205438433302,0.00014752369318138392,0.00014752369318138392,2.802393545898226e-10,0.0001488156949485675,5.500040780592741e-07,5.69401282901616e-07
19925,0.3985,0,0.5411670207977295,-2.0712343840045833e-08,0.5412688851356506,104.7018814086914,104.71975708007812,1.9999999494757503e-05,False,False,-0.20401803691966192,9.48421925109507,-0.20401803691966192,9.48421925109507,9.486413345529009,9.486413345529009,-0.0001451345164768054,0.2708724150890434,0.5411778143652632,0.5318701447318978,-0.20401804149150848,9.484070777893066,-0.20401804149150848,9.484070777893066,9.486265182495117,9.486265182495117,-0.00014513483620248735,0.2707235813140869,0.5411784648895264,0.5318707823753357,4.571846567991145e-09,0.00014847320200317426,4.571846567991145e-09,0.00014847320200317426,0.00014816303389153518,0.00014816303389153518,3.1972568193786195e-10,0.00014883377495650274,6.505242631238417e-07,6.376434379395945e-07
19950,0.399,0,0.5410746335983276,-2.0141111889415697e-08,0.5411741137504578,104.70233917236328,104.71975708007812,1.9999999494757503e-05,False,False,-0.20398322343620484,9.484216172628976,-0.20398322343620484,9.484216172628976,9.4864095191279,9.4864095191279,-0.00014512489818462157,0.27082501242290064,0.5410841458391189,0.5320148288212044,-0.20398323237895966,9.484067916870117,-0.20398323237895966,9.484067916870117,9.486261367797852,9.486261367797852,-0.00014512523193843663,0.27067622542381287,0.5410847663879395,0.5320154428482056,8.942754814444953e-09,0.00014825575885879516,8.942754814444953e-09,0.00014825575885879516,0.00014815133004830727,0.00014815133004830727,3.3375381505804796e-10,0.00014878699908776882,6.205488205512921e-07,6.140270011334437e-07
19975,0.3995,0,0.5409844517707825,-1.9585842281344412e-08,0.5410815477371216,104.7027816772461,104.71975708007812,1.9999999494757503e-05,False,False,-0.2039492108454513,9.484212879249812,-0.2039492108454513,9.484212879249812,9.486405495209052,9.486405495209052,-0.0001451155451067086,0.27077873758928106,0.5409947375844277,0.5321558280947827,-0.2039492130279541,9.484064102172852,-0.2039492130279541,9.484064102172852,9.48625659942627,9.48625659942627,-0.00014511584595311433,0.2706299126148224,0.5409954190254211,0.5321565270423889,2.1825027896049676e-09,0.00014877707696037135,2.1825027896049676e-09,0.00014877707696037135,0.0001488957827824322,0.0001488957827824322,3.0084640573017907e-10,0.00014882497445867227,6.814409934108312e-07,6.989476062368993e-07
20000,0.4,0,0.540896475315094,-1.904608204483793e-08,0.5409911870956421,104.70320892333984,104.71975708007812,1.9999999494757503e-05,False,False,-0.20391599916679126,9.484209354107715,-0.20391599916679126,9.484209354107715,9.486401256918267,9.486401256918267,-0.00014510644983342216,0.2707335737380968,0.5409096822222375,0.5322932351736801,-0.2039160132408142,9.484060287475586,-0.2039160132408142,9.484060287475586,9.486251831054688,9.486251831054688,-0.0001451067510060966,0.2705847918987274,0.5409103035926819,0.5322938561439514,1.4074022947063725e-08,0.0001490666321295464,1.4074022947063725e-08,0.0001490666321295464,0.00014942586357946652,0.00014942586357946652,3.0117267444599964e-10,0.00014878183936939404,6.21370444431335e-07,6.209702713144694e-07
20025,0.4005,0,0.5408105850219727,-1.8521390643400082e-08,0.5409030318260193,104.7036361694336,104.71975708007812,1.9999999494757503e-05,False,False,-0.2038836181105301,9.484206705274364,-0.2038836181105301,9.484206705274364,9.486397912701376,9.486397912701376,-0.00014509760516572857,0.2706894882925123,0.5408211222798711,0.5324271376724015,-0.20388361811637878,9.484058380126953,-0.20388361811637878,9.484058380126953,9.486249923706055,9.486249923706055,-0.0001450979325454682,0.27054065465927124,0.5408217906951904,0.5324277877807617,5.84868264930094e-12,0.00014832514741058844,5.84868264930094e-12,0.00014832514741058844,0.00014798899532131315,0.00014798899532131315,3.273797396369238e-10,0.00014883363324108556,6.684153193159403e-07,6.501083602561408e-07
20050,0.401,0,0.5407267212867737,-1.801134175138941e-08,0.5408169627189636,104.70404815673828,104.71975708007812,1.9999999494757503e-05,False,False,-0.2038519930920703,9.48420367533029,-0.2038519930920703,9.48420367533029,9.486394203818234,9.486394203818234,-0.00014508900410901165,0.27064646552577926,0.5407370854524716,0.5325576181989079,-0.20385199785232544,9.484055519104004,-0.20385199785232544,9.484055519104004,9.486246109008789,9.486246109008789,-0.0001450893032597378,0.2704976797103882,0.5407377481460571,0.532558262348175,4.760255134517166e-09,0.00014815622628638891,4.760255134517166e-09,0.00014815622628638891,0.00014809480944499853,0.00014809480944499853,2.99150726136262e-10,0.0001487858153910726,6.626935855624794e-07,6.441492671482862e-07
20075,0.4015,0,0.5406448841094971,-1.7515517924948654e-08,0.5407329797744751,104.7044448852539,104.71975708007812,1.9999999494757503e-05,False,False,-0.203821124129009,9.484200233945542,-0.203821124129009,9.484200233945542,9.486390099938642,9.486390099938642,-0.0001450806398673812,0.2706044751077401,0.5406576668643577,0.5326847718775183,-0.20382113754749298,9.484051704406738,-0.20382113754749298,9.484051704406738,9.486241340637207,9.486241340637207,-0.00014508093590848148,0.27045565843582153,0.5406582951545715,0.532685399055481,1.3418483990612629e-08,0.00014852953880328812,1.3418483990612629e-08,0.00014852953880328812,0.00014875930143531946,0.00014875930143531946,2.9604110027108e-10,0.0001488166719185724,6.282902138554647e-07,6.271779626754181e-07
20100,0.402,0,0.5405650734901428,-1.703351593107527e-08,0.5406510233879089,104.70484161376953,104.71975708007812,1.9999999494757503e-05,False,False,-0.20379101846487846,9.484197799065745,-0.20379101846487846,9.484197799065745,9.486387018829165,9.486387018829165,-0.00014507250583741272,0.27056349120159406,0.5405749940232227,0.5328086713031077,-0.20379102230072021,9.484049797058105,-0.20379102230072021,9.484049797058105,9.486239433288574,9.486239433288574,-0.00014507283049169928,0.27041468024253845,0.5405755639076233,0.5328092575073242,3.835841755339686e-09,0.0001480020076396471,3.835841755339686e-09,0.0001480020076396471,0.0001475855405903559,0.0001475855405903559,3.2465428655430346e-10,0.00014881095905561192,5.698844005586068e-07,5.862042165016845e-07
20125,0.4025,0,0.5404871702194214,-1.6564944971264595e-08,0.5405710339546204,104.7052230834961,104.71975708007812,1.9999999494757503e-05,False,False,-0.20376162397833544,9.484194915675484,-0.20376162397833544,9.484194915675484,9.48638350468349,9.48638350468349,-0.00014506459560292484,0.2705235025739494,0.5404970871143955,0.532929391573823,-0.20376163721084595,9.48404598236084,-0.20376163721084595,9.48404598236084,9.486234664916992,9.486234664916992,-0.00014506485604215413,0.27037471532821655,0.5404977202415466,0.5329300165176392,1.3232510504002093e-08,0.00014893331464449489,1.3232510504002093e-08,0.00014893331464449489,0.0001488397664974883,0.0001488397664974883,2.604392292918003e-10,0.00014878724573286206,6.331271511506031e-07,6.24943816140977e-07
20150,0.403,0,0.540411114692688,-1.6109423128796152e-08,0.5404930114746094,104.7055892944336,104.71975708007812,1.9999999494757503e-05,False,False,-0.20373294068527928,9.484191453523486,-0.20373294068527928,9.484191453523486,9.486379427274043,9.486379427274043,-0.00014505690292962274,0.2704844800179877,0.5404240512752811,0.5330470378270695,-0.2037329375743866,9.48404312133789,-0.2037329375743866,9.48404312133789,9.486230850219727,9.486230850219727,-0.00014505721628665924,0.27033567428588867,0.5404247045516968,0.5330476760864258,3.110892682345323e-09,0.00014833218559573424,3.110892682345323e-09,0.00014833218559573424,0.00014857705431658985,0.00014857705431658985,3.133570364993732e-10,0.00014880573209902215,6.532764156297333e-07,6.382593562559435e-07
20175,0.4035,0,0.5403369665145874,-1.5666582697804188e-08,0.5404168367385864,104.7059555053711,104.71975708007812,1.9999999494757503e-05,False,False,-0.20370495336307115,9.484189037137998,-0.20370495336307115,9.484189037137998,9.486376410421064,9.486376410421064,-0.00014504942175977528,0.270446402190265,0.5403480065037581,0.5331616751479075,-0.20370495319366455,9.484041213989258,-0.20370495319366455,9.484041213989258,9.486228942871094,9.486228942871094,-0.00014504972205031663,0.2702975273132324,0.5403486490249634,0.5331622958183289,1.6940659985920092e-10,0.00014782314874040026,1.6940659985920092e-10,0.00014782314874040026,0.00014746754997041478,0.00014746754997041478,3.002905413478779e-10,0.00014887487703257873,6.425212052407758e-07,6.206704213918002e-07
20200,0.404,0,0.5402645468711853,-1.5236064854207143e-08,0.5403425097465515,104.70630645751953,104.71975708007812,1.9999999494757503e-05,False,False,-0.20367763235324748,9.484185994810899,-0.20367763235324748,9.484185994810899,9.48637278215906,9.48637278215906,-0.00014504214620679153,0.2704092432539804,0.5402769704818834,0.5332733761312118,-0.20367763936519623,9.484037399291992,-0.20367763936519623,9.484037399291992,9.486224174499512,9.486224174499512,-0.00014504244609270245,0.27026042342185974,0.5402776598930359,0.5332740545272827,7.011948743862462e-09,0.00014859551890644696,7.011948743862462e-09,0.00014859551890644696,0.00014860765954871624,0.00014860765954871624,2.9988591091715394e-10,0.0001488198321206724,6.894111524990976e-07,6.783960708744985e-07
20225,0.4045,0,0.5401939153671265,-1.4817519655707656e-08,0.5402699708938599,104.70664978027344,104.71975708007812,1.9999999494757503e-05,False,False,-0.20365097004691937,9.484183184273682,-0.20365097004691937,9.484183184273682,9.48636939985265,9.48636939985265,-0.00014503507055105248,0.2703729874823856,0.5402070457642126,0.5333822158751295,-0.20365098118782043,9.484034538269043,-0.20365098118782043,9.484034538269043,9.486220359802246,9.486220359802246,-0.0001450353884138167,0.2702241837978363,0.5402077436447144,0.5333828926086426,1.1140901062800523e-08,0.0001486460046393745,1.1140901062800523e-08,0.0001486460046393745,0.00014904005040428103,0.00014904005040428103,3.178627642130491e-10,0.00014880368454928128,6.978805017210377e-07,6.767335131163676e-07
20250,0.405,0,0.5401250123977661,-1.441061048268466e-08,0.5401992201805115,104.70698547363281,104.71975708007812,1.9999999494757503e-05,False,False,-0.20362496645188752,9.484180479768419,-0.20362496645188752,9.484180479768419,9.48636613776755,9.48636613776755,-0.0001450281892340526,0.27033761016201885,0.5401383024423496,0.5334882644712639,-0.20362497866153717,9.48403263092041,-0.20362497866153717,9.48403263092041,9.486218452453613,9.486218452453613,-0.00014502847625408322,0.2701888084411621,0.5401390194892883,0.5334889888763428,1.2209649652428212e-08,0.0001478488480088913,1.2209649652428212e-08,0.0001478488480088913,0.00014768531393727358,0.00014768531393727358,2.8702003062675355e-10,0.00014880172085673937,7.170469387141054e-07,7.244050789223522e-07
20275,0.4055,0,0.5400577783584595,-1.4015008709122867e-08,0.5401301980018616,104.70731353759766,104.71975708007812,1.9999999494757503e-05,False,False,-0.20359959912410014,9.484177863321843,-0.20359959912410014,9.484177863321843,9.486362977447552,9.486362977447552,-0.00014502149685458336,0.27030309331945374,0.5400708106078979,0.5335915920112188,-0.20359960198402405,9.484029769897461,-0.20359960198402405,9.484029769897461,9.486214637756348,9.486214637756348,-0.00014502182602882385,0.27015426754951477,0.5400715470314026,0.5335923433303833,2.859923908804518e-09,0.00014809342438226736,2.859923908804518e-09,0.00014809342438226736,0.00014833969120431334,0.00014833969120431334,3.2917424049126037e-10,0.000148825769938965,7.364235047324641e-07,7.513191645491801e-07
20300,0.406,0,0.5399922132492065,-1.3630393702612764e-08,0.5400628447532654,104.70763397216797,104.71975708007812,1.9999999494757503e-05,False,False,-0.20357484561907033,9.484175419128675,-0.20357484561907033,9.484175419128675,9.486360002581254,9.486360002581254,-0.00014501498816377824,0.27026942010460236,0.5400046403524607,0.5336922685865974,-0.20357485115528107,9.484026908874512,-0.20357485115528107,9.484026908874512,9.486211776733398,9.486211776733398,-0.0001450152776669711,0.2701205611228943,0.5400053262710571,0.5336929559707642,5.536210739842673e-09,0.00014851025416362518,5.536210739842673e-09,0.00014851025416362518,0.00014822584785534332,0.00014822584785534332,2.895031928486051e-10,0.00014885898170807765,6.85918596476931e-07,6.873841668086911e-07
20325,0.40650000000000003,0,0.5399281978607178,-1.3256456377064296e-08,0.5399971008300781,104.70794677734375,104.71975708007812,1.9999999494757503e-05,False,False,-0.2035506834918804,9.484173019184285,-0.2035506834918804,9.484173019184285,9.48635708470713,9.48635708470713,-0.0001450086580609785,0.270236563557325,0.5399398592643702,0.5337903617857317,-0.20355068147182465,9.484024047851562,-0.20355068147182465,9.484024047851562,9.486207962036133,9.486207962036133,-0.00014500899123959243,0.27008768916130066,0.5399404764175415,0.5337910056114197,2.0200557615535075e-09,0.00014897133272206986,2.0200557615535075e-09,0.00014897133272206986,0.0001491226709973148,0.0001491226709973148,3.3317861393000053e-10,0.0001488743960243455,6.171531713450307e-07,6.438256879848225e-07
20350,0.40700000000000003,0,0.5398657917976379,-1.2892896528171605e-08,0.5399330258369446,104.708251953125,104.71975708007812,1.9999999494757503e-05,False,False,-0.20352713520099674,9.484170646638736,-0.20352713520099674,9.484170646638736,9.486354207456463,9.486354207456463,-0.00014500250158926365,0.2702045068275342,0.5398765324286865,0.5338859366936821,-0.20352713763713837,9.48402214050293,-0.20352713763713837,9.48402214050293,9.4862060546875,9.4862060546875,-0.00014500280667562038,0.2700556218624115,0.5398772358894348,0.5338866114616394,2.4361416217644205e-09,0.00014850613580641436,2.4361416217644205e-09,0.00014850613580641436,0.0001481527689630724,0.0001481527689630724,3.050863567311511e-10,0.00014888496512271976,7.034607483191735e-07,6.74767957287159e-07
20375,0.40750000000000003,0,0.5398048758506775,-1.2539421057056188e-08,0.5398704409599304,104.70854949951172,104.71975708007812,1.9999999494757503e-05,False,False,-0.20350413339715032,9.484168387933408,-0.20350413339715032,9.484168387933408,9.486351455801389,9.486351455801389,-0.0001449965139314175,0.2701732353118206,0.539814719923927,0.5339790533889659,-0.20350413024425507,9.484020233154297,-0.20350413024425507,9.484020233154297,9.48620319366455,9.48620319366455,-0.00014499684039037675,0.2700243592262268,0.539815366268158,0.5339797139167786,3.1528952504356056e-09,0.0001481547791115645,3.1528952504356056e-09,0.0001481547791115645,0.00014826213683782896,0.00014826213683782896,3.2645895925789703e-10,0.0001488760855937743,6.463442309145861e-07,6.605278126681213e-07
20400,0.40800000000000003,0,0.5397454500198364,-1.2195745746623743e-08,0.5398094654083252,104.70883178710938,104.71975708007812,1.9999999494757503e-05,False,False,-0.20348170817457403,9.484165351636944,-0.20348170817457403,9.484165351636944,9.486347939157216,9.486347939157216,-0.00014499069040594374,0.2701427310367576,0.5397584643852867,0.5340697819631871,-0.20348170399665833,9.484016418457031,-0.20348170399665833,9.484016418457031,9.486199378967285,9.486199378967285,-0.0001449910196242854,0.2699938714504242,0.53975909948349,0.5340704321861267,4.177915707836988e-09,0.0001489331799131577,4.177915707836988e-09,0.0001489331799131577,0.00014856018993114617,0.00014856018993114617,3.292183416614587e-10,0.00014885958633342744,6.350982032499175e-07,6.502229396021519e-07
20425,0.40850000000000003,0,0.5396875143051147,-1.1861595261564162e-08,0.5397499203681946,104.70911407470703,104.71975708007812,1.9999999494757503e-05,False,False,-0.2034598218162065,9.484163167894241,-0.2034598218162065,9.484163167894241,9.486345286480732,9.486345286480732,-0.0001449850264631163,0.270112978275597,0.5396998707910142,0.5341581724817761,-0.20345982909202576,9.484014511108398,-0.20345982909202576,9.484014511108398,9.486196517944336,9.486196517944336,-0.0001449853298254311,0.2699640989303589,0.5397006273269653,0.5341589450836182,7.275819252638982e-09,0.00014865678584286002,7.275819252638982e-09,0.00014865678584286002,0.00014876853639655963,0.00014876853639655963,3.0336231481497763e-10,0.00014887934523810653,7.565359511074732e-07,7.726018420584069e-07
20450,0.40900000000000003,0,0.5396310091018677,-1.1536702260173115e-08,0.5396918654441833,104.70938873291016,104.71975708007812,1.9999999494757503e-05,False,False,-0.2034384819622447,9.484160938533897,-0.2034384819622447,9.484160938533897,9.48634259996735,9.48634259996735,-0.00014497951768116242,0.270083952314877,0.5396429742664898,0.5342442875265223,-0.20343849062919617,9.48401165008545,-0.20343849062919617,9.48401165008545,9.486193656921387,9.486193656921387,-0.00014497987285722047,0.26993507146835327,0.5396436452865601,0.534244954586029,8.666951462066308e-09,0.00014928844844774858,8.666951462066308e-09,0.00014928844844774858,0.00014894304596246855,0.00014894304596246855,3.5517605805231167e-10,0.00014888084652370237,6.7102007028641e-07,6.670595067426177e-07
20475,0.40950000000000003,0,0.5395758748054504,-1.1220804729816791e-08,0.5396352410316467,104.70965576171875,104.71975708007812,1.9999999494757503e-05,False,False,-0.20341766616598111,9.484158653445988,-0.20341766616598111,9.484158653445988,9.486339869024452,9.486339869024452,-0.00014497415976266363,0.2700556430445451,0.5395878323869587,0.5343281846726711,-0.20341765880584717,9.484009742736816,-0.20341765880584717,9.484009742736816,9.486190795898438,9.486190795898438,-0.00014497441588900983,0.26990675926208496,0.5395885705947876,0.5343289375305176,7.360133946754388e-09,0.0001489107091714459,7.360133946754388e-09,0.0001489107091714459,0.00014907312601408762,0.00014907312601408762,2.5612634620619454e-10,0.00014888378246014078,7.38207828865356e-07,7.528578465088032e-07
20500,0.41000000000000003,0,0.539522111415863,-1.0913651316002415e-08,0.5395800471305847,104.70991516113281,104.71975708007812,1.9999999494757503e-05,False,False,-0.20339737443259226,9.484156286793842,-0.20339737443259226,9.484156286793842,9.48633706781797,9.48633706781797,-0.00014496894853097405,0.2700280246278006,0.5395345052309387,0.53440992399874,-0.20339737832546234,9.484007835388184,-0.20339737832546234,9.484007835388184,9.486188888549805,9.486188888549805,-0.00014496929361484945,0.26987916231155396,0.5395351648330688,0.5344105958938599,3.8928700818452455e-09,0.00014845140565888926,3.8928700818452455e-09,0.00014845140565888926,0.00014817926816590443,0.00014817926816590443,3.450838754017523e-10,0.00014886231624666735,6.596021301374932e-07,6.718951198747547e-07
20525,0.41050000000000003,0,0.5394696593284607,-1.061499688148615e-08,0.5395261645317078,104.71016693115234,104.71975708007812,1.9999999494757503e-05,False,False,-0.20337756186250405,9.484153929512173,-0.20337756186250405,9.484153929512173,9.486334286295751,9.486334286295751,-0.0001449638799268384,0.2700010869545909,0.5394830378573173,0.5344895505636168,-0.20337757468223572,9.484004974365234,-0.20337757468223572,9.484004974365234,9.486185073852539,9.486185073852539,-0.00014496420044451952,0.26985225081443787,0.5394837856292725,0.5344902873039246,1.2819731665114631e-08,0.0001489551469386896,1.2819731665114631e-08,0.0001489551469386896,0.00014921244321186578,0.00014921244321186578,3.2051768110810154e-10,0.00014883614015304136,7.477719551340911e-07,7.367403077607193e-07
20550,0.41100000000000003,0,0.5394185185432434,-1.0324601618094675e-08,0.5394735932350159,104.71041870117188,104.71975708007812,1.9999999494757503e-05,False,False,-0.20335824326680974,9.484152240613158,-0.20335824326680974,9.484152240613158,9.486332183633047,9.486332183633047,-0.0001449589500047772,0.26997481766818504,0.5394295203042928,0.5345671269490904,-0.2033582329750061,9.484003067016602,-0.2033582329750061,9.484003067016602,9.486183166503906,9.486183166503906,-0.00014495923824142665,0.2698259949684143,0.5394302606582642,0.5345678925514221,1.0291803631545804e-08,0.00014917359655619578,1.0291803631545804e-08,0.00014917359655619578,0.00014901712914117127,0.00014901712914117127,2.882366494463308e-10,0.00014882269977073426,7.403539713513041e-07,7.65602331753712e-07
20575,0.41150000000000003,0,0.5393686294555664,-1.004223459943887e-08,0.5394223928451538,104.71065521240234,104.71975708007812,1.9999999494757503e-05,False,False,-0.20333941148799364,9.484149651679926,-0.20333941148799364,9.484149651679926,9.486329191616996,9.486329191616996,-0.00014495415493022374,0.2699491931784609,0.5393819502277497,0.5346427057238636,-0.20333941280841827,9.484001159667969,-0.20333941280841827,9.484001159667969,9.486180305480957,9.486180305480957,-0.00014495450886897743,0.2698003947734833,0.5393826365470886,0.5346434116363525,1.3204246307463308e-09,0.00014849201195765716,1.3204246307463308e-09,0.00014849201195765716,0.00014888613603858403,0.00014888613603858403,3.5393875368527547e-10,0.00014879840497761254,6.863193389161637e-07,7.059124889075008e-07
20600,0.41200000000000003,0,0.5393199920654297,-9.767670228200132e-09,0.5393723845481873,104.71089172363281,104.71975708007812,1.9999999494757503e-05,False,False,-0.2033210287848237,9.484147799597388,-0.2033210287848237,9.484147799597388,9.486326945944572,9.486326945944572,-0.00014494949097594223,0.2699242044987049,0.5393324275993941,0.5347163319468244,-0.20332102477550507,9.483999252319336,-0.20332102477550507,9.483999252319336,9.486178398132324,9.486178398132324,-0.0001449497794965282,0.2697754204273224,0.539333164691925,0.5347170829772949,4.009318627096192e-09,0.00014854727805158063,4.009318627096192e-09,0.00014854727805158063,0.00014854781224826752,0.00014854781224826752,2.8852058597621764e-10,0.00014878407138252392,7.370925309002629e-07,7.510304704805293e-07
20625,0.41250000000000003,0,0.5392725467681885,-9.500690900665631e-09,0.539323627948761,104.71112060546875,104.71975708007812,1.9999999494757503e-05,False,False,-0.20330310280734631,9.484145795180824,-0.20330310280734631,9.484145795180824,9.486324557796724,9.486324557796724,-0.0001449449545192824,0.26989983590216876,0.5392849800347909,0.5347880606899468,-0.20330311357975006,9.483997344970703,-0.20330311357975006,9.483997344970703,9.486176490783691,9.486176490783691,-0.00014494526840280741,0.26975101232528687,0.5392858982086182,0.534788966178894,1.0772403746805992e-08,0.00014845021012099835,1.0772403746805992e-08,0.00014845021012099835,0.00014806701303271552,0.00014806701303271552,3.1388352502012204e-10,0.00014882357688189574,9.181738273023043e-07,9.054889472670524e-07
20650,0.41300000000000003,0,0.5392262935638428,-9.241083454014642e-09,0.539276123046875,104.71134185791016,104.71975708007812,1.9999999494757503e-05,False,False,-0.20328563355962856,9.484143623826936,-0.20328563355962856,9.484143623826936,9.486322012570987,9.486322012570987,-0.0001449405420389825,0.2698760727854432,0.5392396550960998,0.5348579395153904,-0.20328561961650848,9.48399543762207,-0.20328561961650848,9.48399543762207,9.486173629760742,9.486173629760742,-0.0001449409028282389,0.2697271704673767,0.5392404198646545,0.5348587036132812,1.3943120075188276e-08,0.00014818620486600764,1.3943120075188276e-08,0.00014818620486600764,0.0001483828102450957,0.0001483828102450957,3.607892564078726e-10,0.00014890231806646836,7.647685547063077e-07,7.640978908485252e-07
20675,0.41350000000000003,0,0.5391811728477478,-8.988641830853794e-09,0.5392297506332397,104.71156311035156,104.71975708007812,1.9999999494757503e-05,False,False,-0.2032685909402047,9.484142043345852,-0.2032685909402047,9.484142043345852,9.486320067255967,9.486320067255967,-0.0001449362501124911,0.2698529005451193,0.5391925202920748,0.5349260084755001,-0.20326858758926392,9.483993530273438,-0.20326858758926392,9.483993530273438,9.48617172241211,9.48617172241211,-0.0001449365372536704,0.26970407366752625,0.5391932129859924,0.53492671251297,3.3509407748599784e-09,0.00014851307241414702,3.3509407748599784e-09,0.00014851307241414702,0.0001483448438577284,0.0001483448438577284,2.871411792961919e-10,0.00014882687759304458,6.926939176699065e-07,7.040374698785712e-07
20700,0.41400000000000003,0,0.5391371846199036,-8.743164414681814e-09,0.5391845703125,104.71177673339844,104.71975708007812,1.9999999494757503e-05,False,False,-0.20325198260299943,9.484140263350808,-0.20325198260299943,9.484140263350808,9.486317931808104,9.486317931808104,-0.00014493207541298747,0.26983030120776996,0.5391476007350094,0.5349923201389786,-0.20325198769569397,9.483991622924805,-0.20325198769569397,9.483991622924805,9.48616886138916,9.48616886138916,-0.00014493237540591508,0.26968151330947876,0.5391483306884766,0.534993052482605,5.092694543851195e-09,0.00014864042600315486,5.092694543851195e-09,0.00014864042600315486,0.000149070418943964,0.000149070418943964,2.9999292760758516e-10,0.00014878789829120276,7.299534671156849e-07,7.323436264083938e-07
20725,0.41450000000000004,0,0.5390942692756653,-8.504458470781628e-09,0.5391404628753662,104.71198272705078,104.71975708007812,1.9999999494757503e-05,False,False,-0.20323576364628604,9.484138372529818,-0.20323576364628604,9.484138372529818,9.48631569393078,9.48631569393078,-0.0001449280147066361,0.269808262416665,0.5391049364772486,0.5350569145581707,-0.20323577523231506,9.483989715576172,-0.20323577523231506,9.483989715576172,9.486166954040527,9.486166954040527,-0.00014492837362922728,0.26965945959091187,0.5391057133674622,0.5350576639175415,1.1586029025068001e-08,0.00014865695364640885,1.1586029025068001e-08,0.00014865695364640885,0.00014873989025332435,0.00014873989025332435,3.5892259119246067e-10,0.00014880282575313597,7.768902136051636e-07,7.493593707774693e-07
20750,0.41500000000000004,0,0.539052426815033,-8.272333040793e-09,0.5390974879264832,104.7121810913086,104.71975708007812,1.9999999494757503e-05,False,False,-0.20321995652611094,9.484136255234924,-0.20321995652611094,9.484136255234924,9.486313238481639,9.486313238481639,-0.00014492406485012657,0.26978676956839465,0.5390645750809517,0.535119839295236,-0.2032199651002884,9.483987808227539,-0.2032199651002884,9.483987808227539,9.486165046691895,9.486165046691895,-0.00014492437185253948,0.2696378827095032,0.539065420627594,0.5351206660270691,8.574177451370346e-09,0.00014844700738514405,8.574177451370346e-09,0.00014844700738514405,0.00014819178974434521,0.00014819178974434521,3.070024129120559e-10,0.00014888685889147268,8.455466422585545e-07,8.267318331034446e-07
20775,0.41550000000000004,0,0.5390116572380066,-8.046605159961473e-09,0.539055585861206,104.7123794555664,104.71975708007812,1.9999999494757503e-05,False,False,-0.20320455358803735,9.484134674892939,-0.20320455358803735,9.484134674892939,9.48631132854628,9.48631132854628,-0.00014492022278784423,0.2697658136762459,0.5390225840548729,0.5351811344025194,-0.20320455729961395,9.483985900878906,-0.20320455729961395,9.483985900878906,9.486162185668945,9.486162185668945,-0.00014492047193925828,0.2696170210838318,0.5390234589576721,0.535181999206543,3.711576601617139e-09,0.0001487740140326821,3.711576601617139e-09,0.0001487740140326821,0.000149142877335251,0.000149142877335251,2.4915141404549014e-10,0.00014879259241412646,8.749027992083214e-07,8.648040236147736e-07
20800,0.41600000000000004,0,0.5389718413352966,-7.827096304424686e-09,0.5390146970748901,104.71257019042969,104.71975708007812,1.9999999494757503e-05,False,False,-0.20318951758506737,9.484132846733786,-0.20318951758506737,9.484132846733786,9.486309178734961,9.486309178734961,-0.0001449164855495436,0.2697453823834879,0.5389829734916763,0.535240837429094,-0.20318952202796936,9.483983993530273,-0.20318952202796936,9.483983993530273,9.486160278320312,9.486160278320312,-0.00014491683396045119,0.2695966064929962,0.5389838814735413,0.5352417230606079,4.442901990753256e-09,0.0001488532035125445,4.442901990753256e-09,0.0001488532035125445,0.00014890041464887815,0.00014890041464887815,3.484109075736503e-10,0.00014877589049167028,9.079818649171401e-07,8.856315139027515e-07
20825,0.41650000000000004,0,0.5389330983161926,-7.613632391212377e-09,0.5389748811721802,104.71275329589844,104.71975708007812,1.9999999494757503e-05,False,False,-0.2031748709730234,9.484130854952111,-0.2031748709730234,9.484130854952111,9.486306873702198,9.486306873702198,-0.0001449128502479047,0.26972545884003296,0.5389457909535214,0.5352989959371195,-0.2031748741865158,9.48398208618164,-0.2031748741865158,9.48398208618164,9.48615837097168,9.48615837097168,-0.0001449131959816441,0.2695766091346741,0.5389466881752014,0.5352998971939087,3.213492416609398e-09,0.00014876877047065307,3.213492416609398e-09,0.00014876877047065307,0.00014850273051791874,0.00014850273051791874,3.457337393805715e-10,0.00014884970535888886,8.972216800628985e-07,9.012567891986123e-07
20850,0.41700000000000004,0,0.538895308971405,-7.406044666424805e-09,0.5389360189437866,104.71293640136719,104.71975708007812,1.9999999494757503e-05,False,False,-0.2031605836408188,9.484129360806735,-0.2031605836408188,9.484129360806735,9.486305073908472,9.486305073908472,-0.0001449093140762311,0.26970603293582884,0.5389071089557053,0.5353556549854839,-0.2031605988740921,9.483981132507324,-0.2031605988740921,9.483981132507324,9.486156463623047,9.486156463623047,-0.000144909558002837,0.26955723762512207,0.538908064365387,0.5353565812110901,1.5233273309434026e-08,0.00014822829941074644,1.5233273309434026e-08,0.00014822829941074644,0.00014861028542512145,0.00014861028542512145,2.439266059105216e-10,0.000148795310706773,9.554096817021573e-07,9.262256062125829e-07
20875,0.41750000000000004,0,0.5388584136962891,-7.2041701493219534e-09,0.5388981103897095,104.7131118774414,104.71975708007812,1.9999999494757503e-05,False,False,-0.20314664079727582,9.484127579527575,-0.20314664079727582,9.484127579527575,9.48630299444535,9.48630299444535,-0.00014490587430600603,0.26968709231414445,0.5388709300810776,0.5354108446134457,-0.20314663648605347,9.483979225158691,-0.20314663648605347,9.483979225158691,9.486154556274414,9.486154556274414,-0.0001449061674065888,0.2695383131504059,0.5388718843460083,0.5354117751121521,4.311222351338628e-09,0.00014835436888382958,4.311222351338628e-09,0.00014835436888382958,0.00014843817093534994,0.00014843817093534994,2.9310058275843626e-10,0.00014877916373856603,9.542649307414663e-07,9.304987064195913e-07
20900,0.41800000000000004,0,0.5388224720954895,-7.007848967788277e-09,0.5388612151145935,104.71328735351562,104.71975708007812,1.9999999494757503e-05,False,False,-0.20313307968769703,9.484126171250113,-0.20313307968769703,9.484126171250113,9.486301296092947,9.486301296092947,-0.00014490252828480019,0.26966862574158834,0.5388333193351208,0.5354646023700785,-0.20313307642936707,9.483977317810059,-0.20313307642936707,9.483977317810059,9.486152648925781,9.486152648925781,-0.0001449028932256624,0.2695196866989136,0.5388342142105103,0.5354654788970947,3.2583299669486365e-09,0.0001488534400539976,3.2583299669486365e-09,0.0001488534400539976,0.0001486471671654499,0.0001486471671654499,3.6494086222481174e-10,0.0001489390426747672,8.948753894566508e-07,8.765270161914529e-07
20925,0.41850000000000004,0,0.5387874245643616,-6.816926578778748e-09,0.5388251543045044,104.71345520019531,104.71975708007812,1.9999999494757503e-05,False,False,-0.20311981816402486,9.484124657708202,-0.20311981816402486,9.484124657708202,9.486299498934224,9.486299498934224,-0.00014489927343410406,0.26965062423144714,0.5387982868104989,0.5355169658044554,-0.20311982929706573,9.483976364135742,-0.20311982929706573,9.483976364135742,9.486151695251465,9.486151695251465,-0.00014489961904473603,0.26950180530548096,0.5387991070747375,0.5355178117752075,1.1133040878075207e-08,0.00014829357245993435,1.1133040878075207e-08,0.00014829357245993435,0.000147803682759573,0.000147803682759573,3.4561063196438327e-10,0.00014881892596618762,8.202642386434533e-07,8.45970752116898e-07
20950,0.41900000000000004,0,0.5387532711029053,-6.631252436051227e-09,0.5387900471687317,104.71361541748047,104.71975708007812,1.9999999494757503e-05,False,False,-0.20310690113467073,9.484122822209232,-0.20310690113467073,9.484122822209232,9.486297387286491,9.486297387286491,-0.00014489610724713488,0.26963307318031154,0.5387658700562853,0.5355679724656497,-0.20310690999031067,9.483973503112793,-0.20310690999031067,9.483973503112793,9.4861478805542,9.4861478805542,-0.00014489634486380965,0.2694842517375946,0.5387666821479797,0.5355687737464905,8.855639943572413e-09,0.00014931909643856045,8.855639943572413e-09,0.00014931909643856045,0.00014950673229208178,0.00014950673229208178,2.3761667476305745e-10,0.00014882144271693987,8.120916944465151e-07,8.012808407897865e-07
20975,0.41950000000000004,0,0.5387199521064758,-6.450681322434093e-09,0.5387558341026306,104.71377563476562,104.71975708007812,1.9999999494757503e-05,False,False,-0.20309432093578172,9.484121326012005,-0.20309432093578172,9.484121326012005,9.486295622091486,9.486295622091486,-0.00014489302728695364,0.2696159624781293,0.5387321315746911,0.5356176573994634,-0.20309433341026306,9.483972549438477,-0.20309433341026306,9.483972549438477,9.486146926879883,9.486146926879883,-0.00014489330351352692,0.2694671154022217,0.5387328863143921,0.5356184244155884,1.2474481336788301e-08,0.00014877657352840856,1.2474481336788301e-08,0.00014877657352840856,0.00014869521160321142,0.00014869521160321142,2.7622657327165505e-10,0.00014884707590762103,7.547397009588508e-07,7.670161249473395e-07
21000,0.42000000000000004,0,0.538687527179718,-6.275070685290984e-09,0.5387224555015564,104.71392822265625,104.71975708007812,1.9999999494757503e-05,False,False,-0.20308204032785832,9.484119684110345,-0.20308204032785832,9.484119684110345,9.486293717655649,9.486293717655649,-0.000144890031184381,0.26959927639815195,0.5387010739485655,0.5356660506451548,-0.20308203995227814,9.483970642089844,-0.20308203995227814,9.483970642089844,9.48614501953125,9.48614501953125,-0.00014489039313048124,0.26945048570632935,0.5387018322944641,0.535666823387146,3.75580178069157e-10,0.00014904202050125548,3.75580178069157e-10,0.00014904202050125548,0.00014869812439854968,0.00014869812439854968,3.6194610023433486e-10,0.00014879069182260896,7.583458986326619e-07,7.727419911729427e-07
21025,0.42050000000000004,0,0.5386558771133423,-6.104282412877637e-09,0.5386899709701538,104.71408081054688,104.71975708007812,1.9999999494757503e-05,False,False,-0.20307009655116837,9.484118268109201,-0.20307009655116837,9.484118268109201,9.4862920462948,9.4862920462948,-0.0001448871166361059,0.2695830183103969,0.5386687621833911,0.5357131897517975,-0.20307008922100067,9.483969688415527,-0.20307008922100067,9.483969688415527,9.486143112182617,9.486143112182617,-0.00014488748274743557,0.2694340944290161,0.5386695265769958,0.5357139706611633,7.3301676950521255e-09,0.0001485796936737671,7.3301676950521255e-09,0.0001485796936737671,0.0001489341121825305,0.0001489341121825305,3.661113296749875e-10,0.00014892388138076917,7.643936047463384e-07,7.809093658384114e-07
21050,0.42100000000000004,0,0.5386250019073486,-5.9381828343418874e-09,0.5386582612991333,104.7142333984375,104.71975708007812,1.9999999494757503e-05,False,False,-0.2030584446988849,9.484117254261122,-0.2030584446988849,9.484117254261122,9.4862907832586,9.4862907832586,-0.00014488428140288587,0.26956716237806344,0.538635223815155,0.5357591022553784,-0.20305843651294708,9.483968734741211,-0.20305843651294708,9.483968734741211,9.4861421585083,9.4861421585083,-0.0001448845723643899,0.2694183886051178,0.5386360883712769,0.5357599854469299,8.185937816485023e-09,0.00014851951991090573,8.185937816485023e-09,0.00014851951991090573,0.00014862475029886468,0.00014862475029886468,2.9096150402224685e-10,0.00014877377294564287,8.645561218045827e-07,8.831915515594702e-07
21075,0.42150000000000004,0,0.5385949015617371,-5.776641831545248e-09,0.5386273264884949,104.71437072753906,104.71975708007812,1.9999999494757503e-05,False,False,-0.20304705520386063,9.484115294211898,-0.20304705520386063,9.484115294211898,9.486288579867841,9.486288579867841,-0.00014488152330767253,0.26955170298445585,0.5386084414801122,0.5358038257049709,-0.20304705202579498,9.483966827392578,-0.20304705202579498,9.483966827392578,9.486140251159668,9.486140251159668,-0.0001448817056370899,0.26940274238586426,0.5386093258857727,0.5358046889305115,3.1780656439828192e-09,0.00014846681932034755,3.1780656439828192e-09,0.00014846681932034755,0.00014832870817294008,0.00014832870817294008,1.823294173790551e-10,0.0001489605985915965,8.844056604839778e-07,8.63225540603807e-07
21100,0.42200000000000004,0,0.5385656356811523,-5.619532394973703e-09,0.5385971665382385,104.71451568603516,104.71975708007812,1.9999999494757503e-05,False,False,-0.20303597241783608,9.484114498619249,-0.20303597241783608,9.484114498619249,9.486287547244997,9.486287547244997,-0.0001448788402338873,0.26953663563621716,0.5385765200769344,0.5358473826300192,-0.20303598046302795,9.483966827392578,-0.20303598046302795,9.483966827392578,9.486140251159668,9.486140251159668,-0.00014487915905192494,0.2693878412246704,0.5385772585868835,0.5358481407165527,8.0451918738067e-09,0.00014767122667080912,8.0451918738067e-09,0.00014767122667080912,0.00014729608532881855,0.00014729608532881855,3.188180376439368e-10,0.00014879441154674877,7.385099491941105e-07,7.580865335476972e-07
21125,0.42250000000000004,0,0.5385370254516602,-5.466731956005333e-09,0.538567841053009,104.71465301513672,104.71975708007812,1.9999999494757503e-05,False,False,-0.2030251892277586,9.484113107087017,-0.2030251892277586,9.484113107087017,9.48628592524391,9.48628592524391,-0.00014487623012367237,0.2695219468532777,0.5385474397386045,0.5358898080763247,-0.2030251920223236,9.483963966369629,-0.2030251920223236,9.483963966369629,9.486136436462402,9.486136436462402,-0.00014487661246675998,0.26937299966812134,0.5385482311248779,0.5358905792236328,2.7945649960781083e-09,0.000149140717388363,2.7945649960781083e-09,0.000149140717388363,0.0001494887815081114,0.0001494887815081114,3.8234308761034806e-10,0.00014894718515634509,7.913862734021393e-07,7.711473081206677e-07
21150,0.42300000000000004,0,0.53850919008255,-5.318121054642688e-09,0.5385391712188721,104.71478271484375,104.71975708007812,1.9999999494757503e-05,False,False,-0.2030146382756523,9.484111620345116,-0.2030146382756523,9.484111620345116,9.486284213037234,9.486284213037234,-0.00014487369097627493,0.2695076321422806,0.53852122800111,0.5359311295798748,-0.20301465690135956,9.483963012695312,-0.20301465690135956,9.483963012695312,9.486135482788086,9.486135482788086,-0.00014487406588159502,0.2693588435649872,0.5385221838951111,0.5359320640563965,1.8625707254305013e-08,0.00014860764980362262,1.8625707254305013e-08,0.00014860764980362262,0.00014873024914763278,0.00014873024914763278,3.7490532008607573e-10,0.00014878857729339057,9.5589400106455e-07,9.344765217189632e-07
21175,0.42350000000000004,0,0.5384820103645325,-5.173583339512788e-09,0.5385112762451172,104.71491241455078,104.71975708007812,1.9999999494757503e-05,False,False,-0.20300437924984843,9.48411028873374,-0.20300437924984843,9.48411028873374,9.486282662184372,9.486282662184372,-0.00014487122084642402,0.26949367465313834,0.5384939398568471,0.5359713746766563,-0.2030043751001358,9.48396110534668,-0.2030043751001358,9.48396110534668,9.486133575439453,9.486133575439453,-0.00014487151929643005,0.269344687461853,0.538494884967804,0.5359722971916199,4.149712629075708e-09,0.00014918338706060297,4.149712629075708e-09,0.00014918338706060297,0.00014908674491920237,0.00014908674491920237,2.984500060282391e-10,0.00014898719128531024,9.451109568292537e-07,9.22514963530574e-07
21200,0.42400000000000004,0,0.5384555459022522,-5.0330055678671215e-09,0.5384840965270996,104.71504211425781,104.71975708007812,1.9999999494757503e-05,False,False,-0.20299438969644173,9.484109309848874,-0.20299438969644173,9.484109309848874,9.486281469754644,9.486281469754644,-0.00014486881784279862,0.2694800698924941,0.5384656028418028,0.5360105709026565,-0.20299439132213593,9.48396110534668,-0.20299439132213593,9.48396110534668,9.486133575439453,9.486133575439453,-0.0001448689727112651,0.2693312466144562,0.5384664535522461,0.5360113978385925,1.6256941903769473e-09,0.00014820450219410475,1.6256941903769473e-09,0.00014820450219410475,0.00014789431519091067,0.00014789431519091067,1.5486846646674962e-10,0.00014882327803794615,8.50710443311975e-07,8.269359360602024e-07
21225,0.42450000000000004,0,0.5384297370910645,-4.8962784937600645e-09,0.5384575724601746,104.71516418457031,104.71975708007812,1.9999999494757503e-05,False,False,-0.20298463238284814,9.484108004458404,-0.20298463238284814,9.484108004458404,9.486279955873934,9.486279955873934,-0.00014486648012645417,0.26946680999697425,0.5384402220420982,0.5360487508004055,-0.20298463106155396,9.483959197998047,-0.20298463106155396,9.483959197998047,9.486130714416504,9.486130714416504,-0.00014486676082015038,0.2693178355693817,0.5384410619735718,0.5360496044158936,1.3212941851747928e-09,0.00014880646035742018,1.3212941851747928e-09,0.00014880646035742018,0.00014924145743044903,0.00014924145743044903,2.806936962051511e-10,0.00014897442759254087,8.399314735951791e-07,8.53615488072279e-07
21250,0.42500000000000004,0,0.538404643535614,-4.7632950916920436e-09,0.538431704044342,104.71527862548828,104.71975708007812,1.9999999494757503e-05,False,False,-0.20297510731056934,9.48410646237364,-0.20297510731056934,9.48410646237364,9.486278210332289,9.486278210332289,-0.00014486420590944168,0.2694538837331867,0.5384178199871775,0.5360859368993476,-0.20297512412071228,9.48395824432373,-0.20297512412071228,9.48395824432373,9.486129760742188,9.486129760742188,-0.00014486457803286612,0.2693050503730774,0.5384187698364258,0.5360868573188782,1.6810142944301276e-08,0.0001482180499099428,1.6810142944301276e-08,0.0001482180499099428,0.00014844959010140713,0.00014844959010140713,3.721234244412428e-10,0.0001488333601092906,9.498492482551413e-07,9.20419530592298e-07
21275,0.42550000000000004,0,0.5383800864219666,-4.6339523329663734e-09,0.538406491279602,104.71540069580078,104.71975708007812,1.9999999494757503e-05,False,False,-0.20296584403545764,9.484105718704928,-0.20296584403545764,9.484105718704928,9.48627726863476,9.48627726863476,-0.00014486199345321746,0.2694412866077749,0.5383904741193026,0.5361221517289263,-0.2029658406972885,9.483957290649414,-0.2029658406972885,9.483957290649414,9.486128807067871,9.486128807067871,-0.00014486239524558187,0.2692923843860626,0.5383912324905396,0.5361229181289673,3.3381691300071736e-09,0.00014842805551396054,3.3381691300071736e-09,0.00014842805551396054,0.00014846156688896883,0.00014846156688896883,4.017923644077277e-10,0.00014890222171226597,7.58371236919686e-07,7.664000409857152e-07
21300,0.42600000000000005,0,0.5383562445640564,-4.508148965243208e-09,0.5383819937705994,104.71550750732422,104.71975708007812,1.9999999494757503e-05,False,False,-0.20295682067868828,9.484103955818538,-0.20295682067868828,9.484103955818538,9.486275313094852,9.486275313094852,-0.0001448598410674212,0.269429013004043,0.538370132108505,0.5361574253284006,-0.20295682549476624,9.483955383300781,-0.20295682549476624,9.483955383300781,9.486126899719238,9.486126899719238,-0.0001448602124582976,0.2692801356315613,0.5383710265159607,0.5361583232879639,4.816077953107012e-09,0.0001485725177570174,4.816077953107012e-09,0.0001485725177570174,0.00014841337561399826,0.00014841337561399826,3.713908764129293e-10,0.00014887737248170385,8.94407455653834e-07,8.979595632618853e-07
21325,0.42650000000000005,0,0.5383329391479492,-4.385787288896381e-09,0.5383580327033997,104.71562194824219,104.71975708007812,1.9999999494757503e-05,False,False,-0.2029480142109129,9.484103174340818,-0.2029480142109129,9.484103174340818,9.486274343387596,9.486274343387596,-0.00014485774710846158,0.26941704944192124,0.538344898853456,0.5361917802272145,-0.20294801890850067,9.483955383300781,-0.20294801890850067,9.483955383300781,9.486126899719238,9.486126899719238,-0.00014485802967101336,0.2692682147026062,0.5383456945419312,0.5361925959587097,4.697587763224931e-09,0.0001477910400371485,4.697587763224931e-09,0.0001477910400371485,0.00014744366835728329,0.00014744366835728329,2.82562551780002e-10,0.0001488347393150402,7.956884751081361e-07,8.157314952406125e-07
21350,0.42700000000000005,0,0.5383102893829346,-4.266772268834984e-09,0.5383347272872925,104.71572875976562,104.71975708007812,1.9999999494757503e-05,False,False,-0.20293943998596878,9.48410202591754,-0.20293943998596878,9.48410202591754,9.486273011795255,9.486273011795255,-0.00014485570997814344,0.26940539030471344,0.5383227419707813,0.5362252389548117,-0.20293943583965302,9.483952522277832,-0.20293943583965302,9.483952522277832,9.486123085021973,9.486123085021973,-0.0001448558468837291,0.2692564129829407,0.5383235216140747,0.5362260341644287,4.146315762953989e-09,0.0001495036397081151,4.146315762953989e-09,0.0001495036397081151,0.00014992677328251602,0.00014992677328251602,1.3690558566372205e-10,0.00014897732177276968,7.796432933693254e-07,7.952096170438239e-07
21375,0.42750000000000005,0,0.5382881760597229,-4.151011090414158e-09,0.5383119583129883,104.71583557128906,104.71975708007812,1.9999999494757503e-05,False,False,-0.20293106787275497,9.484101175177507,-0.20293106787275497,9.484101175177507,9.48627198214933,9.48627198214933,-0.00014485372812247135,0.2693940288523847,0.5382997114463344,0.5362578240406366,-0.20293106138706207,9.483952522277832,-0.20293106138706207,9.483952522277832,9.486123085021973,9.486123085021973,-0.00014485396968666464,0.2692452371120453,0.5383006930351257,0.5362588167190552,6.485692899405038e-09,0.00014865289967502804,6.485692899405038e-09,0.00014865289967502804,0.00014889712735666194,0.00014889712735666194,2.415641932903938e-10,0.00014879174033943787,9.815887913600108e-07,9.926784185765314e-07
21400,0.42800000000000005,0,0.5382665991783142,-4.038414047613514e-09,0.5382898449897766,104.71593475341797,104.71975708007812,1.9999999494757503e-05,False,False,-0.20292292800366918,9.484099736305957,-0.20292292800366918,9.484099736305957,9.486270369481797,9.486270369481797,-0.00014485180003039383,0.2693829527282042,0.5382798073596926,0.5362895630206759,-0.20292292535305023,9.4839506149292,-0.20292292535305023,9.4839506149292,9.48612117767334,9.48612117767334,-0.0001448521506972611,0.2692340612411499,0.5382806062698364,0.5362903475761414,2.6506189465536067e-09,0.00014912137675793247,2.6506189465536067e-09,0.00014912137675793247,0.00014919180845751612,0.00014919180845751612,3.5066686726137157e-10,0.00014889148705427013,7.989101438177215e-07,7.845554654828391e-07
21425,0.42850000000000005,0,0.5382456183433533,-3.9288940989479215e-09,0.5382682085037231,104.71603393554688,104.71975708007812,1.9999999494757503e-05,False,False,-0.2029149677926786,9.484098787096972,-0.2029149677926786,9.484098787096972,9.48626925021468,9.48626925021468,-0.00014484992423258137,0.2693721641788503,0.5382590746901665,0.536320473417831,-0.20291496813297272,9.4839506149292,-0.20291496813297272,9.4839506149292,9.48612117767334,9.48612117767334,-0.00014485033170785755,0.26922327280044556,0.5382601022720337,0.5363215208053589,3.4029412621094934e-10,0.00014817216777274211,3.4029412621094934e-10,0.00014817216777274211,0.00014807254133941683,0.00014807254133941683,4.074752761769329e-10,0.00014889137840473632,1.0275818671523496e-06,1.0473875279304323e-06
21450,0.42900000000000005,0,0.5382251143455505,-3.822365535199879e-09,0.5382471680641174,104.71613311767578,104.71975708007812,1.9999999494757503e-05,False,False,-0.20290723214623546,9.484097906521939,-0.20290723214623546,9.484097906521939,9.48626820437579,9.48626820437579,-0.00014484809930032192,0.26936164635423554,0.538237533463928,0.5363505752582735,-0.2029072344303131,9.483949661254883,-0.2029072344303131,9.483949661254883,9.486120223999023,9.486120223999023,-0.000144848512718454,0.26921284198760986,0.5382382869720459,0.5363513231277466,2.2840776492394355e-09,0.0001482452670558132,2.2840776492394355e-09,0.0001482452670558132,0.0001479803767665544,0.0001479803767665544,4.1341813208483486e-10,0.00014880436662567664,7.535081179010916e-07,7.478694731277713e-07
21475,0.42950000000000005,0,0.5382052063941956,-3.7187464219101685e-09,0.5382266640663147,104.71622467041016,104.71975708007812,1.9999999494757503e-05,False,False,-0.20289968383789045,9.484096718482661,-0.20289968383789045,9.484096718482661,9.486266855156199,9.486266855156199,-0.0001448463238442611,0.2693513913909857,0.5382191737474695,0.5363798860649052,-0.20289969444274902,9.48394775390625,-0.20289969444274902,9.48394775390625,9.48611831665039,9.48611831665039,-0.00014484669372905046,0.26920241117477417,0.5382201671600342,0.5363808870315552,1.0604858574625453e-08,0.0001489645764110037,1.0604858574625453e-08,0.0001489645764110037,0.0001485385058082045,0.0001485385058082045,3.6988478935556096e-10,0.00014898021621151392,9.93412564653795e-07,1.000966650011037e-06
21500,0.43000000000000005,0,0.5381857752799988,-3.617956378931808e-09,0.5382066965103149,104.71632385253906,104.71975708007812,1.9999999494757503e-05,False,False,-0.20289235241214365,9.484096362504138,-0.20289235241214365,9.484096362504138,9.486266342451678,9.486266342451678,-0.0001448445965134188,0.2693413981657616,0.5381960829961386,0.5364084383802554,-0.20289236307144165,9.48394775390625,-0.20289236307144165,9.48394775390625,9.486117362976074,9.486117362976074,-0.0001448448747396469,0.26919257640838623,0.538196861743927,0.5364091992378235,1.0659297999815465e-08,0.00014860859788790037,1.0659297999815465e-08,0.00014860859788790037,0.00014897947560399416,0.00014897947560399416,2.7822622810790183e-10,0.0001488217573753503,7.787477883658411e-07,7.608575680606577e-07
21525,0.43050000000000005,0,0.5381668210029602,-3.519917468608469e-09,0.5381872057914734,104.7164077758789,104.71975708007812,1.9999999494757503e-05,False,False,-0.20288517109956367,9.484094923277995,-0.20288517109956367,9.484094923277995,9.486264749963473,9.486264749963473,-0.00014484291599400505,0.26933166443188494,0.5381801938603383,0.5364362472239544,-0.20288518071174622,9.483945846557617,-0.20288518071174622,9.483945846557617,9.486115455627441,9.486115455627441,-0.00014484305575024337,0.26918289065361023,0.5381812453269958,0.5364372730255127,9.612182549911807e-09,0.00014907672037800523,9.612182549911807e-09,0.00014907672037800523,0.00014929433603150244,0.00014929433603150244,1.397562383203578e-10,0.00014877377827471339,1.0514666575200948e-06,1.0258015582520486e-06
21550,0.43100000000000005,0,0.5381483435630798,-3.4245537516852664e-09,0.5381682515144348,104.71649932861328,104.71975708007812,1.9999999494757503e-05,False,False,-0.20287820666835926,9.484094299262596,-0.20287820666835926,9.484094299262596,9.48626397714328,9.48626397714328,-0.00014484128100850332,0.2693221755859466,0.5381596037289244,0.5364633276156306,-0.2028782218694687,9.483945846557617,-0.2028782218694687,9.483945846557617,9.486115455627441,9.486115455627441,-0.00014484144048765302,0.26917320489883423,0.5381603837013245,0.5364640951156616,1.520110942676567e-08,0.00014845270497865215,1.520110942676567e-08,0.00014845270497865215,0.00014852151583788498,0.00014852151583788498,1.5947914969410663e-10,0.00014897068711239303,7.799724001111841e-07,7.675000309737001e-07
21575,0.43150000000000005,0,0.5381304025650024,-3.3317915093533657e-09,0.5381497740745544,104.71658325195312,104.71975708007812,1.9999999494757503e-05,False,False,-0.20287140712240948,9.484093346439666,-0.20287140712240948,9.484093346439666,9.486262879122052,9.486262879122052,-0.00014483969031459088,0.26931292825792913,0.5381422802185232,0.5364897020847289,-0.2028714120388031,9.4839448928833,-0.2028714120388031,9.4839448928833,9.486114501953125,9.486114501953125,-0.00014483998529613018,0.2691640853881836,0.5381434559822083,0.5364908576011658,4.9163936255425256e-09,0.000148453556365169,4.9163936255425256e-09,0.000148453556365169,0.00014837716892657227,0.00014837716892657227,2.9498153930346965e-10,0.00014884286974553573,1.175763685079545e-06,1.1555164368681758e-06
21600,0.43200000000000005,0,0.5381128787994385,-3.2415592432499807e-09,0.5381317138671875,104.71666717529297,104.71975708007812,1.9999999494757503e-05,False,False,-0.2028647647785873,9.484092634010043,-0.2028647647785873,9.484092634010043,9.486262024805779,9.486262024805779,-0.0001448381427041513,0.26930392132449316,0.5381242658051728,0.5365153856508779,-0.20286475121974945,9.483943939208984,-0.20286475121974945,9.483943939208984,9.486113548278809,9.486113548278809,-0.00014483853010460734,0.2691551446914673,0.5381250977516174,0.5365161895751953,1.3558837858029804e-08,0.00014869480105872412,1.3558837858029804e-08,0.00014869480105872412,0.00014847652697014269,0.00014847652697014269,3.874004560341319e-10,0.00014877663302587107,8.319464446238101e-07,8.03924317449578e-07
21625,0.43250000000000005,0,0.5380957722663879,-3.15378700932456e-09,0.5381141901016235,104.71674346923828,104.71975708007812,1.9999999494757503e-05,False,False,-0.20285830977450942,9.48409127391228,-0.20285830977450942,9.48409127391228,9.486260526980251,9.486260526980251,-0.00014483663700236643,0.2692951401822296,0.5381095530586368,0.5365403983402505,-0.20285829901695251,9.483942031860352,-0.20285829901695251,9.483942031860352,9.486111640930176,9.486111640930176,-0.0001448370749130845,0.269146203994751,0.5381106734275818,0.5365415215492249,1.0757556900831133e-08,0.00014924205192912154,1.0757556900831133e-08,0.00014924205192912154,0.0001488860500753475,0.0001488860500753475,4.3791071807695696e-10,0.00014893618747863213,1.1203689449512666e-06,1.1232089743851148e-06
21650,0.43300000000000005,0,0.5380791425704956,-3.0684075280618117e-09,0.538097083568573,104.71682739257812,104.71975708007812,1.9999999494757503e-05,False,False,-0.2028520267410358,9.484090910894585,-0.2028520267410358,9.484090910894585,9.48626002968853,9.48626002968853,-0.0001448351720666993,0.2692865837077992,0.5380902144146342,0.5365647576757472,-0.2028520256280899,9.483942031860352,-0.2028520256280899,9.483942031860352,9.486111640930176,9.486111640930176,-0.00014483561972156167,0.2691377103328705,0.5380911231040955,0.5365656614303589,1.112945902104201e-09,0.00014887903423321802,1.112945902104201e-09,0.00014887903423321802,0.00014838875835465615,0.00014838875835465615,4.476548623704845e-10,0.00014887337492869301,9.086894612320151e-07,9.037546117030004e-07
21675,0.43350000000000005,0,0.5380629301071167,-2.9853546301694678e-09,0.5380803942680359,104.71690368652344,104.71975708007812,1.9999999494757503e-05,False,False,-0.20284588613965657,9.484090097804742,-0.20284588613965657,9.484090097804742,9.486259085477359,9.486259085477359,-0.0001448337467861074,0.26927824853118454,0.5380742074767043,0.5365884761737257,-0.20284588634967804,9.483942031860352,-0.20284588634967804,9.483942031860352,9.48611068725586,9.48611068725586,-0.00014483416453003883,0.26912951469421387,0.5380752086639404,0.536589503288269,2.100214724354288e-10,0.0001480659443906518,2.100214724354288e-10,0.0001480659443906518,0.00014839822149959048,0.00014839822149959048,4.1774393143355175e-10,0.00014873383697067144,1.0011872361159746e-06,1.0271145433060624e-06
21700,0.43400000000000005,0,0.5380471348762512,-2.904564588845915e-09,0.5380641222000122,104.71697998046875,104.71975708007812,1.9999999494757503e-05,False,False,-0.20283990273896518,9.484089497024868,-0.20283990273896518,9.484089497024868,9.48625835689291,9.48625835689291,-0.0001448323600800679,0.26927012566567254,0.5380575822307008,0.5366115763636308,-0.2028399109840393,9.483941078186035,-0.2028399109840393,9.483941078186035,9.486109733581543,9.486109733581543,-0.000144832709338516,0.26912131905555725,0.5380585789680481,0.5366125702857971,8.245074123447438e-09,0.0001484188388332086,8.245074123447438e-09,0.0001484188388332086,0.000148623311366336,0.000148623311366336,3.4925844809015165e-10,0.00014880661011529295,9.96737347325194e-07,9.939221663479714e-07
21725,0.43450000000000005,0,0.5380317568778992,-2.825975009557169e-09,0.5380483269691467,104.71704864501953,104.71975708007812,1.9999999494757503e-05,False,False,-0.20283408422480315,9.484088332771538,-0.20283408422480315,9.484088332771538,9.486257068493165,9.486257068493165,-0.00014483101089776123,0.2692622117412454,0.5380443262398431,0.5366340732650907,-0.2028340846300125,9.483939170837402,-0.2028340846300125,9.483939170837402,9.48610782623291,9.48610782623291,-0.00014483125414699316,0.2691131830215454,0.5380451679229736,0.5366349220275879,4.0520936606114333e-10,0.000149161934135833,4.0520936606114333e-10,0.000149161934135833,0.0001492422602549226,0.0001492422602549226,2.432492319278789e-10,0.0001490287197000173,8.416831305257944e-07,8.487624971742491e-07
21750,0.43500000000000005,0,0.5380167365074158,-2.7495252741260856e-09,0.5380328893661499,104.71711730957031,104.71975708007812,1.9999999494757503e-05,False,False,-0.20282840045729886,9.484087374088203,-0.20282840045729886,9.484087374088203,9.486255988501012,9.486255988501012,-0.00014482969821730555,0.26925450338788576,0.5380304819801701,0.5366559818977354,-0.20282840728759766,9.483939170837402,-0.20282840728759766,9.483939170837402,9.48610782623291,9.48610782623291,-0.00014482979895547032,0.2691057324409485,0.5380317568778992,0.5366572737693787,6.830298798776724e-09,0.00014820325080044938,6.830298798776724e-09,0.00014820325080044938,0.00014816226810232536,0.00014816226810232536,1.0073816477176867e-10,0.0001487709469372711,1.2748977290533148e-06,1.2918716432164246e-06
21775,0.43550000000000005,0,0.5380021333694458,-2.6751569848215695e-09,0.5380178689956665,104.7171859741211,104.71975708007812,1.9999999494757503e-05,False,False,-0.20282287388966977,9.484086607494818,-0.20282287388966977,9.484086607494818,9.486255103919325,9.486255103919325,-0.00014482842104484876,0.2692469871255235,0.5380160644713118,0.5366773172811947,-0.20282287895679474,9.483938217163086,-0.20282287895679474,9.483938217163086,9.486106872558594,9.486106872558594,-0.00014482848928309977,0.26909828186035156,0.5380168557167053,0.53667813539505,5.0671249696154774e-09,0.00014839033173252858,5.0671249696154774e-09,0.00014839033173252858,0.00014823136073083276,0.00014823136073083276,6.823825101438981e-11,0.00014870526517191118,7.912453935388086e-07,8.181138553275957e-07
21800,0.43600000000000005,0,0.5379878878593445,-2.60281285413555e-09,0.5380032062530518,104.71725463867188,104.71975708007812,1.9999999494757503e-05,False,False,-0.2028174820675591,9.484086038608108,-0.2028174820675591,9.484086038608108,9.486254419883196,9.486254419883196,-0.00014482717841384404,0.2692396685708545,0.538001088732896,0.5366980944350966,-0.20281748473644257,9.48393726348877,-0.20281748473644257,9.48393726348877,9.486105918884277,9.486105918884277,-0.00014482739788945764,0.26909083127975464,0.5380020141601562,0.5366989970207214,2.6688834753318957e-09,0.00014877511933875098,2.6688834753318957e-09,0.00014877511933875098,0.00014850099891816626,0.00014850099891816626,2.1947561360002345e-10,0.0001488372910998792,9.25427260267675e-07,9.025856247957265e-07
21825,0.43650000000000005,0,0.5379739999771118,-2.532437148872191e-09,0.5379889607429504,104.71732330322266,104.71975708007812,1.9999999494757503e-05,False,False,-0.2028122474442615,9.484085552903393,-0.2028122474442615,9.484085552903393,9.486253822373943,9.486253822373943,-0.00014482596938429282,0.2692325342438087,0.5379855697845534,0.5367183283790716,-0.20281225442886353,9.48393726348877,-0.20281225442886353,9.48393726348877,9.486105918884277,9.486105918884277,-0.00014482630649581552,0.26908358931541443,0.537986695766449,0.5367194414138794,6.984602035631227e-09,0.00014828941462319278,6.984602035631227e-09,0.00014828941462319278,0.0001479034896654241,0.0001479034896654241,3.3711152269753734e-10,0.00014894492839429008,1.1259818956110834e-06,1.1130348077648122e-06
21850,0.43700000000000006,0,0.5379604697227478,-2.4639759121924953e-09,0.5379750728607178,104.7173843383789,104.71975708007812,1.9999999494757503e-05,False,False,-0.20280713280006724,9.484084577809869,-0.20280713280006724,9.484084577809869,9.48625273815565,9.48625273815565,-0.00014482479304198735,0.2692255818977081,0.537973492686232,0.5367380316294771,-0.20280714333057404,9.483936309814453,-0.20280714333057404,9.483936309814453,9.486104965209961,9.486104965209961,-0.0001448252151021734,0.2690768837928772,0.5379742980003357,0.5367388129234314,1.0530506799888428e-08,0.000148267995415452,1.0530506799888428e-08,0.000148267995415452,0.0001477729456897947,0.0001477729456897947,4.220601860355482e-10,0.00014869810483092438,8.053141037356326e-07,7.812939543105912e-07
21875,0.43750000000000006,0,0.5379472970962524,-2.3973765195250962e-09,0.537961483001709,104.71744537353516,104.71975708007812,1.9999999494757503e-05,False,False,-0.20280213044671244,9.484083885740997,-0.20280213044671244,9.484083885740997,9.486251939300674,9.486251939300674,-0.0001448236484978241,0.2692188115325523,0.5379609049205132,0.5367572242124852,-0.2028021365404129,9.483935356140137,-0.2028021365404129,9.483935356140137,9.486103057861328,9.486103057861328,-0.00014482412370853126,0.26907017827033997,0.5379618406295776,0.5367581844329834,6.093700460896301e-09,0.0001485296008603143,6.093700460896301e-09,0.0001485296008603143,0.00014888143934577158,0.00014888143934577158,4.752107071563649e-10,0.00014863326221231654,9.357090644535049e-07,9.60220498225084e-07
21900,0.43800000000000006,0,0.5379344820976257,-2.3325883447000706e-09,0.5379483103752136,104.7175064086914,104.71975708007812,1.9999999494757503e-05,False,False,-0.20279728529140892,9.484083263374126,-0.20279728529140892,9.484083263374126,9.486251213494969,9.486251213494969,-0.00014482253488708432,0.2692122119149498,0.5379478089906692,0.5367759086313679,-0.2027973085641861,9.48393440246582,-0.2027973085641861,9.48393440246582,9.486102104187012,9.486102104187012,-0.00014482303231488913,0.26906347274780273,0.5379489064216614,0.5367770195007324,2.3272777177618664e-08,0.00014886090830579235,2.3272777177618664e-08,0.00014886090830579235,0.00014910930795686284,0.00014910930795686284,4.97427804811235e-10,0.0001487391671470828,1.097430992191839e-06,1.1108693644956702e-06
21925,0.43850000000000006,0,0.5379219651222229,-2.2695612056367054e-09,0.5379354357719421,104.71756744384766,104.71975708007812,1.9999999494757503e-05,False,False,-0.202792552425912,9.484082811753924,-0.202792552425912,9.484082811753924,9.486250660799852,9.486250660799852,-0.0001448214513687392,0.26920578304490067,0.5379342224196006,0.5367941024090263,-0.20279255509376526,9.48393440246582,-0.20279255509376526,9.48393440246582,9.486102104187012,9.486102104187012,-0.000144821940921247,0.2690567672252655,0.5379350185394287,0.536794900894165,2.6678532716317704e-09,0.00014840928810322396,2.6678532716317704e-09,0.00014840928810322396,0.00014855661284052246,0.00014855661284052246,4.895525077984117e-10,0.00014901581963516763,7.961198280614923e-07,7.984851387865533e-07
21950,0.43900000000000006,0,0.5379098057746887,-2.2082471407003368e-09,0.5379229187965393,104.71762084960938,104.71975708007812,1.9999999494757503e-05,False,False,-0.2027879395396806,9.484081855018266,-0.2027879395396806,9.484081855018266,9.486249605671857,9.486249605671857,-0.00014482039712483883,0.2691995204290481,0.5379241352737985,0.53681182306836,-0.20278793573379517,9.483933448791504,-0.20278793573379517,9.483933448791504,9.486101150512695,9.486101150512695,-0.00014482084952760488,0.2690507471561432,0.537925124168396,0.5368127822875977,3.805885440133494e-09,0.00014840622676182136,3.805885440133494e-09,0.00014840622676182136,0.00014845515916128704,0.00014845515916128704,4.5240276604660394e-10,0.00014877327290491182,9.888945975422558e-07,9.592192377061437e-07
21975,0.43950000000000006,0,0.5378979444503784,-2.1485990764347207e-09,0.5379106998443604,104.71768188476562,104.71975708007812,1.9999999494757503e-05,False,False,-0.2027834537065482,9.484081738151438,-0.2027834537065482,9.484081738151438,9.486249392938959,9.486249392938959,-0.0001448193713598385,0.26919342631407045,0.5379096074726252,0.5368290756159135,-0.20278345048427582,9.483933448791504,-0.20278345048427582,9.483933448791504,9.486101150512695,9.486101150512695,-0.00014481975813396275,0.26904478669166565,0.5379108786582947,0.5368303656578064,3.2222723933550412e-09,0.00014828935993449477,3.2222723933550412e-09,0.00014828935993449477,0.00014824242626332307,0.00014824242626332307,3.867741242568907e-10,0.00014863962240480033,1.271185669504682e-06,1.2900418928651902e-06
22000,0.44000000000000006,0,0.537886381149292,-2.0905714936958475e-09,0.53789883852005,104.71773529052734,104.71975708007812,1.9999999494757503e-05,False,False,-0.20277908785241744,9.484080996027792,-0.20277908785241744,9.484080996027792,9.48624855765891,9.48624855765891,-0.00014481837329998783,0.2691874793565235,0.5378985991228916,0.5368458750713159,-0.20277908444404602,9.483932495117188,-0.20277908444404602,9.483932495117188,9.486100196838379,9.486100196838379,-0.00014481866674032062,0.2690388262271881,0.5378994941711426,0.5368467569351196,3.4083714184340863e-09,0.00014850091060480963,3.4083714184340863e-09,0.00014850091060480963,0.00014836082053193422,0.00014836082053193422,2.934403327964352e-10,0.00014865312933537433,8.950482509595403e-07,8.818638037588755e-07
22025,0.44050000000000006,0,0.5378751158714294,-2.034119983562732e-09,0.5378872156143188,104.71778869628906,104.71975708007812,1.9999999494757503e-05,False,False,-0.20277481183289223,9.48408051221548,-0.20277481183289223,9.48408051221548,9.486247982553445,9.486247982553445,-0.00014481740219271969,0.26918168966645983,0.5378871527006356,0.5368622364541958,-0.20277482271194458,9.483932495117188,-0.20277482271194458,9.483932495117188,9.486100196838379,9.486100196838379,-0.0001448175753466785,0.26903286576271057,0.5378880500793457,0.5368631482124329,1.0879052353418572e-08,0.00014801709829193044,1.0879052353418572e-08,0.00014801709829193044,0.00014778571506646188,0.00014778571506646188,1.7315395880903965e-10,0.00014882390374926224,8.973787101185238e-07,9.117582370210542e-07
22050,0.44100000000000006,0,0.5378641486167908,-1.9792012473374143e-09,0.5378759503364563,104.71784210205078,104.71975708007812,1.9999999494757503e-05,False,False,-0.20277067055538583,9.48408007339185,-0.20277067055538583,9.48408007339185,9.486247455308439,9.486247455308439,-0.00014481645730608116,0.26917604601048806,0.5378752757156721,0.5368781672743683,-0.2027706652879715,9.483930587768555,-0.2027706652879715,9.483930587768555,9.486098289489746,9.486098289489746,-0.00014481648395303637,0.2690269351005554,0.5378766655921936,0.5368795394897461,5.2674143380393446e-09,0.00014948562329486492,5.2674143380393446e-09,0.00014948562329486492,0.00014916581869250933,0.00014916581869250933,2.6646955204445016e-11,0.0001491109099326371,1.389876521540323e-06,1.372215377770658e-06
22075,0.44150000000000006,0,0.5378534197807312,-1.925773540634168e-09,0.5378649830818176,104.71788787841797,104.71975708007812,1.9999999494757503e-05,False,False,-0.20276662680317364,9.484079007064786,-0.20276662680317364,9.484079007064786,9.486246302789745,9.486246302789745,-0.00014481553792817262,0.2691705472652688,0.5378669557312219,0.5368936825514632,-0.20276664197444916,9.483930587768555,-0.20276664197444916,9.483930587768555,9.486098289489746,9.486098289489746,-0.00014481543621513993,0.2690216898918152,0.5378679037094116,0.5368946194648743,1.517127551364794e-08,0.0001484192962308839,1.517127551364794e-08,0.0001484192962308839,0.00014801329999869495,0.00014801329999869495,1.0171303269036411e-10,0.00014885737345360361,9.479781897248074e-07,9.369134110759347e-07
22100,0.44200000000000006,0,0.5378430485725403,-1.873796007245687e-09,0.5378542542457581,104.71794128417969,104.71975708007812,1.9999999494757503e-05,False,False,-0.20276268764683758,9.484078957982485,-0.20276268764683758,9.484078957982485,9.486246169520792,9.486246169520792,-0.00014481464336653268,0.2691651923074627,0.537854252666646,0.5369087872920233,-0.2027626931667328,9.483930587768555,-0.2027626931667328,9.483930587768555,9.486098289489746,9.486098289489746,-0.0001448147086193785,0.26901647448539734,0.5378549695014954,0.5369095206260681,5.5198952075841135e-09,0.0001483702139299936,5.5198952075841135e-09,0.0001483702139299936,0.00014788003104548864,0.00014788003104548864,6.525284582418675e-11,0.00014871782206538064,7.168348493680199e-07,7.333340448223424e-07
22125,0.44250000000000006,0,0.5378328561782837,-1.82322890118769e-09,0.5378438234329224,104.71798706054688,104.71975708007812,1.9999999494757503e-05,False,False,-0.20275884601550523,9.484078175858796,-0.20275884601550523,9.484078175858796,9.486245305464045,9.486245305464045,-0.00014481377294767162,0.2691599777670525,0.5378451316352978,0.5369235015222202,-0.20275886356830597,9.483929634094238,-0.20275886356830597,9.483929634094238,9.486096382141113,9.486096382141113,-0.0001448139810236171,0.2690112590789795,0.537846028804779,0.536924421787262,1.7552800740672225e-08,0.000148541764557919,1.7552800740672225e-08,0.000148541764557919,0.0001489233229321485,0.0001489233229321485,2.080759454710715e-10,0.00014871868807303512,8.971694812620612e-07,9.202650417261538e-07
22150,0.44300000000000006,0,0.5378230214118958,-1.7740336977212223e-09,0.5378336310386658,104.71803283691406,104.71975708007812,1.9999999494757503e-05,False,False,-0.20275509421710677,9.484077730624401,-0.20275509421710677,9.484077730624401,9.486244780141227,9.486244780141227,-0.0001448129260164981,0.2691548980273421,0.5378356200935874,0.5369378252420549,-0.20275509357452393,9.483928680419922,-0.20275509357452393,9.483928680419922,9.486095428466797,9.486095428466797,-0.00014481325342785567,0.26900604367256165,0.5378369092941284,0.5369391441345215,6.425828480427498e-10,0.00014905020447919526,6.425828480427498e-10,0.00014905020447919526,0.0001493516744304202,0.0001493516744304202,3.274113575743587e-10,0.00014885435478045883,1.2892005409881335e-06,1.3188924665730184e-06
22175,0.44350000000000006,0,0.5378133654594421,-1.7261730933526565e-09,0.5378237366676331,104.71807861328125,104.71975708007812,1.9999999494757503e-05,False,False,-0.2027514547052128,9.484077211360715,-0.2027514547052128,9.484077211360715,9.486244183207425,9.486244183207425,-0.00014481210193583152,0.2691499463482967,0.5378257355644155,0.5369517759744281,-0.20275147259235382,9.483927726745605,-0.20275147259235382,9.483927726745605,9.48609447479248,9.48609447479248,-0.00014481252583209425,0.2690008282661438,0.5378265380859375,0.536952555179596,1.7887141018357866e-08,0.00014948461510932987,1.7887141018357866e-08,0.00014948461510932987,0.0001497084149448824,0.0001497084149448824,4.23896262736383e-10,0.00014911808215289923,8.025215220142101e-07,7.792051678334744e-07
22200,0.44400000000000006,0,0.5378040075302124,-1.6796103396998774e-09,0.5378140807151794,104.71812438964844,104.71975708007812,1.9999999494757503e-05,False,False,-0.20274790502541842,9.484076924571703,-0.20274790502541842,9.484076924571703,9.486243820616549,9.486243820616549,-0.00014481130008591866,0.26914512609993363,0.5378154830543252,0.536965358725883,-0.2027479112148285,9.483927726745605,-0.2027479112148285,9.483927726745605,9.48609447479248,9.48609447479248,-0.00014481179823633283,0.26899614930152893,0.5378161072731018,0.5369659662246704,6.189410067802825e-09,0.00014919782609723597,6.189410067802825e-09,0.00014919782609723597,0.00014934582406844754,0.00014934582406844754,4.981504141750737e-10,0.00014897679840469857,6.242187765570506e-07,6.074987873860849e-07
22225,0.44450000000000006,0,0.537794828414917,-1.634310131670702e-09,0.5378047227859497,104.7181625366211,104.71975708007812,1.9999999494757503e-05,False,False,-0.2027444528706508,9.48407588564461,-0.2027444528706508,9.48407588564461,9.486242708145065,9.486242708145065,-0.00014481051986392753,0.26914042717220055,0.537808847623265,0.5369785860127769,-0.2027444690465927,9.483927726745605,-0.2027444690465927,9.483927726745605,9.48609447479248,9.48609447479248,-0.00014481107064057142,0.2689916789531708,0.5378096103668213,0.5369793772697449,1.6175941919271963e-08,0.00014815889900532397,1.6175941919271963e-08,0.00014815889900532397,0.00014823335258462578,0.00014823335258462578,5.507766438837391e-10,0.00014874821902977065,7.627435563151153e-07,7.912569679469073e-07
22250,0.44500000000000006,0,0.5377859473228455,-1.5902379413290646e-09,0.5377955436706543,104.71820831298828,104.71975708007812,1.9999999494757503e-05,False,False,-0.20274108285411638,9.48407583924893,-0.20274108285411638,9.48407583924893,9.486242589734998,9.486242589734998,-0.00014480976068348257,0.2691358473184192,0.5377978891905959,0.536991462841653,-0.2027410864830017,9.483926773071289,-0.2027410864830017,9.483926773071289,9.486093521118164,9.486093521118164,-0.00014481034304481,0.2689872086048126,0.5377992391586304,0.5369927883148193,3.6288853311194913e-09,0.00014906617764154362,3.6288853311194913e-09,0.00014906617764154362,0.00014906861683350314,0.00014906861683350314,5.823613274285374e-10,0.00014863871360659697,1.3499680344697396e-06,1.325473166335911e-06
22275,0.44550000000000006,0,0.537777304649353,-1.5473602399396214e-09,0.537786602973938,104.71824645996094,104.71975708007812,1.9999999494757503e-05,False,False,-0.20273778790830702,9.484075239434471,-0.20273778790830702,9.484075239434471,9.486241919638143,9.486241919638143,-0.00014480902197424843,0.26913138541525045,0.5377905678631296,0.537004004232141,-0.20273779332637787,9.483926773071289,-0.20273779332637787,9.483926773071289,9.486093521118164,9.486093521118164,-0.00014480961544904858,0.26898273825645447,0.5377914309501648,0.5370048880577087,5.418070853080437e-09,0.00014846636318210926,5.418070853080437e-09,0.00014846636318210926,0.00014839851997905384,0.00014839851997905384,5.934748001465862e-10,0.00014864715879597812,8.630870351744591e-07,8.838255677323659e-07
22300,0.44600000000000006,0,0.5377688407897949,-1.5056444979677508e-09,0.5377779603004456,104.7182846069336,104.71975708007812,1.9999999494757503e-05,False,False,-0.20273460524758216,9.484074555480753,-0.20273460524758216,9.484074555480753,9.486241167822076,9.486241167822076,-0.00014480830318142594,0.26912704146269417,0.5377829186070897,0.5370162176940554,-0.20273461937904358,9.483925819396973,-0.20273461937904358,9.483925819396973,9.486092567443848,9.486092567443848,-0.00014480888785328716,0.2689782679080963,0.5377835035324097,0.5370168089866638,1.4131461417710156e-08,0.0001487360837799656,1.4131461417710156e-08,0.0001487360837799656,0.00014860037822828076,0.00014860037822828076,5.846718612186573e-10,0.00014877355459785857,5.849253199574633e-07,5.912926084317149e-07
22325,0.44650000000000006,0,0.5377606153488159,-1.4650589630349486e-09,0.5377694964408875,104.71832275390625,104.71975708007812,1.9999999494757503e-05,False,False,-0.2027314899634808,9.484074086028368,-0.2027314899634808,9.484074086028368,9.486240631899323,9.486240631899323,-0.000144807603765398,0.2691228109673937,0.5377749464290199,0.5370281082339398,-0.20273149013519287,9.483925819396973,-0.20273149013519287,9.483925819396973,9.486092567443848,9.486092567443848,-0.00014480816025752574,0.26897379755973816,0.5377755761146545,0.5370287299156189,1.717120612365619e-10,0.00014826663139544394,1.717120612365619e-10,0.00014826663139544394,0.00014806445547499436,0.00014806445547499436,5.56492127742501e-10,0.0001490134076555516,6.296856346343915e-07,6.216816791360102e-07
22350,0.44700000000000006,0,0.5377525687217712,-1.4255726599188279e-09,0.5377612113952637,104.7183609008789,104.71975708007812,1.9999999494757503e-05,False,False,-0.20272844205562165,9.484073725539329,-0.20272844205562165,9.484073725539329,9.486240206355927,9.486240206355927,-0.00014480692320123818,0.2691186894359924,0.5377666613420046,0.5370396858648787,-0.20272845029830933,9.483924865722656,-0.20272845029830933,9.483924865722656,9.486091613769531,9.486091613769531,-0.00014480743266176432,0.26896944642066956,0.5377676486968994,0.537040650844574,8.24268767130043e-09,0.00014885981667234205,8.24268767130043e-09,0.00014885981667234205,0.00014859258639532413,0.00014859258639532413,5.094605261474813e-10,0.0001492430153228197,9.87354894843584e-07,9.649796952615475e-07
22375,0.4475,0,0.5377448201179504,-1.3871558346423285e-09,0.5377532243728638,104.71839904785156,104.71975708007812,1.9999999494757503e-05,False,False,-0.2027255064317836,9.484073472890314,-0.2027255064317836,9.484073472890314,9.486239891028466,9.486239891028466,-0.0001448062609783405,0.2691146757451511,0.5377580708558601,0.5370509580966886,-0.20272551476955414,9.483924865722656,-0.20272551476955414,9.483924865722656,9.486091613769531,9.486091613769531,-0.0001448067050660029,0.2689657211303711,0.5377594232559204,0.53705233335495,8.337770529553978e-09,0.00014860716765774384,8.337770529553978e-09,0.00014860716765774384,0.00014827725893518107,0.00014827725893518107,4.440876623954069e-10,0.00014895461477998362,1.352400060272707e-06,1.375258261382406e-06
22400,0.448,0,0.5377371907234192,-1.349779288339903e-09,0.5377453565597534,104.71843719482422,104.71975708007812,1.9999999494757503e-05,False,False,-0.20272261572941125,9.484073322464637,-0.20272261572941125,9.484073322464637,9.486239678861882,9.486239678861882,-0.000144805616600034,0.26911076427817365,0.5377491849836722,0.5370619349424548,-0.20272262394428253,9.483924865722656,-0.20272262394428253,9.483924865722656,9.486091613769531,9.486091613769531,-0.0001448059774702415,0.26896199584007263,0.5377500057220459,0.5370627641677856,8.214871283218628e-09,0.00014845674198049608,8.214871283218628e-09,0.00014845674198049608,0.00014806509235043563,0.00014806509235043563,3.608702074957195e-10,0.00014876843810102125,8.207383737079965e-07,8.292253308450626e-07
22425,0.4485,0,0.537729799747467,-1.3134144882798182e-09,0.5377377867698669,104.71846771240234,104.71975708007812,1.9999999494757503e-05,False,False,-0.2027198225515513,9.484072502972225,-0.2027198225515513,9.484072502972225,9.48623879986632,9.48623879986632,-0.00014480498958318542,0.2691069561583996,0.5377439862821183,0.5370726264152643,-0.20271983742713928,9.48392391204834,-0.20271983742713928,9.48392391204834,9.486090660095215,9.486090660095215,-0.00014480524987448007,0.26895827054977417,0.5377445816993713,0.5370731949806213,1.4875587983631533e-08,0.00014859092388519457,1.4875587983631533e-08,0.00014859092388519457,0.0001481397711042831,0.0001481397711042831,2.6029129464874914e-10,0.00014868560862540958,5.954172530575619e-07,5.685653570175475e-07
22450,0.449,0,0.5377225875854492,-1.2780340119533662e-09,0.53773033618927,104.718505859375,104.71975708007812,1.9999999494757503e-05,False,False,-0.2027170890535378,9.484072553623259,-0.2027170890535378,9.484072553623259,9.486238792091644,9.486238792091644,-0.00014480437945781866,0.2691032457691333,0.5377345296640161,0.5370830325151165,-0.20271708071231842,9.483924865722656,-0.20271708071231842,9.483924865722656,9.486091613769531,9.486091613769531,-0.00014480452227871865,0.2689545452594757,0.537735104560852,0.537083625793457,8.341219381868825e-09,0.0001476879006023779,8.341219381868825e-09,0.0001476879006023779,0.00014717832211275095,0.00014717832211275095,1.4282089999041216e-10,0.00014870050965759551,5.748968359142737e-07,5.932783405659947e-07
22475,0.4495,0,0.5377155542373657,-1.2436111029856534e-09,0.5377231240272522,104.71853637695312,104.71975708007812,1.9999999494757503e-05,False,False,-0.20271443062571726,9.484071926220867,-0.20271443062571726,9.484071926220867,9.486238108023365,9.486238108023365,-0.0001448037857667816,0.2690996297403566,0.5377287752361768,0.5370931682616406,-0.20271442830562592,9.48392391204834,-0.20271442830562592,9.48392391204834,9.486089706420898,9.486089706420898,-0.00014480379468295723,0.26895081996917725,0.5377296805381775,0.5370940566062927,2.3200913412679824e-09,0.0001480141725274109,2.3200913412679824e-09,0.0001480141725274109,0.00014840160246620826,0.00014840160246620826,8.916175632013579e-12,0.0001488097711793701,9.053020006977164e-07,8.88344652172357e-07
22500,0.45,0,0.5377086997032166,-1.2101194490909961e-09,0.5377160906791687,104.71856689453125,104.71975708007812,1.9999999494757503e-05,False,False,-0.20271183957252842,9.484071395425175,-0.20271183957252842,9.484071395425175,9.486237521980193,9.486237521980193,-0.00014480320806537403,0.26909611031874825,0.537722757964824,0.5371030411646512,-0.20271185040473938,9.483922004699707,-0.20271185040473938,9.483922004699707,9.486087799072266,9.486087799072266,-0.00014480306708719581,0.2689470946788788,0.5377241969108582,0.5371044874191284,1.0832210961542188e-08,0.00014939072546837906,1.0832210961542188e-08,0.00014939072546837906,0.00014972290792769627,0.00014972290792769627,1.4097817821446222e-10,0.0001490156398694653,1.43894603410466e-06,1.446254477177611e-06
22525,0.4505,0,0.5377020239830017,-1.1775338482067355e-09,0.5377092361450195,104.71859741210938,104.71975708007812,1.9999999494757503e-05,False,False,-0.20270931589365448,9.484070954496163,-0.20270931589365448,9.484070954496163,9.48623702722359,9.48623702722359,-0.0001448026459209938,0.26909268076427323,0.5377164803532296,0.5371126537274201,-0.20270931720733643,9.483922004699707,-0.20270931720733643,9.483922004699707,9.486087799072266,9.486087799072266,-0.0001448023394914344,0.2689433693885803,0.5377177000045776,0.5371138453483582,1.3136819410064504e-09,0.00014894979645596607,1.3136819410064504e-09,0.00014894979645596607,0.00014922815132401013,0.00014922815132401013,3.0642955940697256e-10,0.00014931137569290653,1.219651348027817e-06,1.1916209380347098e-06
22550,0.451,0,0.5376955270767212,-1.1458297644040272e-09,0.5377025604248047,104.7186279296875,104.71975708007812,1.9999999494757503e-05,False,False,-0.202706859588789,9.484070600063825,-0.202706859588789,9.484070600063825,9.48623662038426,9.48623662038426,-0.00014480209891280208,0.2690893377069139,0.5377099474079371,0.537122010956491,-0.20270685851573944,9.483922004699707,-0.20270685851573944,9.483922004699707,9.486087799072266,9.486087799072266,-0.00014480175741482526,0.26894015073776245,0.5377107262611389,0.5371227860450745,1.0730495658695105e-09,0.00014859536411826468,1.0730495658695105e-09,0.00014859536411826468,0.00014882131199378534,0.00014882131199378534,3.414979768152221e-10,0.00014918696915144913,7.788532018215832e-07,7.750885834267862e-07
22575,0.4515,0,0.537689208984375,-1.1149829948209344e-09,0.5376960039138794,104.71865844726562,104.71975708007812,1.9999999494757503e-05,False,False,-0.20270444820350628,9.48407043654283,-0.20270444820350628,9.48407043654283,9.486236405373164,9.486236405373164,-0.00014480156663143482,0.269086084516688,0.5377031666387606,0.537131120361678,-0.20270445942878723,9.483922004699707,-0.20270445942878723,9.483922004699707,9.486087799072266,9.486087799072266,-0.00014480139361694455,0.2689371705055237,0.5377037525177002,0.5371317267417908,1.122528095476305e-08,0.00014843184312240965,1.122528095476305e-08,0.00014843184312240965,0.0001486063008986349,0.0001486063008986349,1.7301449026707258e-10,0.0001489140111642917,5.858789395851716e-07,6.063801127886848e-07
22600,0.452,0,0.5376830697059631,-1.0849702247739401e-09,0.5376896858215332,104.71868896484375,104.71975708007812,1.9999999494757503e-05,False,False,-0.20270212664577306,9.484070256227211,-0.20270212664577306,9.484070256227211,9.48623617549133,9.48623617549133,-0.00014480104867868027,0.2690829155768996,0.5376961480587864,0.5371399919560672,-0.2027021199464798,9.483922004699707,-0.2027021199464798,9.483922004699707,9.486087799072266,9.486087799072266,-0.00014480102981906384,0.2689341902732849,0.5376968383789062,0.5371406674385071,6.699293259027073e-09,0.00014825152750397308,6.699293259027073e-09,0.00014825152750397308,0.00014837641906417787,0.00014837641906417787,1.8859616423899314e-11,0.00014872530361470515,6.903201198449338e-07,6.754824398713666e-07
22625,0.4525,0,0.5376770496368408,-1.0557688057133419e-09,0.5376835465431213,104.71871948242188,104.71975708007812,1.9999999494757503e-05,False,False,-0.20269987246118856,9.484070053500284,-0.20269987246118856,9.484070053500284,9.486235924643488,9.486235924643488,-0.00014480054466715062,0.2690798252708531,0.5376888941712863,0.5371486282429304,-0.20269986987113953,9.48392105102539,-0.20269986987113953,9.48392105102539,9.48608684539795,9.48608684539795,-0.00014480066602118313,0.26893121004104614,0.5376898646354675,0.5371496081352234,2.5900490363550688e-09,0.0001490024748935781,2.5900490363550688e-09,0.0001490024748935781,0.00014907924553853036,0.00014907924553853036,1.213540325086665e-10,0.00014861522980696984,9.704641812380288e-07,9.79892292973794e-07
22650,0.453,0,0.5376712083816528,-1.0273566442009496e-09,0.537677526473999,104.71874237060547,104.71975708007812,1.9999999494757503e-05,False,False,-0.20269764843813357,9.484069361329231,-0.20269764843813357,9.484069361329231,9.486235185108274,9.486235185108274,-0.00014480005421999316,0.26907681584522636,0.5376853900362079,0.5371570417386246,-0.20269764959812164,9.48392105102539,-0.20269764959812164,9.48392105102539,9.48608684539795,9.48608684539795,-0.00014480030222330242,0.2689282298088074,0.5376868844032288,0.5371585488319397,1.1599880778145888e-09,0.00014831030384065969,1.1599880778145888e-09,0.00014831030384065969,0.00014833971032501836,0.00014833971032501836,2.480033092680089e-10,0.00014858603641898505,1.4943670209044413e-06,1.5070933151450916e-06
22675,0.4535,0,0.5376655459403992,-9.997124239546906e-10,0.5376716256141663,104.7187728881836,104.71975708007812,1.9999999494757503e-05,False,False,-0.20269548409089436,9.484069523574988,-0.20269548409089436,9.484069523574988,9.486235301070428,9.486235301070428,-0.00014479957697060368,0.2690738884233589,0.537677688063099,0.5371652299398791,-0.20269547402858734,9.48392105102539,-0.20269547402858734,9.48392105102539,9.48608684539795,9.48608684539795,-0.00014479993842542171,0.2689252495765686,0.5376793742179871,0.5371668934822083,1.006230701539046e-08,0.00014847254959704514,1.006230701539046e-08,0.00014847254959704514,0.00014845567247867564,0.00014845567247867564,3.614548180349512e-10,0.00014863884679028327,1.6861548880475752e-06,1.663542329111145e-06
22700,0.454,0,0.5376600027084351,-9.728151617593994e-10,0.5376659631729126,104.71879577636719,104.71975708007812,1.9999999494757503e-05,False,False,-0.2026933948132716,9.484068887626016,-0.2026933948132716,9.484068887626016,9.486234620624598,9.486234620624598,-0.00014479911256234395,0.2690710362652155,0.5376737458554991,0.5371732053630518,-0.2026933878660202,9.483920097351074,-0.2026933878660202,9.483920097351074,9.486085891723633,9.486085891723633,-0.000144799574627541,0.26892226934432983,0.5376749038696289,0.5371743440628052,6.94725138528085e-09,0.0001487902749417458,6.94725138528085e-09,0.0001487902749417458,0.0001487289009656223,0.0001487289009656223,4.6206519705815734e-10,0.0001487669208856679,1.158014129809537e-06,1.138699753377992e-06
22725,0.4545,0,0.5376545786857605,-9.46644429511423e-10,0.5376604199409485,104.71882629394531,104.71975708007812,1.9999999494757503e-05,False,False,-0.20269136521062892,9.48406899830919,-0.20269136521062892,9.48406899830919,9.486234687915982,9.486234687915982,-0.0001447986606482678,0.2690682593707962,0.5376656208294978,0.5371809705114139,-0.20269136130809784,9.483920097351074,-0.20269136130809784,9.483920097351074,9.486085891723633,9.486085891723633,-0.0001447992108296603,0.26891928911209106,0.5376664400100708,0.5371817946434021,3.90253107607208e-09,0.00014890095811637138,3.90253107607208e-09,0.00014890095811637138,0.00014879619234875463,0.00014879619234875463,5.501813924964957e-10,0.00014897025870513891,8.191805730417556e-07,8.241319882085207e-07
22750,0.455,0,0.5376493334770203,-9.211807427966789e-10,0.5376549959182739,104.7188491821289,104.71975708007812,1.9999999494757503e-05,False,False,-0.2026893657690889,9.484068610561573,-0.2026893657690889,9.484068610561573,9.486234257535243,9.486234257535243,-0.0001447982208908593,0.26906555437008367,0.53766126307882,0.5371885303915086,-0.20268937945365906,9.483919143676758,-0.20268937945365906,9.483919143676758,9.486084938049316,9.486084938049316,-0.0001447988470317796,0.2689163088798523,0.5376619696617126,0.537189245223999,1.3684570171479393e-08,0.00014946688481565218,1.3684570171479393e-08,0.00014946688481565218,0.00014931948592611377,0.00014931948592611377,6.261409202809685e-10,0.00014924549023137557,7.065828926400286e-07,7.14832490422701e-07
22775,0.4555,0,0.5376442074775696,-8.964047282233878e-10,0.5376496911048889,104.7188720703125,104.71975708007812,1.9999999494757503e-05,False,False,-0.20268741124528084,9.484068294707315,-0.20268741124528084,9.484068294707315,9.4862338999916,9.4862338999916,-0.00014479779296177968,0.2690629212630777,0.5376567025631463,0.5371958875066075,-0.20268741250038147,9.483918190002441,-0.20268741250038147,9.483918190002441,9.486083984375,9.486083984375,-0.00014479848323389888,0.2689133882522583,0.5376574993133545,0.537196695804596,1.2551006345340454e-09,0.0001501047048737547,1.2551006345340454e-09,0.0001501047048737547,0.00014991561659982722,0.00014991561659982722,6.902721191946043e-10,0.00014953301081938042,7.9675020814296e-07,8.082979884305175e-07
22800,0.456,0,0.5376392006874084,-8.722976785335845e-10,0.5376445651054382,104.7188949584961,104.71975708007812,1.9999999494757503e-05,False,False,-0.20268552409313767,9.484067945208428,-0.20268552409313767,9.484067945208428,9.48623351025089,9.48623351025089,-0.0001447973765416049,0.2690603555564217,0.5376519543021062,0.53720305687634,-0.20268552005290985,9.483919143676758,-0.20268552005290985,9.483919143676758,9.486084938049316,9.486084938049316,-0.00014479811943601817,0.26891109347343445,0.5376530289649963,0.5372041463851929,4.0402278189688445e-09,0.00014880153167062815,4.0402278189688445e-09,0.00014880153167062815,0.00014857220157438178,0.00014857220157438178,7.428944132764886e-10,0.00014926208298726706,1.0746628901214805e-06,1.089508852913923e-06
22825,0.4565,0,0.5376343727111816,-8.48841552603119e-10,0.5376395583152771,104.71891784667969,104.71975708007812,1.9999999494757503e-05,False,False,-0.2026836818582481,9.484067764154206,-0.2026836818582481,9.484067764154206,9.486233289876472,9.486233289876472,-0.00014479697131958375,0.2690578572501157,0.5376470157924271,0.5372100359974334,-0.202683687210083,9.483919143676758,-0.202683687210083,9.483919143676758,9.486084938049316,9.486084938049316,-0.00014479775563813746,0.26890885829925537,0.5376485586166382,0.5372115969657898,5.351834919675724e-09,0.00014862047744834683,5.351834919675724e-09,0.00014862047744834683,0.00014835182715522421,0.00014835182715522421,7.843185537072684e-10,0.0001489989508603462,1.5428242110537838e-06,1.5609683563511112e-06
22850,0.457,0,0.5376296043395996,-8.260185868635972e-10,0.5376347303390503,104.71894073486328,104.71975708007812,1.9999999494757503e-05,False,False,-0.20268190699456984,9.484067446164053,-0.20268190699456984,9.484067446164053,9.486232934037183,9.486232934037183,-0.00014479657699341194,0.26905542409748123,0.5376418945439246,0.5372168323797035,-0.20268191397190094,9.483919143676758,-0.20268191397190094,9.483919143676758,9.486084938049316,9.486084938049316,-0.00014479739184025675,0.2689066231250763,0.5376439094543457,0.5372188687324524,6.97733110177623e-09,0.0001483024872950267,6.97733110177623e-09,0.0001483024872950267,0.00014799598786652268,0.00014799598786652268,8.148468448110954e-10,0.00014880097240493884,2.014910421066496e-06,2.0363527488687083e-06
22875,0.4575,0,0.5376250147819519,-8.038116283692887e-10,0.5376299619674683,104.71896362304688,104.71975708007812,1.9999999494757503e-05,False,False,-0.20268015459350103,9.484067394293211,-0.20268015459350103,9.484067394293211,9.486232844736717,9.486232844736717,-0.00014479619326897376,0.26905305497517945,0.5376365930598703,0.5372234485264218,-0.20268015563488007,9.483919143676758,-0.20268015563488007,9.483919143676758,9.486084938049316,9.486084938049316,-0.00014479702804237604,0.2689043879508972,0.5376379489898682,0.5372248291969299,1.0413790385577215e-09,0.00014825061645318272,1.0413790385577215e-09,0.00014825061645318272,0.0001479066874008339,0.0001479066874008339,8.34773402285478e-10,0.0001486670242822341,1.3559299978371797e-06,1.3806705081442772e-06
22900,0.458,0,0.5376205444335938,-7.822039682636728e-10,0.5376253724098206,104.71897888183594,104.71975708007812,1.9999999494757503e-05,False,False,-0.2026784548074382,9.484066630668943,-0.2026784548074382,9.484066630668943,9.486232044969768,9.486232044969768,-0.00014479581986013906,0.2690507465131924,0.5376350888903981,0.5372298894441313,-0.20267845690250397,9.483918190002441,-0.20267845690250397,9.483918190002441,9.486083984375,9.486083984375,-0.00014479666424449533,0.26890215277671814,0.5376359820365906,0.5372307896614075,2.095065759766257e-09,0.00014844066650177012,2.095065759766257e-09,0.00014844066650177012,0.00014806059476768496,0.00014806059476768496,8.443843562723485e-10,0.00014859373647424512,8.93146192448846e-07,9.002172761674032e-07
22925,0.4585,0,0.5376161336898804,-7.611793417794388e-10,0.5376208424568176,104.71900177001953,104.71975708007812,1.9999999494757503e-05,False,False,-0.20267679223943866,9.48406660469019,-0.20267679223943866,9.48406660469019,9.48623198347543,9.48623198347543,-0.00014479545648854886,0.2690485043282165,0.5376294419548697,0.5372361601393754,-0.20267680287361145,9.483918190002441,-0.20267680287361145,9.483918190002441,9.486083984375,9.486083984375,-0.00014479630044661462,0.26889991760253906,0.537630021572113,0.537236750125885,1.0634172792345353e-08,0.0001484146877483994,1.0634172792345353e-08,0.0001484146877483994,0.00014799910042917475,0.00014799910042917475,8.439580657590429e-10,0.00014858672567741316,5.79617243312569e-07,5.899865096470336e-07
22950,0.459,0,0.5376119017601013,-7.407219282384858e-10,0.537616491317749,104.71902465820312,104.71975708007812,1.9999999494757503e-05,False,False,-0.2026751970418026,9.484066630384751,-0.2026751970418026,9.484066630384751,9.486231975082282,9.486231975082282,-0.00014479510288339456,0.26904631381684174,0.5376236323066903,0.5372422681219685,-0.2026752084493637,9.483919143676758,-0.2026752084493637,9.483919143676758,9.486084938049316,9.486084938049316,-0.00014479593664873391,0.26889768242836,0.5376240611076355,0.5372427105903625,1.1407561117948717e-08,0.00014748670799313857,1.1407561117948717e-08,0.00014748670799313857,0.00014703703296525816,0.00014703703296525816,8.337653393489675e-10,0.00014863138848175694,4.2880094519581746e-07,4.42468394035167e-07
22975,0.4595,0,0.537607729434967,-7.208163510519228e-10,0.5376121997833252,104.71903991699219,104.71975708007812,1.9999999494757503e-05,False,False,-0.20267360955051,9.48406604312388,-0.20267360955051,9.48406604312388,9.48623135403853,9.48623135403853,-0.00014479475878121582,0.26904418171910394,0.5376216349927223,0.5372482158951822,-0.20267361402511597,9.483917236328125,-0.20267361402511597,9.483917236328125,9.486083030700684,9.486083030700684,-0.0001447955728508532,0.2688954472541809,0.5376220941543579,0.5372486710548401,4.474605963533662e-09,0.00014880679575490774,4.474605963533662e-09,0.00014880679575490774,0.0001483233378465343,0.0001483233378465343,8.140696373839899e-10,0.00014873446492302822,4.591616356020012e-07,4.5515965785281054e-07
23000,0.46,0,0.5376037359237671,-7.014476222089172e-10,0.5376080870628357,104.71906280517578,104.71975708007812,1.9999999494757503e-05,False,False,-0.2026721041847202,9.484066183398488,-0.2026721041847202,9.484066183398488,9.486231462119054,9.486231462119054,-0.00014479442392569057,0.2690421057883243,0.5376155099323271,0.5372540084655596,-0.2026721090078354,9.483917236328125,-0.2026721090078354,9.483917236328125,9.486082077026367,9.486082077026367,-0.0001447952090529725,0.26889321208000183,0.5376161336898804,0.5372546315193176,4.823115185015325e-09,0.00014894707036283705,4.823115185015325e-09,0.00014894707036283705,0.0001493850926870266,0.0001493850926870266,7.851272819272941e-10,0.00014889370832249504,6.237575532752615e-07,6.230537580309559e-07
23025,0.4605,0,0.5375998020172119,-6.826011977878466e-10,0.537604033946991,104.71907806396484,104.71975708007812,1.9999999494757503e-05,False,False,-0.2026706065251065,9.484065706224325,-0.2026706065251065,9.484065706224325,9.486230953056623,9.486230953056623,-0.0001447940980674541,0.26904008377782473,0.5376132022126863,0.5372596458331005,-0.2026706039905548,9.483916282653809,-0.2026706039905548,9.483916282653809,9.48608112335205,9.48608112335205,-0.00014479484525509179,0.26889097690582275,0.5376141667366028,0.5372605919837952,2.534551679644892e-09,0.00014942357051594968,2.534551679644892e-09,0.00014942357051594968,0.0001498297045721131,0.0001498297045721131,7.47187637689618e-10,0.00014910687200198058,9.645239165134711e-07,9.461506946806253e-07
23050,0.461,0,0.5375959277153015,-6.642629779562981e-10,0.5376001000404358,104.7190933227539,104.71975708007812,1.9999999494757503e-05,False,False,-0.2026691537810999,9.484065179678865,-0.2026691537810999,9.484065179678865,9.486230395593997,9.486230395593997,-0.00014479378096389348,0.26903811344092704,0.5376107493032953,0.5372651380108913,-0.202669158577919,9.483916282653809,-0.202669158577919,9.483916282653809,9.48608112335205,9.48608112335205,-0.00014479448145721108,0.2688887417316437,0.5376121401786804,0.5372665524482727,4.796819108587869e-09,0.00014889702505627156,4.796819108587869e-09,0.00014889702505627156,0.0001492722419467185,0.0001492722419467185,7.004933175939858e-10,0.00014937170928336352,1.390875385087753e-06,1.4144373814417577e-06
23075,0.4615,0,0.5375922322273254,-6.464191404376152e-10,0.5375962257385254,104.7191162109375,104.71975708007812,1.9999999494757503e-05,False,False,-0.2026677382532593,9.484065581634852,-0.2026677382532593,9.484065581634852,9.486230767216213,9.486230767216213,-0.0001447934723789649,0.26903619814764795,0.5376041711507481,0.5372704774891166,-0.2026677429676056,9.483916282653809,-0.2026677429676056,9.483916282653809,9.48608112335205,9.48608112335205,-0.00014479411765933037,0.2688865065574646,0.5376061797142029,0.5372725129127502,4.714346302225891e-09,0.000149298981042989,4.714346302225891e-09,0.000149298981042989,0.0001496438641623854,0.0001496438641623854,6.452803654637736e-10,0.00014969159018335398,2.008563454780621e-06,2.0354236336395104e-06
23100,0.462,0,0.5375885963439941,-6.290562515331999e-10,0.5375925302505493,104.71913146972656,104.71975708007812,1.9999999494757503e-05,False,False,-0.20266637533981235,9.484065158436104,-0.20266637533981235,9.484065158436104,9.486230314996313,9.486230314996313,-0.00014479317208303483,0.26903433115795317,0.5376014303651278,0.5372756817906779,-0.20266638696193695,9.483915328979492,-0.20266638696193695,9.483915328979492,9.486080169677734,9.486080169677734,-0.00014479375386144966,0.26888471841812134,0.5376032590866089,0.5372775197029114,1.1622124596044614e-08,0.00014982945661223823,1.1622124596044614e-08,0.00014982945661223823,0.00015014531857815427,0.00015014531857815427,5.81778414831223e-10,0.0001496127398318281,1.8287214811341101e-06,1.8379122335154818e-06
23125,0.4625,0,0.5375850796699524,-6.121613771448153e-10,0.5375888347625732,104.71914672851562,104.71975708007812,1.9999999494757503e-05,False,False,-0.20266501243296728,9.484064985629992,-0.20266501243296728,9.484064985629992,9.48623011311223,9.48623011311223,-0.0001447928798526776,0.2690325124718429,0.5375985518995721,0.5372807484123039,-0.2026650309562683,9.483916282653809,-0.2026650309562683,9.483916282653809,9.48608112335205,9.48608112335205,-0.00014479339006356895,0.26888322830200195,0.5375998020172119,0.5372819900512695,1.852330103191413e-08,0.00014870297618330142,1.852330103191413e-08,0.00014870297618330142,0.0001489897601789636,0.0001489897601789636,5.102108913579862e-10,0.0001492841698409464,1.250117639850501e-06,1.2416389656433324e-06
23150,0.463,0,0.5375816226005554,-5.957217497076783e-10,0.5375853180885315,104.71916198730469,104.71975708007812,1.9999999494757503e-05,False,False,-0.2026637168952492,9.48406465791461,-0.2026637168952492,9.48406465791461,9.486229757793703,9.486229757793703,-0.00014479259547052711,0.2690307409659779,0.5375955407606243,0.5372856823605379,-0.20266371965408325,9.483915328979492,-0.20266371965408325,9.483915328979492,9.486080169677734,9.486080169677734,-0.00014479302626568824,0.26888173818588257,0.5375963449478149,0.5372864603996277,2.7588340500983577e-09,0.00014932893511776513,2.7588340500983577e-09,0.00014932893511776513,0.00014958811596876842,0.00014958811596876842,4.3079516112687864e-10,0.00014900278009533086,8.04187190617256e-07,7.780390898215472e-07
23175,0.4635,0,0.5375782251358032,-5.797251012573668e-10,0.5375818610191345,104.71917724609375,104.71975708007812,1.9999999494757503e-05,False,False,-0.20266244381802154,9.484064377379251,-0.20266244381802154,9.484064377379251,9.486229450124448,9.486229450124448,-0.00014479231872510827,0.26902901664035733,0.5375923994515555,0.5372904861386507,-0.20266245305538177,9.483916282653809,-0.20266245305538177,9.483916282653809,9.48608112335205,9.48608112335205,-0.00014479266246780753,0.2688802480697632,0.5375928282737732,0.5372909307479858,9.237360237834835e-09,0.00014809472544285995,9.237360237834835e-09,0.00014809472544285995,0.00014832677239695613,0.00014832677239695613,3.437426992624216e-10,0.00014876857059414883,4.288222177351031e-07,4.446093351262448e-07
23200,0.464,0,0.5375750064849854,-5.641594413852147e-10,0.5375785231590271,104.71919250488281,104.71975708007812,1.9999999494757503e-05,False,False,-0.20266121565535986,9.484064242821885,-0.20266121565535986,9.484064242821885,9.48622928935958,9.48622928935958,-0.00014479204941065632,0.2690273372483037,0.5375891304756373,0.5372951622499142,-0.20266121625900269,9.483916282653809,-0.20266121625900269,9.483916282653809,9.48608112335205,9.48608112335205,-0.00014479229866992682,0.2688787579536438,0.5375893712043762,0.537295401096344,6.036428301658958e-10,0.00014796016807672174,6.036428301658958e-10,0.00014796016807672174,0.00014816600752887155,0.00014816600752887155,2.4925927050471405e-10,0.00014857929465988962,2.407287389427637e-07,2.388464297453652e-07
23225,0.4645,0,0.5375717878341675,-5.490130572383123e-10,0.5375752449035645,104.71920776367188,104.71975708007812,1.9999999494757503e-05,False,False,-0.20266000995286232,9.484064049906554,-0.20266000995286232,9.484064049906554,9.486229070730055,9.486229070730055,-0.0001447917873269816,0.26902570054313857,0.5375857388394136,0.5372997157008723,-0.20266002416610718,9.483915328979492,-0.20266002416610718,9.483915328979492,9.486080169677734,9.486080169677734,-0.0001447919348720461,0.2688772678375244,0.5375859141349792,0.5372998714447021,1.4213244858840568e-08,0.0001487209270614187,1.4213244858840568e-08,0.0001487209270614187,0.0001489010523201273,0.0001489010523201273,1.4754506451786394e-10,0.00014843270561415434,1.7529556561868276e-07,1.5574382983274404e-07
23250,0.465,0,0.5375686883926392,-5.342746800529596e-10,0.5375720262527466,104.71922302246094,104.71975708007812,1.9999999494757503e-05,False,False,-0.20265882671036953,9.484064001845887,-0.20265882671036953,9.484064001845887,9.48622899740211,9.48622899740211,-0.00014479153227931558,0.26902410764820056,0.5375822270461549,0.5373041489947953,-0.20265883207321167,9.483916282653809,-0.20265883207321167,9.483916282653809,9.48608112335205,9.48608112335205,-0.0001447915710741654,0.26887577772140503,0.5375823974609375,0.5373043417930603,5.3628421425866435e-09,0.00014771919207845485,5.3628421425866435e-09,0.00014771919207845485,0.0001478740500591158,0.0001478740500591158,3.8794849819591415e-11,0.0001483299267955318,1.704147826186997e-07,1.927982650196114e-07
23275,0.4655,0,0.5375657081604004,-5.199331520877593e-10,0.5375689268112183,104.71923828125,104.71975708007812,1.9999999494757503e-05,False,False,-0.20265768838198123,9.484063997595248,-0.20265768838198123,9.484063997595248,9.486228968833858,9.486228968833858,-0.00014479128407815763,0.2690225585634901,0.5375785975991333,0.5373084646349554,-0.20265769958496094,9.483915328979492,-0.20265769958496094,9.483915328979492,9.486080169677734,9.486080169677734,-0.0001447912072762847,0.26887428760528564,0.5375789403915405,0.5373088121414185,1.1202979710578376e-08,0.00014866861575590917,1.1202979710578376e-08,0.00014866861575590917,0.00014879915612375783,0.00014879915612375783,7.680187293968889e-11,0.00014827095820446612,3.4279240723744664e-07,3.4750646304981814e-07
23300,0.466,0,0.5375627279281616,-5.05977870712826e-10,0.5375659465789795,104.71925354003906,104.71975708007812,1.9999999494757503e-05,False,False,-0.20265659496755667,9.484063823831967,-0.20265659496755667,9.484063823831967,9.486228771751295,9.486228771751295,-0.00014479104253913643,0.2690210420556153,0.5375748580081636,0.5373126701311675,-0.2026565968990326,9.483916282653809,-0.2026565968990326,9.483916282653809,9.48608112335205,9.48608112335205,-0.00014479084347840399,0.26887279748916626,0.5375754833221436,0.5373132824897766,1.931475923644399e-09,0.00014754117815840573,1.931475923644399e-09,0.00014754117815840573,0.0001476483992437494,0.0001476483992437494,1.9906073244293533e-10,0.0001482445664490184,6.253139799294871e-07,6.123586091533184e-07
23325,0.4665,0,0.5375598669052124,-4.923983443205771e-10,0.5375629663467407,104.7192611694336,104.71975708007812,1.9999999494757503e-05,False,False,-0.20265548680438067,9.484063221229201,-0.20265548680438067,9.484063221229201,9.486228145612161,9.486228145612161,-0.00014479080748286053,0.269019565987951,0.5375749808168357,0.5373167654834304,-0.20265549421310425,9.483915328979492,-0.20265549421310425,9.483915328979492,9.486080169677734,9.486080169677734,-0.00014479047968052328,0.2688713073730469,0.5375759601593018,0.5373177528381348,7.408723579072074e-09,0.00014789224970890302,7.408723579072074e-09,0.00014789224970890302,0.00014797593442672508,0.00014797593442672508,3.2780233724920976e-10,0.00014825861490413983,9.793424660120564e-07,9.87354704329313e-07
23350,0.467,0,0.5375571250915527,-4.79184358859186e-10,0.5375601053237915,104.71927642822266,104.71975708007812,1.9999999494757503e-05,False,False,-0.20265443830902355,9.484063333805269,-0.20265443830902355,9.484063333805269,9.486228235763456,9.486228235763456,-0.0001447905787348095,0.2690181337305136,0.5375710159314268,0.537320745685203,-0.20265443623065948,9.483915328979492,-0.20265443623065948,9.483915328979492,9.486080169677734,9.486080169677734,-0.00014479011588264257,0.2688698172569275,0.5375725030899048,0.5373222231864929,2.078364064184157e-09,0.0001480048257764821,2.078364064184157e-09,0.0001480048257764821,0.00014806608572115465,0.00014806608572115465,4.628521669397794e-10,0.00014831647358609645,1.4871584780307145e-06,1.4775012898704531e-06
23375,0.4675,0,0.5375543832778931,-4.663260333437336e-10,0.5375573039054871,104.71929168701172,104.71975708007812,1.9999999494757503e-05,False,False,-0.2026534122729524,9.48406338240671,-0.2026534122729524,9.48406338240671,9.486228262434636,9.486228262434636,-0.00014479035612517086,0.269016738543269,0.537566950915154,0.5373246257561121,-0.2026534229516983,9.483915328979492,-0.2026534229516983,9.483915328979492,9.486080169677734,9.486080169677734,-0.00014478975208476186,0.2688683271408081,0.5375690460205078,0.5373266935348511,1.0678745915315702e-08,0.00014805342721757597,1.0678745915315702e-08,0.00014805342721757597,0.0001480927569019741,0.0001480927569019741,6.040404089999001e-10,0.0001484114024609129,2.0951053537610065e-06,2.067778739012205e-06
23400,0.468,0,0.537551760673523,-4.538137643450568e-10,0.5375546216964722,104.71929931640625,104.71975708007812,1.9999999494757503e-05,False,False,-0.20265241639647402,9.484062794462698,-0.20265241639647402,9.484062794462698,9.486227653350035,9.486227653350035,-0.00014479013948873583,0.2690153781795387,0.5375667583116103,0.5373284056961591,-0.20265242457389832,9.483914375305176,-0.20265242457389832,9.483914375305176,9.486079216003418,9.486079216003418,-0.00014478938828688115,0.2688668370246887,0.537569522857666,0.5373311638832092,8.17742429326529e-09,0.00014841915752228374,8.17742429326529e-09,0.00014841915752228374,0.00014843734661695862,0.00014843734661695862,7.512018546811973e-10,0.00014854115484996822,2.76454605574461e-06,2.7581870500892336e-06
23425,0.4685,0,0.5375491976737976,-4.416382537453245e-10,0.5375519394874573,104.71931457519531,104.71975708007812,1.9999999494757503e-05,False,False,-0.20265143527865445,9.484063016002146,-0.20265143527865445,9.484063016002146,9.486227853879551,9.486227853879551,-0.0001447899286647415,0.2690140548860008,0.53756248802707,0.5373320804988005,-0.20265144109725952,9.483914375305176,-0.20265144109725952,9.483914375305176,9.486079216003418,9.486079216003418,-0.00014478902448900044,0.26886534690856934,0.5375646352767944,0.5373342037200928,5.8186050699848835e-09,0.0001486406969704035,5.8186050699848835e-09,0.0001486406969704035,0.0001486378761335061,0.0001486378761335061,9.041757410605152e-10,0.00014870797743143926,2.147249724471223e-06,2.1232212922273064e-06
23450,0.46900000000000003,0,0.537546694278717,-4.297903977157347e-10,0.5375493764877319,104.71932983398438,104.71975708007812,1.9999999494757503e-05,False,False,-0.20265049907400345,9.48406317019696,-0.20265049907400345,9.48406317019696,9.486227988039364,9.486227988039364,-0.00014478972349676078,0.26901276529263746,0.5375581276247543,0.5373356651836666,-0.2026505172252655,9.483914375305176,-0.2026505172252655,9.483914375305176,9.486079216003418,9.486079216003418,-0.00014478866069111973,0.26886385679244995,0.5375596284866333,0.5373371839523315,1.8151262048959893e-08,0.0001487948917837656,1.8151262048959893e-08,0.0001487948917837656,0.00014877203594565458,0.00014877203594565458,1.0628056410476056e-09,0.00014890850018750568,1.500861879000226e-06,1.5187686649431598e-06
23475,0.46950000000000003,0,0.5375442504882812,-4.1826128671651475e-10,0.5375468730926514,104.7193374633789,104.71975708007812,1.9999999494757503e-05,False,False,-0.20264957057451563,9.484062686722996,-0.20264957057451563,9.484062686722996,9.486227484840613,9.486227484840613,-0.00014478952383260903,0.26901150939944946,0.5375576371318952,0.5373391472343984,-0.20264959335327148,9.48391342163086,-0.20264959335327148,9.48391342163086,9.486078262329102,9.486078262329102,-0.00014478829689323902,0.26886236667633057,0.5375586748123169,0.5373401641845703,2.277875585376954e-08,0.00014926509213708528,2.277875585376954e-08,0.00014926509213708528,0.0001492225115118373,0.0001492225115118373,1.2269393700082166e-09,0.0001491427231188891,1.0376804217004931e-06,1.0169501719614615e-06
23500,0.47000000000000003,0,0.5375418663024902,-4.0704234427479946e-10,0.5375444293022156,104.71934509277344,104.71975708007812,1.9999999494757503e-05,False,False,-0.20264866453382216,9.484062238072392,-0.20264866453382216,9.484062238072392,9.486227016937136,9.486227016937136,-0.0001447893295242167,0.26901028832977575,0.5375570640310755,0.5373425466771695,-0.20264866948127747,9.48391342163086,-0.20264866948127747,9.48391342163086,9.486078262329102,9.486078262329102,-0.0001447879330953583,0.2688608765602112,0.5375576615333557,0.5373431444168091,4.94745530654761e-09,0.0001488164415324178,4.94745530654761e-09,0.0001488164415324178,0.00014875460803409624,0.00014875460803409624,1.3964288583974416e-09,0.00014941176956456692,5.97502280208495e-07,5.977396395628887e-07
23525,0.47050000000000003,0,0.537539541721344,-3.961251882067529e-10,0.5375420451164246,104.7193603515625,104.71975708007812,1.9999999494757503e-05,False,False,-0.2026477957052861,9.484062492243925,-0.2026477957052861,9.484062492243925,9.486227252490437,9.486227252490437,-0.00014478914042751024,0.26900909871359874,0.5375524207590738,0.5373458484923496,-0.20264779031276703,9.48391342163086,-0.20264779031276703,9.48391342163086,9.486078262329102,9.486078262329102,-0.0001447875692974776,0.2688593864440918,0.5375527143478394,0.5373461246490479,5.392519070168689e-09,0.00014907061306601577,5.392519070168689e-09,0.00014907061306601577,0.000148990161335405,0.000148990161335405,1.5711300326330061e-09,0.00014971226950694083,2.935887655208802e-07,2.761566982867336e-07
23550,0.47100000000000003,0,0.5375372767448425,-3.8550160286199286e-10,0.5375397205352783,104.71936798095703,104.71975708007812,1.9999999494757503e-05,False,False,-0.20264693458176028,9.484062104253336,-0.20264693458176028,9.484062104253336,9.486226846192832,9.486226846192832,-0.00014478895640232035,0.26900793830423947,0.5375516674227021,0.5373490676995687,-0.20264692604541779,9.483912467956543,-0.20264692604541779,9.483912467956543,9.486077308654785,9.486077308654785,-0.00014478723460342735,0.2688578963279724,0.5375517010688782,0.5373491048812866,8.536342493981053e-09,0.0001496362967934317,8.536342493981053e-09,0.0001496362967934317,0.00014953753804647363,0.00014953753804647363,1.7217988929963454e-09,0.00015004197626705684,3.3646176067492206e-08,3.718171792677083e-08
23575,0.47150000000000003,0,0.5375351309776306,-3.751637611681957e-10,0.5375374555587769,104.7193832397461,104.71975708007812,1.9999999494757503e-05,False,False,-0.20264611067003707,9.484062522376213,-0.20264611067003707,9.484062522376213,9.486227246619741,9.486227246619741,-0.00014478877731224828,0.26900681159505563,0.5375468589347783,0.5373522042988266,-0.20264610648155212,9.483912467956543,-0.20264610648155212,9.483912467956543,9.486077308654785,9.486077308654785,-0.00014478723460342735,0.2688564658164978,0.5375467538833618,0.5373520851135254,4.188484947764692e-09,0.00015005441967019806,4.188484947764692e-09,0.00015005441967019806,0.00014993796495588185,0.00014993796495588185,1.5427088209327144e-09,0.0001503457785578255,1.050514164546712e-07,1.1918530118393278e-07
23600,0.47200000000000003,0,0.5375329852104187,-3.651038638086135e-10,0.5375352501869202,104.71939086914062,104.71975708007812,1.9999999494757503e-05,False,False,-0.20264529446323104,9.484062196168995,-0.20264529446323104,9.484062196168995,9.486226903051072,9.486226903051072,-0.00014478860302458542,0.2690057129693508,0.5375459353759404,0.5373552532835796,-0.20264528691768646,9.483911514282227,-0.20264528691768646,9.483911514282227,9.486076354980469,9.486076354980469,-0.00014478723460342735,0.26885557174682617,0.5375457406044006,0.5373550653457642,7.545544578047014e-09,0.0001506818867689219,7.545544578047014e-09,0.0001506818867689219,0.00015054807060366215,0.00015054807060366215,1.3684211580718142e-09,0.00015014122252460238,1.9477153978542106e-07,1.8793781542125743e-07
23625,0.47250000000000003,0,0.5375308990478516,-3.553145000445568e-10,0.537533164024353,104.71939849853516,104.71975708007812,1.9999999494757503e-05,False,False,-0.20264452316894288,9.484061799247158,-0.20264452316894288,9.484061799247158,9.48622648974341,9.48622648974341,-0.00014478843341019545,0.2690046446738039,0.5375449342156853,0.5373582246669153,-0.20264452695846558,9.483912467956543,-0.20264452695846558,9.483912467956543,9.486077308654785,9.486077308654785,-0.00014478723460342735,0.2688548266887665,0.5375447273254395,0.5373580455780029,3.789522695640812e-09,0.0001493312906148958,3.789522695640812e-09,0.0001493312906148958,0.00014918108862538304,0.00014918108862538304,1.1988067681015409e-09,0.00014981798503743704,2.0689024582409843e-07,1.790889123665096e-07
23650,0.47300000000000003,0,0.5375288724899292,-3.4578831464848747e-10,0.5375310778617859,104.71940612792969,104.71975708007812,1.9999999494757503e-05,False,False,-0.20264375187849284,9.48406153032997,-0.20264375187849284,9.48406153032997,9.486226204411333,9.486226204411333,-0.0001447882683434258,0.2690036033383967,0.5375438579572824,0.5373611209521033,-0.2026437520980835,9.483912467956543,-0.2026437520980835,9.483912467956543,9.486077308654785,9.486077308654785,-0.00014478723460342735,0.2688540816307068,0.537543773651123,0.5373610258102417,2.195906512181267e-10,0.00014906237342771078,2.195906512181267e-10,0.00014906237342771078,0.00014889575654741805,0.00014889575654741805,1.0337399984411064e-09,0.00014952170768989248,8.430615938692654e-08,9.514186161130311e-08
23675,0.47350000000000003,0,0.5375269055366516,-3.3651820219304796e-10,0.5375290513038635,104.71942138671875,104.71975708007812,1.9999999494757503e-05,False,False,-0.20264301779919336,9.484061959741583,-0.20264301779919336,9.484061959741583,9.486226618043663,9.486226618043663,-0.0001447881077020277,0.2690025889631289,0.5375387290506005,0.537363937132603,-0.202643021941185,9.483912467956543,-0.202643021941185,9.483912467956543,9.486077308654785,9.486077308654785,-0.00014478723460342735,0.2688533365726471,0.5375388264656067,0.5373640060424805,4.141991638562104e-09,0.00014949178503975702,4.141991638562104e-09,0.00014949178503975702,0.00014930938887758316,0.00014930938887758316,8.73098600362443e-10,0.00014925239048180217,9.74150061727741e-08,6.890987747087962e-08
23700,0.47400000000000003,0,0.5375249981880188,-3.2749725153990994e-10,0.5375270247459412,104.71942901611328,104.71975708007812,1.9999999494757503e-05,False,False,-0.20264226897034343,9.484061845789066,-0.20264226897034343,9.484061845789066,9.486226488120835,9.486226488120835,-0.00014478795136704635,0.2690016015480017,0.5375374950860903,0.5373666757116836,-0.2026422768831253,9.48391342163086,-0.2026422768831253,9.48391342163086,9.486078262329102,9.486078262329102,-0.00014478723460342735,0.2688525915145874,0.5375378131866455,0.5373669862747192,7.912781874175323e-09,0.00014842415820659483,7.912781874175323e-09,0.00014842415820659483,0.00014822579173312533,0.00014822579173312533,7.167636189978933e-10,0.00014901003341427632,3.1810055522996095e-07,3.105630356214917e-07
23725,0.47450000000000003,0,0.537523090839386,-3.1871877359535006e-10,0.5375251173973083,104.71943664550781,104.71975708007812,1.9999999494757503e-05,False,False,-0.20264156505361836,9.484061557830618,-0.20264156505361836,9.484061557830618,9.486226185191239,9.486226185191239,-0.0001447877992227331,0.26900064221635345,0.5375361910299765,0.5373693441991607,-0.202641561627388,9.48391342163086,-0.202641561627388,9.48391342163086,9.486078262329102,9.486078262329102,-0.00014478723460342735,0.2688518464565277,0.5375367999076843,0.537369966506958,3.426230354985904e-09,0.00014813619975839742,3.426230354985904e-09,0.00014813619975839742,0.00014792286213705097,0.00014792286213705097,5.646193057366744e-10,0.00014879575982573723,6.088777078083751e-07,6.223077972933311e-07
23750,0.47500000000000003,0,0.5375213027000427,-3.101761625323718e-10,0.5375232696533203,104.71944427490234,104.71975708007812,1.9999999494757503e-05,False,False,-0.20264088359463184,9.484061394506817,-0.20264088359463184,9.484061394506817,9.486226007347632,9.486226007347632,-0.00014478765115646814,0.26899970647482807,0.5375348193855316,0.5373719450983067,-0.20264087617397308,9.483912467956543,-0.20264087617397308,9.483912467956543,9.486077308654785,9.486077308654785,-0.00014478723460342735,0.268851101398468,0.5375358462333679,0.5373729467391968,7.420658754142551e-09,0.00014892655027409774,7.420658754142551e-09,0.00014892655027409774,0.00014869869284694914,0.00014869869284694914,4.165530407857377e-10,0.00014860507636005327,1.0268478363162359e-06,1.0016408901192264e-06
23775,0.47550000000000003,0,0.5375195145606995,-3.018631178353104e-10,0.5375214219093323,104.71945190429688,104.71975708007812,1.9999999494757503e-05,False,False,-0.20264020213899334,9.484061254773025,-0.20264020213899334,9.484061254773025,9.486225853088772,9.486225853088772,-0.0001447875070586713,0.26899879432342516,0.5375333776494822,0.5373744759058481,-0.20264019072055817,9.48391342163086,-0.20264019072055817,9.48391342163086,9.486078262329102,9.486078262329102,-0.00014478723460342735,0.2688503563404083,0.5375348329544067,0.5373759269714355,1.1418435169607832e-08,0.00014783314216515464,1.1418435169607832e-08,0.00014783314216515464,0.00014759075967063495,0.00014759075967063495,2.7245524393993033e-10,0.00014843798301683586,1.455304924569134e-06,1.4510655874655498e-06
23800,0.47600000000000003,0,0.537517786026001,-2.9377342225522796e-10,0.537519633769989,104.7194595336914,104.71975708007812,1.9999999494757503e-05,False,False,-0.2026395431409121,9.48406114199926,-0.2026395431409121,9.48406114199926,9.486225726263564,9.486225726263564,-0.00014478736682271015,0.2689979091321617,0.5375318708283731,0.5373769416283298,-0.20263953506946564,9.48391342163086,-0.20263953506946564,9.48391342163086,9.486078262329102,9.486078262329102,-0.00014478723460342735,0.26884961128234863,0.5375338196754456,0.5373789072036743,8.071446455648612e-09,0.00014772036840149383,8.071446455648612e-09,0.00014772036840149383,0.0001474639344625217,0.0001474639344625217,1.3221928280428112e-10,0.0001482978498130727,1.9488470724970952e-06,1.965575344486936e-06
23825,0.47650000000000003,0,0.5375161170959473,-2.859010805877915e-10,0.5375179052352905,104.71946716308594,104.71975708007812,1.9999999494757503e-05,False,False,-0.20263890660030268,9.484061050568828,-0.20263890660030268,9.484061050568828,9.486225621256585,9.486225621256585,-0.00014478723034482444,0.2689970452843423,0.5375302989222037,0.5373793422657513,-0.2026388943195343,9.483912467956543,-0.2026388943195343,9.483912467956543,9.486077308654785,9.486077308654785,-0.00014478723460342735,0.26884886622428894,0.5375328660011292,0.5373818874359131,1.2280768374450801e-08,0.00014858261228489766,1.2280768374450801e-08,0.00014858261228489766,0.00014831260179981598,0.00014831260179981598,4.258602910416076e-12,0.00014817906005337722,2.5670789254306214e-06,2.545170161738497e-06
23850,0.47700000000000004,0,0.5375144481658936,-2.7824018089539493e-10,0.5375162363052368,104.71947479248047,104.71975708007812,1.9999999494757503e-05,False,False,-0.20263829251708249,9.484060880560431,-0.20263829251708249,9.484060880560431,9.486225438169333,9.486225438169333,-0.00014478709752406405,0.26899620390330675,0.5375286644342446,0.5373816803213831,-0.20263828337192535,9.48391342163086,-0.20263828337192535,9.48391342163086,9.486078262329102,9.486078262329102,-0.00014478723460342735,0.26884812116622925,0.537531852722168,0.5373848676681519,9.145157131573711e-09,0.00014745892957179763,9.145157131573711e-09,0.00014745892957179763,0.00014717584023138386,0.00014717584023138386,1.3707936329554644e-10,0.00014808273707750397,3.1882879233391392e-06,3.18734676874044e-06
23875,0.47750000000000004,0,0.5375128984451294,-2.70785033285037e-10,0.5375146269798279,104.719482421875,104.71975708007812,1.9999999494757503e-05,False,False,-0.20263770089117106,9.48406083181668,-0.20263770089117106,9.48406083181668,9.486225376798812,9.486225376798812,-0.00014478696826220213,0.2689953827423759,0.5375269673644958,0.5373839557952251,-0.2026377022266388,9.48391342163086,-0.2026377022266388,9.48391342163086,9.486078262329102,9.486078262329102,-0.00014478723460342735,0.26884737610816956,0.5375308394432068,0.5373878479003906,1.3354677363963674e-09,0.00014741018582142829,1.3354677363963674e-09,0.00014741018582142829,0.00014711446971027442,0.00014711446971027442,2.663412252247935e-10,0.00014800663420633242,3.872078710998039e-06,3.892105165492765e-06
23900,0.47800000000000004,0,0.5375113487243652,-2.6353014215274584e-10,0.537513017654419,104.71949005126953,104.71975708007812,1.9999999494757503e-05,False,False,-0.20263710926818185,9.48406080778629,-0.20263710926818185,9.48406080778629,9.486225340136114,9.486225340136114,-0.00014478684246364764,0.2689945862949071,0.5375252102162305,0.5373861711905507,-0.20263710618019104,9.48391342163086,-0.20263710618019104,9.48391342163086,9.486078262329102,9.486078262329102,-0.00014478723460342735,0.26884663105010986,0.5375289916992188,0.5373899340629578,3.087990807504326e-09,0.00014738615543130607,3.087990807504326e-09,0.00014738615543130607,0.00014707780701250783,0.00014707780701250783,3.9213977971372903e-10,0.00014795524479721545,3.781482988296503e-06,3.7628724071092634e-06
23925,0.47850000000000004,0,0.5375097990036011,-2.564700951612764e-10,0.5375114679336548,104.71949768066406,104.71975708007812,1.9999999494757503e-05,False,False,-0.20263654010234403,9.484060698437908,-0.20263654010234403,9.484060698437908,9.486225218654635,9.486225218654635,-0.0001447867200353785,0.2689938055741868,0.5375233954927197,0.5373883290106307,-0.20263653993606567,9.483912467956543,-0.20263653993606567,9.483912467956543,9.486077308654785,9.486077308654785,-0.00014478723460342735,0.26884588599205017,0.5375264883041382,0.5373914241790771,1.6627835219829024e-10,0.00014823048136491934,1.6627835219829024e-10,0.00014823048136491934,0.00014790999984981568,0.00014790999984981568,5.145680488421924e-10,0.00014791958213661305,3.0928114185257982e-06,3.095168446431984e-06
23950,0.47900000000000004,0,0.5375083684921265,-2.495996187512617e-10,0.5375099182128906,104.7195053100586,104.71975708007812,1.9999999494757503e-05,False,False,-0.20263597093927233,9.484060817015518,-0.20263597093927233,9.484060817015518,9.486225325047236,9.486225325047236,-0.00014478660088689086,0.2689930506902668,0.5375215231939623,0.5373904292554642,-0.2026359736919403,9.48391342163086,-0.2026359736919403,9.48391342163086,9.486078262329102,9.486078262329102,-0.00014478723460342735,0.2688451409339905,0.5375239849090576,0.5373929142951965,2.752667982441892e-09,0.00014739538465846636,2.752667982441892e-09,0.00014739538465846636,0.00014706271813480498,0.00014706271813480498,6.337165364949521e-10,0.00014790975627632097,2.461715095325445e-06,2.485039732325056e-06
23975,0.47950000000000004,0,0.5375069379806519,-2.4291360589678845e-10,0.537508487701416,104.71951293945312,104.71975708007812,1.9999999494757503e-05,False,False,-0.20263544668751657,9.484060758217208,-0.20263544668751657,9.484060758217208,9.486225255063776,9.486225255063776,-0.00014478648493012098,0.268992320519808,0.5375195983265023,0.5373924769315951,-0.20263545215129852,9.48391342163086,-0.20263545215129852,9.48391342163086,9.486078262329102,9.486078262329102,-0.00014478723460342735,0.2688443958759308,0.5375215411186218,0.5373944044113159,5.463781954651026e-09,0.00014733658634824565,5.463781954651026e-09,0.00014733658634824565,0.00014699273467400076,0.00014699273467400076,7.496733063700519e-10,0.00014792464387719528,1.9427921195136477e-06,1.9274797208312933e-06
24000,0.48000000000000004,0,0.5375055074691772,-2.364070883498215e-10,0.5375070571899414,104.71952056884766,104.71975708007812,1.9999999494757503e-05,False,False,-0.20263492243838252,9.48406071177554,-0.20263492243838252,9.48406071177554,9.486225197434223,9.486225197434223,-0.00014478637207938108,0.26899160270608036,0.5375176208903409,0.5373944720390246,-0.20263493061065674,9.483912467956543,-0.20263493061065674,9.483912467956543,9.486077308654785,9.486077308654785,-0.00014478723460342735,0.2688436508178711,0.5375190377235413,0.5373958945274353,8.172274218454234e-09,0.00014824381899636307,8.172274218454234e-09,0.00014824381899636307,0.0001478887794377215,0.0001478887794377215,8.62524046272e-10,0.00014795188820926342,1.4168332003183792e-06,1.42248841072945e-06
24025,0.48050000000000004,0,0.5375041961669922,-2.300752782735671e-10,0.5375056266784668,104.71952056884766,104.71975708007812,1.9999999494757503e-05,False,False,-0.20263438343931384,9.484060212904367,-0.20263438343931384,9.484060212904367,9.486224687163354,9.486224687163354,-0.00014478626225127933,0.26899090174244056,0.5375195609257954,0.5373964120744791,-0.20263437926769257,9.483912467956543,-0.20263437926769257,9.483912467956543,9.486077308654785,9.486077308654785,-0.00014478723460342735,0.2688429057598114,0.5375205278396606,0.5373973846435547,4.1716212706433e-09,0.00014774494782443526,4.1716212706433e-09,0.00014774494782443526,0.00014737850856860746,0.00014737850856860746,9.72352148017469e-10,0.00014799598262915659,9.669138651968723e-07,9.72569075607943e-07
24050,0.48100000000000004,0,0.5375028252601624,-2.2391341558680722e-10,0.537504255771637,104.71952819824219,104.71975708007812,1.9999999494757503e-05,False,False,-0.2026338816495634,9.484060204656057,-0.2026338816495634,9.484060204656057,9.486224668198254,9.486224668198254,-0.00014478615536467037,0.2689902221222446,0.5375174733456841,0.5373982970379586,-0.20263388752937317,9.483912467956543,-0.20263388752937317,9.483912467956543,9.486077308654785,9.486077308654785,-0.00014478723460342735,0.2688421607017517,0.5375180244445801,0.5373988747596741,5.8798097779533265e-09,0.00014773669951395618,5.8798097779533265e-09,0.00014773669951395618,0.00014735954346889457,0.00014735954346889457,1.0792387569833351e-09,0.0001480614204928954,5.510988959622765e-07,5.777217154667724e-07
24075,0.48150000000000004,0,0.5375015735626221,-2.1791693449735305e-10,0.5375029444694519,104.71953582763672,104.71975708007812,1.9999999494757503e-05,False,False,-0.20263340231654442,9.484060314302395,-0.20263340231654442,9.484060314302395,9.486224767580623,9.486224767580623,-0.0001447860513406019,0.26898955935213636,0.5375153382034144,0.5374001344392797,-0.20263341069221497,9.483912467956543,-0.20263341069221497,9.483912467956543,9.486077308654785,9.486077308654785,-0.00014478723460342735,0.268841415643692,0.5375155806541443,0.5374003648757935,8.375670546012515e-09,0.00014784634585218726,8.375670546012515e-09,0.00014784634585218726,0.00014745892583789555,0.00014745892583789555,1.183262825449425e-09,0.0001481437084443482,2.424507299370049e-07,2.3043651375953544e-07
24100,0.48200000000000004,0,0.5375003218650818,-2.1208140799089392e-10,0.5375016331672668,104.71954345703125,104.71975708007812,1.9999999494757503e-05,False,False,-0.20263292298587535,9.484060443045419,-0.20263292298587535,9.484060443045419,9.486224886055393,9.486224886055393,-0.00014478595010224696,0.26898891567879435,0.537513158002257,0.5374019267817132,-0.20263291895389557,9.483912467956543,-0.20263291895389557,9.483912467956543,9.486077308654785,9.486077308654785,-0.00014478723460342735,0.2688406705856323,0.5375130772590637,0.5374018549919128,4.031979777829875e-09,0.00014797508887554045,4.031979777829875e-09,0.00014797508887554045,0.00014757740060744595,0.00014757740060744595,1.2845011803882568e-09,0.00014824509316202494,8.074319324258283e-08,7.178980032662707e-08
24125,0.48250000000000004,0,0.5374990701675415,-2.0640246456427036e-10,0.5375003814697266,104.71954345703125,104.71975708007812,1.9999999494757503e-05,False,False,-0.20263245135947272,9.48405981397834,-0.20263245135947272,9.48405981397834,9.48622424705756,9.48622424705756,-0.00014478585157483967,0.26898828660886126,0.537514910292345,0.5374036790718012,-0.20263244211673737,9.483911514282227,-0.20263244211673737,9.483911514282227,9.486076354980469,9.486076354980469,-0.00014478723460342735,0.26883992552757263,0.5375145673751831,0.5374033451080322,9.242735354852982e-09,0.00014829969611263039,9.242735354852982e-09,0.00014829969611263039,0.00014789207709142715,0.00014789207709142715,1.3830285876769138e-09,0.00014836108128862824,3.4291716188850074e-07,3.33963768972545e-07
24150,0.48300000000000004,0,0.537497878074646,-2.0087592700335222e-10,0.537499189376831,104.71955108642578,104.71975708007812,1.9999999494757503e-05,False,False,-0.20263201694199057,9.484059870883382,-0.20263201694199057,9.484059870883382,9.486224294670166,9.486224294670166,-0.00014478575568563636,0.26898767214233726,0.5375126274570525,0.5374053687800995,-0.20263200998306274,9.483911514282227,-0.20263200998306274,9.483911514282227,9.486076354980469,9.486076354980469,-0.00014478723460342735,0.26883918046951294,0.5375121235847473,0.5374048352241516,6.958927822875438e-09,0.0001483566011550863,6.958927822875438e-09,0.0001483566011550863,0.00014793968969684101,0.00014793968969684101,1.478917790992797e-09,0.00014849167282432463,5.038723052130933e-07,5.335559478680807e-07
24175,0.48350000000000004,0,0.5374967455863953,-1.9549765972737276e-10,0.5374979972839355,104.71955871582031,104.71975708007812,1.9999999494757503e-05,False,False,-0.2026315825266752,9.484060049053097,-0.2026315825266752,9.484060049053097,9.486224463519841,9.486224463519841,-0.0001447856623638431,0.2689870778959188,0.5375103070726878,0.5374070209393256,-0.20263157784938812,9.483911514282227,-0.20263157784938812,9.483911514282227,9.486076354980469,9.486076354980469,-0.00014478723460342735,0.26883843541145325,0.5375096201896667,0.537406325340271,4.677287085419479e-09,0.00014853477087051203,4.677287085419479e-09,0.00014853477087051203,0.00014810853937241575,0.00014810853937241575,1.572239584238331e-09,0.0001486424844655554,6.868830210171595e-07,6.955990545787216e-07
24200,0.48400000000000004,0,0.5374956130981445,-1.9026367981123116e-10,0.53749680519104,104.71956634521484,104.71975708007812,1.9999999494757503e-05,False,False,-0.20263114811346672,9.484060244072833,-0.20263114811346672,9.484060244072833,9.486224649215757,9.486224649215757,-0.00014478557154058645,0.2689865004995877,0.5375079516425219,0.5374086380527505,-0.2026311457157135,9.483912467956543,-0.2026311457157135,9.483912467956543,9.486077308654785,9.486077308654785,-0.00014478723460342735,0.26883769035339355,0.5375071167945862,0.5374078154563904,2.3977532181973515e-09,0.00014777611628957743,2.3977532181973515e-09,0.00014777611628957743,0.0001473405609715428,0.0001473405609715428,1.6630628408957366e-09,0.0001488101461941671,8.348479356712346e-07,8.225963601393715e-07
24225,0.48450000000000004,0,0.5374945402145386,-1.8517011535212902e-10,0.5374956727027893,104.71956634521484,104.71975708007812,1.9999999494757503e-05,False,False,-0.20263072140442254,9.484059781203772,-0.20263072140442254,9.484059781203772,9.486224177337569,9.486224177337569,-0.00014478548314883466,0.26898593658332637,0.5375095161872434,0.5374102025974721,-0.20263071358203888,9.483911514282227,-0.20263071358203888,9.483911514282227,9.486076354980469,9.486076354980469,-0.00014478723460342735,0.26883694529533386,0.5375086069107056,0.5374093055725098,7.822383657485332e-09,0.00014826692154557009,7.822383657485332e-09,0.00014826692154557009,0.00014782235709986935,0.00014782235709986935,1.7514545926858999e-09,0.00014899128799250594,9.092765378415635e-07,8.970249623097004e-07
24250,0.48500000000000004,0,0.5374934673309326,-1.8021320546957043e-10,0.5374945998191833,104.71957397460938,104.71975708007812,1.9999999494757503e-05,False,False,-0.20263033190394145,9.484059901015522,-0.20263033190394145,9.484059901015522,9.486224288802054,9.486224288802054,-0.00014478539712335458,0.2689853850237956,0.5375070656327571,0.5374117245865766,-0.20263032615184784,9.48391056060791,-0.20263032615184784,9.48391056060791,9.486075401306152,9.486075401306152,-0.00014478723460342735,0.26883620023727417,0.5375061631202698,0.5374107956886292,5.752093606981035e-09,0.00014934040761183098,5.752093606981035e-09,0.00014934040761183098,0.00014888749590191708,0.00014888749590191708,1.8374800727738276e-09,0.00014918478652142797,9.02512487299667e-07,9.288979474497694e-07
24275,0.48550000000000004,0,0.5374923944473267,-1.753892586719985e-10,0.5374935269355774,104.7195816040039,104.71975708007812,1.9999999494757503e-05,False,False,-0.20262994240540363,9.484060036553952,-0.20262994240540363,9.484060036553952,9.48622441598969,9.48622441598969,-0.0001447853134006654,0.26898484919101284,0.5375045875422836,0.537413219039694,-0.2026299387216568,9.48391056060791,-0.2026299387216568,9.48391056060791,9.486075401306152,9.486075401306152,-0.00014478723460342735,0.2688354551792145,0.5375036597251892,0.5374122858047485,3.6837468353478897e-09,0.00014947594604208803,3.6837468353478897e-09,0.00014947594604208803,0.0001490146835383399,0.0001490146835383399,1.9212027619556604e-09,0.00014939401179836498,9.2781709437606e-07,9.332349454327371e-07
24300,0.48600000000000004,0,0.5374913811683655,-1.7069468061237103e-10,0.5374925136566162,104.7195816040039,104.71975708007812,1.9999999494757503e-05,False,False,-0.20262956061096113,9.484059516450278,-0.20262956061096113,9.484059516450278,9.486223887849395,9.486223887849395,-0.00014478523191900386,0.26898432908497877,0.5375060269234284,0.5374146584208388,-0.20262955129146576,9.48391056060791,-0.20262955129146576,9.48391056060791,9.486075401306152,9.486075401306152,-0.00014478723460342735,0.2688347101211548,0.5375051498413086,0.5374137759208679,9.319495369863873e-09,0.00014895584236818138,9.319495369863873e-09,0.00014895584236818138,0.00014848654324239874,0.00014848654324239874,2.002684423488667e-09,0.0001496189638239831,8.77082119821182e-07,8.824999708778591e-07
24325,0.48650000000000004,0,0.5374904274940491,-1.6612597408816043e-10,0.537491500377655,104.71958923339844,104.71975708007812,1.9999999494757503e-05,False,False,-0.2026291935705111,9.484059781116704,-0.2026291935705111,9.484059781116704,9.48622414461531,9.48622414461531,-0.00014478515261827867,0.2689838213356759,0.5375034637217233,0.5374160677627245,-0.2026291936635971,9.48391056060791,-0.2026291936635971,9.48391056060791,9.486075401306152,9.486075401306152,-0.00014478723460342735,0.2688339650630951,0.537502646446228,0.5374152660369873,9.308601112145709e-11,0.00014922050879384585,9.308601112145709e-11,0.00014922050879384585,0.00014874330915759515,0.00014874330915759515,2.0819851486819467e-09,0.00014985627258079504,8.172754952795458e-07,8.017257372427977e-07
24350,0.48700000000000004,0,0.5374894738197327,-1.6167982230808065e-10,0.5374904870986938,104.71958923339844,104.71975708007812,1.9999999494757503e-05,False,False,-0.20262881177978254,9.484059389017686,-0.20262881177978254,9.484059389017686,9.486223744450571,9.486223744450571,-0.00014478507543999938,0.268983328189782,0.5375048405210784,0.5374174445620796,-0.20262880623340607,9.483909606933594,-0.20262880623340607,9.483909606933594,9.486074447631836,9.486074447631836,-0.00014478723460342735,0.2688332200050354,0.5375041365623474,0.5374167561531067,5.546376469212078e-09,0.00014978208409210936,5.546376469212078e-09,0.00014978208409210936,0.00014929681873532274,0.00014929681873532274,2.15916342796588e-09,0.00015010818474658905,7.039587309742856e-07,6.884089729375376e-07
24375,0.48750000000000004,0,0.5374885201454163,-1.573528946030578e-10,0.5374895334243774,104.71959686279297,104.71975708007812,1.9999999494757503e-05,False,False,-0.20262846719722158,9.484059579599487,-0.20262846719722158,9.484059579599487,9.486223927628501,9.486223927628501,-0.00014478500032724084,0.2689828474006187,0.5375021972146824,0.5374187737992745,-0.2026284635066986,9.483908653259277,-0.2026284635066986,9.483908653259277,9.48607349395752,9.48607349395752,-0.00014478723460342735,0.2688324749469757,0.5375016927719116,0.5374182462692261,3.690522970556387e-09,0.0001509263402095229,3.690522970556387e-09,0.0001509263402095229,0.00015043367098144245,0.00015043367098144245,2.234276186508172e-09,0.00015037245364296625,5.044427707767696e-07,5.275300484219869e-07
24400,0.48800000000000004,0,0.5374876260757446,-1.5314198520410827e-10,0.537488579750061,104.71959686279297,104.71975708007812,1.9999999494757503e-05,False,False,-0.20262810786434024,9.484059213337153,-0.20262810786434024,9.484059213337153,9.486223553774284,9.486223553774284,-0.00014478492722461975,0.2689823800915256,0.5375035114322477,0.5374200880168398,-0.20262810587882996,9.483908653259277,-0.20262810587882996,9.483908653259277,9.48607349395752,9.48607349395752,-0.00014478723460342735,0.268831729888916,0.537503182888031,0.5374197363853455,1.985510283963876e-09,0.00015056007787528358,1.985510283963876e-09,0.00015056007787528358,0.00015005981676452507,0.00015005981676452507,2.3073788076055125e-09,0.00015065020260957018,3.285442167211272e-07,3.5163149436634455e-07
24425,0.48850000000000005,0,0.537486732006073,-1.490439299756119e-10,0.5374876856803894,104.7196044921875,104.71975708007812,1.9999999494757503e-05,False,False,-0.2026277857394825,9.484059428632301,-0.2026277857394825,9.484059428632301,9.48622376213965,9.48622376213965,-0.0001447848560782519,0.2689819240158245,0.5375007930277067,0.5374213421558897,-0.20262779295444489,9.483908653259277,-0.20262779295444489,9.483908653259277,9.48607349395752,9.48607349395752,-0.00014478723460342735,0.2688309848308563,0.5375006794929504,0.5374212265014648,7.214962377544154e-09,0.0001507753730241035,7.214962377544154e-09,0.0001507753730241035,0.0001502681821303753,0.0001502681821303753,2.3785251754553528e-09,0.0001509391849681685,1.1353475626307841e-07,1.1565442481487054e-07
24450,0.48900000000000005,0,0.5374858379364014,-1.450557868265534e-10,0.5374867916107178,104.71961212158203,104.71975708007812,1.9999999494757503e-05,False,False,-0.20262746361623105,9.484059656284126,-0.20262746361623105,9.484059656284126,9.486223982858919,9.486223982858919,-0.00014478478683568928,0.2689814802968543,0.537498067113351,0.5374225887851248,-0.20262746512889862,9.483908653259277,-0.20262746512889862,9.483908653259277,9.486072540283203,9.486072540283203,-0.00014478723460342735,0.26883023977279663,0.5374981760978699,0.5374227166175842,1.5126675745325002e-09,0.00015100302484860606,1.5126675745325002e-09,0.00015100302484860606,0.0001514425757154214,0.0001514425757154214,2.447767738066736e-09,0.00015124052405768307,1.0898451885399396e-07,1.2783245939562704e-07
24475,0.48950000000000005,0,0.5374850034713745,-1.411745442769785e-10,0.5374859571456909,104.71961212158203,104.71975708007812,1.9999999494757503e-05,False,False,-0.2026271491969337,9.484059224923836,-0.2026271491969337,9.484059224923836,9.486223544880996,9.486223544880996,-0.00014478471944588507,0.2689810489346147,0.5374992561673396,0.5374237778391134,-0.20262715220451355,9.483907699584961,-0.20262715220451355,9.483907699584961,9.486071586608887,9.486071586608887,-0.00014478723460342735,0.26882949471473694,0.5374996662139893,0.5374242067337036,3.0075798518325314e-09,0.0001515253388753024,3.0075798518325314e-09,0.0001515253388753024,0.00015195827210945367,0.00015195827210945367,2.5151575422800287e-09,0.00015155421987778084,4.1004664963484316e-07,4.2889459017647624e-07
24500,0.49000000000000005,0,0.5374842286109924,-1.37397329624811e-10,0.5374850630760193,104.71961975097656,104.71975708007812,1.9999999494757503e-05,False,False,-0.20262682707678928,9.484059679378301,-0.20262682707678928,9.484059679378301,9.486223992351247,9.486223992351247,-0.00014478465385917507,0.2689806299291057,0.5374964676711942,0.5374249618865589,-0.20262682437896729,9.483907699584961,-0.20262682437896729,9.483907699584961,9.486071586608887,9.486071586608887,-0.00014478723460342735,0.26882874965667725,0.5374972224235535,0.537425696849823,2.6978219935802628e-09,0.00015197979334047318,2.6978219935802628e-09,0.00015197979334047318,0.0001524057423605285,0.0001524057423605285,2.5807442522796705e-09,0.0001518802724284618,7.547523592776884e-07,7.34963264137356e-07
24525,0.49050000000000005,0,0.5374833941459656,-1.3372133955691368e-10,0.5374842882156372,104.71961975097656,104.71975708007812,1.9999999494757503e-05,False,False,-0.20262653511489892,9.484059168316708,-0.20262653511489892,9.484059168316708,9.48622347516992,9.48622347516992,-0.00014478459002724046,0.26898021991030985,0.537497594143393,0.5374260883587577,-0.2026265412569046,9.483906745910645,-0.2026265412569046,9.483906745910645,9.48607063293457,9.48607063293457,-0.00014478723460342735,0.26882800459861755,0.5374987125396729,0.5374271869659424,6.1420056818306534e-09,0.00015242240606383461,6.1420056818306534e-09,0.00015242240606383461,0.0001528422353498371,0.0001528422353498371,2.6445761868907312e-09,0.00015221531169229419,1.1183962798089198e-06,1.0986071846685874e-06
24545,0.49090000000000006,0,0.5374827980995178,-1.3085163508286257e-10,0.5374836325645447,104.71961975097656,104.71975708007812,1.9999999494757503e-05,False,False,-0.2026262880738561,9.484058949211132,-0.2026262880738561,9.484058949211132,9.486223250837519,9.486223250837519,-0.00014478454019348035,0.26897989975864717,0.5374984953211521,0.5374269895365168,-0.2026262879371643,9.483905792236328,-0.2026262879371643,9.483905792236328,9.486069679260254,9.486069679260254,-0.00014478723460342735,0.2688274085521698,0.5374999046325684,0.5374283790588379,1.3669179677044951e-10,0.0001531569748038919,1.3669179677044951e-10,0.0001531569748038919,0.0001535715772646995,0.0001535715772646995,2.694409947001826e-09,0.00015249120647736758,1.4093114162339049e-06,1.3895223210935725e-06
24550,0.49100000000000005,0,0.5374826192855835,-1.3014389566023965e-10,0.5374834537506104,104.71961975097656,104.71975708007812,1.9999999494757503e-05,False,False,-0.20262622070015748,9.484058870577744,-0.20262622070015748,9.484058870577744,9.486223170782965,9.486223170782965,-0.00014478452790304516,0.2689798211249054,0.5374987206155919,0.5374272148309566,-0.20262622833251953,9.483905792236328,-0.20262622833251953,9.483905792236328,9.486069679260254,9.486069679260254,-0.00014478723460342735,0.26882725954055786,0.5375002026557922,0.5374286770820618,7.632362047926833e-09,0.00015307834141609078,7.632362047926833e-09,0.00015307834141609078,0.0001534915227114908,0.0001534915227114908,2.706700382191585e-09,0.00015256158434756584,1.4820402003401512e-06,1.4622511051998188e-06
24566,0.49132000000000003,0,0.5374821424484253,-1.2790481174196344e-10,0.5374829769134521,104.7196273803711,104.71975708007812,1.9999999494757503e-05,False,False,-0.20262605578350865,9.484059290319687,-0.20262605578350865,9.484059290319687,9.486223586906517,9.486223586906517,-0.00014478448901859088,0.26897956949693186,0.5374954289618646,0.5374278957208202,-0.2026260644197464,9.483906745910645,-0.2026260644197464,9.483906745910645,9.48607063293457,9.48607063293457,-0.00014478723460342735,0.26882678270339966,0.5374971628189087,0.5374296307563782,8.636237752712717e-09,0.00015254440904222122,8.636237752712717e-09,0.00015254440904222122,0.00015295397194670102,0.00015295397194670102,2.7455848364689277e-09,0.00015278679353220026,1.7338570440506018e-06,1.7350355580036947e-06
24575,0.49150000000000005,0,0.5374819040298462,-1.26662319521742e-10,0.5374826788902283,104.7196273803711,104.71975708007812,1.9999999494757503e-05,False,False,-0.20262594349305135,9.484059255440917,-0.20262594349305135,9.484059255440917,9.486223549637177,9.486223549637177,-0.00014478446744081738,0.2689794335728927,0.5374958119624129,0.5374282787213684,-0.20262594521045685,9.483906745910645,-0.20262594521045685,9.483906745910645,9.48607063293457,9.48607063293457,-0.00014478723460342735,0.2688266634941101,0.5374976992607117,0.5374301671981812,1.7174054955937379e-09,0.00015250953027212688,1.7174054955937379e-09,0.00015250953027212688,0.00015291670260708656,0.00015291670260708656,2.767162609972453e-09,0.00015277007878261584,1.887298298752782e-06,1.8884768127058749e-06
24588,0.49176000000000003,0,0.5374814867973328,-1.2488891865114482e-10,0.5374823212623596,104.7196273803711,104.71975708007812,1.9999999494757503e-05,False,False,-0.20262580874023592,9.48405895668947,-0.20262580874023592,9.48405895668947,9.48622324807557,9.48622324807557,-0.0001447844366424373,0.2689792358651994,0.5374963651854271,0.5374288319443826,-0.2026258111000061,9.483905792236328,-0.2026258111000061,9.483905792236328,9.486069679260254,9.486069679260254,-0.00014478723460342735,0.2688264548778534,0.5374984741210938,0.5374309420585632,2.359770184812149e-09,0.0001531644531418408,2.359770184812149e-09,0.0001531644531418408,0.00015356881531580768,0.00015356881531580768,2.7979609900404944e-09,0.00015278098734600176,2.108935666655931e-06,2.110114180609024e-06
24600,0.49200000000000005,0,0.5374811291694641,-1.232740298728885e-10,0.537481963634491,104.7196273803711,104.71975708007812,1.9999999494757503e-05,False,False,-0.20262567398981415,9.484058774709338,-0.20262567398981415,9.484058774709338,9.486223063258686,9.486223063258686,-0.00014478440859602533,0.2689790538842544,0.5374968758528248,0.5374293426117803,-0.20262567698955536,9.483905792236328,-0.20262567698955536,9.483905792236328,9.486069679260254,9.486069679260254,-0.00014478723460342735,0.26882627606391907,0.537499189376831,0.5374316573143005,2.9997412054338923e-09,0.00015298247300954415,2.9997412054338923e-09,0.00015298247300954415,0.00015338399843223272,0.00015338399843223272,2.826007402021531e-09,0.00015277782033534804,2.313524006258838e-06,2.314702520211931e-06
24625,0.49250000000000005,0,0.5374804139137268,-1.199765425896615e-10,0.5374811887741089,104.71963500976562,104.71975708007812,1.9999999494757503e-05,False,False,-0.20262539678542119,9.48405917979252,-0.20262539678542119,9.48405917979252,9.48622346232837,9.48622346232837,-0.00014478435132532616,0.2689786865523473,0.5374939196374856,0.537430358940032,-0.20262540876865387,9.483906745910645,-0.20262540876865387,9.483906745910645,9.48607063293457,9.48607063293457,-0.00014478723460342735,0.2688262164592743,0.5374966859817505,0.5374331474304199,1.1983232683920875e-08,0.00015243388187613505,1.1983232683920875e-08,0.00015243388187613505,0.00015282939379979155,0.00015282939379979155,2.883278101190913e-09,0.0001524700930730094,2.7663442648817593e-06,2.7884903879282774e-06
24650,0.49300000000000005,0,0.5374797582626343,-1.1676740130361907e-10,0.5374804735183716,104.71963500976562,104.71975708007812,1.9999999494757503e-05,False,False,-0.2026251272848654,9.484058923616919,-0.2026251272848654,9.484058923616919,9.486223200454695,9.486223200454695,-0.00014478429558653725,0.2689783293304926,0.5374949209461077,0.5374313602486541,-0.20262514054775238,9.483906745910645,-0.20262514054775238,9.483906745910645,9.48607063293457,9.48607063293457,-0.00014478723460342735,0.2688262164592743,0.5374981760978699,0.5374346375465393,1.3262886983111954e-08,0.00015217770627451443,1.3262886983111954e-08,0.00015217770627451443,0.00015256752012504649,0.00015256752012504649,2.939016890100843e-09,0.00015211287121830175,3.2551517621381976e-06,3.2772978851847157e-06
24675,0.49350000000000005,0,0.537479043006897,-1.1364423291304604e-10,0.537479817867279,104.71964263916016,104.71975708007812,1.9999999494757503e-05,False,False,-0.20262489499172087,9.484059145707494,-0.20262489499172087,9.484059145707494,9.486223417532837,9.486223417532837,-0.00014478424133861987,0.26897798109535104,0.5374919246784231,0.5374323365245604,-0.20262488722801208,9.483907699584961,-0.20262488722801208,9.483907699584961,9.486071586608887,9.486071586608887,-0.00014478723460342735,0.2688262164592743,0.5374957323074341,0.5374361276626587,7.763708786967527e-09,0.00015144612253337186,7.763708786967527e-09,0.00015144612253337186,0.0001518309239507687,0.0001518309239507687,2.993264807484063e-09,0.0001517646360767455,3.807629010976754e-06,3.7911380983413068e-06
24700,0.49400000000000005,0,0.5374783873558044,-1.1060474064406023e-10,0.5374791026115417,104.71964263916016,104.71975708007812,1.9999999494757503e-05,False,False,-0.2026246254937037,9.484058906381899,-0.2026246254937037,9.484058906381899,9.486223172505392,9.486223172505392,-0.00014478418854163428,0.2689776407235835,0.5374928634052555,0.5374332752513927,-0.2026246190071106,9.483907699584961,-0.2026246190071106,9.483907699584961,9.486071586608887,9.486071586608887,-0.00014478723460342735,0.2688262164592743,0.5374972224235535,0.5374376177787781,6.4865930959889795e-09,0.00015120679693758632,6.4865930959889795e-09,0.00015120679693758632,0.00015158589650532406,0.00015158589650532406,3.046061793071783e-09,0.00015142426430919675,4.3590182979835745e-06,4.342527385348127e-06
24725,0.49450000000000005,0,0.5374777913093567,-1.0764669017282458e-10,0.5374784469604492,104.71964263916016,104.71975708007812,1.9999999494757503e-05,False,False,-0.20262437845125544,9.48405867828965,-0.20262437845125544,9.48405867828965,9.486222939188387,9.486222939188387,-0.00014478413715670173,0.26897731158520777,0.5374938021320879,0.5374342139782251,-0.2026243656873703,9.483908653259277,-0.2026243656873703,9.483908653259277,9.486072540283203,9.486072540283203,-0.00014478723460342735,0.2688262164592743,0.5374987125396729,0.5374391078948975,1.276388514326321e-08,0.0001500250303720918,1.276388514326321e-08,0.0001500250303720918,0.00015039890518409038,0.00015039890518409038,3.0974467256220713e-09,0.00015109512593347585,4.910407584990395e-06,4.893916672354948e-06
24750,0.49500000000000005,0,0.5374771356582642,-1.0476786105328983e-10,0.5374777913093567,104.71965026855469,104.71975708007812,1.9999999494757503e-05,False,False,-0.20262414616172214,9.484059026138208,-0.20262414616172214,9.484059026138208,9.486223281995917,9.486223281995917,-0.00014478408714599795,0.26897698806352804,0.5374907132433568,0.537435097633085,-0.2026241421699524,9.483908653259277,-0.2026241421699524,9.483908653259277,9.486072540283203,9.486072540283203,-0.00014478723460342735,0.2688262164592743,0.5374962091445923,0.5374405980110168,3.991769748079577e-09,0.00015037287893093776,3.991769748079577e-09,0.00015037287893093776,0.0001507417127140087,0.0001507417127140087,3.1474574293979644e-09,0.00015077160425375213,5.495901235441636e-06,5.500377931899614e-06
24775,0.49550000000000005,0,0.5374765396118164,-1.019661299839214e-10,0.5374771952629089,104.71965026855469,104.71975708007812,1.9999999494757503e-05,False,False,-0.20262392157595674,9.48405871160465,-0.20262392157595674,9.48405871160465,9.486222962737006,9.486222962737006,-0.00014478403847272142,0.2689766735285619,0.5374915893884022,0.5374359737781303,-0.20262391865253448,9.483908653259277,-0.20262391865253448,9.483908653259277,9.486072540283203,9.486072540283203,-0.00014478723460342735,0.2688262164592743,0.5374976992607117,0.5374420881271362,2.92342225427511e-09,0.00015005834537262785,2.92342225427511e-09,0.00015005834537262785,0.00015042245380314512,0.00015042245380314512,3.1961307059345887e-09,0.00015045706928762392,6.109872309423281e-06,6.114349005881259e-06
24800,0.49600000000000005,0,0.5374759435653687,-9.923945692991154e-11,0.5374765992164612,104.71965789794922,104.71975708007812,1.9999999494757503e-05,False,False,-0.2026237117430104,9.484059076303218,-0.2026237117430104,9.484059076303218,9.48622332287038,9.48622332287038,-0.00014478399110104422,0.2689763668569701,0.5374884804734988,0.5374368374068178,-0.20262371003627777,9.483909606933594,-0.20262371003627777,9.483909606933594,9.48607349395752,9.48607349395752,-0.00014478723460342735,0.2688262164592743,0.5374951958656311,0.5374435782432556,1.7067326163466845e-09,0.00014946936962445534,1.7067326163466845e-09,0.00014946936962445534,0.0001498289128605279,0.0001498289128605279,3.243502383126415e-09,0.00015015039769578076,6.715392132261577e-06,6.74083643781298e-06
24825,0.49650000000000005,0,0.5374753475189209,-9.658578103977078e-11,0.5374760031700134,104.71965789794922,104.71975708007812,1.9999999494757503e-05,False,False,-0.2026234871594623,9.484058780866352,-0.2026234871594623,9.484058780866352,9.486223022703863,9.486223022703863,-0.00014478394499611,0.26897607141876967,0.5374892940367545,0.5374376509700735,-0.20262348651885986,9.483909606933594,-0.20262348651885986,9.483909606933594,9.48607349395752,9.48607349395752,-0.00014478723460342735,0.2688262164592743,0.5374966859817505,0.537445068359375,6.406024322114234e-10,0.00014917393275837298,6.406024322114234e-10,0.00014917393275837298,0.0001495287463431083,0.0001495287463431083,3.2896073173414517e-09,0.00014985495949537686,7.3919449959936046e-06,7.417389301545008e-06
24850,0.49700000000000005,0,0.5374748110771179,-9.400318717878164e-11,0.5374754071235657,104.71965789794922,104.71975708007812,1.9999999494757503e-05,False,False,-0.2026232625769863,9.484058593214126,-0.2026232625769863,9.484058593214126,9.486222830297423,9.486222830297423,-0.00014478390012399587,0.26897578272060413,0.5374901076000101,0.5374384645333291,-0.20262326300144196,9.483909606933594,-0.20262326300144196,9.483909606933594,9.48607349395752,9.48607349395752,-0.00014478723460342735,0.2688262164592743,0.5374981760978699,0.5374465584754944,4.2445566506010834e-10,0.00014898628053217067,4.2445566506010834e-10,0.00014898628053217067,0.00014933633990388273,0.00014933633990388273,3.3344794314767428e-09,0.00014956626132983653,8.068497859725632e-06,8.093942165277035e-06
24875,0.49750000000000005,0,0.5374742746353149,-9.148978102890837e-11,0.5374748706817627,104.71966552734375,104.71975708007812,1.9999999494757503e-05,False,False,-0.20262307520153758,9.48405898150271,-0.20262307520153758,9.48405898150271,9.486223214495132,9.486223214495132,-0.00014478385645168044,0.2689754996391343,0.5374869310967738,0.5374392605736836,-0.20262306928634644,9.48391056060791,-0.20262306928634644,9.48391056060791,9.486074447631836,9.486074447631836,-0.00014478723460342735,0.2688262164592743,0.5374957323074341,0.5374480485916138,5.915191142458198e-09,0.00014842089479927267,5.915191142458198e-09,0.00014842089479927267,0.00014876686329579059,0.00014876686329579059,3.3781517469152252e-09,0.00014928317986001582,8.801210660269732e-06,8.78801793013917e-06
24900,0.49800000000000005,0,0.537473738193512,-8.90437029665847e-11,0.5374742746353149,104.71966552734375,104.71975708007812,1.9999999494757503e-05,False,False,-0.20262285062110408,9.484058808453824,-0.20262285062110408,9.484058808453824,9.486223036688754,9.486223036688754,-0.00014478381394702285,0.26897522554437764,0.5374876820782397,0.5374400115551495,-0.20262284576892853,9.48391056060791,-0.20262284576892853,9.48391056060791,9.486074447631836,9.486074447631836,-0.00014478723460342735,0.2688262164592743,0.5374972224235535,0.5374495387077332,4.852175550240645e-09,0.00014824784591382922,4.852175550240645e-09,0.00014824784591382922,0.00014858905691816915,0.00014858905691816915,3.4206564045050417e-09,0.00014900908510334654,9.540345313752141e-06,9.527152583621579e-06
24925,0.49850000000000005,0,0.537473201751709,-8.66630864293505e-11,0.537473738193512,104.71966552734375,104.71975708007812,1.9999999494757503e-05,False,False,-0.20262264849600484,9.4840585411003,-0.20262264849600484,9.4840585411003,9.486222765078896,9.486222765078896,-0.0001447837725787558,0.26897495818965583,0.5374884330597056,0.5374407625366154,-0.202622652053833,9.48391056060791,-0.202622652053833,9.48391056060791,9.486074447631836,9.486074447631836,-0.00014478723460342735,0.2688262164592743,0.5374987125396729,0.5374510288238525,3.5578281709636173e-09,0.00014798049238962108,3.5578281709636173e-09,0.00014798049238962108,0.00014831744706000904,0.00014831744706000904,3.4620246715526444e-09,0.00014874173038154082,1.027947996723455e-05,1.0266287237103988e-05
24950,0.49900000000000005,0,0.5374727249145508,-8.434620363262368e-11,0.5374732613563538,104.71967315673828,104.71975708007812,1.9999999494757503e-05,False,False,-0.20262248357780885,9.484058955225585,-0.20262248357780885,9.484058955225585,9.486223175587103,9.486223175587103,-0.00014478373231646333,0.2689747009449863,0.5374852064910375,0.5374415085115382,-0.20262248814105988,9.48391056060791,-0.20262248814105988,9.48391056060791,9.486074447631836,9.486074447631836,-0.00014478723460342735,0.2688262164592743,0.5374960899353027,0.5374523997306824,4.563251027045467e-09,0.00014839461767479634,4.563251027045467e-09,0.00014839461767479634,0.00014872795526699178,0.00014872795526699178,3.502286964021835e-09,0.00014848448571203043,1.0883444265252784e-05,1.0891219144215647e-05
24975,0.49950000000000006,0,0.5374721884727478,-8.209133373071609e-11,0.5374727249145508,104.71967315673828,104.71975708007812,1.9999999494757503e-05,False,False,-0.20262228145459293,9.484058702475405,-0.20262228145459293,9.484058702475405,9.486222918577305,9.486222918577305,-0.00014478369313053756,0.2689744481936734,0.5374858948907136,0.5374421969112143,-0.20262227952480316,9.48391056060791,-0.20262227952480316,9.48391056060791,9.486074447631836,9.486074447631836,-0.00014478723460342735,0.2688262164592743,0.5374960899353027,0.5374523997306824,1.9297897724257496e-09,0.00014814186749489977,1.9297897724257496e-09,0.00014814186749489977,0.00014847094546865947,0.00014847094546865947,3.5414728897934303e-09,0.00014823173439909576,1.019504458910081e-05,1.0202819468063673e-05
25000,0.5,0,0.5374717116355896,-7.989681138909077e-11,0.5374722480773926,104.71967315673828,104.71975708007812,1.9999999494757503e-05,False,False,-0.20262210178663573,9.484058453095212,-0.20262210178663573,9.484058453095212,9.486222665416365,9.486222665416365,-0.0001447836549921754,0.26897419881237805,0.5374865832903898,0.5374428853108905,-0.20262210071086884,9.48391056060791,-0.20262210071086884,9.48391056060791,9.486074447631836,9.486074447631836,-0.00014478723460342735,0.2688262164592743,0.5374960899353027,0.5374523997306824,1.0757668922334318e-09,0.00014789248730195936,1.0757668922334318e-09,0.00014789248730195936,0.00014821778452933643,0.00014821778452933643,3.579611251944975e-09,0.0001479823531037594,9.506644912948836e-06,9.514419791911699e-06
25025,0.5005000000000001,0,0.5374712347984314,-7.776105453993765e-11,0.5374717712402344,104.71967315673828,104.71975708007812,1.9999999494757503e-05,False,False,-0.20262192211956512,9.484058213825042,-0.20262192211956512,9.484058213825042,9.486222422363165,9.486222422363165,-0.0001447836178733299,0.2689739595411355,0.5374872716900659,0.5374435737105666,-0.2026219218969345,9.48391056060791,-0.2026219218969345,9.48391056060791,9.486074447631836,9.486074447631836,-0.00014478723460342735,0.2688262164592743,0.5374960899353027,0.5374523997306824,2.2263060839300408e-10,0.00014765321713205992,2.2263060839300408e-10,0.00014765321713205992,0.00014797473132865946,0.00014797473132865946,3.616730097458524e-09,0.00014774308186121798,8.818245236796862e-06,8.826020115759725e-06
25050,0.501,0,0.537470817565918,-7.568247417655272e-11,0.5374712944030762,104.71968078613281,104.71975708007812,1.9999999494757503e-05,False,False,-0.20262175720489897,9.484058753708313,-0.20262175720489897,9.484058753708313,9.486222958600756,9.486222958600756,-0.00014478358174670254,0.26897372700992817,0.5374839474938076,0.5374442220578991,-0.20262175798416138,9.483911514282227,-0.20262175798416138,9.483911514282227,9.486075401306152,9.486075401306152,-0.00014478723460342735,0.2688262164592743,0.5374920964241028,0.5374523997306824,7.792624046043528e-10,0.00014723942608618756,7.792624046043528e-10,0.00014723942608618756,0.0001475572946034731,0.0001475572946034731,3.652856724810057e-09,0.0001475105506538732,8.14893029521535e-06,8.177672783271639e-06
25075,0.5015000000000001,0,0.5374703407287598,-7.365956455895883e-11,0.537470817565918,104.71968078613281,104.71975708007812,1.9999999494757503e-05,False,False,-0.20262157753951807,9.484058526794817,-0.20262157753951807,9.484058526794817,9.486222727901453,9.486222727901453,-0.00014478354658572625,0.2689735000954168,0.5374845733116967,0.5374448478757883,-0.20262157917022705,9.483911514282227,-0.20262157917022705,9.483911514282227,9.486075401306152,9.486075401306152,-0.00014478723460342735,0.2688262164592743,0.5374920964241028,0.5374523997306824,1.6307089845124523e-09,0.00014701251259019443,1.6307089845124523e-09,0.00014701251259019443,0.0001473265953002567,0.0001473265953002567,3.6880177010998726e-09,0.0001472836361425256,7.5231124060382015e-06,7.55185489409449e-06
25100,0.502,0,0.5374699234962463,-7.169075055823981e-11,0.5374704003334045,104.71968078613281,104.71975708007812,1.9999999494757503e-05,False,False,-0.2026214203293038,9.48405830549799,-0.2026214203293038,9.48405830549799,9.486222503297173,9.486222503297173,-0.00014478351236455646,0.2689732787976013,0.5374851991295859,0.5374454736936775,-0.20262141525745392,9.483911514282227,-0.20262141525745392,9.483911514282227,9.486075401306152,9.486075401306152,-0.00014478723460342735,0.2688262164592743,0.5374920964241028,0.5374523997306824,5.071849884519253e-09,0.00014679121576399723,5.071849884519253e-09,0.00014679121576399723,0.00014710199102019317,0.00014710199102019317,3.7222388708888377e-09,0.00014706233832700866,6.897294516861052e-06,6.92603700491734e-06
25125,0.5025000000000001,0,0.5374695062637329,-6.977463745672097e-11,0.5374699831008911,104.71968078613281,104.71975708007812,1.9999999494757503e-05,False,False,-0.20262126311988507,9.484058089817834,-0.20262126311988507,9.484058089817834,9.486222284308301,9.486222284308301,-0.000144783479058054,0.2689730631164815,0.5374858249474751,0.5374460995115666,-0.20262126624584198,9.483911514282227,-0.20262126624584198,9.483911514282227,9.486075401306152,9.486075401306152,-0.00014478723460342735,0.2688262164592743,0.5374920964241028,0.5374523997306824,3.1259569099884033e-09,0.00014657553560759595,3.1259569099884033e-09,0.00014657553560759595,0.0001468830021487122,0.0001468830021487122,3.755545373355885e-09,0.00014684665720721135,6.271476627683903e-06,6.300219115740191e-06
25150,0.503,0,0.5374690890312195,-6.79098097200459e-11,0.5374695658683777,104.71968841552734,104.71975708007812,1.9999999494757503e-05,False,False,-0.20262112066273463,9.484058552246477,-0.20262112066273463,9.484058552246477,9.486222743588629,9.486222743588629,-0.00014478344664172843,0.26897285417539657,0.5374824281563417,0.537446675264024,-0.20262111723423004,9.483912467956543,-0.20262111723423004,9.483912467956543,9.486076354980469,9.486076354980469,-0.00014478723460342735,0.2688262164592743,0.5374881625175476,0.5374523997306824,3.4285045913406975e-09,0.00014608428993412303,3.4285045913406975e-09,0.00014608428993412303,0.0001463886081598531,0.0001463886081598531,3.787961698920473e-09,0.0001466377161222776,5.7343612058780025e-06,5.7244666583633474e-06
25175,0.5035000000000001,0,0.5374687314033508,-6.609490038611554e-11,0.5374691486358643,104.71968841552734,104.71975708007812,1.9999999494757503e-05,False,False,-0.20262096345483216,9.484058449967641,-0.20262096345483216,9.484058449967641,9.486222637975242,9.486222637975242,-0.00014478341509175865,0.26897265085100736,0.5374829913924412,0.5374472385001234,-0.2026209682226181,9.483912467956543,-0.2026209682226181,9.483912467956543,9.486076354980469,9.486076354980469,-0.00014478723460342735,0.2688262164592743,0.5374881625175476,0.5374523997306824,4.767785943826652e-09,0.00014598201109805586,4.767785943826652e-09,0.00014598201109805586,0.00014628299477337237,0.00014628299477337237,3.819511668696953e-09,0.0001464343917330635,5.171125106451235e-06,5.16123055893658e-06
25200,0.504,0,0.5374683141708374,-6.432855637061863e-11,0.5374687314033508,104.71968841552734,104.71975708007812,1.9999999494757503e-05,False,False,-0.2026208062476631,9.484058251137498,-0.2026208062476631,9.484058251137498,9.486222435832596,9.486222435832596,-0.00014478338438495372,0.2689724520199747,0.5374835546285406,0.5374478017362229,-0.20262080430984497,9.483912467956543,-0.20262080430984497,9.483912467956543,9.486076354980469,9.486076354980469,-0.00014478723460342735,0.2688262164592743,0.5374881625175476,0.5374523997306824,1.9378181281837215e-09,0.00014578318095459508,1.9378181281837215e-09,0.00014578318095459508,0.0001460808521276391,0.0001460808521276391,3.85021847363427e-09,0.0001462355607004251,4.607889007024468e-06,4.597994459509813e-06
25225,0.5045000000000001,0,0.5374679565429688,-6.260947316150123e-11,0.5374683737754822,104.71968841552734,104.71975708007812,1.9999999494757503e-05,False,False,-0.20262067149555857,9.484058061294041,-0.20262067149555857,9.484058061294041,9.486222243154216,9.486222243154216,-0.0001447833544987541,0.26897226217565556,0.53748411786464,0.5374483649723223,-0.20262067019939423,9.483912467956543,-0.20262067019939423,9.483912467956543,9.486076354980469,9.486076354980469,-0.00014478723460342735,0.2688262164592743,0.5374881625175476,0.5374523997306824,1.2961643425235536e-09,0.00014559333749808445,1.2961643425235536e-09,0.00014559333749808445,0.00014588817374772134,0.00014588817374772134,3.880104673242022e-09,0.00014604571638127117,4.044652907597701e-06,4.034758360083046e-06
25250,0.505,0,0.5374675989151001,-6.093638788007283e-11,0.5374679565429688,104.71969604492188,104.71975708007812,1.9999999494757503e-05,False,False,-0.2026205290412478,9.484058648357355,-0.2026205290412478,9.484058648357355,9.48622282704085,9.48622282704085,-0.00014478332541120593,0.2689720768246932,0.5374806735113463,0.5374488931626195,-0.20262053608894348,9.48391342163086,-0.20262053608894348,9.48391342163086,9.486077308654785,9.486077308654785,-0.00014478723460342735,0.2688262164592743,0.5374841690063477,0.5374523997306824,7.047695677053767e-09,0.00014522672649519563,7.047695677053767e-09,0.00014522672649519563,0.00014551838606458034,0.00014551838606458034,3.9091922214215796e-09,0.000145860365418915,3.495495001337723e-06,3.506568062916493e-06
25275,0.5055000000000001,0,0.5374672412872314,-5.930807928100634e-11,0.5374675989151001,104.71969604492188,104.71975708007812,1.9999999494757503e-05,False,False,-0.20262039429050416,9.484058464130548,-0.20262039429050416,9.484058464130548,9.486222639977871,9.486222639977871,-0.00014478329710093579,0.26897189259707005,0.537481174165656,0.5374493938169291,-0.20262040197849274,9.48391342163086,-0.20262040197849274,9.48391342163086,9.486077308654785,9.486077308654785,-0.00014478723460342735,0.2688262164592743,0.5374841690063477,0.5374523997306824,7.687988579085925e-09,0.000145042499688941,7.687988579085925e-09,0.000145042499688941,0.00014533132308613972,0.00014533132308613972,3.9375024915653655e-09,0.00014567613779575828,2.994840691661338e-06,3.005913753240108e-06
25300,0.506,0,0.5374668836593628,-5.772330877173992e-11,0.5374672412872314,104.71969604492188,104.71975708007812,1.9999999494757503e-05,False,False,-0.2026202595404186,9.484058285520417,-0.2026202595404186,9.484058285520417,9.486222458530303,9.486222458530303,-0.0001447832695471463,0.2689717139861429,0.5374816748199657,0.5374498944712388,-0.202620267868042,9.48391342163086,-0.202620267868042,9.48391342163086,9.486077308654785,9.486077308654785,-0.00014478723460342735,0.2688262164592743,0.5374841690063477,0.5374523997306824,8.327623396420236e-09,0.00014486388955781138,8.327623396420236e-09,0.00014486388955781138,0.00014514987551805802,0.00014514987551805802,3.965056281056293e-09,0.00014549752686859874,2.494186381984953e-06,2.505259443563723e-06
25325,0.5065000000000001,0,0.5374665260314941,-5.618092449588552e-11,0.5374669432640076,104.71969604492188,104.71975708007812,1.9999999494757503e-05,False,False,-0.20262014724532587,9.48405801035898,-0.20262014724532587,9.48405801035898,9.486222181033082,9.486222181033082,-0.00014478324272961242,0.26897153986857253,0.5374821754742753,0.5374503951255485,-0.20262014865875244,9.48391342163086,-0.20262014865875244,9.48391342163086,9.486077308654785,9.486077308654785,-0.00014478723460342735,0.2688262164592743,0.5374841690063477,0.5374523997306824,1.4134265702292481e-09,0.0001445887281210645,1.4134265702292481e-09,0.0001445887281210645,0.0001448723782964123,0.0001448723782964123,3.991873814926947e-09,0.00014532340929823695,1.993532072308568e-06,2.0046051338873383e-06
25350,0.507,0,0.5374662280082703,-5.467983010820632e-11,0.5374665856361389,104.71969604492188,104.71975708007812,1.9999999494757503e-05,False,False,-0.2026200124965039,9.484057942903501,-0.2026200124965039,9.484057942903501,9.486222110714838,9.486222110714838,-0.00014478321662863384,0.26897137136769816,0.537482676128585,0.5374508957798582,-0.2026200145483017,9.48391342163086,-0.2026200145483017,9.48391342163086,9.486077308654785,9.486077308654785,-0.00014478723460342735,0.2688262164592743,0.5374841690063477,0.5374523997306824,2.0517977872280824e-09,0.00014452127264164005,2.0517977872280824e-09,0.00014452127264164005,0.00014480206005274,0.00014480206005274,4.017974793510274e-09,0.00014515490842387235,1.4928777626321832e-06,1.5039508242109534e-06
25375,0.5075000000000001,0,0.5374659299850464,-5.321887722176122e-11,0.5374662280082703,104.7197036743164,104.71975708007812,1.9999999494757503e-05,False,False,-0.20261989249969106,9.484058550186813,-0.20261989249969106,9.484058550186813,9.486222715296547,9.486222715296547,-0.00014478319122503418,0.26897120623684123,0.5374791566771457,0.5374513488720097,-0.20261989533901215,9.48391342163086,-0.20261989533901215,9.48391342163086,9.486077308654785,9.486077308654785,-0.00014478723460342735,0.2688262164592743,0.5374802350997925,0.5374523997306824,2.839321083802915e-09,0.00014512855595327778,2.839321083802915e-09,0.00014512855595327778,0.00014540664176188045,0.00014540664176188045,4.043378393171412e-09,0.00014498977756693954,1.0784226467386304e-06,1.0508586726354352e-06
25400,0.508,0,0.5374655723571777,-5.1797004185782924e-11,0.5374659299850464,104.7197036743164,104.71975708007812,1.9999999494757503e-05,False,False,-0.20261978020641036,9.484058288505384,-0.20261978020641036,9.484058288505384,9.486222451276301,9.486222451276301,-0.00014478316650016625,0.2689710455993409,0.5374795947496684,0.5374517869445324,-0.2026197910308838,9.48391342163086,-0.2026197910308838,9.48391342163086,9.486077308654785,9.486077308654785,-0.00014478723460342735,0.2688262164592743,0.5374802350997925,0.5374523997306824,1.0824473428705517e-08,0.00014486687452475167,1.0824473428705517e-08,0.00014486687452475167,0.00014514262151621438,0.00014514262151621438,4.068103261103528e-09,0.00014482914006658243,6.403501240370701e-07,6.127861499338749e-07
25425,0.5085000000000001,0,0.5374652743339539,-5.04131666967389e-11,0.5374656319618225,104.7197036743164,104.71975708007812,1.9999999494757503e-05,False,False,-0.20261966791370428,9.484058131238594,-0.20261966791370428,9.484058131238594,9.48622229164689,9.48622229164689,-0.00014478314243587158,0.26897088833185795,0.5374800328221911,0.5374522250170551,-0.20261967182159424,9.48391342163086,-0.20261967182159424,9.48391342163086,9.486077308654785,9.486077308654785,-0.00014478723460342735,0.2688262164592743,0.5374802350997925,0.5374523997306824,3.907889956078492e-09,0.00014470960773493857,3.907889956078492e-09,0.00014470960773493857,0.00014498299210430332,0.00014498299210430332,4.09216755576855e-09,0.0001446718725836571,2.0227760133550987e-07,1.7471362723231465e-07
25450,0.509,0,0.53746497631073,-4.906635167611917e-11,0.5374653339385986,104.7197036743164,104.71975708007812,1.9999999494757503e-05,False,False,-0.2026195556215574,9.484057978465145,-0.2026195556215574,9.484057978465145,9.486222136509806,9.486222136509806,-0.00014478311901448203,0.2689707355577316,0.5374804708947138,0.5374526630895778,-0.2026195526123047,9.48391342163086,-0.2026195526123047,9.48391342163086,9.486077308654785,9.486077308654785,-0.00014478723460342735,0.2688262164592743,0.5374802350997925,0.5374523997306824,3.009252708130461e-09,0.00014455683428593602,3.009252708130461e-09,0.00014455683428593602,0.0001448278550206794,0.0001448278550206794,4.115588945325082e-09,0.00014451909845730748,2.357949213660504e-07,2.633588954692456e-07
25475,0.5095000000000001,0,0.5374646782875061,-4.7755546045413766e-11,0.5374650359153748,104.7197036743164,104.71975708007812,1.9999999494757503e-05,False,False,-0.2026194433299548,9.484057832431713,-0.2026194433299548,9.484057832431713,9.486221988111213,9.486221988111213,-0.0001447830962187979,0.2689705895236401,0.5374809089672365,0.5374531011621005,-0.20261946320533752,9.48391342163086,-0.20261946320533752,9.48391342163086,9.486077308654785,9.486077308654785,-0.00014478723460342735,0.2688262164592743,0.5374802350997925,0.5374523997306824,1.9875382728518076e-08,0.00014441080085347835,1.9875382728518076e-08,0.00014441080085347835,0.00014467945642770985,0.00014467945642770985,4.138384629447968e-09,0.00014437306436582142,6.738674440676107e-07,7.014314181708059e-07
25500,0.51,0,0.537464439868927,-4.6479799176157854e-11,0.5374647378921509,104.71971130371094,104.71975708007812,1.9999999494757503e-05,False,False,-0.20261934579024343,9.484058461058375,-0.20261934579024343,9.484058461058375,9.48622261451108,9.48622261451108,-0.00014478307403209095,0.2689704457362269,0.5374773594765389,0.5374535242149937,-0.20261934399604797,9.483914375305176,-0.20261934399604797,9.483914375305176,9.486078262329102,9.486078262329102,-0.00014478723460342735,0.2688262164592743,0.5374762415885925,0.5374523997306824,1.7941954588707176e-09,0.00014408575319890815,1.7941954588707176e-09,0.00014408575319890815,0.00014435218197839106,0.00014435218197839106,4.160571336400947e-09,0.00014422927695262322,1.1178879463225044e-06,1.1244843113322744e-06
25525,0.5105000000000001,0,0.5374641418457031,-4.523815697043965e-11,0.537464439868927,104.71971130371094,104.71975708007812,1.9999999494757503e-05,False,False,-0.20261923349967795,9.484058319518264,-0.20261923349967795,9.484058319518264,9.486222470604808,9.486222470604808,-0.00014478305243807547,0.268970304195492,0.5374777349672718,0.5374538997057267,-0.2026192545890808,9.483914375305176,-0.2026192545890808,9.483914375305176,9.486078262329102,9.486078262329102,-0.00014478723460342735,0.2688262164592743,0.5374762415885925,0.5374523997306824,2.1089402862939366e-08,0.0001439442130877211,2.1089402862939366e-08,0.0001439442130877211,0.00014420827570660322,0.00014420827570660322,4.182165351876432e-09,0.00014408773621771287,1.4933786792736825e-06,1.4999750442834525e-06
25550,0.511,0,0.537463903427124,-4.4029734719286395e-11,0.5374642014503479,104.71971130371094,104.71975708007812,1.9999999494757503e-05,False,False,-0.20261914366396994,9.484058183594833,-0.20261914366396994,9.484058183594833,9.486222332793558,9.486222332793558,-0.0001447830314209008,0.2689701682714528,0.5374781104580048,0.5374542751964596,-0.20261916518211365,9.483914375305176,-0.20261916518211365,9.483914375305176,9.486078262329102,9.486078262329102,-0.00014478723460342735,0.2688262164592743,0.5374762415885925,0.5374523997306824,2.151814371131877e-08,0.0001438082896569881,2.151814371131877e-08,0.0001438082896569881,0.00014407046445619187,0.00014407046445619187,4.20318252655782e-09,0.00014395181217852215,1.8688694122248606e-06,1.8754657772346306e-06
25575,0.5115000000000001,0,0.5374636054039001,-4.285363036649059e-11,0.537463903427124,104.71971130371094,104.71975708007812,1.9999999494757503e-05,False,False,-0.20261903137439458,9.48405805216474,-0.20261903137439458,9.48405805216474,9.486222198995021,9.486222198995021,-0.00014478301096513678,0.2689700368407702,0.5374784859487377,0.5374546506871926,-0.2026190459728241,9.483914375305176,-0.2026190459728241,9.483914375305176,9.486078262329102,9.486078262329102,-0.00014478723460342735,0.2688262164592743,0.5374762415885925,0.5374523997306824,1.4598429520784606e-08,0.00014367685956351295,1.4598429520784606e-08,0.00014367685956351295,0.00014393666591949739,0.00014393666591949739,4.223638290566482e-09,0.00014382038149590715,2.2443601451760387e-06,2.2509565101858087e-06
25600,0.512,0,0.537463366985321,-4.170896267252644e-11,0.5374636650085449,104.71971130371094,104.71975708007812,1.9999999494757503e-05,False,False,-0.2026189415396502,9.484057922981311,-0.2026189415396502,9.484057922981311,9.486222067922258,9.486222067922258,-0.00014478299105577267,0.26896990765676587,0.5374788614394707,0.5374550261779255,-0.20261895656585693,9.483914375305176,-0.20261895656585693,9.483914375305176,9.486078262329102,9.486078262329102,-0.00014478723460342735,0.2688262164592743,0.5374762415885925,0.5374523997306824,1.5026206723334212e-08,0.000143547676135114,1.5026206723334212e-08,0.000143547676135114,0.00014380559315618768,0.00014380559315618768,4.2435476546814985e-09,0.00014369119749158,2.6198508781272167e-06,2.6264472431369867e-06
25625,0.5125000000000001,0,0.5374631285667419,-4.059491631736023e-11,0.5374634265899658,104.71971130371094,104.71975708007812,1.9999999494757503e-05,False,False,-0.20261885170536842,9.484057796044544,-0.20261885170536842,9.484057796044544,9.486221939095653,9.486221939095653,-0.00014478297167820105,0.26896978071943983,0.5374792369302036,0.5374554016686585,-0.20261886715888977,9.483914375305176,-0.20261886715888977,9.483914375305176,9.486078262329102,9.486078262329102,-0.00014478723460342735,0.2688262164592743,0.5374762415885925,0.5374523997306824,1.545352135146061e-08,0.00014342073936823851,1.545352135146061e-08,0.00014342073936823851,0.00014367676655169248,0.00014367676655169248,4.262925226304528e-09,0.0001435642601655407,2.995341611078395e-06,3.001937976088165e-06
25650,0.513,0,0.5374628901481628,-3.9510662103170446e-11,0.5374631285667419,104.71971130371094,104.71975708007812,1.9999999494757503e-05,False,False,-0.20261873941718114,9.484057774645763,-0.20261873941718114,9.484057774645763,9.486221915303359,9.486221915303359,-0.00014478295281819442,0.26896965827547037,0.5374796124209366,0.5374557771593914,-0.2026187628507614,9.483914375305176,-0.2026187628507614,9.483914375305176,9.486078262329102,9.486078262329102,-0.00014478723460342735,0.2688262164592743,0.5374762415885925,0.5374523997306824,2.3433580270681986e-08,0.00014339934058682502,2.3433580270681986e-08,0.00014339934058682502,0.00014365297425733559,0.00014365297425733559,4.281785232932789e-09,0.0001434418161960771,3.370832344029573e-06,3.377428709039343e-06
25675,0.5135000000000001,0,0.5374626517295837,-3.8455412465498995e-11,0.5374628901481628,104.71971893310547,104.71975708007812,1.9999999494757503e-05,False,False,-0.20261866433509856,9.484058326941133,-0.20261866433509856,9.484058326941133,9.486222465869034,9.486222465869034,-0.00014478293446191002,0.26896953920151834,0.5374759678059184,0.5374561050879642,-0.20261868834495544,9.483915328979492,-0.20261868834495544,9.483915328979492,9.486079216003418,9.486079216003418,-0.00014478723460342735,0.2688262164592743,0.5374722480773926,0.5374523997306824,2.400985688044699e-08,0.00014299796164074507,2.400985688044699e-08,0.00014299796164074507,0.0001432498656157577,0.0001432498656157577,4.30014151733436e-09,0.0001433227422440453,3.7197285258638857e-06,3.7053572817802305e-06
25700,0.514,0,0.5374624133110046,-3.742834167597131e-11,0.5374627113342285,104.71971893310547,104.71975708007812,1.9999999494757503e-05,False,False,-0.2026185969564825,9.48405810906973,-0.2026185969564825,9.48405810906973,9.486222246608179,9.486222246608179,-0.00014478291659588463,0.2689694223742446,0.5374762807148616,0.5374564179969074,-0.20261861383914948,9.483915328979492,-0.20261861383914948,9.483915328979492,9.486079216003418,9.486079216003418,-0.00014478723460342735,0.2688262164592743,0.5374722480773926,0.5374523997306824,1.6882666986628436e-08,0.00014278009023804827,1.6882666986628436e-08,0.00014278009023804827,0.00014303060476095197,0.00014303060476095197,4.318007542725242e-09,0.00014320591497030133,4.0326374690646816e-06,4.018266224981026e-06
25725,0.5145000000000001,0,0.5374622344970703,-3.64287489063031e-11,0.5374624729156494,104.71971893310547,104.71975708007812,1.9999999494757503e-05,False,False,-0.2026185071239241,9.484058097780958,-0.2026185071239241,9.484058097780958,9.486222233403225,9.486222233403225,-0.0001447828992070187,0.2689693100403274,0.5374765936238048,0.5374567309058506,-0.2026185244321823,9.483915328979492,-0.2026185244321823,9.483915328979492,9.486079216003418,9.486079216003418,-0.00014478723460342735,0.2688262164592743,0.5374722480773926,0.5374523997306824,1.7308258215553707e-08,0.0001427688014654649,1.7308258215553707e-08,0.0001427688014654649,0.00014301739980737693,0.00014301739980737693,4.335396408652924e-09,0.00014309358105313308,4.3455464122654774e-06,4.331175168181822e-06
25750,0.515,0,0.5374619960784912,-3.5455863939271026e-11,0.5374622344970703,104.71971893310547,104.71975708007812,1.9999999494757503e-05,False,False,-0.20261841729176974,9.484057985447528,-0.20261841729176974,9.484057985447528,9.486222119176677,9.486222119176677,-0.00014478288228254938,0.26896919770641026,0.537476906532748,0.5374570438147938,-0.20261843502521515,9.483915328979492,-0.20261843502521515,9.483915328979492,9.486079216003418,9.486079216003418,-0.00014478723460342735,0.2688262164592743,0.5374722480773926,0.5374523997306824,1.773344540656474e-08,0.00014265646803579557,1.773344540656474e-08,0.00014265646803579557,0.0001429031732591568,0.0001429031732591568,4.35232087796591e-09,0.00014298124713596483,4.658455355466273e-06,4.644084111382618e-06
25775,0.5155000000000001,0,0.5374618172645569,-3.45089859465908e-11,0.5374619960784912,104.71971893310547,104.71975708007812,1.9999999494757503e-05,False,False,-0.20261832746000857,9.484057980898767,-0.20261832746000857,9.484057980898767,9.486222112710216,9.486222112710216,-0.0001447828658100669,0.2689690921125283,0.5374772194416912,0.537457356723737,-0.20261834561824799,9.483915328979492,-0.20261834561824799,9.483915328979492,9.486079216003418,9.486079216003418,-0.00014478723460342735,0.2688262164592743,0.5374722480773926,0.5374523997306824,1.8158239412091604e-08,0.000142651919274428,1.8158239412091604e-08,0.000142651919274428,0.00014289670679801247,0.00014289670679801247,4.368793360442266e-09,0.0001428756532539932,4.971364298667069e-06,4.956993054583414e-06
25800,0.516,0,0.5374615788459778,-3.358742103887202e-11,0.5374618172645569,104.71971893310547,104.71975708007812,1.9999999494757503e-05,False,False,-0.20261826008298742,9.484057775384043,-0.20261826008298742,9.484057775384043,9.486221905803257,9.486221905803257,-0.00014478284977748773,0.2689689876419855,0.5374775323506344,0.5374576696326802,-0.2026182860136032,9.483915328979492,-0.2026182860136032,9.483915328979492,9.486079216003418,9.486079216003418,-0.00014478723460342735,0.2688262164592743,0.5374722480773926,0.5374523997306824,2.5930615793479106e-08,0.00014244640455096658,2.5930615793479106e-08,0.00014244640455096658,0.00014268979983889096,0.00014268979983889096,4.384825939623624e-09,0.00014277118271122102,5.284273241867865e-06,5.26990199778421e-06
25825,0.5165000000000001,0,0.5374614000320435,-3.269049614340602e-11,0.5374616384506226,104.71971893310547,104.71975708007812,1.9999999494757503e-05,False,False,-0.2026181927063387,9.48405767316063,-0.2026181927063387,9.48405767316063,9.486221802164053,9.486221802164053,-0.000144782834173056,0.26896888541812114,0.5374778452595776,0.5374579825416234,-0.20261821150779724,9.483915328979492,-0.20261821150779724,9.483915328979492,9.486079216003418,9.486079216003418,-0.00014478723460342735,0.2688262164592743,0.5374722480773926,0.5374523997306824,1.8801458528949766e-08,0.0001423441811372328,1.8801458528949766e-08,0.0001423441811372328,0.0001425861606350054,0.0001425861606350054,4.400430371351511e-09,0.00014266895884684772,5.597182185068661e-06,5.582810940985006e-06
25850,0.517,0,0.5374612212181091,-3.181752084024936e-11,0.5374614000320435,104.71971893310547,104.71975708007812,1.9999999494757503e-05,False,False,-0.20261810287569523,9.484057675351863,-0.20261810287569523,9.484057675351863,9.486221802436075,9.486221802436075,-0.0001447828189853268,0.26896878656427436,0.5374781581685208,0.5374582954505666,-0.20261812210083008,9.483915328979492,-0.20261812210083008,9.483915328979492,9.486079216003418,9.486079216003418,-0.00014478723460342735,0.2688262164592743,0.5374722480773926,0.5374523997306824,1.9225134845202163e-08,0.00014234637237109382,1.9225134845202163e-08,0.00014234637237109382,0.00014258643265741,0.00014258643265741,4.415618100545374e-09,0.00014257010500007272,5.910091128269457e-06,5.895719884185802e-06
25875,0.5175000000000001,0,0.5374610424041748,-3.09679122623141e-11,0.5374612212181091,104.7197265625,104.71975708007812,1.9999999494757503e-05,False,False,-0.20261805025102683,9.484058252360594,-0.20261805025102683,9.484058252360594,9.48622237818915,9.48622237818915,-0.0001447828042031632,0.2689686922037844,0.5374744409586292,0.5374585507842657,-0.2026180773973465,9.483915328979492,-0.2026180773973465,9.483915328979492,9.486079216003418,9.486079216003418,-0.00014478723460342735,0.2688262164592743,0.5374683141708374,0.5374523997306824,2.7146319664383967e-08,0.00014292338110166725,2.7146319664383967e-08,0.00014292338110166725,0.000143162185732848,0.000143162185732848,4.430400264157034e-09,0.00014247574451009548,6.126787791771449e-06,6.151053583369759e-06
25900,0.518,0,0.5374608635902405,-3.014099733689157e-11,0.5374610424041748,104.7197265625,104.71975708007812,1.9999999494757503e-05,False,False,-0.20261798287543192,9.484058158000519,-0.20261798287543192,9.484058158000519,9.486222282411513,9.486222282411513,-0.00014478278981571753,0.2689685978432944,0.5374746912857854,0.537458801111422,-0.20261800289154053,9.483915328979492,-0.20261800289154053,9.483915328979492,9.486079216003418,9.486079216003418,-0.00014478723460342735,0.2688262164592743,0.5374683141708374,0.5374523997306824,2.0016108603915228e-08,0.0001428290210263583,2.0016108603915228e-08,0.0001428290210263583,0.00014306640809458315,0.00014306640809458315,4.444787709818963e-09,0.00014238138402011824,6.37711494799742e-06,6.40138073959573e-06
25925,0.5185000000000001,0,0.5374606847763062,-2.933618625799994e-11,0.5374608635902405,104.7197265625,104.71975708007812,1.9999999494757503e-05,False,False,-0.20261791550017122,9.48405806588711,-0.20261791550017122,9.48405806588711,9.486222188880038,9.486222188880038,-0.0001447827758124434,0.26896850572948283,0.5374749416129416,0.5374590514385782,-0.20261794328689575,9.483915328979492,-0.20261794328689575,9.483915328979492,9.486079216003418,9.486079216003418,-0.00014478723460342735,0.2688262164592743,0.5374683141708374,0.5374523997306824,2.7786724532408158e-08,0.00014273690761790192,2.7786724532408158e-08,0.00014273690761790192,0.00014297287662046188,0.00014297287662046188,4.458790983945162e-09,0.00014228927020853988,6.627442104223391e-06,6.651707895821701e-06
25950,0.519,0,0.5374605059623718,-2.8552871872422614e-11,0.5374606847763062,104.7197265625,104.71975708007812,1.9999999494757503e-05,False,False,-0.20261784812523584,9.484057977143712,-0.20261784812523584,9.484057977143712,9.486222098717812,9.486222098717812,-0.00014478276218307814,0.26896841698568885,0.5374751919400979,0.5374593017657344,-0.20261786878108978,9.483915328979492,-0.20261786878108978,9.483915328979492,9.486079216003418,9.486079216003418,-0.00014478723460342735,0.2688262164592743,0.5374683141708374,0.5374523997306824,2.065585394395164e-08,0.00014264816421949433,2.065585394395164e-08,0.00014264816421949433,0.0001428827143943323,0.0001428827143943323,4.472420349213926e-09,0.00014220052641455982,6.877769260449362e-06,6.9020350520476725e-06
25975,0.5195000000000001,0,0.5374603271484375,-2.7790506007541182e-11,0.5374605059623718,104.7197265625,104.71975708007812,1.9999999494757503e-05,False,False,-0.20261778075061698,9.484057889523639,-0.20261778075061698,9.484057889523639,9.486222009678663,9.486222009678663,-0.0001447827489176256,0.26896832936523407,0.5374754422672541,0.5374595520928906,-0.202617809176445,9.483915328979492,-0.202617809176445,9.483915328979492,9.486079216003418,9.486079216003418,-0.00014478723460342735,0.2688262164592743,0.5374683141708374,0.5374523997306824,2.842582802475846e-08,0.00014256054414651942,2.842582802475846e-08,0.00014256054414651942,0.00014279367524494546,0.00014279367524494546,4.485685801752445e-09,0.0001421129059597792,7.1280964166753336e-06,7.152362208273644e-06
26000,0.52,0,0.5374601483345032,-2.70485144698851e-11,0.5374603271484375,104.7197265625,104.71975708007812,1.9999999494757503e-05,False,False,-0.20261771337630624,9.484057805273574,-0.20261771337630624,9.484057805273574,9.48622192400876,9.48622192400876,-0.00014478273600635738,0.26896824511479683,0.5374756925944103,0.5374598024200469,-0.20261773467063904,9.483915328979492,-0.20261773467063904,9.483915328979492,9.486079216003418,9.486079216003418,-0.00014478723460342735,0.2688262164592743,0.5374683141708374,0.5374523997306824,2.1294332797072713e-08,0.00014247629408181695,2.1294332797072713e-08,0.00014247629408181695,0.00014270800534177397,0.00014270800534177397,4.4985970699712875e-09,0.0001420286555225414,7.378423572901305e-06,7.402689364499615e-06
26025,0.5205000000000001,0,0.5374600291252136,-2.6326354291006382e-11,0.5374601483345032,104.7197265625,104.71975708007812,1.9999999494757503e-05,False,False,-0.20261764600229543,9.484057825438159,-0.20261764600229543,9.484057825438159,9.486221942729692,9.486221942729692,-0.00014478272343980989,0.2689681642343771,0.5374759429215665,0.5374600527472031,-0.20261767506599426,9.483915328979492,-0.20261767506599426,9.483915328979492,9.486079216003418,9.486079216003418,-0.00014478723460342735,0.2688262164592743,0.5374683141708374,0.5374523997306824,2.906369883648452e-08,0.00014249645866648564,2.906369883648452e-08,0.00014249645866648564,0.00014272672627413385,0.00014272672627413385,4.5111636174646405e-09,0.00014194777510279089,7.628750729127276e-06,7.653016520725586e-06
26050,0.521,0,0.5374598503112793,-2.5623484237180527e-11,0.5374600291252136,104.7197265625,104.71975708007812,1.9999999494757503e-05,False,False,-0.20261760108293544,9.48405764351345,-0.20261760108293544,9.48405764351345,9.486221759887048,9.486221759887048,-0.00014478271120876775,0.26896808335395733,0.5374761932487228,0.5374603030743593,-0.20261763036251068,9.483915328979492,-0.20261763036251068,9.483915328979492,9.486079216003418,9.486079216003418,-0.00014478723460342735,0.2688262164592743,0.5374683141708374,0.5374523997306824,2.9279575236573763e-08,0.00014231453395829874,2.9279575236573763e-08,0.00014231453395829874,0.00014254388362999748,0.00014254388362999748,4.523394659598605e-09,0.00014186689468304037,7.879077885353247e-06,7.903343676951557e-06
26075,0.5215000000000001,0,0.537459671497345,-2.4939390830258645e-11,0.5374598503112793,104.7197265625,104.71975708007812,1.9999999494757503e-05,False,False,-0.2026175337095006,9.484057566003393,-0.2026175337095006,9.484057566003393,9.486221680955634,9.486221680955634,-0.00014478269930427547,0.268968005843555,0.537476443575879,0.5374605534015156,-0.2026175558567047,9.483915328979492,-0.2026175558567047,9.483915328979492,9.486079216003418,9.486079216003418,-0.00014478723460342735,0.2688262164592743,0.5374683141708374,0.5374523997306824,2.2147204098432738e-08,0.00014223702390125936,2.2147204098432738e-08,0.00014223702390125936,0.000142464952215704,0.000142464952215704,4.5352991518831254e-09,0.00014178938428072163,8.129405041579219e-06,8.153670833177529e-06
26100,0.522,0,0.5374595522880554,-2.427360222545527e-11,0.5374597311019897,104.7197265625,104.71975708007812,1.9999999494757503e-05,False,False,-0.20261748879070118,9.484057488493324,-0.20261748879070118,9.484057488493324,9.48622160250382,9.48622160250382,-0.0001447826877175943,0.2689679283331527,0.5374766939030352,0.5374608037286718,-0.20261751115322113,9.483915328979492,-0.20261751115322113,9.483915328979492,9.486079216003418,9.486079216003418,-0.00014478723460342735,0.2688262164592743,0.5374683141708374,0.5374523997306824,2.2362519946916848e-08,0.0001421595138317855,2.2362519946916848e-08,0.0001421595138317855,0.00014238650040176992,0.00014238650040176992,4.546885833041922e-09,0.0001417118738784029,8.37973219780519e-06,8.4039979894035e-06
26125,0.5225000000000001,0,0.5374594330787659,-2.3625570250151995e-11,0.5374595522880554,104.71973419189453,104.71975708007812,1.9999999494757503e-05,False,False,-0.2026174361690312,9.484058190136716,-0.2026174361690312,9.484058190136716,9.486222302863192,9.486222302863192,-0.00014478267644023972,0.26896785756278524,0.5374729116080824,0.5374609939773098,-0.20261745154857635,9.483917236328125,-0.20261745154857635,9.483917236328125,9.48608112335205,9.48608112335205,-0.00014478723460342735,0.2688262164592743,0.5374643206596375,0.5374523997306824,1.5379545165172814e-08,0.00014095380859124873,1.5379545165172814e-08,0.00014095380859124873,0.00014117951114123173,0.00014117951114123173,4.558163187634622e-09,0.00014164110351094772,8.59094844496422e-06,8.594246627469104e-06
26150,0.523,0,0.5374592542648315,-2.2994856019309395e-11,0.5374594330787659,104.71973419189453,104.71975708007812,1.9999999494757503e-05,False,False,-0.20261739125075956,9.484058016075345,-0.20261739125075956,9.484058016075345,9.486222127882113,9.486222127882113,-0.0001447826654639519,0.2689677845457395,0.5374730993534489,0.5374611817226763,-0.20261739194393158,9.483916282653809,-0.20261739194393158,9.483916282653809,9.486080169677734,9.486080169677734,-0.00014478723460342735,0.2688262164592743,0.5374643206596375,0.5374523997306824,6.931720197833613e-10,0.00014173342153611657,6.931720197833613e-10,0.00014173342153611657,0.00014195820437912232,0.00014195820437912232,4.5691394754386345e-09,0.0001415680864652047,8.778693811439808e-06,8.781991993944693e-06
26175,0.5235000000000001,0,0.537459135055542,-2.238101197427067e-11,0.5374592542648315,104.71973419189453,104.71975708007812,1.9999999494757503e-05,False,False,-0.20261732387838222,9.484058047473265,-0.20261732387838222,9.484058047473265,9.486222157833858,9.486222157833858,-0.00014478265478068164,0.2689677148987112,0.5374732870988154,0.5374613694680428,-0.2026173323392868,9.483917236328125,-0.2026173323392868,9.483917236328125,9.48608112335205,9.48608112335205,-0.00014478723460342735,0.2688262164592743,0.5374643206596375,0.5374523997306824,8.460904588059037e-09,0.00014081114514041815,8.460904588059037e-09,0.00014081114514041815,0.00014103448180691203,0.00014103448180691203,4.579822745706414e-09,0.00014149843943689344,8.966439177915397e-06,8.969737360420282e-06
26200,0.524,0,0.5374590158462524,-2.1783536779951262e-11,0.537459135055542,104.71973419189453,104.71975708007812,1.9999999494757503e-05,False,False,-0.20261727896061368,9.484057981196557,-0.20261727896061368,9.484057981196557,9.486222090612864,9.486222090612864,-0.00014478264438260347,0.2689676486217003,0.5374734748441818,0.5374615572134093,-0.20261728763580322,9.483917236328125,-0.20261728763580322,9.483917236328125,9.48608112335205,9.48608112335205,-0.00014478723460342735,0.2688262164592743,0.5374643206596375,0.5374523997306824,8.675189538953632e-09,0.0001407448684318524,8.675189538953632e-09,0.0001407448684318524,0.00014096726081369582,0.00014096726081369582,4.590220823883981e-09,0.00014143216242601397,9.154184544390986e-06,9.157482726895871e-06
26225,0.5245000000000001,0,0.5374588966369629,-2.1202033184675173e-11,0.5374590158462524,104.71973419189453,104.71975708007812,1.9999999494757503e-05,False,False,-0.2026172340430866,9.484057916043177,-0.2026172340430866,9.484057916043177,9.48622202451495,9.48622202451495,-0.00014478263426210436,0.26896758346802857,0.5374736625895483,0.5374617449587757,-0.20261724293231964,9.483917236328125,-0.20261724293231964,9.483917236328125,9.48608112335205,9.48608112335205,-0.00014478723460342735,0.2688262164592743,0.5374643206596375,0.5374523997306824,8.889233044095946e-09,0.00014067971505227206,8.889233044095946e-09,0.00014067971505227206,0.00014090116289899868,0.00014090116289899868,4.600341322995045e-09,0.00014136700875427843,9.341929910866575e-06,9.34522809337146e-06
26250,0.525,0,0.5374587178230286,-2.0636077915914264e-11,0.5374588966369629,104.71973419189453,104.71975708007812,1.9999999494757503e-05,False,False,-0.20261718912579452,9.484057748721806,-0.20261718912579452,9.484057748721806,9.486221856272357,9.486221856272357,-0.0001447826244117632,0.2689675171910177,0.5374738503349148,0.5374619327041422,-0.20261719822883606,9.483916282653809,-0.20261719822883606,9.483916282653809,9.486080169677734,9.486080169677734,-0.00014478723460342735,0.2688262164592743,0.5374643206596375,0.5374523997306824,9.103041542779522e-09,0.00014146606799769756,9.103041542779522e-09,0.00014146606799769756,0.00014168659462221456,0.00014168659462221456,4.610191664159531e-09,0.00014130073174339897,9.529675277342164e-06,9.53297345984705e-06
26275,0.5255000000000001,0,0.537458598613739,-2.0085240762246492e-11,0.5374587774276733,104.71973419189453,104.71975708007812,1.9999999494757503e-05,False,False,-0.2026171442087312,9.48405768581509,-0.2026171442087312,9.48405768581509,9.486221792420604,9.486221792420604,-0.0001447826148243561,0.26896745428402424,0.5374740380802813,0.5374621204495087,-0.20261715352535248,9.483916282653809,-0.20261715352535248,9.483916282653809,9.486080169677734,9.486080169677734,-0.00014478723460342735,0.2688262164592743,0.5374643206596375,0.5374523997306824,9.316621280008874e-09,0.00014140316128141706,9.316621280008874e-09,0.00014140316128141706,0.00014162274286988463,0.00014162274286988463,4.619779071253884e-09,0.00014123782474995128,9.717420643817754e-06,9.720718826322639e-06
26300,0.526,0,0.5374584794044495,-1.954908630807939e-11,0.5374586582183838,104.71973419189453,104.71975708007812,1.9999999494757503e-05,False,False,-0.20261709929189062,9.484057625155044,-0.20261709929189062,9.484057625155044,9.486221730815014,9.486221730815014,-0.000144782605492872,0.2689673936237091,0.5374742258256477,0.5374623081948752,-0.2026171088218689,9.483916282653809,-0.2026171088218689,9.483916282653809,9.486080169677734,9.486080169677734,-0.00014478723460342735,0.2688262164592743,0.5374643206596375,0.5374523997306824,9.529978278743911e-09,0.00014134250123554182,9.529978278743911e-09,0.00014134250123554182,0.00014156113727992192,0.00014156113727992192,4.629110555352768e-09,0.00014117716443479145,9.905166010293343e-06,9.908464192798228e-06
26325,0.5265000000000001,0,0.5374584197998047,-1.9027278017058613e-11,0.5374585390090942,104.71973419189453,104.71975708007812,1.9999999494757503e-05,False,False,-0.2026170543752667,9.484057667786313,-0.2026170543752667,9.484057667786313,9.48622177247718,9.48622177247718,-0.00014478259641047302,0.2689673352100722,0.5374744135710142,0.5374624959402416,-0.20261706411838531,9.483917236328125,-0.20261706411838531,9.483917236328125,9.48608112335205,9.48608112335205,-0.00014478723460342735,0.2688262164592743,0.5374643206596375,0.5374523997306824,9.743118617455693e-09,0.00014043145818831704,9.743118617455693e-09,0.00014043145818831704,0.0001406491251287889,0.0001406491251287889,4.638192954329549e-09,0.00014111875079791947,1.0092911376768932e-05,1.0096209559273817e-05
26350,0.527,0,0.5374583005905151,-1.8519418637508167e-11,0.5374584197998047,104.71973419189453,104.71975708007812,1.9999999494757503e-05,False,False,-0.20261700945885364,9.48405760937293,-0.20261700945885364,9.48405760937293,9.486221713117748,9.486221713117748,-0.00014478258757049737,0.26896727679643534,0.5374746013163807,0.5374626836856081,-0.20261701941490173,9.483917236328125,-0.20261701941490173,9.483917236328125,9.48608112335205,9.48608112335205,-0.00014478723460342735,0.2688262164592743,0.5374643206596375,0.5374523997306824,9.956048097059522e-09,0.00014037304480574164,9.956048097059522e-09,0.00014037304480574164,0.0001405897656976407,0.0001405897656976407,4.6470329299831605e-09,0.0001410603371610475,1.028065674324452e-05,1.0283954925749406e-05
26375,0.5275000000000001,0,0.5374581813812256,-1.8025121326092908e-11,0.5374583005905151,104.71973419189453,104.71975708007812,1.9999999494757503e-05,False,False,-0.20261696454264588,9.48405755208288,-0.20261696454264588,9.48405755208288,9.4862216548814,9.4862216548814,-0.00014478257896646983,0.2689672195061376,0.5374747890617472,0.5374628714309746,-0.20261697471141815,9.483917236328125,-0.20261697471141815,9.483917236328125,9.48608112335205,9.48608112335205,-0.00014478723460342735,0.2688262164592743,0.5374643206596375,0.5374523997306824,1.0168772268670523e-08,0.00014031575475570435,1.0168772268670523e-08,0.00014031575475570435,0.00014053152934856428,0.00014053152934856428,4.655636957521343e-09,0.00014100304686331944,1.046840210972011e-05,1.0471700292224995e-05
26400,0.528,0,0.537458062171936,-1.7544035668670688e-11,0.5374581813812256,104.71973419189453,104.71975708007812,1.9999999494757503e-05,False,False,-0.2026169196266379,9.484057498162842,-0.2026169196266379,9.484057498162842,9.486221600014298,9.486221600014298,-0.00014478257059208485,0.2689671655858574,0.5374749768071136,0.5374630591763411,-0.20261693000793457,9.483917236328125,-0.20261693000793457,9.483917236328125,9.48608112335205,9.48608112335205,-0.00014478723460342735,0.2688262164592743,0.5374643206596375,0.5374523997306824,1.0381296683403818e-08,0.0001402618347174922,1.0381296683403818e-08,0.0001402618347174922,0.00014047666224747957,0.00014047666224747957,4.664011342501301e-09,0.0001409491265831342,1.0656147476195699e-05,1.0659445658700584e-05
26425,0.5285000000000001,0,0.5374579429626465,-1.7075780026076792e-11,0.537458062171936,104.71973419189453,104.71975708007812,1.9999999494757503e-05,False,False,-0.2026168747108244,9.484057445366137,-0.2026168747108244,9.484057445366137,9.486221546270276,9.486221546270276,-0.0001447825624412109,0.26896711278891644,0.5374751645524801,0.5374632469217075,-0.202616885304451,9.483917236328125,-0.202616885304451,9.483917236328125,9.48608112335205,9.48608112335205,-0.00014478723460342735,0.2688262164592743,0.5374643206596375,0.5374523997306824,1.0593626587063198e-08,0.00014020903801181817,1.0593626587063198e-08,0.00014020903801181817,0.00014042291822491393,0.00014042291822491393,4.672162216438685e-09,0.00014089632964214838,1.0843892842671288e-05,1.0847191025176173e-05
26450,0.529,0,0.5374578833580017,-1.6620009188339502e-11,0.5374579429626465,104.71974182128906,104.71975708007812,1.9999999494757503e-05,False,False,-0.20261684454637532,9.4840581661062,-0.20261684454637532,9.4840581661062,9.486222266201633,9.486222266201633,-0.00014478255450789282,0.26896706111531465,0.5374713622313546,0.5374634171441729,-0.2026168555021286,9.483918190002441,-0.2026168555021286,9.483918190002441,9.486082077026367,9.486082077026367,-0.00014478723460342735,0.2688262164592743,0.5374603271484375,0.5374523997306824,1.0955753276808977e-08,0.00013997610375859892,1.0955753276808977e-08,0.00013997610375859892,0.00014018917526570362,0.00014018917526570362,4.680095534530769e-09,0.000140844656040362,1.1035082917110195e-05,1.1017413490521655e-05
26475,0.5295000000000001,0,0.5374577641487122,-1.6176438660808756e-11,0.5374578833580017,104.71974182128906,104.71975708007812,1.9999999494757503e-05,False,False,-0.2026168220852943,9.484058013388177,-0.2026168220852943,9.484058013388177,9.486222113038702,9.486222113038702,-0.0001447825467863145,0.26896700944171287,0.5374714873949313,0.5374635423077496,-0.2026168256998062,9.483917236328125,-0.2026168256998062,9.483917236328125,9.48608112335205,9.48608112335205,-0.00014478723460342735,0.2688262164592743,0.5374603271484375,0.5374523997306824,3.6145119119979086e-09,0.00014077706005188872,3.6145119119979086e-09,0.00014077706005188872,0.00014098968665088307,0.00014098968665088307,4.687817112844581e-09,0.00014079298243857563,1.1160246493835402e-05,1.1142577067246862e-05
26500,0.53,0,0.5374576449394226,-1.5744733641853692e-11,0.5374577641487122,104.71974182128906,104.71975708007812,1.9999999494757503e-05,False,False,-0.2026167771700303,9.484057966208148,-0.2026167771700303,9.484057966208148,9.486222064910088,9.486222064910088,-0.0001447825392708094,0.2689669622614679,0.5374716125585081,0.5374636674713263,-0.20261678099632263,9.483917236328125,-0.20261678099632263,9.483917236328125,9.48608112335205,9.48608112335205,-0.00014478723460342735,0.2688262164592743,0.5374603271484375,0.5374523997306824,3.826292338526827e-09,0.00014072988002311604,3.826292338526827e-09,0.00014072988002311604,0.0001409415580369,0.0001409415580369,4.6953326179627764e-09,0.000140745802193587,1.1285410070560609e-05,1.1267740643972068e-05
26525,0.5305000000000001,0,0.5374575853347778,-1.5324559329843446e-11,0.5374576449394226,104.71974182128906,104.71975708007812,1.9999999494757503e-05,False,False,-0.20261673225494078,9.48405801670274,-0.20261673225494078,9.48405801670274,9.486222114433815,9.486222114433815,-0.0001447825319558702,0.2689669117112053,0.5374717377220848,0.5374637926349031,-0.20261673629283905,9.483918190002441,-0.20261673629283905,9.483918190002441,9.486082077026367,9.486082077026367,-0.00014478723460342735,0.2688262164592743,0.5374603271484375,0.5374523997306824,4.037898265751849e-09,0.0001398267002983289,4.037898265751849e-09,0.0001398267002983289,0.000140037407447835,0.000140037407447835,4.7026475571445e-09,0.00014069525193100008,1.1410573647285815e-05,1.1392904220697275e-05
26550,0.531,0,0.5374574661254883,-1.491560347455234e-11,0.5374575853347778,104.71974182128906,104.71975708007812,1.9999999494757503e-05,False,False,-0.20261670979438337,9.484057871848076,-0.20261670979438337,9.484057871848076,9.486221969132462,9.486221969132462,-0.00014478252483613913,0.2689668679009779,0.5374718628856615,0.5374639177984798,-0.20261672139167786,9.483917236328125,-0.20261672139167786,9.483917236328125,9.48608112335205,9.48608112335205,-0.00014478723460342735,0.2688262164592743,0.5374603271484375,0.5374523997306824,1.1597294485854448e-08,0.0001406355199513598,1.1597294485854448e-08,0.0001406355199513598,0.00014084578041106965,0.00014084578041106965,4.709767288218732e-09,0.00014065144170360977,1.1535737224011022e-05,1.1518067797422482e-05
26575,0.5315000000000001,0,0.5374574065208435,-1.4517552091031227e-11,0.5374574661254883,104.71974182128906,104.71975708007812,1.9999999494757503e-05,False,False,-0.20261666487962904,9.484057926836012,-0.20261666487962904,9.484057926836012,9.486222023148517,9.486222023148517,-0.00014478251790641132,0.2689668218440721,0.5374719880492382,0.5374640429620565,-0.20261667668819427,9.483918190002441,-0.20261667668819427,9.483918190002441,9.486082077026367,9.486082077026367,-0.00014478723460342735,0.2688262164592743,0.5374603271484375,0.5374523997306824,1.1808565236748336e-08,0.00013973683357093591,1.1808565236748336e-08,0.00013973683357093591,0.00013994612215029179,0.00013994612215029179,4.7166970160335275e-09,0.0001406053847978206,1.1660900800736229e-05,1.1643231374147689e-05
26600,0.532,0,0.537457287311554,-1.4130131960332637e-11,0.5374574065208435,104.71974182128906,104.71975708007812,1.9999999494757503e-05,False,False,-0.20261664241939786,9.484057783104674,-0.20261664241939786,9.484057783104674,9.48622187897024,9.48622187897024,-0.000144782511161614,0.2689667791571839,0.537472113212815,0.5374641681256332,-0.2026166468858719,9.483917236328125,-0.2026166468858719,9.483917236328125,9.48608112335205,9.48608112335205,-0.00014478723460342735,0.2688262164592743,0.5374603271484375,0.5374523997306824,4.466474023967493e-09,0.0001405467765493995,4.466474023967493e-09,0.0001405467765493995,0.0001407556181884928,0.0001407556181884928,4.723441813354011e-09,0.00014056269790962972,1.1786064377461436e-05,1.1768394950872896e-05
26625,0.5325000000000001,0,0.5374572277069092,-1.375304124057175e-11,0.537457287311554,104.71974182128906,104.71975708007812,1.9999999494757503e-05,False,False,-0.20261659750496108,9.484057838092602,-0.20261659750496108,9.484057838092602,9.486221932986293,9.486221932986293,-0.00014478250459681522,0.26896673310027813,0.5374722383763917,0.53746429328921,-0.2026166021823883,9.483918190002441,-0.2026166021823883,9.483918190002441,9.486082077026367,9.486082077026367,-0.00014478723460342735,0.2688262164592743,0.5374603271484375,0.5374523997306824,4.6774272233207626e-09,0.00013964809016009383,4.6774272233207626e-09,0.00013964809016009383,0.00013985595992593858,0.00013985595992593858,4.73000661213455e-09,0.00014051664100384054,1.1911227954186643e-05,1.1893558527598103e-05
26650,0.533,0,0.5374571681022644,-1.3386035335738455e-11,0.5374572277069092,104.71974182128906,104.71975708007812,1.9999999494757503e-05,False,False,-0.20261657504503894,9.484057799899254,-0.20261657504503894,9.484057799899254,9.486221894321936,9.486221894321936,-0.00014478249820720234,0.26896669490674674,0.5374723635399684,0.5374644184527867,-0.2026165872812271,9.483918190002441,-0.2026165872812271,9.483918190002441,9.486082077026367,9.486082077026367,-0.00014478723460342735,0.2688262164592743,0.5374603271484375,0.5374523997306824,1.2236188173808671e-08,0.00013960989681294222,1.2236188173808671e-08,0.00013960989681294222,0.00013981729556888922,0.00013981729556888922,4.736396225013062e-09,0.00014047844747244742,1.203639153091185e-05,1.201872210432331e-05
26675,0.5335000000000001,0,0.5374570488929749,-1.3028820210203573e-11,0.5374571681022644,104.71974182128906,104.71975708007812,1.9999999494757503e-05,False,False,-0.20261655258526517,9.484057657291242,-0.20261655258526517,9.484057657291242,9.486221751266738,9.486221751266738,-0.00014478249198810256,0.26896665334319775,0.5374724887035451,0.5374645436163634,-0.20261655747890472,9.483917236328125,-0.20261655747890472,9.483917236328125,9.48608112335205,9.48608112335205,-0.00014478723460342735,0.2688262164592743,0.5374603271484375,0.5374523997306824,4.893639549141682e-09,0.0001404209631168385,4.893639549141682e-09,0.0001404209631168385,0.00014062791468738567,0.00014062791468738567,4.742615324792492e-09,0.000140436883923456,1.2161555107637056e-05,1.2143885681048516e-05
26700,0.534,0,0.5374569892883301,-1.2681133920722232e-11,0.5374570488929749,104.71974182128906,104.71975708007812,1.9999999494757503e-05,False,False,-0.20261650767127357,9.48405771789585,-0.20261650767127357,9.48405771789585,9.4862218108982,9.4862218108982,-0.00014478248593496163,0.26896661290298796,0.5374726138671219,0.5374646687799401,-0.20261651277542114,9.483918190002441,-0.20261651277542114,9.483918190002441,9.486082077026367,9.486082077026367,-0.00014478723460342735,0.2688262164592743,0.5374603271484375,0.5374523997306824,5.1041475768176525e-09,0.00013952789340798688,5.1041475768176525e-09,0.00013952789340798688,0.00013973387183341401,0.00013973387183341401,4.748668465718274e-09,0.000140396443713664,1.2286718684362263e-05,1.2269049257773723e-05
26725,0.5345000000000001,0,0.5374569296836853,-1.234273967753996e-11,0.5374569892883301,104.71974182128906,104.71975708007812,1.9999999494757503e-05,False,False,-0.20261648521178474,9.484057680825828,-0.20261648521178474,9.484057680825828,9.486221773356922,9.486221773356922,-0.00014478248004335366,0.26896657583279576,0.5374727390306986,0.5374647939435169,-0.20261649787425995,9.483918190002441,-0.20261649787425995,9.483918190002441,9.486082077026367,9.486082077026367,-0.00014478723460342735,0.2688262164592743,0.5374603271484375,0.5374523997306824,1.266247520725905e-08,0.00013949082338626795,1.266247520725905e-08,0.00013949082338626795,0.00013969633055488373,0.00013969633055488373,4.754560073693412e-09,0.00014035937352147032,1.241188226108747e-05,1.239421283449893e-05
26750,0.535,0,0.5374568700790405,-1.2013396354093597e-11,0.5374569296836853,104.71974182128906,104.71975708007812,1.9999999494757503e-05,False,False,-0.20261646275243267,9.48405764487914,-0.20261646275243267,9.48405764487914,9.486221736938726,9.486221736938726,-0.00014478247430895557,0.26896653988594277,0.5374728641942753,0.5374649191070936,-0.20261646807193756,9.483918190002441,-0.20261646807193756,9.483918190002441,9.486082077026367,9.486082077026367,-0.00014478723460342735,0.2688262164592743,0.5374603271484375,0.5374523997306824,5.319504892131732e-09,0.00013945487669886347,5.319504892131732e-09,0.00013945487669886347,0.00013965991235842523,0.00013965991235842523,4.760294471784334e-09,0.00014032342666847608,1.2537045837812677e-05,1.2519376411224137e-05
26775,0.5355000000000001,0,0.537456750869751,-1.1692851548117389e-11,0.5374568700790405,104.71974182128906,104.71975708007812,1.9999999494757503e-05,False,False,-0.2026164402932137,9.484057504517788,-0.2026164402932137,9.484057504517788,9.486221596129687,9.486221596129687,-0.0001447824687275681,0.2689665005690722,0.537472989357852,0.5374650442706703,-0.20261645317077637,9.483917236328125,-0.20261645317077637,9.483917236328125,9.48608112335205,9.48608112335205,-0.00014478723460342735,0.2688262164592743,0.5374603271484375,0.5374523997306824,1.2877562655111419e-08,0.00014026818966250687,1.2877562655111419e-08,0.00014026818966250687,0.00014047277763573618,0.00014047277763573618,4.765875859241578e-09,0.00014028410979788353,1.2662209414537884e-05,1.2644539987949344e-05
26800,0.536,0,0.5374566912651062,-1.1380873674027292e-11,0.537456750869751,104.71974182128906,104.71975708007812,1.9999999494757503e-05,False,False,-0.20261639537976206,9.484057568492396,-0.20261639537976206,9.484057568492396,9.486221659130393,9.486221659130393,-0.0001447824632950991,0.26896646349888,0.5374731145214288,0.537465169434247,-0.20261640846729279,9.483918190002441,-0.20261640846729279,9.483918190002441,9.486082077026367,9.486082077026367,-0.00014478723460342735,0.2688262164592743,0.5374603271484375,0.5374523997306824,1.3087530725819363e-08,0.00013937848995482227,1.3087530725819363e-08,0.00013937848995482227,0.00013958210402620352,0.00013958210402620352,4.77130832825072e-09,0.00014024703960568985,1.278737299126309e-05,1.276970356467455e-05
26825,0.5365000000000001,0,0.5374566316604614,-1.107720252330191e-11,0.5374566912651062,104.71974182128906,104.71975708007812,1.9999999494757503e-05,False,False,-0.20261637292079882,9.484057534792374,-0.20261637292079882,9.484057534792374,9.486221624958358,9.486221624958358,-0.00014478245800758068,0.2689664297987054,0.5374732396850055,0.5374652945978238,-0.2026163786649704,9.483918190002441,-0.2026163786649704,9.483918190002441,9.486082077026367,9.486082077026367,-0.00014478723460342735,0.2688262164592743,0.5374603271484375,0.5374523997306824,5.744171582833246e-09,0.000139344789932494,5.744171582833246e-09,0.000139344789932494,0.00013954793199033588,0.00013954793199033588,4.77659584666645e-09,0.00014021333943109449,1.2912536567988298e-05,1.2894867141399757e-05
26850,0.537,0,0.5374565720558167,-1.0781643806911934e-11,0.5374566316604614,104.71974182128906,104.71975708007812,1.9999999494757503e-05,False,False,-0.20261635046195833,9.484057502215688,-0.20261635046195833,9.484057502215688,9.486221591909406,9.486221591909406,-0.00014478245286114315,0.26896639722187,0.5374733648485822,0.5374654197614005,-0.2026163637638092,9.483918190002441,-0.2026163637638092,9.483918190002441,9.486082077026367,9.486082077026367,-0.00014478723460342735,0.2688262164592743,0.5374603271484375,0.5374523997306824,1.3301850870783838e-08,0.00013931221324625653,1.3301850870783838e-08,0.00013931221324625653,0.00013951488303831638,0.00013951488303831638,4.781742284196058e-09,0.00014018076259569856,1.3037700144713504e-05,1.3020030718124964e-05
26875,0.5375000000000001,0,0.5374565124511719,-1.0493972010805486e-11,0.5374565720558167,104.71974182128906,104.71975708007812,1.9999999494757503e-05,False,False,-0.2026163280032373,9.484057469638996,-0.2026163280032373,9.484057469638996,9.486221558860448,9.486221558860448,-0.0001447824478520222,0.2689663646450346,0.5374734900121589,0.5374655449249772,-0.20261633396148682,9.483918190002441,-0.20261633396148682,9.483918190002441,9.486082077026367,9.486082077026367,-0.00014478723460342735,0.2688262164592743,0.5374603271484375,0.5374523997306824,5.958249504889324e-09,0.00013927963655469,5.958249504889324e-09,0.00013927963655469,0.00013948183408096781,0.00013948183408096781,4.78675140516238e-09,0.00014014818576030263,1.3162863721438711e-05,1.3145194294850171e-05
26900,0.538,0,0.5374564528465271,-1.0213969427186331e-11,0.5374565124511719,104.71974182128906,104.71975708007812,1.9999999494757503e-05,False,False,-0.20261630554463264,9.48405743818564,-0.20261630554463264,9.48405743818564,9.486221526934575,9.486221526934575,-0.00014478244297655343,0.2689663331915384,0.5374736151757357,0.537465670088554,-0.20261631906032562,9.483918190002441,-0.20261631906032562,9.483918190002441,9.486082077026367,9.486082077026367,-0.00014478723460342735,0.2688262164592743,0.5374603271484375,0.5374523997306824,1.3515692981469485e-08,0.00013924818319921428,1.3515692981469485e-08,0.00013924818319921428,0.0001394499082074674,0.0001394499082074674,4.791626873924815e-09,0.00014011673226410615,1.3288027298163918e-05,1.3270357871575378e-05
26925,0.5385000000000001,0,0.5374563932418823,-9.941433093407781e-12,0.5374564528465271,104.71974182128906,104.71975708007812,1.9999999494757503e-05,False,False,-0.20261628308614116,9.48405740673228,-0.20261628308614116,9.48405740673228,9.486221495008698,9.486221495008698,-0.00014478243823117478,0.2689663017380422,0.5374737403393124,0.5374657952521307,-0.20261628925800323,9.483918190002441,-0.20261628925800323,9.483918190002441,9.486082077026367,9.486082077026367,-0.00014478723460342735,0.2688262164592743,0.5374603271484375,0.5374523997306824,6.171862076964629e-09,0.0001392167298384095,6.171862076964629e-09,0.0001392167298384095,0.00013941798233041425,0.00013941798233041425,4.7963722525753896e-09,0.00014008527876790966,1.3413190874889125e-05,1.3395521448300585e-05
26950,0.539,0,0.5374563336372375,-9.676208619080473e-12,0.5374563932418823,104.71974182128906,104.71975708007812,1.9999999494757503e-05,False,False,-0.20261626062775975,9.484057376402257,-0.20261626062775975,9.484057376402257,9.486221464205906,9.486221464205906,-0.00014478243361240652,0.2689662714078852,0.5374738655028891,0.5374659204157074,-0.20261627435684204,9.483918190002441,-0.20261627435684204,9.483918190002441,9.486082077026367,9.486082077026367,-0.00014478723460342735,0.2688262164592743,0.5374603271484375,0.5374523997306824,1.3729082287694538e-08,0.00013918639981547187,1.3729082287694538e-08,0.00013918639981547187,0.0001393871795389856,0.0001393871795389856,4.800991020833872e-09,0.0001400549486109126,1.3538354451614332e-05,1.3520685025025792e-05
26975,0.5395000000000001,0,0.5374562740325928,-9.41805314291777e-12,0.5374563336372375,104.71974182128906,104.71975708007812,1.9999999494757503e-05,False,False,-0.2026162381694856,9.484057346072229,-0.2026162381694856,9.484057346072229,9.48622143340311,9.48622143340311,-0.0001447824291168605,0.2689662410777282,0.5374739906664658,0.5374660455792841,-0.20261624455451965,9.483918190002441,-0.20261624455451965,9.483918190002441,9.486082077026367,9.486082077026367,-0.00014478723460342735,0.2688262164592743,0.5374603271484375,0.5374523997306824,6.3850340570326125e-09,0.00013915606978720518,6.3850340570326125e-09,0.00013915606978720518,0.0001393563767422279,0.0001393563767422279,4.805486566859156e-09,0.00014002461845391556,1.3663518028339539e-05,1.3645848601750998e-05
27000,0.54,0,0.537456214427948,-9.166798396742504e-12,0.5374562740325928,104.7197494506836,104.71975708007812,1.9999999494757503e-05,False,False,-0.20261623046244498,9.48405798935767,-0.20261623046244498,9.48405798935767,9.486222076377183,9.486222076377183,-0.00014478242474125184,0.2689662129942496,0.5374701207570084,0.5374661482134175,-0.20261624455451965,9.483918190002441,-0.20261624455451965,9.483918190002441,9.486082077026367,9.486082077026367,-0.00014478723460342735,0.2688262164592743,0.5374563932418823,0.5374523997306824,1.4092074673843769e-08,0.0001397993552281207,1.4092074673843769e-08,0.0001397993552281207,0.00013999935081621118,0.00013999935081621118,4.809862175512774e-09,0.0001399965349753174,1.3727515126071843e-05,1.3748482735165268e-05
27025,0.5405000000000001,0,0.5374561548233032,-8.92223447901408e-12,0.537456214427948,104.7197494506836,104.71975708007812,1.9999999494757503e-05,False,False,-0.20261620800437513,9.484057961274313,-0.20261620800437513,9.484057961274313,9.486222047820553,9.486222047820553,-0.0001447824204823793,0.268966184910771,0.5374701833387981,0.5374662107952073,-0.20261621475219727,9.483918190002441,-0.20261621475219727,9.483918190002441,9.486082077026367,9.486082077026367,-0.00014478723460342735,0.2688262164592743,0.5374563932418823,0.5374523997306824,6.747822134389736e-09,0.00013977127187203564,6.747822134389736e-09,0.00013977127187203564,0.0001399707941853734,0.0001399707941853734,4.814121048037166e-09,0.00013996845149671922,1.3790096915822225e-05,1.381106452491565e-05
27050,0.541,0,0.5374560952186584,-8.68420092781097e-12,0.5374561548233032,104.7197494506836,104.71975708007812,1.9999999494757503e-05,False,False,-0.20261618554640415,9.484057934314292,-0.20261618554640415,9.484057934314292,9.486222020387002,9.486222020387002,-0.00014478241633712703,0.26896615795063156,0.5374702459205879,0.537466273376997,-0.20261619985103607,9.483918190002441,-0.20261619985103607,9.483918190002441,9.486082077026367,9.486082077026367,-0.00014478723460342735,0.2688262164592743,0.5374563932418823,0.5374523997306824,1.4304631923423017e-08,0.00013974431185026503,1.4304631923423017e-08,0.00013974431185026503,0.00013994336063483104,0.00013994336063483104,4.818266300320954e-09,0.00013994149135726497,1.3852678705572607e-05,1.3873646314666033e-05
27075,0.5415000000000001,0,0.5374560356140137,-8.45250605618908e-12,0.5374560952186584,104.7197494506836,104.71975708007812,1.9999999494757503e-05,False,False,-0.2026161630885294,9.48405790847761,-0.2026161630885294,9.48405790847761,9.486221994076535,9.486221994076535,-0.0001447824123024689,0.26896613211383125,0.5374703085023776,0.5374663359587868,-0.20261617004871368,9.483918190002441,-0.20261617004871368,9.483918190002441,9.486082077026367,9.486082077026367,-0.00014478723460342735,0.2688262164592743,0.5374563932418823,0.5374523997306824,6.960184290027982e-09,0.00013971847516813796,6.960184290027982e-09,0.00013971847516813796,0.00013991705016813683,0.00013991705016813683,4.822300958453717e-09,0.00013991565455695465,1.391526049532299e-05,1.3936228104416415e-05
27100,0.542,0,0.5374559760093689,-8.227012820993806e-12,0.5374560356140137,104.7197494506836,104.71975708007812,1.9999999494757503e-05,False,False,-0.20261614063074831,9.484057883764262,-0.20261614063074831,9.484057883764262,9.48622196888915,9.48622196888915,-0.00014478240837544849,0.2689661074003701,0.5374703710841674,0.5374663985405765,-0.2026161551475525,9.483918190002441,-0.2026161551475525,9.483918190002441,9.486082077026367,9.486082077026367,-0.00014478723460342735,0.2688262164592743,0.5374563932418823,0.5374523997306824,1.45168041754129e-08,0.00013969376182032534,1.45168041754129e-08,0.00013969376182032534,0.0001398918627835144,0.0001398918627835144,4.826227978865045e-09,0.00013989094109578826,1.3977842285073372e-05,1.3998809894166797e-05
27125,0.5425000000000001,0,0.5374559760093689,-8.00753994362191e-12,0.5374560356140137,104.7197494506836,104.71975708007812,1.9999999494757503e-05,False,False,-0.20261614062742223,9.484057855680893,-0.20261614062742223,9.484057855680893,9.486221940812117,9.486221940812117,-0.00014478240455319242,0.2689660793168915,0.5374704336659571,0.5374664611223663,-0.2026161551475525,9.483918190002441,-0.2026161551475525,9.483918190002441,9.486082077026367,9.486082077026367,-0.00014478723460342735,0.2688262164592743,0.5374563932418823,0.5374523997306824,1.45201302648168e-08,0.00013966567845180577,1.45201302648168e-08,0.00013966567845180577,0.00013986378574948333,0.00013986378574948333,4.83005023493464e-09,0.00013986285761719008,1.4040424074823754e-05,1.406139168391718e-05
27150,0.543,0,0.5374559164047241,-7.793913951725795e-12,0.5374559760093689,104.7197494506836,104.71975708007812,1.9999999494757503e-05,False,False,-0.202616118169821,9.484057832090878,-0.202616118169821,9.484057832090878,9.486221916747812,9.486221916747812,-0.00014478240083290613,0.26896605572676946,0.5374704962477469,0.537466523704156,-0.2026161253452301,9.483918190002441,-0.2026161253452301,9.483918190002441,9.486082077026367,9.486082077026367,-0.00014478723460342735,0.2688262164592743,0.5374563932418823,0.5374523997306824,7.175409100224073e-09,0.00013964208843653125,7.175409100224073e-09,0.00013964208843653125,0.00013983972144515633,0.00013983972144515633,4.833770521220707e-09,0.00013983926749516762,1.4103005864574136e-05,1.4123973473667562e-05
27175,0.5435000000000001,0,0.5374558568000793,-7.585996934789119e-12,0.5374559164047241,104.7197494506836,104.71975708007812,1.9999999494757503e-05,False,False,-0.20261609571230613,9.4840578096242,-0.20261609571230613,9.4840578096242,9.48622189380659,9.48622189380659,-0.00014478239721186495,0.2689660332599866,0.5374705588295366,0.5374665862859458,-0.2026161104440689,9.483918190002441,-0.2026161104440689,9.483918190002441,9.486082077026367,9.486082077026367,-0.00014478723460342735,0.2688262164592743,0.5374563932418823,0.5374523997306824,1.4731762781883262e-08,0.0001396196217591239,1.4731762781883262e-08,0.0001396196217591239,0.00013981678022290112,0.00013981678022290112,4.837391562404619e-09,0.00013981680071228908,1.4165587654324518e-05,1.4186555263417944e-05
27200,0.544,0,0.5374557971954346,-7.383606746846905e-12,0.5374558568000793,104.7197494506836,104.71975708007812,1.9999999494757503e-05,False,False,-0.20261607325487538,9.484057787157518,-0.20261607325487538,9.484057787157518,9.486221870865364,9.486221870865364,-0.00014478239368742783,0.2689660107932037,0.5374706214113264,0.5374666488677355,-0.20261608064174652,9.483918190002441,-0.20261608064174652,9.483918190002441,9.486082077026367,9.486082077026367,-0.00014478723460342735,0.2688262164592743,0.5374563932418823,0.5374523997306824,7.386871142545104e-09,0.00013959715507638748,7.386871142545104e-09,0.00013959715507638748,0.0001397938389970932,0.0001397938389970932,4.840915999521555e-09,0.00013979433392941054,1.42281694440749e-05,1.4249137053168326e-05
27225,0.5445000000000001,0,0.5374557971954346,-7.18663236559669e-12,0.5374557971954346,104.7197494506836,104.71975708007812,1.9999999494757503e-05,False,False,-0.2026160507975264,9.484057865735478,-0.2026160507975264,9.484057865735478,9.486221948945731,9.486221948945731,-0.0001447823902570174,0.2689659883264208,0.5374706839931161,0.5374667114495253,-0.20261606574058533,9.483918190002441,-0.20261606574058533,9.483918190002441,9.486082077026367,9.486082077026367,-0.00014478723460342735,0.2688262164592743,0.5374563932418823,0.5374523997306824,1.494305892912884e-08,0.00013967573303652614,1.494305892912884e-08,0.00013967573303652614,0.000139871919364154,0.000139871919364154,4.844346409964024e-09,0.000139771867146532,1.4290751233825283e-05,1.4311718842918708e-05
27250,0.545,0,0.5374557375907898,-6.994937181564742e-12,0.5374557971954346,104.7197494506836,104.71975708007812,1.9999999494757503e-05,False,False,-0.20261605079462086,9.48405773997747,-0.20261605079462086,9.48405773997747,9.48622182321635,9.48622182321635,-0.00014478238691811548,0.26896596361295966,0.5374707465749059,0.537466774031315,-0.20261606574058533,9.483918190002441,-0.20261606574058533,9.483918190002441,9.486082077026367,9.486082077026367,-0.00014478723460342735,0.2688262164592743,0.5374563932418823,0.5374523997306824,1.494596446605101e-08,0.00013954997502807487,1.494596446605101e-08,0.00013954997502807487,0.00013974618998346955,0.00013974618998346955,4.847685311872886e-09,0.0001397471536853656,1.4353333023575665e-05,1.437430063266909e-05
27275,0.5455000000000001,0,0.537455677986145,-6.8083611665104016e-12,0.5374557375907898,104.7197494506836,104.71975708007812,1.9999999494757503e-05,False,False,-0.20261602833742895,9.484057722004135,-0.20261602833742895,9.484057722004135,9.486221804767453,9.486221804767453,-0.00014478238366827107,0.26896594563953335,0.5374708091566957,0.5374668366131048,-0.20261603593826294,9.483918190002441,-0.20261603593826294,9.483918190002441,9.486082077026367,9.486082077026367,-0.00014478723460342735,0.2688262164592743,0.5374563932418823,0.5374523997306824,7.600833989984679e-09,0.00013953200169325441,7.600833989984679e-09,0.00013953200169325441,0.00013972774108594876,0.00013972774108594876,4.850935156276888e-09,0.00013972918025906278,1.4415914813326047e-05,1.4436882422419473e-05
27300,0.546,0,0.537455677986145,-6.626750363725176e-12,0.537455677986145,104.7197494506836,104.71975708007812,1.9999999494757503e-05,False,False,-0.20261600588031248,9.484057806198784,-0.20261600588031248,9.484057806198784,9.486221888463234,9.486221888463234,-0.00014478238050511527,0.2689659287894462,0.5374708717384854,0.5374668991948945,-0.20261602103710175,9.483918190002441,-0.20261602103710175,9.483918190002441,9.486082077026367,9.486082077026367,-0.00014478723460342735,0.2688262164592743,0.5374563932418823,0.5374523997306824,1.515678926811148e-08,0.00013961619634272893,1.515678926811148e-08,0.00013961619634272893,0.0001398114368669212,0.0001398114368669212,4.854098312076461e-09,0.00013971233017190388,1.447849660307643e-05,1.4499464212169855e-05
27325,0.5465000000000001,0,0.5374556183815002,-6.449971633182283e-12,0.537455677986145,104.7197494506836,104.71975708007812,1.9999999494757503e-05,False,False,-0.20261600587763334,9.484057677070751,-0.20261600587763334,9.484057677070751,9.486221759364602,9.486221759364602,-0.00014478237742633556,0.2689659007059676,0.5374709343202752,0.5374669617766843,-0.20261602103710175,9.483918190002441,-0.20261602103710175,9.483918190002441,9.486082077026367,9.486082077026367,-0.00014478723460342735,0.2688262164592743,0.5374563932418823,0.5374523997306824,1.5159468402803356e-08,0.000139487068310018,1.5159468402803356e-08,0.000139487068310018,0.00013968233823469234,0.00013968233823469234,4.857177091793525e-09,0.0001396842466933057,1.4541078392826812e-05,1.4562046001920237e-05
27350,0.547,0,0.5374555587768555,-6.2779109168131786e-12,0.5374556183815002,104.7197494506836,104.71975708007812,1.9999999494757503e-05,False,False,-0.2026159834206618,9.48405766134409,-0.2026159834206618,9.48405766134409,9.486221743161872,9.486221743161872,-0.00014478237442969025,0.2689658849792196,0.5374709969020649,0.537467024358474,-0.20261599123477936,9.483918190002441,-0.20261599123477936,9.483918190002441,9.486082077026367,9.486082077026367,-0.00014478723460342735,0.2688262164592743,0.5374563932418823,0.5374523997306824,7.814117547466637e-09,0.00013947134164915553,7.814117547466637e-09,0.00013947134164915553,0.00013966613550486784,0.00013966613550486784,4.8601737370973855e-09,0.00013966851994529073,1.4603660182577194e-05,1.4624627791670619e-05
27375,0.5475000000000001,0,0.5374555587768555,-6.1104545902301854e-12,0.5374555587768555,104.7197494506836,104.71975708007812,1.9999999494757503e-05,False,False,-0.2026159609637598,9.48405774553873,-0.2026159609637598,9.48405774553873,9.486221826857648,9.486221826857648,-0.00014478237151297816,0.2689658681291324,0.5374710594838547,0.5374670869402638,-0.20261597633361816,9.483918190002441,-0.20261597633361816,9.483918190002441,9.486082077026367,9.486082077026367,-0.00014478723460342735,0.2688262164592743,0.5374563932418823,0.5374523997306824,1.5369858358260657e-08,0.0001395555362879719,1.5369858358260657e-08,0.0001395555362879719,0.00013974983128051122,0.00013974983128051122,4.863090449189504e-09,0.00013965166985813182,1.4666241972327576e-05,1.4687209581421001e-05
27400,0.548,0,0.5374554991722107,-5.947485125917806e-12,0.5374555587768555,104.7197494506836,104.71975708007812,1.9999999494757503e-05,False,False,-0.2026159609612893,9.484057619780707,-0.2026159609612893,9.484057619780707,9.486221701128262,9.486221701128262,-0.00014478236867406243,0.26896584341567126,0.5374711220656444,0.5374671495220535,-0.20261597633361816,9.483918190002441,-0.20261597633361816,9.483918190002441,9.486082077026367,9.486082077026367,-0.00014478723460342735,0.2688262164592743,0.5374563932418823,0.5374523997306824,1.537232885429063e-08,0.00013942977826530978,1.537232885429063e-08,0.00013942977826530978,0.0001396241018944977,0.0001396241018944977,4.8659293649239415e-09,0.00013962695639696543,1.4728823762077958e-05,1.4749791371171384e-05
27425,0.5485000000000001,0,0.5374554395675659,-5.788842495635382e-12,0.5374554991722107,104.7197494506836,104.71975708007812,1.9999999494757503e-05,False,False,-0.20261593850452092,9.484057608547396,-0.20261593850452092,9.484057608547396,9.486221689417858,9.486221689417858,-0.00014478236591086626,0.2689658321822798,0.5374711846474342,0.5374672121038433,-0.20261594653129578,9.483918190002441,-0.20261594653129578,9.483918190002441,9.486082077026367,9.486082077026367,-0.00014478723460342735,0.2688262164592743,0.5374563932418823,0.5374523997306824,8.02677485589598e-09,0.00013941854495413963,8.02677485589598e-09,0.00013941854495413963,0.00013961239149118398,0.00013961239149118398,4.86869256108996e-09,0.00013961572300552616,1.479140555182834e-05,1.4812373160921766e-05
27450,0.549,0,0.5374554395675659,-5.634431723272604e-12,0.5374554395675659,104.7197494506836,104.71975708007812,1.9999999494757503e-05,False,False,-0.20261591604781665,9.484057686001995,-0.20261591604781665,9.484057686001995,9.486221766375136,9.486221766375136,-0.00014478236322137522,0.2689658085921578,0.5374712472292239,0.537467274685633,-0.20261593163013458,9.483918190002441,-0.20261593163013458,9.483918190002441,9.486082077026367,9.486082077026367,-0.00014478723460342735,0.2688262164592743,0.5374563932418823,0.5374523997306824,1.5582317935969314e-08,0.00013949599955331848,1.5582317935969314e-08,0.00013949599955331848,0.00013968934876906758,0.00013968934876906758,4.871382052135196e-09,0.0001395921328835037,1.4853987341578723e-05,1.4874954950672148e-05
27475,0.5495000000000001,0,0.5374553799629211,-5.484137883399187e-12,0.5374554395675659,104.7197494506836,104.71975708007812,1.9999999494757503e-05,False,False,-0.20261591604553866,9.484057571477356,-0.20261591604553866,9.484057571477356,9.486221651876575,9.486221651876575,-0.00014478236060362458,0.26896579511208807,0.5374713098110137,0.5374673372674228,-0.20261593163013458,9.483918190002441,-0.20261593163013458,9.483918190002441,9.486082077026367,9.486082077026367,-0.00014478723460342735,0.2688262164592743,0.5374563932418823,0.5374523997306824,1.5584595919326816e-08,0.00013938147491465713,1.5584595919326816e-08,0.00013938147491465713,0.00013957485020732463,0.00013957485020732463,4.873999802769511e-09,0.00013957865281377657,1.4916569131329105e-05,1.493753674042253e-05
27500,0.55,0,0.5374553799629211,-5.337873372479596e-12,0.5374553799629211,104.7197494506836,104.71975708007812,1.9999999494757503e-05,False,False,-0.2026158935889575,9.484057655671986,-0.2026158935889575,9.484057655671986,9.486221735572348,9.486221735572348,-0.0001447823580556954,0.2689657782620009,0.5374713723928034,0.5374673998492125,-0.2026159018278122,9.483918190002441,-0.2026159018278122,9.483918190002441,9.486082077026367,9.486082077026367,-0.00014478723460342735,0.2688262164592743,0.5374563932418823,0.5374523997306824,8.238854681819063e-09,0.00013946566954459172,8.238854681819063e-09,0.00013946566954459172,0.00013965854598119165,0.00013965854598119165,4.876547731949435e-09,0.00013956180272661767,1.4979150921079487e-05,1.5000118530172912e-05
27525,0.5505000000000001,0,0.5374553203582764,-5.195511555700083e-12,0.5374553799629211,104.7197494506836,104.71975708007812,1.9999999494757503e-05,False,False,-0.20261589358679938,9.484057536653989,-0.20261589358679938,9.484057536653989,9.486221616581457,9.486221616581457,-0.00014478235557571938,0.2689657602885746,0.5374714349745932,0.5374674624310023,-0.2026159018278122,9.483918190002441,-0.2026159018278122,9.483918190002441,9.486082077026367,9.486082077026367,-0.00014478723460342735,0.2688262164592743,0.5374563932418823,0.5374523997306824,8.241012816601057e-09,0.00013934665154735626,8.241012816601057e-09,0.00013934665154735626,0.0001395395550893852,0.0001395395550893852,4.8790277079721524e-09,0.00013954382930031484,1.504173271082987e-05,1.5062700319923295e-05
27550,0.551,0,0.5374553203582764,-5.056940543396449e-12,0.5374553203582764,104.7197494506836,104.71975708007812,1.9999999494757503e-05,False,False,-0.20261587113033494,9.48405762534197,-0.20261587113033494,9.48405762534197,9.486221704769559,9.486221704769559,-0.00014478235316188378,0.268965747931844,0.5374714975563829,0.537467525012792,-0.202615886926651,9.483918190002441,-0.202615886926651,9.483918190002441,9.486082077026367,9.486082077026367,-0.00014478723460342735,0.2688262164592743,0.5374563932418823,0.5374523997306824,1.5796316060745497e-08,0.00013943533952875953,1.5796316060745497e-08,0.00013943533952875953,0.00013962774319153937,0.00013962774319153937,4.881441543569485e-09,0.00013953147256973164,1.5104314500580251e-05,1.5125282109673677e-05
27575,0.5515,0,0.5374552607536316,-4.922050614308837e-12,0.5374553203582764,104.7197494506836,104.71975708007812,1.9999999494757503e-05,False,False,-0.20261587112829044,9.484057504077292,-0.20261587112829044,9.484057504077292,9.486221583532501,9.486221583532501,-0.00014478235081243505,0.26896572771173943,0.5374715601381727,0.5374675875945818,-0.202615886926651,9.483918190002441,-0.202615886926651,9.483918190002441,9.486082077026367,9.486082077026367,-0.00014478723460342735,0.2688262164592743,0.5374563932418823,0.5374523997306824,1.579836056420092e-08,0.00013931407485046066,1.579836056420092e-08,0.00013931407485046066,0.000139506506133813,0.000139506506133813,4.883790992302921e-09,0.00013951125246514096,1.5166896290330634e-05,1.5187863899424059e-05
27600,0.552,0,0.5374552607536316,-4.790778017349506e-12,0.5374552607536316,104.7197494506836,104.71975708007812,1.9999999494757503e-05,False,False,-0.20261584867193655,9.484057595011949,-0.20261584867193655,9.484057595011949,9.486221673966769,9.486221673966769,-0.00014478234852565084,0.26896571760168714,0.5374716227199624,0.5374676501763715,-0.2026158571243286,9.483918190002441,-0.2026158571243286,9.483918190002441,9.486082077026367,9.486082077026367,-0.00014478723460342735,0.2688262164592743,0.5374563932418823,0.5374523997306824,8.452392064040026e-09,0.00013940500950759827,8.452392064040026e-09,0.00013940500950759827,0.00013959694040188708,0.00013959694040188708,4.8860777765089274e-09,0.0001395011424128456,1.5229478080081016e-05,1.5250445689174441e-05
27625,0.5525,0,0.5374552011489868,-4.6630026229177446e-12,0.5374552607536316,104.7197494506836,104.71975708007812,1.9999999494757503e-05,False,False,-0.20261584866999963,9.484057474870603,-0.20261584866999963,9.484057474870603,9.486221553852788,9.486221553852788,-0.00014478234629985526,0.2689656985049217,0.5374716853017522,0.5374677127581613,-0.2026158571243286,9.483918190002441,-0.2026158571243286,9.483918190002441,9.486082077026367,9.486082077026367,-0.00014478723460342735,0.2688262164592743,0.5374563932418823,0.5374523997306824,8.454328986884363e-09,0.0001392848681618375,8.454328986884363e-09,0.0001392848681618375,0.00013947682642090342,0.00013947682642090342,4.888303572093012e-09,0.00013948204564739886,1.5292059869831398e-05,1.5313027478924823e-05
27650,0.553,0,0.5374552011489868,-4.538650271584954e-12,0.5374552011489868,104.7197494506836,104.71975708007812,1.9999999494757503e-05,False,False,-0.20261582621375043,9.484057564681917,-0.20261582621375043,9.484057564681917,9.486221643163972,9.486221643163972,-0.00014478234413342232,0.26896568727153025,0.5374717478835419,0.537467775339951,-0.20261584222316742,9.483918190002441,-0.20261584222316742,9.483918190002441,9.486082077026367,9.486082077026367,-0.00014478723460342735,0.2688262164592743,0.5374563932418823,0.5374523997306824,1.6009416986539904e-08,0.00013937467947577886,1.6009416986539904e-08,0.00013937467947577886,0.00013956613760512937,0.00013956613760512937,4.890470005033173e-09,0.00013947081225595959,1.535464165958178e-05,1.5375609268675205e-05
27675,0.5535,0,0.537455141544342,-4.417583486515664e-12,0.5374552011489868,104.7197494506836,104.71975708007812,1.9999999494757503e-05,False,False,-0.20261582621191548,9.484057449033926,-0.20261582621191548,9.484057449033926,9.486221527542325,9.486221527542325,-0.00014478234202476884,0.2689656726681214,0.5374718104653317,0.5374678379217408,-0.20261584222316742,9.483918190002441,-0.20261584222316742,9.483918190002441,9.486082077026367,9.486082077026367,-0.00014478723460342735,0.2688262164592743,0.5374563932418823,0.5374523997306824,1.601125193539943e-08,0.00013925903148503949,1.601125193539943e-08,0.00013925903148503949,0.00013945051595776192,0.00013945051595776192,4.892578658508527e-09,0.00013945620884708854,1.5417223449332162e-05,1.5438191058425588e-05
27700,0.554,0,0.537455141544342,-4.299752394409939e-12,0.537455141544342,104.7197494506836,104.71975708007812,1.9999999494757503e-05,False,False,-0.2026158037557656,9.484057534351882,-0.2026158037557656,9.484057534351882,9.486221612361177,9.486221612361177,-0.00014478233997236331,0.26896565694137337,0.5374718730471214,0.5374679005035305,-0.20261581242084503,9.483918190002441,-0.20261581242084503,9.483918190002441,9.486082077026367,9.486082077026367,-0.00014478723460342735,0.2688262164592743,0.5374563932418823,0.5374523997306824,8.66507943175776e-09,0.00013934434944040675,8.66507943175776e-09,0.00013934434944040675,0.00013953533481014802,0.00013953533481014802,4.894631064035959e-09,0.00013944048209907356,1.5479805239082545e-05,1.550077284817597e-05
27725,0.5545,0,0.5374550819396973,-4.1850676570087675e-12,0.537455141544342,104.7197494506836,104.71975708007812,1.9999999494757503e-05,False,False,-0.2026158037540272,9.48405742656726,-0.2026158037540272,9.48405742656726,9.486221504601106,9.486221504601106,-0.00014478233797470292,0.2689656502013385,0.5374719356289112,0.5374679630853203,-0.20261581242084503,9.483918190002441,-0.20261581242084503,9.483918190002441,9.486082077026367,9.486082077026367,-0.00014478723460342735,0.2688262164592743,0.5374563932418823,0.5374523997306824,8.666817818969719e-09,0.00013923656481829028,8.666817818969719e-09,0.00013923656481829028,0.00013942757473905942,0.00013942757473905942,4.896628724428099e-09,0.00013943374206421,1.5542387028832927e-05,1.5563354637926352e-05
27750,0.555,0,0.5374550819396973,-4.0734676916287516e-12,0.5374550819396973,104.7197494506836,104.71975708007812,1.9999999494757503e-05,False,False,-0.20261578129797123,9.484057504021836,-0.20261578129797123,9.484057504021836,9.486221581558375,9.486221581558375,-0.0001447823360303156,0.2689656266112165,0.5374719982107009,0.53746802566711,-0.20261579751968384,9.483918190002441,-0.20261579751968384,9.483918190002441,9.486082077026367,9.486082077026367,-0.00014478723460342735,0.2688262164592743,0.5374563932418823,0.5374523997306824,1.62217126120634e-08,0.0001393140193943765,1.62217126120634e-08,0.0001393140193943765,0.00013950453200806123,0.00013950453200806123,4.898573111760448e-09,0.00013941015194218753,1.560496881858331e-05,1.5625936427676734e-05
27775,0.5555,0,0.5374550819396973,-3.964854486393499e-12,0.5374550819396973,104.7197494506836,104.71975708007812,1.9999999494757503e-05,False,False,-0.20261578129632424,9.48405750402189,-0.20261578129632424,9.48405750402189,9.486221581558395,9.486221581558395,-0.00014478233413777405,0.2689656266112165,0.5374720607924907,0.5374680882488998,-0.20261579751968384,9.483918190002441,-0.20261579751968384,9.483918190002441,9.486082077026367,9.486082077026367,-0.00014478723460342735,0.2688262164592743,0.5374563932418823,0.5374523997306824,1.6223359600164855e-08,0.00013931401944944355,1.6223359600164855e-08,0.00013931401944944355,0.00013950453202760116,0.00013950453202760116,4.90046565330385e-09,0.00013941015194218753,1.566755060833369e-05,1.5688518217427116e-05
27800,0.556,0,0.5374550223350525,-3.8591122485109874e-12,0.5374550819396973,104.7197494506836,104.71975708007812,1.9999999494757503e-05,False,False,-0.20261578129472121,9.484057380510519,-0.20261578129472121,9.484057380510519,9.486221458075166,9.486221458075166,-0.0001447823322957028,0.2689656041444336,0.5374721233742804,0.5374681508306896,-0.20261579751968384,9.483918190002441,-0.20261579751968384,9.483918190002441,9.486082077026367,9.486082077026367,-0.00014478723460342735,0.2688262164592743,0.5374563932418823,0.5374523997306824,1.6224962623434536e-08,0.00013919050807764677,1.6224962623434536e-08,0.00013919050807764677,0.00013938104879862578,0.00013938104879862578,4.902307724558496e-09,0.000139387685159309,1.5730132398084073e-05,1.57511000071775e-05
27825,0.5565,0,0.5374550223350525,-3.7561867678725935e-12,0.5374550223350525,104.7197494506836,104.71975708007812,1.9999999494757503e-05,False,False,-0.20261575883879712,9.48405747369184,-0.20261575883879712,9.48405747369184,9.486221550755593,9.486221550755593,-0.0001447823305027597,0.2689655962810596,0.5374721859560702,0.5374682134124793,-0.20261576771736145,9.483918190002441,-0.20261576771736145,9.483918190002441,9.486082077026367,9.486082077026367,-0.00014478723460342735,0.2688262164592743,0.5374563932418823,0.5374523997306824,8.878564328185234e-09,0.00013928368939808422,8.878564328185234e-09,0.00013928368939808422,0.00013947372922551438,0.00013947372922551438,4.9041006676582566e-09,0.0001393798217853015,1.5792714187834456e-05,1.581368179692788e-05
27850,0.557,0,0.5374549627304077,-3.65599044094278e-12,0.5374550223350525,104.7197494506836,104.71975708007812,1.9999999494757503e-05,False,False,-0.2026157588372785,9.48405736703055,-0.2026157588372785,9.48405736703055,9.486221444118604,9.486221444118604,-0.0001447823287576407,0.2689655906643639,0.5374722485378599,0.537468275994269,-0.20261576771736145,9.483918190002441,-0.20261576771736145,9.483918190002441,9.486082077026367,9.486082077026367,-0.00014478723460342735,0.2688262164592743,0.5374563932418823,0.5374523997306824,8.880082946749468e-09,0.00013917702810850585,8.880082946749468e-09,0.00013917702810850585,0.00013936709223649757,0.00013936709223649757,4.9058457866543986e-09,0.00013937420508958187,1.5855295977584838e-05,1.5876263586678263e-05
27875,0.5575,0,0.5374549627304077,-3.558475562825958e-12,0.5374549627304077,104.7197494506836,104.71975708007812,1.9999999494757503e-05,False,False,-0.2026157363814365,9.484057443361781,-0.2026157363814365,9.484057443361781,9.486221519952789,9.486221519952789,-0.0001447823270590687,0.2689655659509027,0.5374723111196497,0.5374683385760588,-0.20261575281620026,9.483918190002441,-0.20261575281620026,9.483918190002441,9.486082077026367,9.486082077026367,-0.00014478723460342735,0.2688262164592743,0.5374563932418823,0.5374523997306824,1.6434763744355152e-08,0.00013925335933961946,1.6434763744355152e-08,0.00013925335933961946,0.00013944292642165124,0.00013944292642165124,4.907544358655766e-09,0.00013934949162841548,1.591787776733522e-05,1.5938845376428645e-05
27900,0.558,0,0.5374549627304077,-3.463595079147841e-12,0.5374549627304077,104.7197494506836,104.71975708007812,1.9999999494757503e-05,False,False,-0.20261573637999775,9.48405744336183,-0.20261573637999775,9.48405744336183,9.486221519952807,9.486221519952807,-0.0001447823254057974,0.2689655659509027,0.5374723737014394,0.5374684011578486,-0.20261575281620026,9.483918190002441,-0.20261575281620026,9.483918190002441,9.486082077026367,9.486082077026367,-0.00014478723460342735,0.2688262164592743,0.5374563932418823,0.5374523997306824,1.643620251012834e-08,0.00013925335938935746,1.643620251012834e-08,0.00013925335938935746,0.0001394429264394148,0.0001394429264394148,4.909197629952757e-09,0.00013934949162841548,1.5980459557085602e-05,1.6001427166179027e-05
27925,0.5585,0,0.5374549031257629,-3.371260735851589e-12,0.5374549627304077,104.7197494506836,104.71975708007812,1.9999999494757503e-05,False,False,-0.20261573637859728,9.484057331083841,-0.20261573637859728,9.484057331083841,9.486221407700402,9.486221407700402,-0.00014478232379660033,0.26896555471751127,0.5374724362832292,0.5374684637396383,-0.20261575281620026,9.483918190002441,-0.20261575281620026,9.483918190002441,9.486082077026367,9.486082077026367,-0.00014478723460342735,0.2688262164592743,0.5374563932418823,0.5374523997306824,1.6437602973207177e-08,0.0001391410813997851,1.6437602973207177e-08,0.0001391410813997851,0.00013933067403471,0.00013933067403471,4.910806827021974e-09,0.0001393382582369762,1.6043041346835984e-05,1.606400895592941e-05
27950,0.559,0,0.5374549031257629,-3.281359992751698e-12,0.5374549031257629,104.7197494506836,104.71975708007812,1.9999999494757503e-05,False,False,-0.20261571392287037,9.484057413031765,-0.20261571392287037,9.484057413031765,9.486221489150001,9.486221489150001,-0.00014478232223030799,0.2689655356207458,0.5374724988650189,0.537468526321428,-0.20261572301387787,9.483918190002441,-0.20261572301387787,9.483918190002441,9.486082077026367,9.486082077026367,-0.00014478723460342735,0.2688262164592743,0.5374563932418823,0.5374523997306824,9.091007502348702e-09,0.00013922302932378727,9.091007502348702e-09,0.00013922302932378727,0.0001394121236337753,0.0001394121236337753,4.912373119365194e-09,0.00013931916147152945,1.6105623136586367e-05,1.6126590745679792e-05
27975,0.5595,0,0.5374549031257629,-3.1938477470377924e-12,0.5374549031257629,104.7197494506836,104.71975708007812,1.9999999494757503e-05,False,False,-0.20261571392154368,9.484057413031808,-0.20261571392154368,9.484057413031808,9.486221489150015,9.486221489150015,-0.00014478232070578624,0.2689655356207458,0.5374725614468087,0.5374685889032178,-0.20261572301387787,9.483918190002441,-0.20261572301387787,9.483918190002441,9.486082077026367,9.486082077026367,-0.00014478723460342735,0.2688262164592743,0.5374563932418823,0.5374523997306824,9.092334191107554e-09,0.00013922302936641984,9.092334191107554e-09,0.00013922302936641984,0.00013941212364798616,0.00013941212364798616,4.913897641112101e-09,0.00013931916147152945,1.616820492633675e-05,1.6189172535430174e-05
28000,0.56,0,0.5374548435211182,-3.1086695717608137e-12,0.5374549031257629,104.7197494506836,104.71975708007812,1.9999999494757503e-05,False,False,-0.20261571392025238,9.484057301877156,-0.20261571392025238,9.484057301877156,9.486221378020693,9.486221378020693,-0.00014478231922192516,0.2689655255106935,0.5374726240285984,0.5374686514850076,-0.20261572301387787,9.483918190002441,-0.20261572301387787,9.483918190002441,9.486082077026367,9.486082077026367,-0.00014478723460342735,0.2688262164592743,0.5374563932418823,0.5374523997306824,9.093625491507495e-09,0.00013911187471471465,9.093625491507495e-09,0.00013911187471471465,0.00013930099432535314,0.00013930099432535314,4.915381502187564e-09,0.0001393090514192341,1.623078671608713e-05,1.6251754325180556e-05
28025,0.5605,0,0.5374548435211182,-3.025765402120406e-12,0.5374548435211182,104.7197494506836,104.71975708007812,1.9999999494757503e-05,False,False,-0.20261569146463165,9.484057382701737,-0.20261569146463165,9.484057382701737,9.486221458347208,9.486221458347208,-0.0001447823177776358,0.26896550529058894,0.5374726866103882,0.5374687140667973,-0.20261570811271667,9.483918190002441,-0.20261570811271667,9.483918190002441,9.486082077026367,9.486082077026367,-0.00014478723460342735,0.2688262164592743,0.5374563932418823,0.5374523997306824,1.664808502166437e-08,0.00013919269929552058,1.664808502166437e-08,0.00013919269929552058,0.0001393813208405703,0.0001393813208405703,4.916825791537139e-09,0.00013928883131464342,1.6293368505837513e-05,1.631433611493094e-05
28050,0.561,0,0.5374548435211182,-2.945075173316214e-12,0.5374548435211182,104.7197494506836,104.71975708007812,1.9999999494757503e-05,False,False,-0.2026156914634083,9.484057382701776,-0.2026156914634083,9.484057382701776,9.48622145834722,9.48622145834722,-0.0001447823163718639,0.26896550529058894,0.5374727491921779,0.537468776648587,-0.20261570811271667,9.483918190002441,-0.20261570811271667,9.483918190002441,9.486082077026367,9.486082077026367,-0.00014478723460342735,0.2688262164592743,0.5374563932418823,0.5374523997306824,1.6649308376415206e-08,0.00013919269933460043,1.6649308376415206e-08,0.00013919269933460043,0.0001393813208530048,0.0001393813208530048,4.91823156343902e-09,0.00013928883131464342,1.6355950295587895e-05,1.637691790468132e-05
28075,0.5615,0,0.5374547839164734,-2.8665388205478814e-12,0.5374548435211182,104.7197494506836,104.71975708007812,1.9999999494757503e-05,False,False,-0.20261569146221756,9.484057280533834,-0.20261569146221756,9.484057280533834,9.48622135620256,9.48622135620256,-0.00014478231500358028,0.2689655041672498,0.5374728117739677,0.5374688392303768,-0.20261570811271667,9.483918190002441,-0.20261570811271667,9.483918190002441,9.486082077026367,9.486082077026367,-0.00014478723460342735,0.2688262164592743,0.5374563932418823,0.5374523997306824,1.6650499118364692e-08,0.00013909053139293803,1.6650499118364692e-08,0.00013909053139293803,0.00013927917619227514,0.00013927917619227514,4.9195998470721175e-09,0.0001392877079754995,1.6418532085338278e-05,1.6439499694431703e-05
28100,0.562,0,0.5374547839164734,-2.790098447419398e-12,0.5374548435211182,104.7197494506836,104.71975708007812,1.9999999494757503e-05,False,False,-0.20261569146105857,9.484057252450395,-0.20261569146105857,9.484057252450395,9.486221328125502,9.486221328125502,-0.0001447823136717834,0.2689654760837712,0.5374728743557574,0.5374689018121666,-0.20261570811271667,9.483918190002441,-0.20261570811271667,9.483918190002441,9.486082077026367,9.486082077026367,-0.00014478723460342735,0.2688262164592743,0.5374563932418823,0.5374523997306824,1.6651658107935674e-08,0.0001390624479533642,1.6651658107935674e-08,0.0001390624479533642,0.00013925109913515143,0.00013925109913515143,4.920931643941084e-09,0.00013925962449690132,1.648111387508866e-05,1.6502081484182085e-05
28125,0.5625,0,0.5374547839164734,-2.7157035301095256e-12,0.5374547839164734,104.7197494506836,104.71975708007812,1.9999999494757503e-05,False,False,-0.2026156690055666,9.484057352371734,-0.2026156690055666,9.484057352371734,9.486221427544422,9.486221427544422,-0.0001447823123754976,0.26896547496043205,0.5374729369375472,0.5374689643939563,-0.2026156783103943,9.483918190002441,-0.2026156783103943,9.483918190002441,9.486082077026367,9.486082077026367,-0.00014478723460342735,0.2688262164592743,0.5374563932418823,0.5374523997306824,9.304827686129613e-09,0.0001391623692921229,9.304827686129613e-09,0.0001391623692921229,0.00013935051805447074,0.00013935051805447074,4.9222279297465605e-09,0.0001392585011577574,1.6543695664839042e-05,1.6564663273932467e-05
28150,0.5630000000000001,0,0.5374547839164734,-2.643279692349232e-12,0.5374547839164734,104.7197494506836,104.71975708007812,1.9999999494757503e-05,False,False,-0.20261566900446862,9.48405735237177,-0.20261566900446862,9.48405735237177,9.486221427544434,9.486221427544434,-0.00014478231111378107,0.26896547496043205,0.5374729995193369,0.5374690269757461,-0.2026156783103943,9.483918190002441,-0.2026156783103943,9.483918190002441,9.486082077026367,9.486082077026367,-0.00014478723460342735,0.2688262164592743,0.5374563932418823,0.5374523997306824,9.305925668945392e-09,0.00013916236932942638,9.305925668945392e-09,0.00013916236932942638,0.00013935051806690524,0.00013935051806690524,4.923489646280763e-09,0.0001392585011577574,1.6606277454589424e-05,1.662724506368285e-05
28175,0.5635,0,0.5374547243118286,-2.5727915891476938e-12,0.5374547839164734,104.7197494506836,104.71975708007812,1.9999999494757503e-05,False,False,-0.2026156690033999,9.484057238970433,-0.2026156690033999,9.484057238970433,9.486221314168944,9.486221314168944,-0.00014478230988571177,0.26896546260370147,0.5374730621011267,0.5374690895575358,-0.2026156783103943,9.483918190002441,-0.2026156783103943,9.483918190002441,9.486082077026367,9.486082077026367,-0.00014478723460342735,0.2688262164592743,0.5374563932418823,0.5374523997306824,9.306994397384472e-09,0.0001390489679913287,9.306994397384472e-09,0.0001390489679913287,0.00013923714257657593,0.00013923714257657593,4.924717715576324e-09,0.0001392461444271742,1.6668859244339806e-05,1.668982685343323e-05
28200,0.5640000000000001,0,0.5374547243118286,-2.5041943345349704e-12,0.5374547243118286,104.7197494506836,104.71975708007812,1.9999999494757503e-05,False,False,-0.2026156465479958,9.484057322041684,-0.2026156465479958,9.484057322041684,9.486221396741621,9.486221396741621,-0.000144782308690387,0.26896544463027516,0.5374731246829164,0.5374691521393256,-0.2026156634092331,9.483918190002441,-0.2026156634092331,9.483918190002441,9.486082077026367,9.486082077026367,-0.00014478723460342735,0.2688262164592743,0.5374563932418823,0.5374523997306824,1.6861237295273668e-08,0.00013913203924253992,1.6861237295273668e-08,0.00013913203924253992,0.00013931971525416031,0.00013931971525416031,4.925913040339973e-09,0.00013922817100087137,1.673144103409019e-05,1.6752408643183614e-05
28225,0.5645,0,0.5374547243118286,-2.4374259121467956e-12,0.5374547243118286,104.7197494506836,104.71975708007812,1.9999999494757503e-05,False,False,-0.20261564654698327,9.484057322041718,-0.20261564654698327,9.484057322041718,9.486221396741632,9.486221396741632,-0.0001447823075269352,0.26896544463027516,0.5374731872647062,0.5374692147211153,-0.2026156634092331,9.483918190002441,-0.2026156634092331,9.483918190002441,9.486082077026367,9.486082077026367,-0.00014478723460342735,0.2688262164592743,0.5374563932418823,0.5374523997306824,1.6862249818672126e-08,0.0001391320392762907,1.6862249818672126e-08,0.0001391320392762907,0.00013931971526481846,0.00013931971526481846,4.927076492161836e-09,0.00013922817100087137,1.679402282384057e-05,1.6814990432933996e-05
28250,0.5650000000000001,0,0.5374547243118286,-2.372436015002366e-12,0.5374547243118286,104.7197494506836,104.71975708007812,1.9999999494757503e-05,False,False,-0.20261564654599776,9.48405732204175,-0.20261564654599776,9.48405732204175,9.486221396741643,9.486221396741643,-0.00014478230639450082,0.26896544463027516,0.5374732498464959,0.5374692773029051,-0.2026156634092331,9.483918190002441,-0.2026156634092331,9.483918190002441,9.486082077026367,9.486082077026367,-0.00014478723460342735,0.2688262164592743,0.5374563932418823,0.5374523997306824,1.686323533589551e-08,0.00013913203930826512,1.686323533589551e-08,0.00013913203930826512,0.0001393197152754766,0.0001393197152754766,4.928208926531638e-09,0.00013922817100087137,1.6856604613590953e-05,1.6877572222684378e-05
28275,0.5655,0,0.5374546647071838,-2.3091613256948085e-12,0.5374547243118286,104.7197494506836,104.71975708007812,1.9999999494757503e-05,False,False,-0.20261564654503858,9.484057209763748,-0.20261564654503858,9.484057209763748,9.486221284489234,9.486221284489234,-0.00014478230529226798,0.2689654333968837,0.5374733124282857,0.5374693398846948,-0.2026156634092331,9.483918190002441,-0.2026156634092331,9.483918190002441,9.486082077026367,9.486082077026367,-0.00014478723460342735,0.2688262164592743,0.5374563932418823,0.5374523997306824,1.6864194513077635e-08,0.00013901976130625826,1.6864194513077635e-08,0.00013901976130625826,0.00013920746286721908,0.00013920746286721908,4.9293111593657225e-09,0.0001392169376094321,1.6919186403341335e-05,1.694015401243476e-05
28300,0.5660000000000001,0,0.5374546647071838,-2.247610084160634e-12,0.5374546647071838,104.7197494506836,104.71975708007812,1.9999999494757503e-05,False,False,-0.20261562408974101,9.484057291711656,-0.20261562408974101,9.484057291711656,9.486221365938826,9.486221365938826,-0.00014478230421942492,0.2689654143001183,0.5374733750100754,0.5374694024664846,-0.2026156336069107,9.483918190002441,-0.2026156336069107,9.483918190002441,9.486082077026367,9.486082077026367,-0.00014478723460342735,0.2688262164592743,0.5374563932418823,0.5374523997306824,9.517169691219962e-09,0.00013910170921427323,9.517169691219962e-09,0.00013910170921427323,0.00013928891245917896,0.00013928891245917896,4.930384002433362e-09,0.00013919784084398534,1.6981768193091717e-05,1.7002735802185143e-05
28325,0.5665,0,0.5374546647071838,-2.1876998910347334e-12,0.5374546647071838,104.7197494506836,104.71975708007812,1.9999999494757503e-05,False,False,-0.2026156240888322,9.484057291711686,-0.2026156240888322,9.484057291711686,9.486221365938837,9.486221365938837,-0.00014478230317517662,0.2689654143001183,0.5374734375918652,0.5374694650482743,-0.2026156336069107,9.483918190002441,-0.2026156336069107,9.483918190002441,9.486082077026367,9.486082077026367,-0.00014478723460342735,0.2688262164592743,0.5374563932418823,0.5374523997306824,9.518078492032345e-09,0.0001391017092444713,9.518078492032345e-09,0.0001391017092444713,0.0001392889124698371,0.0001392889124698371,4.931428250725799e-09,0.00013919784084398534,1.70443499828421e-05,1.7065317591935525e-05
28350,0.5670000000000001,0,0.5374546647071838,-2.129351382718081e-12,0.5374546647071838,104.7197494506836,104.71975708007812,1.9999999494757503e-05,False,False,-0.2026156240879477,9.484057291711714,-0.2026156240879477,9.484057291711714,9.486221365938848,9.486221365938848,-0.00014478230215877056,0.2689654143001183,0.5374735001736549,0.5374695276300641,-0.2026156336069107,9.483918190002441,-0.2026156336069107,9.483918190002441,9.486082077026367,9.486082077026367,-0.00014478723460342735,0.2688262164592743,0.5374563932418823,0.5374523997306824,9.518963006716064e-09,0.000139101709272893,9.518963006716064e-09,0.000139101709272893,0.00013928891248049524,0.00013928891248049524,4.9324446567877624e-09,0.00013919784084398534,1.7106931772592482e-05,1.7127899381685907e-05
28375,0.5675,0,0.5374546647071838,-2.072573015987622e-12,0.5374546647071838,104.7197494506836,104.71975708007812,1.9999999494757503e-05,False,False,-0.20261562408708678,9.484057291711744,-0.20261562408708678,9.484057291711744,9.486221365938858,9.486221365938858,-0.00014478230116947189,0.2689654143001183,0.5374735627554447,0.5374695902118538,-0.2026156336069107,9.483918190002441,-0.2026156336069107,9.483918190002441,9.486082077026367,9.486082077026367,-0.00014478723460342735,0.2688262164592743,0.5374563932418823,0.5374523997306824,9.519823929160509e-09,0.00013910170930309107,9.519823929160509e-09,0.00013910170930309107,0.00013928891249115338,0.00013928891249115338,4.933433955464379e-09,0.00013919784084398534,1.7169513562342864e-05,1.719048117143629e-05
28400,0.5680000000000001,0,0.5374546051025391,-2.017316435426464e-12,0.5374546647071838,104.7197494506836,104.71975708007812,1.9999999494757503e-05,False,False,-0.20261562408624875,9.484057165953669,-0.20261562408624875,9.484057165953669,9.486221240209453,9.486221240209453,-0.00014478230020654946,0.2689653895866571,0.5374736253372344,0.5374696527936436,-0.2026156336069107,9.483918190002441,-0.2026156336069107,9.483918190002441,9.486082077026367,9.486082077026367,-0.00014478723460342735,0.2688262164592743,0.5374563932418823,0.5374523997306824,9.520661953255072e-09,0.00013897595122713824,9.520661953255072e-09,0.00013897595122713824,0.00013916318308559994,0.00013916318308559994,4.934396877887383e-09,0.00013917312738281895,1.7232095352093246e-05,1.725306296118667e-05
28425,0.5685,0,0.5374546051025391,-1.963519190989471e-12,0.5374546051025391,104.7197494506836,104.71975708007812,1.9999999494757503e-05,False,False,-0.20261560163106926,9.484057261381642,-0.20261560163106926,9.484057261381642,9.486221335136038,9.486221335136038,-0.00014478229926930255,0.2689653839699614,0.5374736879190242,0.5374697153754333,-0.2026156187057495,9.483918190002441,-0.2026156187057495,9.483918190002441,9.486082077026367,9.486082077026367,-0.00014478723460342735,0.2688262164592743,0.5374563932418823,0.5374523997306824,1.7074680253026386e-08,0.0001390713792002174,1.7074680253026386e-08,0.0001390713792002174,0.00013925810967130303,0.00013925810967130303,4.935334124803745e-09,0.00013916751068709932,1.729467714184363e-05,1.7315644750937054e-05
28450,0.5690000000000001,0,0.5374546051025391,-1.9111637186014496e-12,0.5374546051025391,104.7197494506836,104.71975708007812,1.9999999494757503e-05,False,False,-0.20261560163027537,9.484057261381668,-0.20261560163027537,9.484057261381668,9.486221335136047,9.486221335136047,-0.00014478229835704795,0.2689653839699614,0.5374737505008139,0.5374697779572231,-0.2026156187057495,9.483918190002441,-0.2026156187057495,9.483918190002441,9.486082077026367,9.486082077026367,-0.00014478723460342735,0.2688262164592743,0.5374563932418823,0.5374523997306824,1.707547414575572e-08,0.00013907137922686275,1.707547414575572e-08,0.00013907137922686275,0.00013925810968018482,0.00013925810968018482,4.936246379396358e-09,0.00013916751068709932,1.735725893159401e-05,1.7378226540687436e-05
28475,0.5695,0,0.5374546051025391,-1.860206216494631e-12,0.5374546051025391,104.7197494506836,104.71975708007812,1.9999999494757503e-05,False,False,-0.20261560162950265,9.484057261381693,-0.20261560162950265,9.484057261381693,9.486221335136056,9.486221335136056,-0.0001447822974691187,0.2689653839699614,0.5374738130826037,0.5374698405390128,-0.2026156187057495,9.483918190002441,-0.2026156187057495,9.483918190002441,9.486082077026367,9.486082077026367,-0.00014478723460342735,0.2688262164592743,0.5374563932418823,0.5374523997306824,1.707624686098086e-08,0.00013907137925173174,1.707624686098086e-08,0.00013907137925173174,0.0001392581096890666,0.0001392581096890666,4.937134308639294e-09,0.00013916751068709932,1.7419840721344393e-05,1.7440808330437818e-05
28500,0.5700000000000001,0,0.5374546051025391,-1.8106097133749333e-12,0.5374546051025391,104.7197494506836,104.71975708007812,1.9999999494757503e-05,False,False,-0.2026156016287505,9.484057261381718,-0.2026156016287505,9.484057261381718,9.486221335136065,9.486221335136065,-0.00014478229660486278,0.2689653839699614,0.5374738756643934,0.5374699031208026,-0.2026156187057495,9.483918190002441,-0.2026156187057495,9.483918190002441,9.486082077026367,9.486082077026367,-0.00014478723460342735,0.2688262164592743,0.5374563932418823,0.5374523997306824,1.7076999009324467e-08,0.00013907137927660074,1.7076999009324467e-08,0.00013907137927660074,0.00013925810969794838,0.00013925810969794838,4.937998564571739e-09,0.00013916751068709932,1.7482422511094775e-05,1.75033901201882e-05
28503,0.57006,0,0.5374546051025391,-1.8047473238080869e-12,0.5374546051025391,104.7197494506836,104.71975708007812,1.9999999494757503e-05,False,False,-0.2026156016286616,9.484057261381722,-0.2026156016286616,9.484057261381722,9.486221335136067,9.486221335136067,-0.00014478229650271283,0.2689653839699614,0.5374738831742082,0.5374699106306173,-0.2026156187057495,9.483918190002441,-0.2026156187057495,9.483918190002441,9.486082077026367,9.486082077026367,-0.00014478723460342735,0.2688262164592743,0.5374563932418823,0.5374523997306824,1.7077087910433164e-08,0.00013907137928015345,1.7077087910433164e-08,0.00013907137928015345,0.00013925810969972474,0.00013925810969972474,4.9381007145225635e-09,0.00013916751068709932,1.748993232586482e-05,1.7510899934958246e-05
28504,0.57008,0,0.5374546051025391,-1.8027968440997855e-12,0.5374546051025391,104.71975708007812,104.71975708007812,1.9999999494757503e-05,False,False,-0.20261561637971548,9.484057932750513,-0.20261561637971548,9.484057932750513,9.486222006666768,9.486222006666768,-0.0001447822964687364,0.2689653839699614,0.5374699106306173,0.5374699106306173,-0.2026156336069107,9.483919143676758,-0.2026156336069107,9.483919143676758,9.486083030700684,9.486083030700684,-0.00014478723460342735,0.2688262164592743,0.5374523997306824,0.5374523997306824,1.722719522589955e-08,0.0001387890737554187,1.722719522589955e-08,0.0001387890737554187,0.00013897596608458684,0.00013897596608458684,4.938134690952089e-09,0.00013916751068709932,1.7510899934958246e-05,1.7510899934958246e-05
28525,0.5705,0,0.5374545454978943,-1.7623282390702433e-12,0.5374546051025391,104.71975708007812,104.71975708007812,1.9999999494757503e-05,False,False,-0.2026156163791019,9.484057810362447,-0.2026156163791019,9.484057810362447,9.486221884306609,9.486221884306609,-0.00014478229576365164,0.26896536262651766,0.5374699106306173,0.5374699106306173,-0.2026156336069107,9.483919143676758,-0.2026156336069107,9.483919143676758,9.486083030700684,9.486083030700684,-0.00014478723460342735,0.2688262164592743,0.5374523997306824,0.5374523997306824,1.7227808818409684e-08,0.00013866668568951468,1.7227808818409684e-08,0.00013866668568951468,0.00013885360592524876,0.00013885360592524876,4.938839775705693e-09,0.0001391461672433647,1.7510899934958246e-05,1.7510899934958246e-05
28550,0.5710000000000001,0,0.5374545454978943,-1.715345205287322e-12,0.5374545454978943,104.71975708007812,104.71975708007812,1.9999999494757503e-05,False,False,-0.20261559392402384,9.484057902420401,-0.20261559392402384,9.484057902420401,9.486221975863945,9.486221975863945,-0.00014478229494486867,0.2689653536398045,0.5374699106306173,0.5374699106306173,-0.20261560380458832,9.483919143676758,-0.20261560380458832,9.483919143676758,9.486083030700684,9.486083030700684,-0.00014478723460342735,0.2688262164592743,0.5374523997306824,0.5374523997306824,9.880564477704468e-09,0.00013875874364366325,9.880564477704468e-09,0.00013875874364366325,0.00013894516326118378,0.00013894516326118378,4.939658558681141e-09,0.0001391371805302133,1.7510899934958246e-05,1.7510899934958246e-05
28575,0.5715,0,0.5374545454978943,-1.6696113892475384e-12,0.5374545454978943,104.71975708007812,104.71975708007812,1.9999999494757503e-05,False,False,-0.20261559392333028,9.484057902420425,-0.20261559392333028,9.484057902420425,9.486221975863954,9.486221975863954,-0.00014478229414791686,0.2689653536398045,0.5374699106306173,0.5374699106306173,-0.20261560380458832,9.483919143676758,-0.20261560380458832,9.483919143676758,9.486083030700684,9.486083030700684,-0.00014478723460342735,0.2688262164592743,0.5374523997306824,0.5374523997306824,9.881258034027951e-09,0.0001387587436667559,9.881258034027951e-09,0.0001387587436667559,0.00013894516327006556,0.00013894516327006556,4.940455510486904e-09,0.0001391371805302133,1.7510899934958246e-05,1.7510899934958246e-05
28600,0.5720000000000001,0,0.5374545454978943,-1.6250884101939866e-12,0.5374545454978943,104.71975708007812,104.71975708007812,1.9999999494757503e-05,False,False,-0.20261559392265524,9.484057902420446,-0.20261559392265524,9.484057902420446,9.48622197586396,9.48622197586396,-0.00014478229337221466,0.2689653536398045,0.5374699106306173,0.5374699106306173,-0.20261560380458832,9.483919143676758,-0.20261560380458832,9.483919143676758,9.486083030700684,9.486083030700684,-0.00014478723460342735,0.2688262164592743,0.5374523997306824,0.5374523997306824,9.881933077382499e-09,0.00013875874368807217,9.881933077382499e-09,0.00013875874368807217,0.000138945163277171,0.000138945163277171,4.941231212689029e-09,0.0001391371805302133,1.7510899934958246e-05,1.7510899934958246e-05
28625,0.5725,0,0.5374545454978943,-1.5817721481584113e-12,0.5374545454978943,104.71975708007812,104.71975708007812,1.9999999494757503e-05,False,False,-0.20261559392199813,9.484057902420467,-0.20261559392199813,9.484057902420467,9.486221975863968,9.486221975863968,-0.00014478229261719034,0.2689653536398045,0.5374699106306173,0.5374699106306173,-0.20261560380458832,9.483919143676758,-0.20261560380458832,9.483919143676758,9.486083030700684,9.486083030700684,-0.00014478723460342735,0.2688262164592743,0.5374523997306824,0.5374523997306824,9.882590190635199e-09,0.00013875874370938845,9.882590190635199e-09,0.00013875874370938845,0.00013894516328427642,0.00013894516328427642,4.941986237014424e-09,0.0001391371805302133,1.7510899934958246e-05,1.7510899934958246e-05
28650,0.5730000000000001,0,0.5374545454978943,-1.5395964668082907e-12,0.5374545454978943,104.71975708007812,104.71975708007812,1.9999999494757503e-05,False,False,-0.20261559392135858,9.48405790242049,-0.20261559392135858,9.48405790242049,9.486221975863977,9.486221975863977,-0.0001447822918822955,0.2689653536398045,0.5374699106306173,0.5374699106306173,-0.20261560380458832,9.483919143676758,-0.20261560380458832,9.483919143676758,9.486083030700684,9.486083030700684,-0.00014478723460342735,0.2688262164592743,0.5374523997306824,0.5374523997306824,9.883229734608534e-09,0.0001387587437324811,9.883229734608534e-09,0.0001387587437324811,0.0001389451632931582,0.0001389451632931582,4.94272113185255e-09,0.0001391371805302133,1.7510899934958246e-05,1.7510899934958246e-05
28675,0.5735,0,0.5374544858932495,-1.498529599019971e-12,0.5374545454978943,104.71975708007812,104.71975708007812,1.9999999494757503e-05,False,False,-0.20261559392073614,9.484057778909083,-0.20261559392073614,9.484057778909083,9.486221852380732,9.486221852380732,-0.00014478229116699854,0.2689653311730216,0.5374699106306173,0.5374699106306173,-0.20261560380458832,9.483919143676758,-0.20261560380458832,9.483919143676758,9.486083030700684,9.486083030700684,-0.00014478723460342735,0.2688262164592743,0.5374523997306824,0.5374523997306824,9.88385218114729e-09,0.00013863523232515718,9.88385218114729e-09,0.00013863523232515718,0.00013882168004819562,0.00013882168004819562,4.943436428814837e-09,0.00013911471374733475,1.7510899934958246e-05,1.7510899934958246e-05
28700,0.5740000000000001,0,0.5374544858932495,-1.4585634132771585e-12,0.5374544858932495,104.71975708007812,104.71975708007812,1.9999999494757503e-05,False,False,-0.20261557146576475,9.484057872090373,-0.20261557146576475,9.484057872090373,9.486221945061152,9.486221945061152,-0.00014478229047078416,0.2689653233096476,0.5374699106306173,0.5374699106306173,-0.20261558890342712,9.483919143676758,-0.20261558890342712,9.483919143676758,9.486083030700684,9.486083030700684,-0.00014478723460342735,0.2688262164592743,0.5374523997306824,0.5374523997306824,1.743766236961264e-08,0.00013872841361539656,1.743766236961264e-08,0.00013872841361539656,0.00013891436046797878,0.00013891436046797878,4.944132643195471e-09,0.00013910685037332726,1.7510899934958246e-05,1.7510899934958246e-05
28725,0.5745,0,0.5374544858932495,-1.4196635403709856e-12,0.5374544858932495,104.71975708007812,104.71975708007812,1.9999999494757503e-05,False,False,-0.20261557146517506,9.484057872090391,-0.20261557146517506,9.484057872090391,9.486221945061157,9.486221945061157,-0.00014478228979313557,0.2689653233096476,0.5374699106306173,0.5374699106306173,-0.20261558890342712,9.483919143676758,-0.20261558890342712,9.483919143676758,9.486083030700684,9.486083030700684,-0.00014478723460342735,0.2688262164592743,0.5374523997306824,0.5374523997306824,1.743825206457217e-08,0.00013872841363316013,1.743825206457217e-08,0.00013872841363316013,0.00013891436047330785,0.00013891436047330785,4.944810291779419e-09,0.00013910685037332726,1.7510899934958246e-05,1.7510899934958246e-05
28750,0.5750000000000001,0,0.5374544858932495,-1.3818094888803922e-12,0.5374544858932495,104.71975708007812,104.71975708007812,1.9999999494757503e-05,False,False,-0.20261557146460105,9.48405787209041,-0.20261557146460105,9.48405787209041,9.486221945061164,9.486221945061164,-0.0001447822891335579,0.2689653233096476,0.5374699106306173,0.5374699106306173,-0.20261558890342712,9.483919143676758,-0.20261558890342712,9.483919143676758,9.486083030700684,9.486083030700684,-0.00014478723460342735,0.2688262164592743,0.5374523997306824,0.5374523997306824,1.7438826077631475e-08,0.00013872841365270006,1.7438826077631475e-08,0.00013872841365270006,0.00013891436048041328,0.00013891436048041328,4.945469869450762e-09,0.00013910685037332726,1.7510899934958246e-05,1.7510899934958246e-05
28775,0.5755,0,0.5374544858932495,-1.3449846705121393e-12,0.5374544858932495,104.71975708007812,104.71975708007812,1.9999999494757503e-05,False,False,-0.2026155714640423,9.484057872090428,-0.2026155714640423,9.484057872090428,9.48622194506117,9.48622194506117,-0.00014478228849156306,0.2689653233096476,0.5374699106306173,0.5374699106306173,-0.20261558890342712,9.483919143676758,-0.20261558890342712,9.483919143676758,9.486083030700684,9.486083030700684,-0.00014478723460342735,0.2688262164592743,0.5374523997306824,0.5374523997306824,1.7439384825124193e-08,0.00013872841367046362,1.7439384825124193e-08,0.00013872841367046362,0.00013891436048574235,0.00013891436048574235,4.946111864290214e-09,0.00013910685037332726,1.7510899934958246e-05,1.7510899934958246e-05
28800,0.5760000000000001,0,0.5374544858932495,-1.3091177447632774e-12,0.5374544858932495,104.71975708007812,104.71975708007812,1.9999999494757503e-05,False,False,-0.2026155714634985,9.484057872090446,-0.2026155714634985,9.484057872090446,9.486221945061176,9.486221945061176,-0.0001447822878666812,0.2689653233096476,0.5374699106306173,0.5374699106306173,-0.20261558890342712,9.483919143676758,-0.20261558890342712,9.483919143676758,9.486083030700684,9.486083030700684,-0.00014478723460342735,0.2688262164592743,0.5374523997306824,0.5374523997306824,1.7439928612361655e-08,0.0001387284136882272,1.7439928612361655e-08,0.0001387284136882272,0.00013891436049284778,0.00013891436049284778,4.9467367461638895e-09,0.00013910685037332726,1.7510899934958246e-05,1.7510899934958246e-05
28825,0.5765,0,0.5374544858932495,-1.2742432976831086e-12,0.5374544858932495,104.71975708007812,104.71975708007812,1.9999999494757503e-05,False,False,-0.20261557146296913,9.484057872090466,-0.20261557146296913,9.484057872090466,9.486221945061184,9.486221945061184,-0.00014478228725845645,0.2689653233096476,0.5374699106306173,0.5374699106306173,-0.20261558890342712,9.483919143676758,-0.20261558890342712,9.483919143676758,9.486083030700684,9.486083030700684,-0.00014478723460342735,0.2688262164592743,0.5374523997306824,0.5374523997306824,1.7440457994455372e-08,0.00013872841370776712,1.7440457994455372e-08,0.00013872841370776712,0.0001389143604999532,0.0001389143604999532,4.9473449708974885e-09,0.00013910685037332726,1.7510899934958246e-05,1.7510899934958246e-05
28850,0.5770000000000001,0,0.5374544262886047,-1.2402713404913168e-12,0.5374544858932495,104.71975708007812,104.71975708007812,1.9999999494757503e-05,False,False,-0.2026155714624539,9.484057751949074,-0.2026155714624539,9.484057751949074,9.486221824947188,9.486221824947188,-0.00014478228666643883,0.2689653042128822,0.5374699106306173,0.5374699106306173,-0.20261558890342712,9.483919143676758,-0.20261558890342712,9.483919143676758,9.486083030700684,9.486083030700684,-0.00014478723460342735,0.2688262164592743,0.5374523997306824,0.5374523997306824,1.7440973221205525e-08,0.00013860827231582107,1.7440973221205525e-08,0.00013860827231582107,0.0001387942465047587,0.0001387942465047587,4.947936988516227e-09,0.0001390877536078805,1.7510899934958246e-05,1.7510899934958246e-05
28875,0.5775,0,0.5374544262886047,-1.2071969942781258e-12,0.5374544262886047,104.71975708007812,104.71975708007812,1.9999999494757503e-05,False,False,-0.20261554900758694,9.484057841760343,-0.20261554900758694,9.484057841760343,9.486221914258357,9.486221914258357,-0.0001447822860902071,0.26896529297949073,0.5374699106306173,0.5374699106306173,-0.20261555910110474,9.483919143676758,-0.20261555910110474,9.483919143676758,9.486083030700684,9.486083030700684,-0.00014478723460342735,0.2688262164592743,0.5374523997306824,0.5374523997306824,1.0093517799347751e-08,0.00013869808358535352,1.0093517799347751e-08,0.00013869808358535352,0.00013888355767299743,0.00013888355767299743,4.948513220259755e-09,0.00013907652021644124,1.7510899934958246e-05,1.7510899934958246e-05
28900,0.5780000000000001,0,0.5374544262886047,-1.1750164643359318e-12,0.5374544262886047,104.71975708007812,104.71975708007812,1.9999999494757503e-05,False,False,-0.20261554900709883,9.48405784176036,-0.20261554900709883,9.48405784176036,9.486221914258364,9.486221914258364,-0.00014478228552934058,0.26896529297949073,0.5374699106306173,0.5374699106306173,-0.20261555910110474,9.483919143676758,-0.20261555910110474,9.483919143676758,9.486083030700684,9.486083030700684,-0.00014478723460342735,0.2688262164592743,0.5374523997306824,0.5374523997306824,1.0094005908900527e-08,0.00013869808360134073,1.0094005908900527e-08,0.00013869808360134073,0.00013888355768010285,0.00013888355768010285,4.949074086771409e-09,0.00013907652021644124,1.7510899934958246e-05,1.7510899934958246e-05
28925,0.5785,0,0.5374544262886047,-1.1437138128927993e-12,0.5374544262886047,104.71975708007812,104.71975708007812,1.9999999494757503e-05,False,False,-0.20261554900662368,9.484057841760375,-0.20261554900662368,9.484057841760375,9.486221914258369,9.486221914258369,-0.00014478228498341784,0.26896529297949073,0.5374699106306173,0.5374699106306173,-0.20261555910110474,9.483919143676758,-0.20261555910110474,9.483919143676758,9.486083030700684,9.486083030700684,-0.00014478723460342735,0.2688262164592743,0.5374523997306824,0.5374523997306824,1.0094481056599491e-08,0.00013869808361732794,1.0094481056599491e-08,0.00013869808361732794,0.00013888355768543192,0.00013888355768543192,4.9496200095076794e-09,0.00013907652021644124,1.7510899934958246e-05,1.7510899934958246e-05
28950,0.5790000000000001,0,0.5374544262886047,-1.1132200846905582e-12,0.5374544262886047,104.71975708007812,104.71975708007812,1.9999999494757503e-05,False,False,-0.20261554900616122,9.48405784176039,-0.20261554900616122,9.48405784176039,9.486221914258374,9.486221914258374,-0.00014478228445204456,0.26896529297949073,0.5374699106306173,0.5374699106306173,-0.20261555910110474,9.483919143676758,-0.20261555910110474,9.483919143676758,9.486083030700684,9.486083030700684,-0.00014478723460342735,0.2688262164592743,0.5374523997306824,0.5374523997306824,1.0094943520000399e-08,0.0001386980836315388,1.0094943520000399e-08,0.0001386980836315388,0.000138883557690761,0.000138883557690761,4.950151382792896e-09,0.00013907652021644124,1.7510899934958246e-05,1.7510899934958246e-05
28975,0.5795,0,0.5374544262886047,-1.0835352797292086e-12,0.5374544262886047,104.71975708007812,104.71975708007812,1.9999999494757503e-05,False,False,-0.20261554900571113,9.484057841760404,-0.20261554900571113,9.484057841760404,9.486221914258378,9.486221914258378,-0.00014478228393483957,0.26896529297949073,0.5374699106306173,0.5374699106306173,-0.20261555910110474,9.483919143676758,-0.20261555910110474,9.483919143676758,9.486083030700684,9.486083030700684,-0.00014478723460342735,0.2688262164592743,0.5374523997306824,0.5374523997306824,1.0095393604414582e-08,0.00013869808364574965,1.0095393604414582e-08,0.00013869808364574965,0.0001388835576943137,0.0001388835576943137,4.950668587778333e-09,0.00013907652021644124,1.7510899934958246e-05,1.7510899934958246e-05
29000,0.5800000000000001,0,0.5374544262886047,-1.054654410678757e-12,0.5374544262886047,104.71975708007812,104.71975708007812,1.9999999494757503e-05,False,False,-0.202615549005273,9.484057841760418,-0.202615549005273,9.484057841760418,9.486221914258383,9.486221914258383,-0.00014478228343142464,0.26896529297949073,0.5374699106306173,0.5374699106306173,-0.20261555910110474,9.483919143676758,-0.20261555910110474,9.483919143676758,9.486083030700684,9.486083030700684,-0.00014478723460342735,0.2688262164592743,0.5374523997306824,0.5374523997306824,1.0095831726175675e-08,0.0001386980836599605,1.0095831726175675e-08,0.0001386980836599605,0.00013888355769964278,0.00013888355769964278,4.951172002715023e-09,0.00013907652021644124,1.7510899934958246e-05,1.7510899934958246e-05
29025,0.5805,0,0.5374544262886047,-1.0265208821857996e-12,0.5374544262886047,104.71975708007812,104.71975708007812,1.9999999494757503e-05,False,False,-0.20261554900484663,9.484057841760432,-0.20261554900484663,9.484057841760432,9.486221914258389,9.486221914258389,-0.0001447822829414341,0.26896529297949073,0.5374699106306173,0.5374699106306173,-0.20261555910110474,9.483919143676758,-0.20261555910110474,9.483919143676758,9.486083030700684,9.486083030700684,-0.00014478723460342735,0.2688262164592743,0.5374523997306824,0.5374523997306824,1.0096258107328282e-08,0.00013869808367417136,1.0096258107328282e-08,0.00013869808367417136,0.00013888355770497185,0.00013888355770497185,4.951661993250148e-09,0.00013907652021644124,1.7510899934958246e-05,1.7510899934958246e-05
29050,0.5810000000000001,0,0.5374544262886047,-9.991616908844314e-13,0.5374544262886047,104.71975708007812,104.71975708007812,1.9999999494757503e-05,False,False,-0.20261554900443154,9.484057841760448,-0.20261554900443154,9.484057841760448,9.486221914258396,9.486221914258396,-0.0001447822824645075,0.26896529297949073,0.5374699106306173,0.5374699106306173,-0.20261555910110474,9.483919143676758,-0.20261555910110474,9.483919143676758,9.486083030700684,9.486083030700684,-0.00014478723460342735,0.2688262164592743,0.5374523997306824,0.5374523997306824,1.0096673191961614e-08,0.00013869808369015857,1.0096673191961614e-08,0.00013869808369015857,0.00013888355771207728,0.00013888355771207728,4.952138919853827e-09,0.00013907652021644124,1.7510899934958246e-05,1.7510899934958246e-05
29075,0.5815,0,0.53745436668396,-9.725174224956001e-13,0.5374544262886047,104.71975708007812,104.71975708007812,1.9999999494757503e-05,False,False,-0.20261554900402756,9.484057716002356,-0.20261554900402756,9.484057716002356,9.486221788528983,9.486221788528983,-0.00014478228200029617,0.26896526826602957,0.5374699106306173,0.5374699106306173,-0.20261555910110474,9.483919143676758,-0.20261555910110474,9.483919143676758,9.486083030700684,9.486083030700684,-0.00014478723460342735,0.2688262164592743,0.5374523997306824,0.5374523997306824,1.00970771743647e-08,0.00013857232559821853,1.00970771743647e-08,0.00013857232559821853,0.0001387578282994184,0.0001387578282994184,4.952603131178372e-09,0.00013905180675527484,1.7510899934958246e-05,1.7510899934958246e-05
29100,0.5820000000000001,0,0.53745436668396,-9.466035811103723e-13,0.53745436668396,104.71975708007812,104.71975708007812,1.9999999494757503e-05,False,False,-0.20261552654926882,9.484057811430315,-0.20261552654926882,9.484057811430315,9.486221883455563,9.486221883455563,-0.00014478228154845822,0.26896526264933385,0.5374699106306173,0.5374699106306173,-0.20261554419994354,9.483919143676758,-0.20261554419994354,9.483919143676758,9.486083030700684,9.486083030700684,-0.00014478723460342735,0.2688262164592743,0.5374523997306824,0.5374523997306824,1.7650674727365256e-08,0.00013866775355708683,1.7650674727365256e-08,0.00013866775355708683,0.00013885275487979243,0.00013885275487979243,4.9530549691269386e-09,0.0001390461900595552,1.7510899934958246e-05,1.7510899934958246e-05
29125,0.5825,0,0.53745436668396,-9.213521872525332e-13,0.53745436668396,104.71975708007812,104.71975708007812,1.9999999494757503e-05,False,False,-0.2026155265488861,9.484057811430329,-0.2026155265488861,9.484057811430329,9.486221883455569,9.486221883455569,-0.0001447822811086663,0.26896526264933385,0.5374699106306173,0.5374699106306173,-0.20261554419994354,9.483919143676758,-0.20261554419994354,9.483919143676758,9.486083030700684,9.486083030700684,-0.00014478723460342735,0.2688262164592743,0.5374523997306824,0.5374523997306824,1.765105744899742e-08,0.00013866775357129768,1.765105744899742e-08,0.00013866775357129768,0.0001388527548851215,0.0001388527548851215,4.953494761047268e-09,0.0001390461900595552,1.7510899934958246e-05,1.7510899934958246e-05
29150,0.5830000000000001,0,0.53745436668396,-8.967918638594363e-13,0.53745436668396,104.71975708007812,104.71975708007812,1.9999999494757503e-05,False,False,-0.20261552654851356,9.48405781143034,-0.20261552654851356,9.48405781143034,9.486221883455572,9.486221883455572,-0.00014478228068060323,0.26896526264933385,0.5374699106306173,0.5374699106306173,-0.20261554419994354,9.483919143676758,-0.20261554419994354,9.483919143676758,9.486083030700684,9.486083030700684,-0.00014478723460342735,0.2688262164592743,0.5374523997306824,0.5374523997306824,1.7651429984333333e-08,0.00013866775358195582,1.7651429984333333e-08,0.00013866775358195582,0.0001388527548886742,0.0001388527548886742,4.953922824122705e-09,0.0001390461900595552,1.7510899934958246e-05,1.7510899934958246e-05
29175,0.5835,0,0.53745436668396,-8.728907353872106e-13,0.53745436668396,104.71975708007812,104.71975708007812,1.9999999494757503e-05,False,False,-0.20261552654815093,9.484057811430352,-0.20261552654815093,9.484057811430352,9.486221883455576,9.486221883455576,-0.00014478228026394975,0.26896526264933385,0.5374699106306173,0.5374699106306173,-0.20261554419994354,9.483919143676758,-0.20261554419994354,9.483919143676758,9.486083030700684,9.486083030700684,-0.00014478723460342735,0.2688262164592743,0.5374523997306824,0.5374523997306824,1.765179261092875e-08,0.00013866775359439032,1.765179261092875e-08,0.00013866775359439032,0.00013885275489222693,0.00013885275489222693,4.954339477596581e-09,0.0001390461900595552,1.7510899934958246e-05,1.7510899934958246e-05
29200,0.5840000000000001,0,0.53745436668396,-8.496428387239074e-13,0.53745436668396,104.71975708007812,104.71975708007812,1.9999999494757503e-05,False,False,-0.20261552654779794,9.484057811430363,-0.20261552654779794,9.484057811430363,9.48622188345558,9.48622188345558,-0.00014478227985839854,0.26896526264933385,0.5374699106306173,0.5374699106306173,-0.20261554419994354,9.483919143676758,-0.20261554419994354,9.483919143676758,9.486083030700684,9.486083030700684,-0.00014478723460342735,0.2688262164592743,0.5374523997306824,0.5374523997306824,1.765214560633943e-08,0.00013866775360504846,1.765214560633943e-08,0.00013866775360504846,0.00013885275489577964,0.00013885275489577964,4.954745028813105e-09,0.0001390461900595552,1.7510899934958246e-05,1.7510899934958246e-05
29225,0.5845,0,0.53745436668396,-8.270135878202245e-13,0.53745436668396,104.71975708007812,104.71975708007812,1.9999999494757503e-05,False,False,-0.20261552654745435,9.484057811430375,-0.20261552654745435,9.484057811430375,9.486221883455585,9.486221883455585,-0.00014478227946364538,0.26896526264933385,0.5374699106306173,0.5374699106306173,-0.20261554419994354,9.483919143676758,-0.20261554419994354,9.483919143676758,9.486083030700684,9.486083030700684,-0.00014478723460342735,0.2688262164592743,0.5374523997306824,0.5374523997306824,1.7652489192609977e-08,0.00013866775361748296,1.7652489192609977e-08,0.00013866775361748296,0.0001388527549011087,0.0001388527549011087,4.955139781972302e-09,0.0001390461900595552,1.7510899934958246e-05,1.7510899934958246e-05
29250,0.5850000000000001,0,0.53745436668396,-8.049569582939398e-13,0.53745436668396,104.71975708007812,104.71975708007812,1.9999999494757503e-05,False,False,-0.20261552654711998,9.484057811430386,-0.20261552654711998,9.484057811430386,9.486221883455588,9.486221883455588,-0.00014478227907941294,0.26896526264933385,0.5374699106306173,0.5374699106306173,-0.20261554419994354,9.483919143676758,-0.20261554419994354,9.483919143676758,9.486083030700684,9.486083030700684,-0.00014478723460342735,0.2688262164592743,0.5374523997306824,0.5374523997306824,1.765282356402942e-08,0.0001386677536281411,1.765282356402942e-08,0.0001386677536281411,0.00013885275490466142,0.00013885275490466142,4.955524014413088e-09,0.0001390461900595552,1.7510899934958246e-05,1.7510899934958246e-05
29275,0.5855,0,0.53745436668396,-7.834890505473147e-13,0.53745436668396,104.71975708007812,104.71975708007812,1.9999999494757503e-05,False,False,-0.20261552654679454,9.484057811430397,-0.20261552654679454,9.484057811430397,9.486221883455592,9.486221883455592,-0.00014478227870543035,0.26896526264933385,0.5374699106306173,0.5374699106306173,-0.20261554419994354,9.483919143676758,-0.20261554419994354,9.483919143676758,9.486083030700684,9.486083030700684,-0.00014478723460342735,0.2688262164592743,0.5374523997306824,0.5374523997306824,1.7653148998153512e-08,0.00013866775363879924,1.7653148998153512e-08,0.00013866775363879924,0.00013885275490821414,0.00013885275490821414,4.955897996996271e-09,0.0001390461900595552,1.7510899934958246e-05,1.7510899934958246e-05
29300,0.5860000000000001,0,0.53745436668396,-7.625895899997237e-13,0.53745436668396,104.71975708007812,104.71975708007812,1.9999999494757503e-05,False,False,-0.20261552654647777,9.484057811430407,-0.20261552654647777,9.484057811430407,9.486221883455595,9.486221883455595,-0.0001447822783414213,0.26896526264933385,0.5374699106306173,0.5374699106306173,-0.20261554419994354,9.483919143676758,-0.20261554419994354,9.483919143676758,9.486083030700684,9.486083030700684,-0.00014478723460342735,0.2688262164592743,0.5374523997306824,0.5374523997306824,1.7653465772538013e-08,0.00013866775364945738,1.7653465772538013e-08,0.00013866775364945738,0.00013885275491176685,0.00013885275491176685,4.956262006057879e-09,0.0001390461900595552,1.7510899934958246e-05,1.7510899934958246e-05
29325,0.5865,0,0.53745436668396,-7.422466504272696e-13,0.53745436668396,104.71975708007812,104.71975708007812,1.9999999494757503e-05,False,False,-0.20261552654616946,9.484057811430418,-0.20261552654616946,9.484057811430418,9.4862218834556,9.4862218834556,-0.00014478227798712327,0.26896526264933385,0.5374699106306173,0.5374699106306173,-0.20261554419994354,9.483919143676758,-0.20261554419994354,9.483919143676758,9.486083030700684,9.486083030700684,-0.00014478723460342735,0.2688262164592743,0.5374523997306824,0.5374523997306824,1.765377408147195e-08,0.00013866775366011552,1.765377408147195e-08,0.00013866775366011552,0.00013885275491709592,0.00013885275491709592,4.956616304083259e-09,0.0001390461900595552,1.7510899934958246e-05,1.7510899934958246e-05
29350,0.5870000000000001,0,0.5374543070793152,-7.224576839548469e-13,0.53745436668396,104.71975708007812,104.71975708007812,1.9999999494757503e-05,False,False,-0.20261552654586934,9.48405770252241,-0.20261552654586934,9.48405770252241,9.48622177457243,9.48622177457243,-0.00014478227764227352,0.26896525478595984,0.5374699106306173,0.5374699106306173,-0.20261554419994354,9.483919143676758,-0.20261554419994354,9.483919143676758,9.486083030700684,9.486083030700684,-0.00014478723460342735,0.2688262164592743,0.5374523997306824,0.5374523997306824,1.7654074202511083e-08,0.00013855884565217025,1.7654074202511083e-08,0.00013855884565217025,0.00013874387174617198,0.00013874387174617198,4.956961153828807e-09,0.00013903832668554772,1.7510899934958246e-05,1.7510899934958246e-05
29375,0.5875,0,0.5374543070793152,-7.031917908205398e-13,0.5374543070793152,104.71975708007812,104.71975708007812,1.9999999494757503e-05,False,False,-0.20261550409121173,9.484057781100281,-0.20261550409121173,9.484057781100281,9.486221852652768,9.486221852652768,-0.00014478227730661862,0.26896523231917696,0.5374699106306173,0.5374699106306173,-0.20261551439762115,9.483919143676758,-0.20261551439762115,9.483919143676758,9.486083030700684,9.486083030700684,-0.00014478723460342735,0.2688262164592743,0.5374523997306824,0.5374523997306824,1.030640942034644e-08,0.00013863742352349107,1.030640942034644e-08,0.00013863742352349107,0.00013882195208481107,0.00013882195208481107,4.95729680872678e-09,0.00013901585990266918,1.7510899934958246e-05,1.7510899934958246e-05
29400,0.5880000000000001,0,0.5374543070793152,-6.844357979679527e-13,0.5374543070793152,104.71975708007812,104.71975708007812,1.9999999494757503e-05,False,False,-0.20261550409092743,9.48405778110029,-0.20261550409092743,9.48405778110029,9.486221852652772,9.486221852652772,-0.00014478227697991587,0.26896523231917696,0.5374699106306173,0.5374699106306173,-0.20261551439762115,9.483919143676758,-0.20261551439762115,9.483919143676758,9.486083030700684,9.486083030700684,-0.00014478723460342735,0.2688262164592743,0.5374523997306824,0.5374523997306824,1.0306693720707472e-08,0.00013863742353237285,1.0306693720707472e-08,0.00013863742353237285,0.0001388219520883638,0.0001388219520883638,4.957623511475835e-09,0.00013901585990266918,1.7510899934958246e-05,1.7510899934958246e-05
29425,0.5885,0,0.5374543070793152,-6.661882959342613e-13,0.5374543070793152,104.71975708007812,104.71975708007812,1.9999999494757503e-05,False,False,-0.2026155040906507,9.4840577811003,-0.2026155040906507,9.4840577811003,9.486221852652776,9.486221852652776,-0.00014478227666192653,0.26896523231917696,0.5374699106306173,0.5374699106306173,-0.20261551439762115,9.483919143676758,-0.20261551439762115,9.483919143676758,9.486083030700684,9.486083030700684,-0.00014478723460342735,0.2688262164592743,0.5374523997306824,0.5374523997306824,1.030697044379636e-08,0.000138637423543031,1.030697044379636e-08,0.000138637423543031,0.0001388219520919165,0.0001388219520919165,4.957941500817291e-09,0.00013901585990266918,1.7510899934958246e-05,1.7510899934958246e-05
29450,0.5890000000000001,0,0.5374543070793152,-6.4843768375622e-13,0.5374543070793152,104.71975708007812,104.71975708007812,1.9999999494757503e-05,False,False,-0.20261550409038132,9.48405778110031,-0.20261550409038132,9.48405778110031,9.486221852652779,9.486221852652779,-0.00014478227635241126,0.26896523231917696,0.5374699106306173,0.5374699106306173,-0.20261551439762115,9.483919143676758,-0.20261551439762115,9.483919143676758,9.486083030700684,9.486083030700684,-0.00014478723460342735,0.2688262164592743,0.5374523997306824,0.5374523997306824,1.0307239839413285e-08,0.00013863742355191278,1.0307239839413285e-08,0.00013863742355191278,0.00013882195209546921,0.00013882195209546921,4.9582510160887765e-09,0.00013901585990266918,1.7510899934958246e-05,1.7510899934958246e-05
29475,0.5895,0,0.5374543070793152,-6.311622773903791e-13,0.5374543070793152,104.71975708007812,104.71975708007812,1.9999999494757503e-05,False,False,-0.2026155040901191,9.484057781100319,-0.2026155040901191,9.484057781100319,9.486221852652783,9.486221852652783,-0.00014478227605114143,0.26896523231917696,0.5374699106306173,0.5374699106306173,-0.20261551439762115,9.483919143676758,-0.20261551439762115,9.483919143676758,9.486083030700684,9.486083030700684,-0.00014478723460342735,0.2688262164592743,0.5374523997306824,0.5374523997306824,1.0307502046336126e-08,0.00013863742356079456,1.0307502046336126e-08,0.00013863742356079456,0.00013882195209902193,0.00013882195209902193,4.958552285921425e-09,0.00013901585990266918,1.7510899934958246e-05,1.7510899934958246e-05
29500,0.5900000000000001,0,0.5374543070793152,-6.143460848546944e-13,0.5374543070793152,104.71975708007812,104.71975708007812,1.9999999494757503e-05,False,False,-0.20261550408986387,9.484057781100326,-0.20261550408986387,9.484057781100326,9.486221852652784,9.486221852652784,-0.0001447822757579,0.26896523231917696,0.5374699106306173,0.5374699106306173,-0.20261551439762115,9.483919143676758,-0.20261551439762115,9.483919143676758,9.486083030700684,9.486083030700684,-0.00014478723460342735,0.2688262164592743,0.5374523997306824,0.5374523997306824,1.0307757286609487e-08,0.0001386374235679,1.0307757286609487e-08,0.0001386374235679,0.00013882195210079828,0.00013882195210079828,4.958845527345407e-09,0.00013901585990266918,1.7510899934958246e-05,1.7510899934958246e-05
29525,0.5905,0,0.5374543070793152,-5.979840646090639e-13,0.5374543070793152,104.71975708007812,104.71975708007812,1.9999999494757503e-05,False,False,-0.20261550408961543,9.484057781100335,-0.20261550408961543,9.484057781100335,9.486221852652788,9.486221852652788,-0.00014478227547246806,0.26896523231917696,0.5374699106306173,0.5374699106306173,-0.20261551439762115,9.483919143676758,-0.20261551439762115,9.483919143676758,9.486083030700684,9.486083030700684,-0.00014478723460342735,0.2688262164592743,0.5374523997306824,0.5374523997306824,1.0308005726766822e-08,0.00013863742357678177,1.0308005726766822e-08,0.00013863742357678177,0.000138821952104351,0.000138821952104351,4.959130959288245e-09,0.00013901585990266918,1.7510899934958246e-05,1.7510899934958246e-05
29550,0.5910000000000001,0,0.5374543070793152,-5.820460216229839e-13,0.5374543070793152,104.71975708007812,104.71975708007812,1.9999999494757503e-05,False,False,-0.20261550408937365,9.484057781100342,-0.20261550408937365,9.484057781100342,9.48622185265279,9.48622185265279,-0.0001447822751946427,0.26896523231917696,0.5374699106306173,0.5374699106306173,-0.20261551439762115,9.483919143676758,-0.20261551439762115,9.483919143676758,9.486083030700684,9.486083030700684,-0.00014478723460342735,0.2688262164592743,0.5374523997306824,0.5374523997306824,1.030824750558601e-08,0.0001386374235838872,1.030824750558601e-08,0.0001386374235838872,0.00013882195210612736,0.00013882195210612736,4.959408784658377e-09,0.00013901585990266918,1.7510899934958246e-05,1.7510899934958246e-05
29575,0.5915,0,0.5374543070793152,-5.665204091433174e-13,0.5374543070793152,104.71975708007812,104.71975708007812,1.9999999494757503e-05,False,False,-0.2026155040891383,9.48405778110035,-0.2026155040891383,9.48405778110035,9.486221852652793,9.486221852652793,-0.00014478227492422513,0.26896523231917696,0.5374699106306173,0.5374699106306173,-0.20261551439762115,9.483919143676758,-0.20261551439762115,9.483919143676758,9.486083030700684,9.486083030700684,-0.00014478723460342735,0.2688262164592743,0.5374523997306824,0.5374523997306824,1.0308482845111655e-08,0.00013863742359276898,1.0308482845111655e-08,0.00013863742359276898,0.00013882195210968007,0.00013882195210968007,4.959679202217165e-09,0.00013901585990266918,1.7510899934958246e-05,1.7510899934958246e-05
29600,0.5920000000000001,0,0.5374543070793152,-5.514292906842744e-13,0.5374543070793152,104.71975708007812,104.71975708007812,1.9999999494757503e-05,False,False,-0.20261550408890924,9.484057781100358,-0.20261550408890924,9.484057781100358,9.486221852652795,9.486221852652795,-0.00014478227466101516,0.26896523231917696,0.5374699106306173,0.5374699106306173,-0.20261551439762115,9.483919143676758,-0.20261551439762115,9.483919143676758,9.486083030700684,9.486083030700684,-0.00014478723460342735,0.2688262164592743,0.5374523997306824,0.5374523997306824,1.030871191187721e-08,0.0001386374235998744,1.030871191187721e-08,0.0001386374235998744,0.00013882195211145643,0.00013882195211145643,4.9599424121896454e-09,0.00013901585990266918,1.7510899934958246e-05,1.7510899934958246e-05
29625,0.5925,0,0.5374543070793152,-5.367098367299594e-13,0.5374543070793152,104.71975708007812,104.71975708007812,1.9999999494757503e-05,False,False,-0.2026155040886863,9.484057781100365,-0.2026155040886863,9.484057781100365,9.486221852652799,9.486221852652799,-0.00014478227440482312,0.26896523231917696,0.5374699106306173,0.5374699106306173,-0.20261551439762115,9.483919143676758,-0.20261551439762115,9.483919143676758,9.486083030700684,9.486083030700684,-0.00014478723460342735,0.2688262164592743,0.5374523997306824,0.5374523997306824,1.0308934844660556e-08,0.00013863742360697984,1.0308934844660556e-08,0.00013863742360697984,0.00013882195211500914,0.00013882195211500914,4.960198604229884e-09,0.00013901585990266918,1.7510899934958246e-05,1.7510899934958246e-05
29650,0.5930000000000001,0,0.5374543070793152,-5.224151189767157e-13,0.5374543070793152,104.71975708007812,104.71975708007812,1.9999999494757503e-05,False,False,-0.20261550408846926,9.484057781100372,-0.20261550408846926,9.484057781100372,9.4862218526528,9.4862218526528,-0.00014478227415546424,0.26896523231917696,0.5374699106306173,0.5374699106306173,-0.20261551439762115,9.483919143676758,-0.20261551439762115,9.483919143676758,9.486083030700684,9.486083030700684,-0.00014478723460342735,0.2688262164592743,0.5374523997306824,0.5374523997306824,1.030915189326187e-08,0.00013863742361408526,1.030915189326187e-08,0.00013863742361408526,0.0001388219521167855,0.0001388219521167855,4.960447963113035e-09,0.00013901585990266918,1.7510899934958246e-05,1.7510899934958246e-05
29675,0.5935,0,0.5374543070793152,-5.084840426321235e-13,0.5374543070793152,104.71975708007812,104.71975708007812,1.9999999494757503e-05,False,False,-0.20261550408825804,9.484057781100379,-0.20261550408825804,9.484057781100379,9.486221852652804,9.486221852652804,-0.00014478227391274986,0.26896523231917696,0.5374699106306173,0.5374699106306173,-0.20261551439762115,9.483919143676758,-0.20261551439762115,9.483919143676758,9.486083030700684,9.486083030700684,-0.00014478723460342735,0.2688262164592743,0.5374523997306824,0.5374523997306824,1.0309363113192305e-08,0.0001386374236211907,1.0309363113192305e-08,0.0001386374236211907,0.0001388219521203382,0.0001388219521203382,4.960690677490278e-09,0.00013901585990266918,1.7510899934958246e-05,1.7510899934958246e-05
29700,0.5940000000000001,0,0.5374543070793152,-4.94915469283902e-13,0.5374543070793152,104.71975708007812,104.71975708007812,1.9999999494757503e-05,False,False,-0.20261550408805248,9.484057781100386,-0.20261550408805248,9.484057781100386,9.486221852652806,9.486221852652806,-0.00014478227367650887,0.26896523231917696,0.5374699106306173,0.5374699106306173,-0.20261551439762115,9.483919143676758,-0.20261551439762115,9.483919143676758,9.486083030700684,9.486083030700684,-0.00014478723460342735,0.2688262164592743,0.5374523997306824,0.5374523997306824,1.0309568670985314e-08,0.00013863742362829612,1.0309568670985314e-08,0.00013863742362829612,0.00013882195212211457,0.00013882195212211457,4.960926918475819e-09,0.00013901585990266918,1.7510899934958246e-05,1.7510899934958246e-05
29725,0.5945,0,0.5374543070793152,-4.817120010172649e-13,0.5374543070793152,104.71975708007812,104.71975708007812,1.9999999494757503e-05,False,False,-0.2026155040878524,9.484057781100391,-0.2026155040878524,9.484057781100391,9.486221852652807,9.486221852652807,-0.000144782273446572,0.26896523231917696,0.5374699106306173,0.5374699106306173,-0.20261551439762115,9.483919143676758,-0.20261551439762115,9.483919143676758,9.486083030700684,9.486083030700684,-0.00014478723460342735,0.2688262164592743,0.5374523997306824,0.5374523997306824,1.0309768760929927e-08,0.0001386374236336252,1.0309768760929927e-08,0.0001386374236336252,0.00013882195212389092,0.00013882195212389092,4.961156855340723e-09,0.00013901585990266918,1.7510899934958246e-05,1.7510899934958246e-05
29750,0.5950000000000001,0,0.5374543070793152,-4.688742883535157e-13,0.5374543070793152,104.71975708007812,104.71975708007812,1.9999999494757503e-05,False,False,-0.2026155040876576,9.484057781100399,-0.2026155040876576,9.484057781100399,9.48622185265281,9.48622185265281,-0.0001447822732227673,0.26896523231917696,0.5374699106306173,0.5374699106306173,-0.20261551439762115,9.483919143676758,-0.20261551439762115,9.483919143676758,9.486083030700684,9.486083030700684,-0.00014478723460342735,0.2688262164592743,0.5374523997306824,0.5374523997306824,1.0309963549559598e-08,0.00013863742364073062,1.0309963549559598e-08,0.00013863742364073062,0.00013882195212566728,0.00013882195212566728,4.961380660039455e-09,0.00013901585990266918,1.7510899934958246e-05,1.7510899934958246e-05
29775,0.5955,0,0.5374542474746704,-4.563738709856269e-13,0.5374543070793152,104.71975708007812,104.71975708007812,1.9999999494757503e-05,False,False,-0.20261550408746803,9.484057669945711,-0.20261550408746803,9.484057669945711,9.486221741523476,9.486221741523476,-0.0001447822730049262,0.26896522220912467,0.5374699106306173,0.5374699106306173,-0.20261551439762115,9.483919143676758,-0.20261551439762115,9.483919143676758,9.486083030700684,9.486083030700684,-0.00014478723460342735,0.2688262164592743,0.5374523997306824,0.5374523997306824,1.0310153120141052e-08,0.0001385262689534983,1.0310153120141052e-08,0.0001385262689534983,0.00013871082279237612,0.00013871082279237612,4.961598501138347e-09,0.00013900574985037384,1.7510899934958246e-05,1.7510899934958246e-05
29800,0.5960000000000001,0,0.5374542474746704,-4.4422416591548275e-13,0.5374542474746704,104.71975708007812,104.71975708007812,1.9999999494757503e-05,False,False,-0.20261548163291795,9.484057750770255,-0.20261548163291795,9.484057750770255,9.486221821849977,9.486221821849977,-0.00014478227279289177,0.2689652019890201,0.5374699106306173,0.5374699106306173,-0.20261549949645996,9.483919143676758,-0.20261549949645996,9.483919143676758,9.486083030700684,9.486083030700684,-0.00014478723460342735,0.2688262164592743,0.5374523997306824,0.5374523997306824,1.786354200672413e-08,0.00013860709349700073,1.786354200672413e-08,0.00013860709349700073,0.00013879114929338243,0.00013879114929338243,4.961810535575664e-09,0.00013898552974578315,1.7510899934958246e-05,1.7510899934958246e-05
29825,0.5965,0,0.5374542474746704,-4.32397525987685e-13,0.5374542474746704,104.71975708007812,104.71975708007812,1.9999999494757503e-05,False,False,-0.2026154816327383,9.484057750770262,-0.2026154816327383,9.484057750770262,9.486221821849979,9.486221821849979,-0.00014478227258649942,0.2689652019890201,0.5374699106306173,0.5374699106306173,-0.20261549949645996,9.483919143676758,-0.20261549949645996,9.483919143676758,9.486083030700684,9.486083030700684,-0.00014478723460342735,0.2688262164592743,0.5374523997306824,0.5374523997306824,1.786372166856509e-08,0.00013860709350410616,1.786372166856509e-08,0.00013860709350410616,0.0001387911492951588,0.0001387911492951588,4.962016927933296e-09,0.00013898552974578315,1.7510899934958246e-05,1.7510899934958246e-05
29850,0.5970000000000001,0,0.5374542474746704,-4.2086616852156367e-13,0.5374542474746704,104.71975708007812,104.71975708007812,1.9999999494757503e-05,False,False,-0.2026154816325635,9.484057750770267,-0.2026154816325635,9.484057750770267,9.48622182184998,9.48622182184998,-0.00014478227238560594,0.2689652019890201,0.5374699106306173,0.5374699106306173,-0.20261549949645996,9.483919143676758,-0.20261549949645996,9.483919143676758,9.486083030700684,9.486083030700684,-0.00014478723460342735,0.2688262164592743,0.5374523997306824,0.5374523997306824,1.786389647318032e-08,0.00013860709350943523,1.786389647318032e-08,0.00013860709350943523,0.00013879114929693515,0.00013879114929693515,4.962217821407244e-09,0.00013898552974578315,1.7510899934958246e-05,1.7510899934958246e-05
29875,0.5975,0,0.5374542474746704,-4.0965890618985257e-13,0.5374542474746704,104.71975708007812,104.71975708007812,1.9999999494757503e-05,False,False,-0.20261548163239326,9.484057750770273,-0.20261548163239326,9.484057750770273,9.486221821849982,9.486221821849982,-0.00014478227219006705,0.2689652019890201,0.5374699106306173,0.5374699106306173,-0.20261549949645996,9.483919143676758,-0.20261549949645996,9.483919143676758,9.486083030700684,9.486083030700684,-0.00014478723460342735,0.2688262164592743,0.5374523997306824,0.5374523997306824,1.786406669812557e-08,0.0001386070935147643,1.786406669812557e-08,0.0001386070935147643,0.0001387911492987115,0.0001387911492987115,4.962413360304818e-09,0.00013898552974578315,1.7510899934958246e-05,1.7510899934958246e-05
29900,0.5980000000000001,0,0.5374542474746704,-3.9872361597310946e-13,0.5374542474746704,104.71975708007812,104.71975708007812,1.9999999494757503e-05,False,False,-0.20261548163222767,9.484057750770278,-0.20261548163222767,9.484057750770278,9.486221821849986,9.486221821849986,-0.00014478227199974167,0.2689652019890201,0.5374699106306173,0.5374699106306173,-0.20261549949645996,9.483919143676758,-0.20261549949645996,9.483919143676758,9.486083030700684,9.486083030700684,-0.00014478723460342735,0.2688262164592743,0.5374523997306824,0.5374523997306824,1.7864232287889692e-08,0.00013860709352009337,1.7864232287889692e-08,0.00013860709352009337,0.00013879114930226422,0.00013879114930226422,4.96260368568072e-09,0.00013898552974578315,1.7510899934958246e-05,1.7510899934958246e-05
29925,0.5985,0,0.5374542474746704,-3.8807994903571064e-13,0.5374542474746704,104.71975708007812,104.71975708007812,1.9999999494757503e-05,False,False,-0.2026154816320665,9.484057750770283,-0.2026154816320665,9.484057750770283,9.486221821849986,9.486221821849986,-0.00014478227181449665,0.2689652019890201,0.5374699106306173,0.5374699106306173,-0.20261549949645996,9.483919143676758,-0.20261549949645996,9.483919143676758,9.486083030700684,9.486083030700684,-0.00014478723460342735,0.2688262164592743,0.5374523997306824,0.5374523997306824,1.7864393464517292e-08,0.00013860709352542244,1.7864393464517292e-08,0.00013860709352542244,0.00013879114930226422,0.00013879114930226422,4.962788930702082e-09,0.00013898552974578315,1.7510899934958246e-05,1.7510899934958246e-05
29950,0.5990000000000001,0,0.5374542474746704,-3.777468789156746e-13,0.5374542474746704,104.71975708007812,104.71975708007812,1.9999999494757503e-05,False,False,-0.20261548163190954,9.484057750770289,-0.20261548163190954,9.484057750770289,9.48622182184999,9.48622182184999,-0.00014478227163419196,0.2689652019890201,0.5374699106306173,0.5374699106306173,-0.20261549949645996,9.483919143676758,-0.20261549949645996,9.483919143676758,9.486083030700684,9.486083030700684,-0.00014478723460342735,0.2688262164592743,0.5374523997306824,0.5374523997306824,1.7864550422297398e-08,0.0001386070935307515,1.7864550422297398e-08,0.0001386070935307515,0.00013879114930581693,0.00013879114930581693,4.9629692353936154e-09,0.00013898552974578315,1.7510899934958246e-05,1.7510899934958246e-05
29975,0.5995,0,0.5374542474746704,-3.676914187619035e-13,0.5374542474746704,104.71975708007812,104.71975708007812,1.9999999494757503e-05,False,False,-0.20261548163175677,9.484057750770294,-0.20261548163175677,9.484057750770294,9.486221821849991,9.486221821849991,-0.00014478227145868543,0.2689652019890201,0.5374699106306173,0.5374699106306173,-0.20261549949645996,9.483919143676758,-0.20261549949645996,9.483919143676758,9.486083030700684,9.486083030700684,-0.00014478723460342735,0.2688262164592743,0.5374523997306824,0.5374523997306824,1.7864703188985587e-08,0.00013860709353608058,1.7864703188985587e-08,0.00013860709353608058,0.0001387911493075933,0.0001387911493075933,4.963144741921329e-09,0.00013898552974578315,1.7510899934958246e-05,1.7510899934958246e-05
29999,0.5999800000000001,0,0.5374542474746704,-3.583057787102939e-13,0.5374542474746704,104.71975708007812,104.71975708007812,1.9999999494757503e-05,False,False,-0.2026154816316139,9.484057750770297,-0.2026154816316139,9.484057750770297,9.486221821849991,9.486221821849991,-0.0001447822712945912,0.2689652019890201,0.5374699106306173,0.5374699106306173,-0.20261549949645996,9.483919143676758,-0.20261549949645996,9.483919143676758,9.486083030700684,9.486083030700684,-0.00014478723460342735,0.2688262164592743,0.5374523997306824,0.5374523997306824,1.7864846074688856e-08,0.0001386070935396333,1.7864846074688856e-08,0.0001386070935396333,0.0001387911493075933,0.0001387911493075933,4.963308836136975e-09,0.00013898552974578315,1.7510899934958246e-05,1.7510899934958246e-05
