scenario,time_s,speed_rpm,true_iq_a,measured_iq_a,true_id_a,terminal_voltage_v,command_voltage_v,terminal_limit_v
ideal,4e-05,0.03440598298450038,0.379452022676164,0.379452022676164,5.61240326290933e-08,10.255654709694875,10.255654709694875,13.85640646055102
ideal,0.0010400000000000001,13.514092718741672,4.353272616812777,4.353272616812777,0.0002564087029435982,3.1400569037715953,3.1400569037715953,13.85640646055102
ideal,0.00204,34.822817632594806,4.90541596896108,4.90541596896108,0.00034024791912823794,2.3770281561964324,2.3770281561964324,13.85640646055102
ideal,0.00304,57.20945299088625,4.9832930949359495,4.9832930949359495,0.00026814747155213024,2.4941603099037133,2.4941603099037133,13.85640646055102
ideal,0.00404,79.73717946437867,4.99510227230925,4.99510227230925,0.00019414345121357223,2.7334415418167506,2.7334415418167506,13.85640646055102
ideal,0.00504,102.27473099618689,4.997471272059768,4.997471272059768,0.0001405981757749995,2.989847118579542,2.989847118579542,13.85640646055102
ideal,0.00604,124.80281356123837,4.9983235331276,4.9983235331276,0.00010318340757706904,3.2487592500145333,3.2487592500145333,13.85640646055102
ideal,0.00704,147.31795776446953,4.998815950138549,4.998815950138549,7.689406644265533e-05,3.5080898893694386,3.5080898893694386,13.85640646055102
ideal,0.00804,169.81911590407498,4.999151522167325,4.999151522167325,5.832679974469856e-05,3.7675016269234876,3.7675016269234876,13.85640646055102
ideal,0.009040000000000001,192.30574046508767,4.999388946588227,4.999388946588227,4.5186664288969587e-05,4.026911673780972,4.026911673780972,13.85640646055102
ideal,0.01004,214.77747095970776,4.999558198335321,4.999558198335321,3.588195672759541e-05,4.286281325136944,4.286281325136944,13.85640646055102
ideal,0.011040000000000001,237.23405690317333,4.9996790304369165,4.9996790304369165,2.929250588178168e-05,4.545584356111079,4.545584356111079,13.85640646055102
ideal,0.01204,259.6753231050061,4.999765320537401,4.999765320537401,2.4625975105850315e-05,4.80480093424648,4.80480093424648,13.85640646055102
ideal,0.013040000000000001,282.10114769196974,4.999826947616657,4.999826947616657,2.1321138122760172e-05,5.063915573658996,5.063915573658996,13.85640646055102
ideal,0.01404,304.5114468023278,4.999870962329914,4.999870962329914,1.898037991033715e-05,5.322915994235215,5.322915994235215,13.85640646055102
ideal,0.015040000000000001,326.9061637092031,4.999902399276989,4.999902399276989,1.7322031467850337e-05,5.581792343640046,5.581792343640046,13.85640646055102
ideal,0.01604,349.28526106054784,4.999924853823193,4.999924853823193,1.6146600088590856e-05,5.840536635302549,5.840536635302549,13.85640646055102
ideal,0.01704,371.648715338393,4.999940893581943,4.999940893581943,1.5312827019640367e-05,6.099142333627209,6.099142333627209,13.85640646055102
ideal,0.01804,393.9965129020949,4.999952352210638,4.999952352210638,1.4720712252481788e-05,6.357604043720903,6.357604043720903,13.85640646055102
ideal,0.01904,416.3286471626568,4.999960539215035,4.999960539215035,1.429948097551486e-05,6.615917276646407,6.615917276646407,13.85640646055102
ideal,0.02004,438.64511656478624,4.999966389779074,4.999966389779074,1.399905490208063e-05,6.874078269936974,6.874078269936974,13.85640646055102
ideal,0.02104,460.94592314578944,4.999970571765196,4.999970571765196,1.37840089961725e-05,7.132083848985517,7.132083848985517,13.85640646055102
ideal,0.02204,483.23107150641084,4.999973562128329,4.999973562128329,1.3629290289035854e-05,7.389931318974347,7.389931318974347,13.85640646055102
ideal,0.02304,505.5005680758637,4.999975701486789,4.999975701486789,1.3517185703855132e-05,7.647618379844566,7.647618379844566,13.85640646055102
ideal,0.02404,527.7544205869517,4.999977233094004,4.999977233094004,1.343517500613014e-05,7.905143058807293,7.905143058807293,13.85640646055102
ideal,0.02504,549.9926377012314,4.999978330670162,4.999978330670162,1.3374410866913647e-05,8.162503656329756,8.162503656329756,13.85640646055102
ideal,0.02604,572.2152287413228,4.999979118278157,4.999979118278157,1.3328643133458619e-05,8.419698702561147,8.419698702561147,13.85640646055102
ideal,0.02704,594.4222034997405,4.999979684518011,4.999979684518011,1.3293457675413074e-05,8.676726921913765,8.676726921913765,13.85640646055102
ideal,0.02804,616.6135721023718,4.9999800926638365,4.9999800926638365,1.3265737950844802e-05,8.933587204065816,8.933587204065816,13.85640646055102
ideal,0.02904,638.7893449109823,4.999980387903167,4.999980387903167,1.3243284221109486e-05,9.190278580059706,9.190278580059706,13.85640646055102
ideal,0.03004,660.9495324535891,4.99998060250693,4.99998060250693,1.3224544326398563e-05,9.446800202473462,9.446800202473462,13.85640646055102
ideal,0.03104,683.0941453747417,4.999980759521606,4.999980759521606,1.3208423388629707e-05,9.703151328871138,9.703151328871138,13.85640646055102
ideal,0.03204,705.2231944000118,4.99998087540599,4.99998087540599,1.3194149339886795e-05,9.9593313079108,9.9593313079108,13.85640646055102
ideal,0.03304,727.336690310641,4.999980961914243,4.999980961914243,1.3181177925289268e-05,10.21533956762047,10.21533956762047,13.85640646055102
ideal,0.03404,749.4346439254317,4.999981027440689,4.999981027440689,1.3169125612375148e-05,10.471175605453386,10.471175605453386,13.85640646055102
ideal,0.03504,771.5170660878198,4.999981077980202,4.999981077980202,1.315772222229815e-05,10.72683897981234,10.72683897981234,13.85640646055102
ideal,0.03604,793.5839676566407,4.9999811178140705,4.9999811178140705,1.3146777495866135e-05,10.982329302793532,10.982329302793532,13.85640646055102
ideal,0.037040000000000003,815.6353594995387,4.999981149999816,4.999981149999816,1.3136157502017163e-05,11.2376462339482,11.2376462339482,13.85640646055102
ideal,0.038040000000000004,837.409097050336,4.811806346117642,4.811806346117642,-0.000736675827577824,11.035154652993349,11.035154652993349,13.85640646055102
ideal,0.03904,857.6911253553745,4.411227252087967,4.411227252087967,-0.001106495464181929,11.041348646938683,11.041348646938683,13.85640646055102
ideal,0.04004,876.1116546649502,4.006676541725022,4.006676541725022,-0.0009273174750030847,11.107743066583447,11.107743066583447,13.85640646055102
ideal,0.04104,892.752074609432,3.631088983998855,3.631088983998855,-0.000662983717702708,11.177025526253283,11.177025526253283,13.85640646055102
ideal,0.04204,907.754684736555,3.2872982925037477,3.2872982925037477,-0.000440107417864355,11.240672429270369,11.240672429270369,13.85640646055102
ideal,0.04304,921.2609403816084,2.9735371807979916,2.9735371807979916,-0.00027179601680827443,11.297884211240193,11.297884211240193,13.85640646055102
ideal,0.04404,933.402434209889,2.6874747140630704,2.6874747140630704,-0.0001485279798544631,11.349027363764641,11.349027363764641,13.85640646055102
ideal,0.045040000000000004,944.3002026622812,2.426847146525023,2.426847146525023,-5.9392516778458096e-05,11.394598916797808,11.394598916797808,13.85640646055102
ideal,0.046040000000000005,954.0653081238618,2.18954808648203,2.18954808648203,4.358351560305126e-06,11.435071787087399,11.435071787087399,13.85640646055102
ideal,0.047040000000000005,962.7995782232771,1.973632966951311,1.973632966951311,4.9289563839024e-05,11.470878259331442,11.470878259331442,13.85640646055102
ideal,0.04804,970.5963256562941,1.7773101868457788,1.7773101868457788,8.026639496368961e-05,11.502413427845967,11.502413427845967,13.85640646055102
ideal,0.04904,977.5410220493856,1.598930523404863,1.598930523404863,0.0001008950192544161,11.530040251959768,11.530040251959768,13.85640646055102
ideal,0.05004,983.7119236231999,1.4369767291367421,1.4369767291367421,0.00011385685208749391,11.554093715031065,11.554093715031065,13.85640646055102
ideal,0.05104,989.1806505055235,1.2900536551972928,1.2900536551972928,0.0001211532143360643,11.574884005529638,11.574884005529638,13.85640646055102
ideal,0.05204,994.0127223052046,1.1568789698606703,1.1568789698606703,0.0001242833174982091,11.59269894604809,11.59269894604809,13.85640646055102
ideal,0.053040000000000004,998.2680527028225,1.0362744811558637,1.0362744811558637,0.00012437394197410104,11.60780588261502,11.60780588261502,13.85640646055102
ideal,0.054040000000000005,1002.0014058004126,0.92715805261145,0.92715805261145,0.0001222742607654616,11.620453196479419,11.620453196479419,13.85640646055102
ideal,0.055040000000000006,1005.2628168953538,0.8285360910857651,0.8285360910857651,0.00011862548039531338,11.630871556101136,11.630871556101136,13.85640646055102
ideal,0.05604,1008.0979802323212,0.7394965800376915,0.7394965800376915,0.00011391223348687263,11.639274992737072,11.639274992737072,13.85640646055102
ideal,0.05704,1010.5486061570446,0.6592026285503775,0.6592026285503775,0.00010850070015574734,11.645861857408732,11.645861857408732,13.85640646055102
ideal,0.05804,1012.652749955947,0.5868865050806508,0.5868865050806508,0.00010266703847625072,11.650815698299851,11.650815698299851,13.85640646055102
ideal,0.05904,1014.445114522946,0.5218441247099371,0.5218441247099371,9.661870653182801e-05,11.654306084142057,11.654306084142057,13.85640646055102
ideal,0.06004,1015.9573288529659,0.46342995923192454,0.46342995923192454,9.051054475944704e-05,11.656489389604385,11.656489389604385,13.85640646055102
ideal,0.061040000000000004,1017.2182042238109,0.4110523404580619,0.4110523404580619,8.445697561489353e-05,11.657509552093495,11.657509552093495,13.85640646055102
ideal,0.062040000000000005,1018.2539697957457,0.36416912846556426,0.36416912846556426,7.85413099393664e-05,11.657498804915665,11.657498804915665,13.85640646055102
ideal,0.06304,1019.0884892323878,0.3222837180230034,0.3222837180230034,7.282288455473278e-05,11.656578388854701,11.656578388854701,13.85640646055102
ideal,0.06404,1019.7434598279372,0.2849413580160197,0.2849413580160197,6.734256423588991e-05,11.654859242432098,11.654859242432098,13.85640646055102
ideal,0.06504,1020.2385955144861,0.2517257602985783,0.2517257602985783,6.212700245389615e-05,11.652442670105055,11.652442670105055,13.85640646055102
ideal,0.06604,1020.5917950191647,0.22225597597372215,0.22225597597372215,5.719195429762753e-05,11.649420987176697,11.649420987176697,13.85640646055102
ideal,0.06704,1020.8192963439907,0.19618351863484204,0.19618351863484204,5.254486116787301e-05,11.645878140061292,11.645878140061292,13.85640646055102
ideal,0.06804,1020.935818651245,0.1731897155584427,0.1731897155584427,4.818687263298724e-05,11.64189030063686,11.64189030063686,13.85640646055102
ideal,0.06904,1020.9546925536208,0.1529832692229055,0.1529832692229055,4.411443082286456e-05,11.637526433636712,11.637526433636712,13.85640646055102
ideal,0.07004,1020.8879797309803,0.13529801283012302,0.13529801283012302,4.0320513034690075e-05,11.632848836316711,11.632848836316711,13.85640646055102
ideal,0.07104,1020.7465827238689,0.11989084472764369,0.11989084472764369,3.679560604417504e-05,11.627913649943377,11.627913649943377,13.85640646055102
ideal,0.07204,1020.540345687673,0.10653982776828118,0.10653982776828118,3.3528468943781005e-05,11.622771342951713,11.622771342951713,13.85640646055102
ideal,0.07304000000000001,1020.2781468300284,0.09504244070541243,0.09504244070541243,3.0506728719142214e-05,11.617467165904067,11.617467165904067,13.85640646055102
ideal,0.07404000000000001,1019.9679831975076,0.08521396970794058,0.08521396970794058,2.7717343166155424e-05,11.612041578631114,11.612041578631114,13.85640646055102
ideal,0.07504000000000001,1019.6170484253528,0.07688602899356643,0.07688602899356643,2.514695838367407e-05,11.60653065015102,11.60653065015102,13.85640646055102
ideal,0.07604000000000001,1019.2318040157847,0.06990520042655762,0.06990520042655762,2.2782182385346266e-05,11.600966432139668,11.600966432139668,13.85640646055102
ideal,0.07704000000000001,1018.818044665903,0.06413178271049169,0.06413178271049169,2.060979194866144e-05,11.595377306866155,11.595377306866155,13.85640646055102
ideal,0.07804,1018.3809581251207,0.059438641532156083,0.059438641532156083,1.861688635698342e-05,11.589788310616079,11.589788310616079,13.85640646055102
ideal,0.07904,1017.9251800241983,0.05571015268348522,0.05571015268348522,1.6790998962545358e-05,11.584221433702625,11.584221433702625,13.85640646055102
ideal,0.08004,1017.4548440829784,0.0528412308082887,0.0528412308082887,1.512017533980854e-05,11.578695898217772,11.578695898217772,13.85640646055102
ideal,0.08104,1016.9736280717233,0.050736436992971756,0.050736436992971756,1.3593025077876365e-05,11.57322841470434,11.57322841470434,13.85640646055102
ideal,0.08204,1016.484795871221,0.049309158949083075,0.049309158949083075,1.219875288653543e-05,11.56783341894018,11.56783341894018,13.85640646055102
ideal,0.08304,1015.9912359494467,0.0484808580236342,0.0484808580236342,1.0927173585378416e-05,11.562523290019557,11.562523290019557,13.85640646055102
ideal,0.08404,1015.4954965473004,0.04818037772349465,0.04818037772349465,9.768714655452428e-06,11.557308550898565,11.557308550898565,13.85640646055102
ideal,0.08504,1014.9998178426633,0.04834330885610877,0.04834330885610877,8.71440931383366e-06,11.552198052542618,11.552198052542618,13.85640646055102
ideal,0.08604,1014.5061613405669,0.04891140677206489,0.04891140677206489,7.755882487274875e-06,11.547199142777432,11.547199142777432,13.85640646055102
ideal,0.08704,1014.0162367174763,0.049832056549367294,0.049832056549367294,6.885331590196176e-06,11.542317820902957,11.542317820902957,13.85640646055102
ideal,0.08804000000000001,1013.5315263294798,0.051057782285408956,0.051057782285408956,6.0955036255639616e-06,11.537558879082859,11.537558879082859,13.85640646055102
ideal,0.08904000000000001,1013.0533075773787,0.05254579696410733,0.05254579696410733,5.379669816852534e-06,11.53292603147339,11.53292603147339,13.85640646055102
ideal,0.09004000000000001,1012.5826733061925,0.05425758964341482,0.05425758964341482,4.731598724560176e-06,11.528422032004478,11.528422032004478,13.85640646055102
ideal,0.09104000000000001,1012.1205504023482,0.056158546964590515,0.056158546964590515,4.145528594142163e-06,11.524048781674754,11.524048781674754,13.85640646055102
ideal,0.09204000000000001,1011.6677167386858,0.05821760622102064,0.05821760622102064,3.616139515696991e-06,11.519807426170992,11.519807426170992,13.85640646055102
ideal,0.09304000000000001,1011.2248166053182,0.06040693744225377,0.06040693744225377,3.1385258396879224e-06,11.515698444571976,11.515698444571976,13.85640646055102
ideal,0.09404000000000001,1010.7923747532343,0.06270165214991628,0.06270165214991628,2.7081691840370007e-06,11.511721729848114,11.511721729848114,13.85640646055102
ideal,0.09504,1010.370809167287,0.06507953662738965,0.06507953662738965,2.3209122789222215e-06,11.507876661819877,11.507876661819877,13.85640646055102
ideal,0.09604,1009.9604426757472,0.0675208077160871,0.0675208077160871,1.972933826123331e-06,11.50416217319314,11.50416217319314,13.85640646055102
ideal,0.09704,1009.5615134949055,0.07000788930856543,0.07000788930856543,1.660724492351521e-06,11.500576809245553,11.500576809245553,13.85640646055102
ideal,0.09804,1009.1741847992065,0.07252520785387886,0.07252520785387886,1.381064111460062e-06,11.497118781696424,11.497118781696424,13.85640646055102
ideal,0.09904,1008.7985534000018,0.07505900532464307,0.07505900532464307,1.1310001364505564e-06,11.493786017253882,11.493786017253882,13.85640646055102
ideal,0.10004,1008.4346576092508,0.07759716821828265,0.07759716821828265,9.078273522983279e-07,11.490576201295177,11.490576201295177,13.85640646055102
ideal,0.10104,1008.0824843582213,0.08012907127899968,0.08012907127899968,7.090688425746266e-07,11.487486817102134,11.487486817102134,13.85640646055102
ideal,0.10204,1007.7419756355129,0.0826454347315941,0.0826454347315941,5.324581845215147e-07,11.48451518104038,11.48451518104038,13.85640646055102
ideal,0.10304,1007.4130343034328,0.08513819391484898,0.08513819391484898,3.7592283624467776e-07,11.481658474040598,11.481658474040598,13.85640646055102
ideal,0.10404000000000001,1007.0955293468768,0.08760038029124838,0.08760038029124838,2.3756867166292594e-07,11.478913769712005,11.478913769712005,13.85640646055102
ideal,0.10504000000000001,1006.7893006044053,0.09002601289169788,0.09002601289169788,1.1566561201619327e-07,11.476278059391039,11.476278059391039,13.85640646055102
ideal,0.10604000000000001,1006.4941630270731,0.09240999932957827,0.09240999932957827,8.634300156066735e-09,11.473748274404322,11.473748274404322,13.85640646055102
ideal,0.10704000000000001,1006.2099105067931,0.09474804558790764,0.09474804558790764,-8.496623937616688e-08,11.471321305801396,11.471321305801396,13.85640646055102
ideal,0.10804000000000001,1005.9363193125306,0.09703657384759759,0.09703657384759759,-1.6645001147489603e-07,11.46899402179211,11.46899402179211,13.85640646055102
ideal,0.10904000000000001,1005.6731511694143,0.0992726476838235,0.0992726476838235,-2.370145893857423e-07,11.46676328310371,11.46676328310371,13.85640646055102
ideal,0.11004000000000001,1005.4201560129238,0.1014539040118008,0.1014539040118008,-2.9775083820795024e-07,11.4646259564543,11.4646259564543,13.85640646055102
ideal,0.11104000000000001,1005.177074447589,0.10357849121351861,0.10357849121351861,-3.4965187628471444e-07,11.46257892632319,11.46257892632319,13.85640646055102
ideal,0.11204,1004.9436399371658,0.10564501292290979,0.10564501292290979,-3.93621327747579e-07,11.460619105182708,11.460619105182708,13.85640646055102
ideal,0.11304,1004.7195807509594,0.10765247698950678,0.10765247698950678,-4.3048091574330615e-07,11.458743442342117,11.458743442342117,13.85640646055102
ideal,0.11404,1004.5046216888749,0.10960024917972463,0.10960024917972463,-4.609774442371351e-07,11.456948931540964,11.456948931540964,13.85640646055102
ideal,0.11504,1004.2984856058433,0.11148801121077737,0.11148801121077737,-4.857892135022346e-07,11.455232617417458,11.455232617417458,13.85640646055102
ideal,0.11604,1004.100894754502,0.11331572274548794,0.11331572274548794,-5.055319116524136e-07,11.453591600966151,11.453591600966151,13.85640646055102
ideal,0.11704,1003.9115719633837,0.11508358700665573,0.11508358700665573,-5.207640220656299e-07,11.452023044089207,11.452023044089207,13.85640646055102
ideal,0.11804,1003.730241666388,0.11679201969765193,0.11679201969765193,-5.319917846387209e-07,11.450524173335813,11.450524173335813,13.85640646055102
ideal,0.11904,1003.5566307979119,0.1184416209418659,0.1184416209418659,-5.396737443871185e-07,11.449092282916684,11.449092282916684,13.85640646055102
ideal,0.12004000000000001,1003.3904695668014,0.12003314997716896,0.12003314997716896,-5.442249216548989e-07,11.447724737071328,11.447724737071328,13.85640646055102
ideal,0.12104000000000001,1003.2314921210942,0.1215675023635369,0.1215675023635369,-5.460206325256931e-07,11.446418971860052,11.446418971860052,13.85640646055102
ideal,0.12204000000000001,1003.0794371144968,0.12304568948202928,0.12304568948202928,-5.453999883209015e-07,11.445172496444963,11.445172496444963,13.85640646055102
ideal,0.12304000000000001,1002.9340481845554,0.12446882012170979,0.12446882012170979,-5.42669099927358e-07,11.44398289391881,11.44398289391881,13.85640646055102
ideal,0.12404000000000001,1002.795074351594,0.12583808396823193,0.12583808396823193,-5.381040106384551e-07,11.442847821734837,11.442847821734837,13.85640646055102
ideal,0.12504,1002.6622703466907,0.1271547368232539,0.1271547368232539,-5.319533801825503e-07,11.44176501178562,11.44176501178562,13.85640646055102
ideal,0.12604,1002.5353968761989,0.1284200873982863,0.1284200873982863,-5.244409399388087e-07,11.440732270174651,11.440732270174651,13.85640646055102
ideal,0.12704000000000001,1002.4142208296604,0.1296354855397377,0.1296354855397377,-5.157677385686665e-07,11.439747476719702,11.439747476719702,13.85640646055102
ideal,0.12804000000000001,1002.2985154373079,0.13080231175410684,0.13080231175410684,-5.061141948821695e-07,11.438808584223725,11.438808584223725,13.85640646055102
ideal,0.12904000000000002,1002.1880603828113,0.13192196791325583,0.13192196791325583,-4.956419746953917e-07,11.437913617544945,11.437913617544945,13.85640646055102
ideal,0.13004000000000002,1002.0826418763686,0.1329958690300666,0.1329958690300666,-4.844957056467491e-07,11.43706067249528,11.43706067249528,13.85640646055102
ideal,0.13104000000000002,1001.982052692787,0.13402543600413236,0.13402543600413236,-4.7280454385729937e-07,11.436247914592684,11.436247914592684,13.85640646055102
ideal,0.13204000000000002,1001.8860921787582,0.13501208924564304,0.13501208924564304,-4.6068360515433525e-07,11.435473577690686,11.435473577690686,13.85640646055102
ideal,0.13304000000000002,1001.7945662331185,0.13595724309373128,0.13595724309373128,-4.482352714994907e-07,11.434735962506071,11.434735962506071,13.85640646055102
ideal,0.13404000000000002,1001.7072872635351,0.13686230095268181,0.13686230095268181,-4.3555038364871423e-07,11.434033435063235,11.434033435063235,13.85640646055102
ideal,0.13504000000000002,1001.6240741227208,0.1377286510761167,0.1377286510761167,-4.2270932961949216e-07,11.433364425071767,11.433364425071767,13.85640646055102
ideal,0.13604000000000002,1001.5447520269743,0.13855766293531,0.13855766293531,-4.09783037716217e-07,11.432727424252176,11.432727424252176,13.85640646055102
ideal,0.13704000000000002,1001.4691524595657,0.13935068411352922,0.13935068411352922,-3.9683388207787286e-07,11.432120984622921,11.432120984622921,13.85640646055102
ideal,0.13804000000000002,1001.3971130612352,0.14010903767330926,0.14010903767330926,-3.8391650833156903e-07,11.43154371676037,11.43154371676037,13.85640646055102
ideal,0.13904000000000002,1001.3284775098414,0.14083401994836692,0.14083401994836692,-3.7107858612235334e-07,11.430994288042037,11.430994288042037,13.85640646055102
ideal,0.14004000000000003,1001.2630953909872,0.14152689871611618,0.14152689871611618,-3.583614947417565e-07,11.43047142088224,11.43047142088224,13.85640646055102
ideal,0.14104000000000003,1001.2008220612556,0.14218891171078513,0.14218891171078513,-3.4580094739941186e-07,11.429973890968196,11.429973890968196,13.85640646055102
ideal,0.14204000000000003,1001.1415185055193,0.14282126544069876,0.14282126544069876,-3.3342755965195975e-07,11.429500525503348,11.429500525503348,13.85640646055102
ideal,0.14304000000000003,1001.0850511896308,0.1434251342765417,0.1434251342765417,-3.212673669388428e-07,11.429050201464282,11.429050201464282,13.85640646055102
ideal,0.14404000000000003,1001.0312919096441,0.14400165978064772,0.14400165978064772,-3.093422947671139e-07,11.428621843876419,11.428621843876419,13.85640646055102
ideal,0.14504000000000003,1000.9801176386052,0.14455195024998635,0.14455195024998635,-2.9767058647983913e-07,11.428214424112973,11.428214424112973,13.85640646055102
ideal,0.14604000000000003,1000.9314103718208,0.14507708044807308,0.14507708044807308,-2.862671921298326e-07,11.427826958220981,11.427826958220981,13.85640646055102
ideal,0.14704000000000003,1000.8850569714045,0.14557809150342924,0.14557809150342924,-2.7514412114073075e-07,11.427458505278071,11.427458505278071,13.85640646055102
ideal,0.14804000000000003,1000.8409490108153,0.14605599095425895,0.14605599095425895,-2.643107629913683e-07,11.427108165782156,11.427108165782156,13.85640646055102
ideal,0.14904000000000003,1000.79898262,0.1465117529210215,0.1465117529210215,-2.5377417757800357e-07,11.426775080076851,11.426775080076851,13.85640646055102
ideal,0.15004000000000003,1000.759058331683,0.14694631839031588,0.14694631839031588,-2.435393587297778e-07,11.426458426814193,11.426458426814193,13.85640646055102
ideal,0.15104000000000004,1000.7210809292752,0.14736059559504025,0.14736059559504025,-2.3360947300393633e-07,11.426157421456105,11.426157421456105,13.85640646055102
ideal,0.15204000000000004,1000.6849592967914,0.14775546047750748,0.14775546047750748,-2.239860752631835e-07,11.425871314816034,11.425871314816034,13.85640646055102
ideal,0.15304000000000004,1000.6506062711431,0.14813175722319957,0.14813175722319957,-2.1466930439266107e-07,11.425599391641189,11.425599391641189,13.85640646055102
ideal,0.15404000000000004,1000.6179384970791,0.14849029885436418,0.14849029885436418,-2.0565805956321177e-07,11.425340969236277,11.425340969236277,13.85640646055102
ideal,0.15504,1000.5868762850329,0.14883186787362496,0.14883186787362496,-1.9695015964857161e-07,11.425095396128881,11.425095396128881,13.85640646055102
ideal,0.15604,1000.5573434720764,0.14915721694882217,0.14915721694882217,-1.8854248691710302e-07,11.424862050776706,11.424862050776706,13.85640646055102
ideal,0.15704,1000.5292672861447,0.14946706963125878,0.14946706963125878,-1.8043111638724722e-07,11.42464034031658,11.42464034031658,13.85640646055102
ideal,0.15804,1000.5025782136677,0.14976212110035114,0.14976212110035114,-1.7261143228648458e-07,11.424429699354967,11.424429699354967,13.85640646055102
ideal,0.15904000000000001,1000.4772098707103,0.15004303892840215,0.15004303892840215,-1.650782327704006e-07,11.424229588799738,11.424229588799738,13.85640646055102
ideal,0.16004000000000002,1000.4530988776946,0.15031046386002328,0.15031046386002328,-1.5782582368140438e-07,11.42403949473258,11.42403949473258,13.85640646055102
ideal,0.16104000000000002,1000.4301847377592,0.15056501060121985,0.15056501060121985,-1.5084810268752767e-07,11.423858927321652,11.423858927321652,13.85640646055102
ideal,0.16204000000000002,1000.4084097187856,0.1508072686138802,0.1508072686138802,-1.4413863449380963e-07,11.423687419773572,11.423687419773572,13.85640646055102
ideal,0.16304000000000002,1000.3877187391053,0.15103780291174365,0.15103780291174365,-1.3769071805356803e-07,11.423524527324243,11.423524527324243,13.85640646055102
ideal,0.16404000000000002,1000.3680592568832,0.15125715485460905,0.15125715485460905,-1.3149744624072574e-07,11.423369826267567,11.423369826267567,13.85640646055102
ideal,0.16504000000000002,1000.34938116316,0.1514658429377554,0.1514658429377554,-1.2555175918898278e-07,11.423222913021181,11.423222913021181,13.85640646055102
ideal,0.16604000000000002,1000.3316366785255,0.15166436357408558,0.15166436357408558,-1.1984649130235564e-07,11.42308340322848,11.42308340322848,13.85640646055102
ideal,0.16704000000000002,1000.3147802533769,0.15185319186679933,0.15185319186679933,-1.143744129285552e-07,11.422950930895752,11.422950930895752,13.85640646055102
ideal,0.16804000000000002,1000.2987684717212,0.15203278237063392,0.15203278237063392,-1.0912826719909345e-07,11.422825147563717,11.422825147563717,13.85640646055102
ideal,0.16904000000000002,1000.283559958454,0.15220356984017233,0.15220356984017233,-1.0410080214540689e-07,11.422705721512346,11.422705721512346,13.85640646055102
ideal,0.17004000000000002,1000.2691152900574,0.15236596996375598,0.15236596996375598,-9.928479899551674e-08,11.422592336998006,11.422592336998006,13.85640646055102
ideal,0.17104000000000003,1000.2553969086438,0.15252038008195715,0.15252038008195715,-9.467309670485077e-08,11.422484693521946,11.422484693521946,13.85640646055102
ideal,0.17204000000000003,1000.242369039274,0.1526671798896051,0.1526671798896051,-9.025861325631654e-08,11.422382505129207,11.422382505129207,13.85640646055102
ideal,0.17304000000000003,1000.2299976104673,0.1528067321206468,0.1528067321206468,-8.60343640165374e-08,11.422285499736853,11.422285499736853,13.85640646055102
ideal,0.17404000000000003,1000.2182501778249,0.1529393832153068,0.1529393832153068,-8.199347724025513e-08,11.422193418490588,11.422193418490588,13.85640646055102
ideal,0.17504000000000003,1000.2070958506824,0.15306546396902662,0.15306546396902662,-7.812920738145759e-08,11.422106015148815,11.422106015148815,13.85640646055102
ideal,0.17604000000000003,1000.1965052217085,0.15318529016287075,0.15318529016287075,-7.443494628010058e-08,11.422023055493144,11.422023055493144,13.85640646055102
ideal,0.17704000000000003,1000.186450299359,0.1532991631752592,0.1532991631752592,-7.090423217168641e-08,11.42194431676441,11.42194431676441,13.85640646055102
ideal,0.17804000000000003,1000.176904443103,0.15340737057488224,0.15340737057488224,-6.753075721034338e-08,11.421869587123236,11.421869587123236,13.85640646055102
ideal,0.17904000000000003,1000.1678423013336,0.15351018669472916,0.15351018669472916,-6.430837342988955e-08,11.421798665134334,11.421798665134334,13.85640646055102
ideal,0.18004000000000003,1000.1592397518741,0.15360787318742658,0.15360787318742658,-6.123109709696727e-08,11.421731359273538,11.421731359273538,13.85640646055102
ideal,0.18104000000000003,1000.1510738449963,0.15370067956186353,0.15370067956186353,-5.8293112250419296e-08,11.421667487456704,11.421667487456704,13.85640646055102
ideal,0.18204000000000004,1000.143322748863,0.1537888437013886,0.1537888437013886,-5.5488772798483144e-08,11.42160687658972,11.42160687658972,13.85640646055102
ideal,0.18304000000000004,1000.1359656973109,0.153872592363753,0.153872592363753,-5.28126038936987e-08,11.421549362138736,11.421549362138736,13.85640646055102
ideal,0.18404000000000004,1000.1289829398892,0.15395214166316104,0.15395214166316104,-5.02593022789394e-08,11.421494787719741,11.421494787719741,13.85640646055102
ideal,0.18504000000000004,1000.1223556940749,0.15402769753464565,0.15402769753464565,-4.7823736094985554e-08,11.42144300470685,11.42144300470685,13.85640646055102
ideal,0.18604000000000004,1000.116066099581,0.154099456181168,0.154099456181168,-4.550094389756131e-08,11.421393871858447,11.421393871858447,13.85640646055102
ideal,0.18704000000000004,1000.1100971746796,0.15416760450382708,0.15416760450382708,-4.328613315488133e-08,11.42134725496043,11.42134725496043,13.85640646055102
ideal,0.18804000000000004,1000.1044327744662,0.15423232051553476,0.15423232051553476,-4.117467833933773e-08,11.421303026485878,11.421303026485878,13.85640646055102
ideal,0.18904000000000004,1000.099057550983,0.1542937737385851,0.1542937737385851,-3.916211839741158e-08,11.421261065270551,11.421261065270551,13.85640646055102
ideal,0.19004000000000001,1000.0939569151377,0.1543521255865372,0.1543521255865372,-3.724415419786903e-08,11.42122125620328,11.42122125620328,13.85640646055102
ideal,0.19104000000000002,1000.0891170003363,0.15440752973083827,0.15440752973083827,-3.5416645326982784e-08,11.421183489930968,11.421183489930968,13.85640646055102
ideal,0.19204000000000002,1000.0845246277689,0.1544601324526499,0.1544601324526499,-3.367560682800204e-08,11.421147662577258,11.421147662577258,13.85640646055102
ideal,0.19304000000000002,1000.0801672732758,0.15451007298029537,0.15451007298029537,-3.201720568943074e-08,11.421113675474494,11.421113675474494,13.85640646055102
ideal,0.19404000000000002,1000.076033035733,0.15455748381278872,0.15455748381278872,-3.043775716560803e-08,11.421081434908258,11.421081434908258,13.85640646055102
ideal,0.19504000000000002,1000.0721106068919,0.15460249102987653,0.15460249102987653,-2.8933721049603308e-08,11.421050851873948,11.421050851873948,13.85640646055102
ideal,0.19604000000000002,1000.0683892426111,0.15464521458901828,0.15464521458901828,-2.7501697706353215e-08,11.42102184184506,11.42102184184506,13.85640646055102
ideal,0.19704000000000002,1000.0648587354244,0.15468576860984312,0.15468576860984312,-2.61384240310793e-08,11.420994324552275,11.420994324552275,13.85640646055102
ideal,0.19804000000000002,1000.0615093883857,0.15472426164638278,0.15472426164638278,-2.4840769528072116e-08,11.420968223773231,11.420968223773231,13.85640646055102
ideal,0.19904000000000002,1000.0583319901368,0.15476079694758763,0.15476079694758763,-2.3605732246329685e-08,11.420943467132323,11.420943467132323,13.85640646055102
ideal,0.20004000000000002,1000.0553177911455,0.15479547270656552,0.15479547270656552,-2.2430434657583145e-08,11.420919985910041,11.420919985910041,13.85640646055102
ideal,0.20104000000000002,1000.0524584810605,0.1548283822989052,0.1548283822989052,-2.1312119624552885e-08,11.42089771486161,11.42089771486161,13.85640646055102
ideal,0.20204000000000003,1000.0497461671417,0.15485961451049113,0.15485961451049113,-2.0248146553299812e-08,11.420876592044175,11.420876592044175,13.85640646055102
ideal,0.20304000000000003,1000.0471733537033,0.1548892537553082,0.1548892537553082,-1.923598702732721e-08,11.420856558652627,11.420856558652627,13.85640646055102
ideal,0.20404000000000003,1000.0447329225448,0.15491738028345545,0.15491738028345545,-1.827322133246522e-08,11.42083755886302,11.42083755886302,13.85640646055102
ideal,0.20504000000000003,1000.0424181143071,0.15494407037990693,0.15494407037990693,-1.7357534221000444e-08,11.42081953968396,11.42081953968396,13.85640646055102
ideal,0.20604000000000003,1000.0402225107238,0.15496939655430084,0.15496939655430084,-1.6486711277549e-08,11.420802450814946,11.420802450814946,13.85640646055102
ideal,0.20704000000000003,1000.0381400177241,0.15499342772212468,0.15499342772212468,-1.5658635174313105e-08,11.420786244511769,11.420786244511769,13.85640646055102
ideal,0.20804000000000003,1000.0361648493446,0.15501622937768092,0.15501622937768092,-1.4871281939012465e-08,11.420770875458457,11.420770875458457,13.85640646055102
ideal,0.20904000000000003,1000.0342915124198,0.15503786375914222,0.15503786375914222,-1.4122717402478861e-08,11.420756300645463,11.420756300645463,13.85640646055102
ideal,0.21004000000000003,1000.0325147920129,0.1550583900060093,0.1550583900060093,-1.3411093812530317e-08,11.420742479253848,11.420742479253848,13.85640646055102
ideal,0.21104000000000003,1000.030829737549,0.1550778643093106,0.1550778643093106,-1.2734646353803289e-08,11.420729372545157,11.420729372545157,13.85640646055102
ideal,0.21204000000000003,1000.029231649624,0.1550963400548598,0.1550963400548598,-1.209168984068927e-08,11.420716943756743,11.420716943756743,13.85640646055102
ideal,0.21304000000000003,1000.0277160674538,0.15511386795985369,0.15511386795985369,-1.148061545432296e-08,11.420705158002232,11.420705158002232,13.85640646055102
ideal,0.21404000000000004,1000.0262787569382,0.15513049620307076,0.15513049620307076,-1.089988786132177e-08,11.420693982176832,11.420693982176832,13.85640646055102
ideal,0.21504000000000004,1000.0249156993038,0.15514627054898553,0.15514627054898553,-1.034804190486105e-08,11.420683384867521,11.420683384867521,13.85640646055102
ideal,0.21604000000000004,1000.0236230803072,0.15516123446606864,0.15516123446606864,-9.823679827293883e-09,11.420673336267447,11.420673336267447,13.85640646055102
ideal,0.21704000000000004,1000.0223972799648,0.1551754292394366,0.1551754292394366,-9.325468536024794e-09,11.420663808094806,11.420663808094806,13.85640646055102
ideal,0.21804000000000004,1000.021234862788,0.155188894078276,0.155188894078276,-8.852136629182417e-09,11.420654773515528,11.420654773515528,13.85640646055102
ideal,0.21904000000000004,1000.0201325685011,0.15520166621805026,0.15520166621805026,-8.402472067441863e-09,11.420646207070034,11.420646207070034,13.85640646055102
ideal,0.22004000000000004,1000.0190873032133,0.15521378101792957,0.15521378101792957,-7.975319310225313e-09,11.420638084603496,11.420638084603496,13.85640646055102
ideal,0.22104000000000004,1000.0180961310301,0.15522527205354142,0.15522527205354142,-7.569577055773427e-09,11.42063038319962,11.42063038319962,13.85640646055102
ideal,0.22204000000000004,1000.0171562660792,0.15523617120524488,0.15523617120524488,-7.18419591934942e-09,11.420623081117714,11.420623081117714,13.85640646055102
ideal,0.22304000000000004,1000.0162650649293,0.15524650874219528,0.15524650874219528,-6.818176021212675e-09,11.420616157733013,11.420616157733013,13.85640646055102
ideal,0.22404000000000002,1000.0154200193879,0.15525631340238902,0.15525631340238902,-6.470564814616128e-09,11.420609593479824,11.420609593479824,13.85640646055102
ideal,0.22504000000000002,1000.0146187496562,0.15526561246878556,0.15526561246878556,-6.140455059165189e-09,11.42060336979767,11.42060336979767,13.85640646055102
ideal,0.22604000000000002,1000.0138589978242,0.1552744318417706,0.1552744318417706,-5.826982809776415e-09,11.420597469080068,11.420597469080068,13.85640646055102
ideal,0.22704000000000002,1000.0131386216909,0.15528279610812679,0.15528279610812679,-5.52932535165746e-09,11.420591874625876,11.420591874625876,13.85640646055102
ideal,0.22804000000000002,1000.0124555888926,0.15529072860661128,0.15529072860661128,-5.246699457209602e-09,11.420586570593164,11.420586570593164,13.85640646055102
ideal,0.22904000000000002,1000.0118079713235,0.15529825149038962,0.15529825149038962,-4.978359448908082e-09,11.420581541955295,11.420581541955295,13.85640646055102
ideal,0.23004000000000002,1000.0111939398384,0.15530538578636993,0.15530538578636993,-4.723595679121877e-09,11.420576774459319,11.420576774459319,13.85640646055102
ideal,0.23104000000000002,1000.0106117592184,0.15531215145165453,0.15531215145165453,-4.481732770086927e-09,11.420572254586409,11.420572254586409,13.85640646055102
ideal,0.23204000000000002,1000.0100597833896,0.1553185674272401,0.1553185674272401,-4.252128012270261e-09,11.420567969514341,11.420567969514341,13.85640646055102
ideal,0.23304000000000002,1000.0095364508819,0.1553246516890629,0.1553246516890629,-4.034169881593751e-09,11.420563907081844,11.420563907081844,13.85640646055102
ideal,0.23404000000000003,1000.0090402805175,0.15533042129653574,0.15533042129653574,-3.8272766106366524e-09,11.420560055754747,11.420560055754747,13.85640646055102
ideal,0.23504000000000003,1000.0085698673131,0.15533589243872167,0.15533589243872167,-3.6308947137478736e-09,11.420556404593869,11.420556404593869,13.85640646055102
ideal,0.23604000000000003,1000.0081238785947,0.1553410804781451,0.1553410804781451,-3.4444979774037985e-09,11.420552943224473,11.420552943224473,13.85640646055102
ideal,0.23704000000000003,1000.0077010502994,0.15534599999254334,0.15534599999254334,-3.2675856388460437e-09,11.420549661807446,11.420549661807446,13.85640646055102
ideal,0.23804000000000003,1000.0073001834737,0.15535066481447599,0.15535066481447599,-3.0996817194570337e-09,11.420546551011649,11.420546551011649,13.85640646055102
ideal,0.23904000000000003,1000.00692014094,0.15535508806900739,0.15535508806900739,-2.940333450069183e-09,11.420543601988005,11.420543601988005,13.85640646055102
ideal,0.24004000000000003,1000.0065598441386,0.15535928220950088,0.15535928220950088,-2.7891104615493516e-09,11.420540806344597,11.420540806344597,13.85640646055102
ideal,0.24104000000000003,1000.0062182701251,0.15536325905161794,0.15536325905161794,-2.6456035953160893e-09,11.420538156123287,11.420538156123287,13.85640646055102
ideal,0.24204000000000003,1000.0058944487215,0.15536702980566225,0.15536702980566225,-2.50942384069367e-09,11.420535643777376,11.420535643777376,13.85640646055102
ideal,0.24304000000000003,1000.0055874598132,0.15537060510727763,0.15537060510727763,-2.38020147922904e-09,11.420533262150423,11.420533262150423,13.85640646055102
ideal,0.24404000000000003,1000.0052964307806,0.15537399504662072,0.15537399504662072,-2.2575851083764204e-09,11.420531004456192,11.420531004456192,13.85640646055102
ideal,0.24504000000000004,1000.0050205340622,0.15537720919607653,0.15537720919607653,-2.1412407221742693e-09,11.42052886425963,11.42052886425963,13.85640646055102
ideal,0.24604000000000004,1000.0047589848418,0.15538025663660018,0.15538025663660018,-2.030850935954243e-09,11.420526835458709,11.420526835458709,13.85640646055102
ideal,0.24704000000000004,1000.0045110388551,0.15538314598270217,0.15538314598270217,-1.9261141905754596e-09,11.420524912267311,11.420524912267311,13.85640646055102
ideal,0.24804000000000004,1000.0042759903022,0.15538588540622794,0.15538588540622794,-1.8267438552602231e-09,11.420523089198992,11.420523089198992,13.85640646055102
ideal,0.24904000000000004,1000.0040531698752,0.15538848265889688,0.15538848265889688,-1.7324677128901259e-09,11.420521361051444,11.420521361051444,13.85640646055102
ideal,0.25004,1000.0038419428781,0.1553909450937237,0.1553909450937237,-1.6430271247090599e-09,11.42051972289188,11.42051972289188,13.85640646055102
ideal,0.25104,1000.0036417074463,0.15539327968538144,0.15539327968538144,-1.5581763259402442e-09,11.420518170043197,11.420518170043197,13.85640646055102
ideal,0.25204,1000.0034518928601,0.1553954930495017,0.1553954930495017,-1.4776819494613108e-09,11.42051669807065,11.42051669807065,13.85640646055102
ideal,0.25304,1000.0032719579368,0.15539759146101553,0.15539759146101553,-1.4013223074169873e-09,11.42051530276946,11.42051530276946,13.85640646055102
ideal,0.25404,1000.0031013895114,0.15539958087160205,0.15539958087160205,-1.328886763505469e-09,11.420513980152878,11.420513980152878,13.85640646055102
ideal,0.25504,1000.0029397009914,0.1554014669262131,0.1554014669262131,-1.2601753040732696e-09,11.42051272644093,11.42051272644093,13.85640646055102
ideal,0.25604,1000.002786430991,0.15540325497873791,0.15540325497873791,-1.1949981288870627e-09,11.420511538049713,11.420511538049713,13.85640646055102
ideal,0.25704,1000.0026411420251,0.15540495010694366,0.15540495010694366,-1.1331748018323544e-09,11.420510411581336,11.420510411581336,13.85640646055102
ideal,0.25804,1000.0025034192817,0.15540655712661597,0.15540655712661597,-1.0745340842795328e-09,11.420509343814208,11.420509343814208,13.85640646055102
ideal,0.25904,1000.0023728694473,0.1554080806050058,0.1554080806050058,-1.018913301343054e-09,11.420508331693991,11.420508331693991,13.85640646055102
ideal,0.26004,1000.0022491196014,0.1554095248735549,0.1554095248735549,-9.661580711012764e-10,11.42050737232489,11.42050737232489,13.85640646055102
ideal,0.26104,1000.0021318161605,0.15541089404000122,0.15541089404000122,-9.161218265874774e-10,11.420506462961495,11.420506462961495,13.85640646055102
ideal,0.26204,1000.0020206238803,0.15541219199986914,0.15541219199986914,-8.686653795279965e-10,11.420505601000977,11.420505601000977,13.85640646055102
ideal,0.26304,1000.0019152249076,0.15541342244738382,0.15541342244738382,-8.236565780335582e-10,11.4205047839757,11.4205047839757,13.85640646055102
ideal,0.26404,1000.0018153178822,0.15541458888578455,0.15541458888578455,-7.80970036439552e-10,11.420504009546244,11.420504009546244,13.85640646055102
ideal,0.26504,1000.0017206170834,0.1554156946371722,0.1554156946371722,-7.404866813171573e-10,11.420503275494731,11.420503275494731,13.85640646055102
ideal,0.26604,1000.0016308516215,0.1554167428518129,0.1554167428518129,-7.020935029405813e-10,11.420502579718542,11.420502579718542,13.85640646055102
ideal,0.26704,1000.00154576467,0.1554177365169907,0.1554177365169907,-6.656832047353216e-10,11.42050192022438,11.42050192022438,13.85640646055102
ideal,0.26804,1000.0014651127386,0.15541867846540475,0.15541867846540475,-6.311539331184459e-10,11.420501295122545,11.420501295122545,13.85640646055102
ideal,0.26904,1000.0013886649821,0.15541957138311668,0.15541957138311668,-5.984090809059864e-10,11.42050070262157,11.42050070262157,13.85640646055102
ideal,0.27004,1000.0013162025468,0.1554204178170971,0.1554204178170971,-5.673569817878214e-10,11.420500141023167,11.420500141023167,13.85640646055102
ideal,0.27104,1000.0012475179495,0.15542122018240728,0.15542122018240728,-5.379105904436754e-10,11.420499608717352,11.420499608717352,13.85640646055102
ideal,0.27204,1000.0011824144867,0.15542198076900932,0.15542198076900932,-5.099872603349767e-10,11.420499104177914,11.420499104177914,13.85640646055102
ideal,0.27304,1000.0011207056785,0.1554227017481935,0.1554227017481935,-4.835086745694954e-10,11.420498625958,11.420498625958,13.85640646055102
ideal,0.27404,1000.0010622147366,0.15542338517873522,0.15542338517873522,-4.5840038783525424e-10,11.42049817268606,11.42049817268606,13.85640646055102
ideal,0.27504,1000.0010067740634,0.1554240330126838,0.1554240330126838,-4.345918413798569e-10,11.420497743061892,11.420497743061892,13.85640646055102
ideal,0.27604,1000.000954224775,0.15542464710085976,0.15542464710085976,-4.12016092584863e-10,11.420497335852975,11.420497335852975,13.85640646055102
ideal,0.27704,1000.0009044162496,0.15542522919810875,0.15542522919810875,-3.9060957893057163e-10,11.42049694989091,11.42049694989091,13.85640646055102
ideal,0.27804,1000.0008572056983,0.15542578096823534,0.15542578096823534,-3.703120259041742e-10,11.420496584068154,11.420496584068154,13.85640646055102
ideal,0.27904,1000.0008124577597,0.15542630398874044,0.15542630398874044,-3.5106622168938413e-10,11.420496237334763,11.420496237334763,13.85640646055102
ideal,0.28004,1000.000770044113,0.1554267997552498,0.1554267997552498,-3.328178733117027e-10,11.42049590869553,11.42049590869553,13.85640646055102
ideal,0.28104,1000.0007298431149,0.1554272696857646,0.1554272696857646,-3.155155476960923e-10,11.420495597207001,11.420495597207001,13.85640646055102
ideal,0.28204,1000.0006917394501,0.15542771512467995,0.15542771512467995,-2.9911032856058464e-10,11.4204953019749,11.4204953019749,13.85640646055102
ideal,0.28304,1000.0006556238054,0.1554281373465832,0.1554281373465832,-2.835559495461702e-10,11.420495022151483,11.420495022151483,13.85640646055102
ideal,0.28404,1000.0006213925562,0.15542853755987576,0.15542853755987576,-2.688083815318698e-10,11.420494756933206,11.420494756933206,13.85640646055102
ideal,0.28504,1000.0005889474725,0.15542891691018898,0.15542891691018898,-2.548259989141427e-10,11.420494505558327,11.420494505558327,13.85640646055102
ideal,0.28604,1000.0005581954373,0.1554292764836375,0.1554292764836375,-2.415692102645127e-10,11.420494267304846,11.420494267304846,13.85640646055102
ideal,0.28704,1000.0005290481822,0.15542961730990648,0.15542961730990648,-2.2900051638554444e-10,11.42049404148832,11.42049404148832,13.85640646055102
ideal,0.28804,1000.0005014220342,0.15542994036517588,0.15542994036517588,-2.1708428065735403e-10,11.42049382746003,11.42049382746003,13.85640646055102
ideal,0.28904,1000.000475237678,0.1554302465748824,0.1554302465748824,-2.0578678540951876e-10,11.420493624605006,11.420493624605006,13.85640646055102
ideal,0.29004,1000.0004504199283,0.155430536816375,0.155430536816375,-1.9507595405010485e-10,11.420493432340365,11.420493432340365,13.85640646055102
ideal,0.29104,1000.0004268975164,0.15543081192137972,0.15543081192137972,-1.8492144750063303e-10,11.420493250113575,11.420493250113575,13.85640646055102
ideal,0.29204,1000.0004046028861,0.1554310726783766,0.1554310726783766,-1.7529445953768135e-10,11.420493077400916,11.420493077400916,13.85640646055102
ideal,0.29304,1000.0003834719994,0.15543131983484015,0.15543131983484015,-1.6616764854387393e-10,11.42049291370598,11.42049291370598,13.85640646055102
ideal,0.29404,1000.0003634441563,0.15543155409937587,0.15543155409937587,-1.5751513148069585e-10,11.420492758558192,11.420492758558192,13.85640646055102
ideal,0.29504,1000.0003444618185,0.15543177614371667,0.15543177614371667,-1.4931233498156034e-10,11.420492611511559,11.420492611511559,13.85640646055102
ideal,0.29604,1000.0003264704463,0.1554319866046472,0.1554319866046472,-1.415359583023456e-10,11.420492472143302,11.420492472143302,13.85640646055102
ideal,0.29704,1000.0003094183415,0.15543218608583645,0.15543218608583645,-1.341638292007564e-10,11.420492340052746,11.420492340052746,13.85640646055102
ideal,0.29804,1000.0002932565011,0.15543237515953454,0.15543237515953454,-1.2717501854148117e-10,11.420492214860035,11.420492214860035,13.85640646055102
ideal,0.29904000000000003,1000.0002779384757,0.15543255436820916,0.15543255436820916,-1.2054966001244126e-10,11.42049209620515,11.42049209620515,13.85640646055102
ideal,0.30004000000000003,999.9446849729286,0.1554444349198387,0.1554444349198387,-7.097913360478745e-09,11.420491983746865,11.420491983746865,13.85640646055102
ideal,0.30104000000000003,998.5951346686751,0.17768997873026923,0.17768997873026923,8.781558697194159e-05,11.447637147901954,11.447637147901954,13.85640646055102
ideal,0.30204000000000003,997.3847091324067,0.21197770328896054,0.21197770328896054,9.977216221518019e-05,11.448593711080102,11.448593711080102,13.85640646055102
ideal,0.30304000000000003,996.3293088665241,0.24519779307889383,0.24519779307889383,7.095052711850221e-05,11.446093812536565,11.446093812536565,13.85640646055102
ideal,0.30404000000000003,995.4184710286868,0.27552165602413514,0.27552165602413514,4.138636772745594e-05,11.44368109876139,11.44368109876139,13.85640646055102
ideal,0.30504000000000003,994.6386560270149,0.3028928199672208,0.3028928199672208,1.928834014067423e-05,11.441846494371253,11.441846494371253,13.85640646055102
ideal,0.30604000000000003,993.9768610940937,0.3275184597557516,0.3275184597557516,4.1658424412025435e-06,11.440601880981578,11.440601880981578,13.85640646055102
ideal,0.30704000000000004,993.4211155892173,0.3496309292538325,0.3496309292538325,-5.751449055367301e-06,11.43988949025042,11.43988949025042,13.85640646055102
ideal,0.30804000000000004,992.9604857614672,0.3694508788336604,0.3694508788336604,-1.1995667106108843e-05,11.439646432169178,11.439646432169178,13.85640646055102
ideal,0.30904000000000004,992.5850061227864,0.3871823863765746,0.3871823863765746,-1.569816557797648e-05,11.439814380985542,11.439814380985542,13.85640646055102
ideal,0.31004,992.2856036844637,0.4030131700074763,0.4030131700074763,-1.7663178976567677e-05,11.440340596266676,11.440340596266676,13.85640646055102
ideal,0.31104,992.0540255256087,0.4171155879532566,0.4171155879532566,-1.8455971222620934e-05,11.44117761938719,11.44117761938719,13.85640646055102
ideal,0.31204,991.8827712284934,0.4296477290905505,0.4296477290905505,-1.8471758314504973e-05,11.442282806309393,11.442282806309393,13.85640646055102
ideal,0.31304,991.7650302434555,0.4407544742494439,0.4407544742494439,-1.7985617156793892e-05,11.443617875767938,11.443617875767938,13.85640646055102
ideal,0.31404,991.6946239798164,0.45056850395174,0.45056850395174,-1.7187976591456574e-05,11.445148496695277,11.445148496695277,13.85640646055102
ideal,0.31504,991.6659523602084,0.4592112463278184,0.4592112463278184,-1.6209736942915698e-05,11.44684391467941,11.44684391467941,13.85640646055102
ideal,0.31604,991.6739445603877,0.46679376379286597,0.46679376379286597,-1.514002101881047e-05,11.448676613945466,11.448676613945466,13.85640646055102
ideal,0.31704,991.7140136555944,0.47341757913912846,0.47341757913912846,-1.4038706488051314e-05,11.450622011263713,11.450622011263713,13.85640646055102
ideal,0.31804,991.7820149005548,0.4791754428732416,0.4791754428732416,-1.2945265858069103e-05,11.452658178541704,11.452658178541704,13.85640646055102
ideal,0.31904,991.874207380417,0.4841520443301547,0.4841520443301547,-1.1884995232814202e-05,11.45476559122845,11.45476559122845,13.85640646055102
ideal,0.32004,991.9872187825401,0.48842466949719765,0.48842466949719765,-1.0873397287691695e-05,11.456926899987476,11.456926899987476,13.85640646055102
ideal,0.32104,992.1180130530074,0.4920638086805035,0.4920638086805035,-9.919260201398247e-06,11.459126723379859,11.459126723379859,13.85640646055102
ideal,0.32204,992.2638607162495,0.4951337172069254,0.4951337172069254,-9.026815866010304e-06,11.46135145954539,11.46135145954539,13.85640646055102
ideal,0.32304,992.4223116507139,0.4976929323234045,0.4976929323234045,-8.19724852759924e-06,11.463589115084442,11.463589115084442,13.85640646055102
ideal,0.32404,992.5911701277707,0.49979474936483087,0.49979474936483087,-7.429745598559264e-06,11.46582914953125,11.46582914953125,13.85640646055102
ideal,0.32504,992.7684719347906,0.5014876601329957,0.5014876601329957,-6.722226174404831e-06,11.468062333973629,11.468062333973629,13.85640646055102
ideal,0.32604,992.9524634164208,0.5028157562788159,0.5028157562788159,-6.07184300813013e-06,11.470280622519839,11.470280622519839,13.85640646055102
ideal,0.32704,993.1415822804843,0.5038191003185933,0.5038191003185933,-5.47532555146254e-06,11.472477035441216,11.472477035441216,13.85640646055102
ideal,0.32804,993.3344400265321,0.5045340667501352,0.5045340667501352,-4.9292117627406145e-06,11.47464555293345,11.47464555293345,13.85640646055102
ideal,0.32904,993.529805865979,0.50499365557042,0.50499365557042,-4.430002306453449e-06,11.476781018540722,11.476781018540722,13.85640646055102
ideal,0.33004,993.7265920128783,0.5052277803371799,0.5052277803371799,-3.9742608186546e-06,11.478879051377131,11.478879051377131,13.85640646055102
ideal,0.33104,993.9238402338193,0.5052635327637477,0.5052635327637477,-3.5586768842764698e-06,11.48093596636102,11.48093596636102,13.85640646055102
ideal,0.33204,994.1207095541693,0.5051254256910936,0.5051254256910936,-3.1801034097660645e-06,11.482948701750253,11.482948701750253,13.85640646055102
ideal,0.33304,994.3164650259886,0.5048356161438791,0.5048356161438791,-2.8355765739760437e-06,11.484914753331502,11.484914753331502,13.85640646055102
ideal,0.33404,994.5104674704246,0.5044141100487767,0.5044141100487767,-2.5223240713355527e-06,11.48683211467552,11.48683211467552,13.85640646055102
ideal,0.33504,994.7021641143211,0.5038789500731613,0.5038789500731613,-2.237765624593522e-06,11.488699222923382,11.488699222923382,13.85640646055102
ideal,0.33604,994.8910800471788,0.5032463879302906,0.5032463879302906,-1.979508523110316e-06,11.490514909615747,11.490514909615747,13.85640646055102
ideal,0.33704,995.0768104304863,0.5025310423931534,0.5025310423931534,-1.745340083517482e-06,11.492278356121698,11.492278356121698,13.85640646055102
ideal,0.33804,995.2590133969037,0.5017460441627194,0.5017460441627194,-1.5332183304532393e-06,11.49398905326151,11.49398905326151,13.85640646055102
ideal,0.33904,995.437403581789,0.5009031686468743,0.5009031686468743,-1.3412617744309088e-06,11.495646764754232,11.495646764754232,13.85640646055102
ideal,0.34004,995.6117462341881,0.5000129576237504,0.5000129576237504,-1.1677388716993914e-06,11.497251494152836,11.497251494152836,13.85640646055102
ideal,0.34104,995.7818518586776,0.4990848306865953,0.4990848306865953,-1.011057548443498e-06,11.498803454958919,11.498803454958919,13.85640646055102
ideal,0.34204,995.947571343371,0.49812718729687727,0.49812718729687727,-8.697550313631325e-07,11.500303043635922,11.500303043635922,13.85640646055102
ideal,0.34304,996.1087915330291,0.4971475002068977,0.4971475002068977,-7.424881315797709e-07,11.501750815263916,11.501750815263916,13.85640646055102
ideal,0.34404,996.2654312095392,0.4961524009531662,0.4961524009531662,-6.280240628392813e-07,11.503147461601214,11.503147461601214,13.85640646055102
ideal,0.34504,996.4174374451046,0.49514775806612776,0.49514775806612776,-5.252318322907905e-07,11.50449379133828,11.50449379133828,13.85640646055102
ideal,0.34604,996.564782296307,0.49413874859069484,0.49413874859069484,-4.330742123071412e-07,11.50579071234802,11.50579071234802,13.85640646055102
ideal,0.34704,996.707459809812,0.4931299234647175,0.4931299234647175,-3.5060028460822636e-07,11.507039215752908,11.507039215752908,13.85640646055102
ideal,0.34804,996.8454833128784,0.49212526725894645,0.49212526725894645,-2.769385353151581e-07,11.508240361645381,11.508240361645381,13.85640646055102
ideal,0.34904,996.9788829640358,0.4911282527419604,0.4911282527419604,-2.1129047332491125e-07,11.50939526631158,11.50939526631158,13.85640646055102
ideal,0.35004,997.1077035413272,0.49014189069645286,0.49014189069645286,-1.5292474114057813e-07,11.510505090821585,11.510505090821585,13.85640646055102
ideal,0.35104,997.2320024473732,0.4891687753791295,0.4891687753791295,-1.0117168572459904e-07,11.511571030860903,11.511571030860903,13.85640646055102
ideal,0.35204,997.3518479122384,0.48821112598507127,0.48821112598507127,-5.5418356950126904e-08,11.512594307688929,11.512594307688929,13.85640646055102
ideal,0.35304,997.4673173766483,0.48727082444846564,0.48727082444846564,-1.5103902144655244e-08,11.513576160119827,11.513576160119827,13.85640646055102
ideal,0.35404,997.5784960395698,0.48634944988485734,0.48634944988485734,2.028467303349414e-08,11.514517837430255,11.514517837430255,13.85640646055102
ideal,0.35504,997.6854755554939,0.4854483099554843,0.4854483099554843,5.1216405883598314e-08,11.515420593106791,11.515420593106791,13.85640646055102
ideal,0.35604,997.7883528679856,0.48456846941172355,0.48456846941172355,7.811996657770024e-08,11.516285679353397,11.516285679353397,13.85640646055102
ideal,0.35704,997.8872291672051,0.4837107760566948,0.4837107760566948,1.0138696120851951e-07,11.51711434228603,11.51711434228603,13.85640646055102
ideal,0.35804,997.9822089601271,0.4828758843419112,0.4828758843419112,1.2137497075605913e-07,11.517907817748236,11.517907817748236,13.85640646055102
ideal,0.35904,998.073399243147,0.4820642767991791,0.4820642767991791,1.3841034689681296e-07,11.518667327686929,11.518667327686929,13.85640646055102
ideal,0.36004,998.1609087676352,0.4812762834916852,0.4812762834916852,1.5279078433823502e-07,11.519394077033246,11.519394077033246,13.85640646055102
ideal,0.36104,998.2448473898047,0.48051209965315467,0.48051209965315467,1.6478768691497974e-07,11.520089251037987,11.520089251037987,13.85640646055102
ideal,0.36204000000000003,998.325325496993,0.47977180167026207,0.47977180167026207,1.7464834466640433e-07,11.520754013015958,11.520754013015958,13.85640646055102
ideal,0.36304000000000003,998.4024535031434,0.47905536155069295,0.47905536155069295,1.8259793603812343e-07,11.521389502457007,11.521389502457007,13.85640646055102
ideal,0.36404000000000003,998.4763414068867,0.478362660007606,0.478362660007606,1.8884136982620052e-07,11.521996833466112,11.521996833466112,13.85640646055102
ideal,0.36504000000000003,998.5470984061975,0.47769349828049995,0.47769349828049995,1.9356497917662855e-07,11.522577093497569,11.522577093497569,13.85640646055102
ideal,0.36604000000000003,998.6148325641283,0.47704760880253816,0.47704760880253816,1.9693807931475843e-07,11.523131342351897,11.523131342351897,13.85640646055102
ideal,0.36704000000000003,998.6796505205938,0.47642466481541174,0.47642466481541174,1.991144003446472e-07,11.523660611406882,11.523660611406882,13.85640646055102
ideal,0.36804000000000003,998.7416572456342,0.4758242890242664,0.4758242890242664,2.0023340413783172e-07,11.524165903056602,11.524165903056602,13.85640646055102
ideal,0.36904000000000003,998.8009558299793,0.4752460613776503,0.4752460613776503,2.0042149502114534e-07,11.524648190334963,11.524648190334963,13.85640646055102
ideal,0.37004000000000004,998.8576473091059,0.47468952605036785,0.47468952605036785,1.997931327938194e-07,11.525108416702343,11.525108416702343,13.85640646055102
ideal,0.37104000000000004,998.9118305173275,0.47415419770055517,0.47415419770055517,1.984518553539984e-07,11.525547495975907,11.525547495975907,13.85640646055102
ideal,0.37204000000000004,998.963601968768,0.47363956706626115,0.47363956706626115,1.9649121806855321e-07,11.525966312385997,11.525966312385997,13.85640646055102
ideal,0.37304000000000004,999.0130557623395,0.4731451059615262,0.4731451059615262,1.9399565702556977e-07,11.526365720742856,11.526365720742856,13.85640646055102
ideal,0.37404000000000004,999.0602835081296,0.472670271726578,0.472670271726578,1.910412813982747e-07,11.526746546699256,11.526746546699256,13.85640646055102
ideal,0.37504000000000004,999.1053742728229,0.4722145111824988,0.4722145111824988,1.8769660129981835e-07,11.527109587096069,11.527109587096069,13.85640646055102
ideal,0.37604000000000004,999.1484145420073,0.47177726413610893,0.47177726413610893,1.840231956537362e-07,11.52745561037924,11.52745561037924,13.85640646055102
ideal,0.37704000000000004,999.189488197424,0.47135796647708955,0.47135796647708955,1.800763249454455e-07,11.527785357077425,11.527785357077425,13.85640646055102
ideal,0.37804000000000004,999.2286765073827,0.47095605290572473,0.47095605290572473,1.7590549361554488e-07,11.528099540331196,11.528099540331196,13.85640646055102
ideal,0.37904,999.2660581287533,0.47057095932637544,0.47057095932637544,1.7155496563003714e-07,11.528398846465,11.528398846465,13.85640646055102
ideal,0.38004,999.301709119084,0.47020212493863417,0.47020212493863417,1.6706423704995356e-07,11.52868393559449,11.52868393559449,13.85640646055102
ideal,0.38104,999.3357029575355,0.4698489940555005,0.4698489940555005,1.6246846934538727e-07,11.528955442262417,11.528955442262417,13.85640646055102
ideal,0.38204,999.368110573461,0.46951101767527104,0.46951101767527104,1.5779888617645169e-07,11.529213976096916,11.529213976096916,13.85640646055102
ideal,0.38304,999.3990003815585,0.4691876548314756,0.4691876548314756,1.5308313677778256e-07,11.52946012248693,11.52946012248693,13.85640646055102
ideal,0.38404,999.4284383226448,0.4688783737431458,0.4688783737431458,1.4834562877865055e-07,11.529694443269884,11.529694443269884,13.85640646055102
ideal,0.38504,999.456487909188,0.4685826527856237,0.4685826527856237,1.4360783259408164e-07,11.529917477427398,11.529917477427398,13.85640646055102
ideal,0.38604,999.48321027483,0.4682999813003338,0.4682999813003338,1.3888855972978692e-07,11.530129741785235,11.530129741785235,13.85640646055102
ideal,0.38704,999.508664227202,0.46802986026036436,0.46802986026036436,1.342042173944051e-07,11.530331731714224,11.530331731714224,13.85640646055102
ideal,0.38804,999.5329063034135,0.4677718028071191,0.4677718028071191,1.29569041218879e-07,11.530523921829348,11.530523921829348,13.85640646055102
ideal,0.38904,999.5559908276666,0.46752533467193697,0.46752533467193697,1.2499530761635537e-07,11.530706766684222,11.530706766684222,13.85640646055102
ideal,0.39004,999.5779699705009,0.4672899944952672,0.4672899944952672,1.204935276861338e-07,11.530880701459,11.530880701459,13.85640646055102
ideal,0.39104,999.5988938092266,0.46706533405491063,0.46706533405491063,1.1607262429237306e-07,11.531046142639726,11.531046142639726,13.85640646055102
ideal,0.39204,999.6188103891644,0.4668509184137449,0.4668509184137449,1.1174009344251111e-07,11.531203488687432,11.531203488687432,13.85640646055102
ideal,0.39304,999.6377657853424,0.4666463259962587,0.4666463259962587,1.0750215129279847e-07,11.531353120695753,11.531353120695753,13.85640646055102
ideal,0.39404,999.6558041643585,0.4664511486025177,0.4664511486025177,1.0336386795518155e-07,11.531495403035585,11.531495403035585,13.85640646055102
ideal,0.39504,999.672967846128,0.46626499136723654,0.46626499136723654,9.932928951412525e-08,11.5316306839863,11.5316306839863,13.85640646055102
ideal,0.39604,999.6892973652944,0.46608747267101974,0.46608747267101974,9.540154900464529e-08,11.531759296352266,11.531759296352266,13.85640646055102
ideal,0.39704,999.7048315321006,0.46591822400998395,0.46591822400998395,9.158296704662733e-08,11.531881558064175,11.531881558064175,13.85640646055102
ideal,0.39804,999.719607492545,0.46575688982946833,0.46575688982946833,8.787514326464265e-08,11.531997772764768,11.531997772764768,13.85640646055102
ideal,0.39904,999.7336607876689,0.4656031273269974,0.4656031273269974,8.427903954216883e-08,11.532108230378547,11.532108230378547,13.85640646055102
ideal,0.40004,999.7470254118527,0.4654566062290775,0.4654566062290775,8.07950551392876e-08,11.532213207665098,11.532213207665098,13.85640646055102
ideal,0.40104,999.7597338700112,0.4653170085459507,0.4653170085459507,7.742309495268645e-08,11.532312968755944,11.532312968755944,13.85640646055102
ideal,0.40204,999.7718172335948,0.46518402830804834,0.46518402830804834,7.416263115284701e-08,11.532407765674861,11.532407765674861,13.85640646055102
ideal,0.40304,999.7833051953261,0.46505737128742547,0.46505737128742547,7.101275898248636e-08,11.532497838841598,11.532497838841598,13.85640646055102
ideal,0.40404,999.7942261226102,0.4649367547072155,0.4649367547072155,6.797224714364968e-08,11.532583417559099,11.532583417559099,13.85640646055102
ideal,0.40504,999.8046071095698,0.4648219069416767,0.4648219069416767,6.50395831797569e-08,11.532664720484334,11.532664720484334,13.85640646055102
ideal,0.40604,999.8144740276736,0.4647125672092254,0.4647125672092254,6.221301426085708e-08,11.532741956082802,11.532741956082802,13.85640646055102
ideal,0.40704,999.8238515749256,0.4646084852605734,0.4646084852605734,5.949058421873277e-08,11.532815323067238,11.532815323067238,13.85640646055102
ideal,0.40804,999.8327633236062,0.46450942106373166,0.46450942106373166,5.6870166179854065e-08,11.53288501082028,11.53288501082028,13.85640646055102
ideal,0.40904,999.8412317665469,0.4644151444876496,0.4644151444876496,5.4349492626497593e-08,11.532951199801879,11.532951199801879,13.85640646055102
ideal,0.41004,999.8492783619457,0.46432543498578216,0.46432543498578216,5.192618146645055e-08,11.53301406194137,11.53301406194137,13.85640646055102
ideal,0.41104,999.8569235767197,0.46424008128094524,0.46424008128094524,4.959775998096808e-08,11.533073761014784,11.533073761014784,13.85640646055102
ideal,0.41204,999.8641869284082,0.46415888105249975,0.46415888105249975,4.7361685728115814e-08,11.53313045300763,11.53313045300763,13.85640646055102
ideal,0.41304,999.871087025638,0.46408164062687857,0.46408164062687857,4.5215365494545274e-08,11.533184286463527,11.533184286463527,13.85640646055102
ideal,0.41404,999.8776416071736,0.4640081746721375,0.4640081746721375,4.315617150986328e-08,11.533235402819024,11.533235402819024,13.85640646055102
ideal,0.41504,999.8838675795618,0.46393830589746415,0.46393830589746415,4.118145676631919e-08,11.533283936725185,11.533283936725185,13.85640646055102
ideal,0.41604,999.8897810534133,0.4638718647579548,0.4638718647579548,3.92885672575364e-08,11.53333001635592,11.53333001635592,13.85640646055102
ideal,0.41704,999.8953973783263,0.4638086891654346,0.4638086891654346,3.747485401143364e-08,11.533373763704025,11.533373763704025,13.85640646055102
ideal,0.41804,999.9007311765013,0.4637486242055116,0.4637486242055116,3.573768246427076e-08,11.533415294864646,11.533415294864646,13.85640646055102
ideal,0.41904,999.9057963750621,0.4636915218613338,0.4636915218613338,3.407444141952805e-08,11.533454720307237,11.533454720307237,13.85640646055102
ideal,0.42004,999.9106062371225,0.4636372407442954,0.4636372407442954,3.248255051842521e-08,11.5334921451359,11.5334921451359,13.85640646055102
ideal,0.42104,999.9151733916302,0.46358564583186124,0.46358564583186124,3.0959466562084336e-08,11.533527669338705,11.533527669338705,13.85640646055102
ideal,0.42204,999.9195098620181,0.46353660821269826,0.46353660821269826,2.95026890150592e-08,11.53356138802636,11.53356138802636,13.85640646055102
ideal,0.42304,999.923627093703,0.46349000483919006,0.46349000483919006,2.8109764671972154e-08,11.533593391660638,11.533593391660638,13.85640646055102
ideal,0.42404000000000003,999.9275359804608,0.4634457182874547,0.4634457182874547,2.6778291505340204e-08,11.533623766272774,11.533623766272774,13.85640646055102
ideal,0.42504000000000003,999.9312468897149,0.46340363652481315,0.46340363652481315,2.550592187771024e-08,11.533652593672413,11.533652593672413,13.85640646055102
ideal,0.42604000000000003,999.9347696867726,0.46336365268475743,0.46336365268475743,2.4290365040104706e-08,11.533679951647336,11.533679951647336,13.85640646055102
ideal,0.42704000000000003,999.9381137580447,0.4633256648493877,0.4633256648493877,2.3129389270254183e-08,11.533705914154288,11.533705914154288,13.85640646055102
ideal,0.42804000000000003,999.9412880332794,0.46328957583919067,0.46328957583919067,2.202082333117628e-08,11.53373055150138,11.53373055150138,13.85640646055102
ideal,0.42904000000000003,999.9443010068496,0.4632552930101441,0.4632552930101441,2.096255755642357e-08,11.533753930522268,11.533753930522268,13.85640646055102
ideal,0.43004000000000003,999.9471607581213,0.46322272805804,0.46322272805804,1.995254468023969e-08,11.533776114742489,11.533776114742489,13.85640646055102
ideal,0.43104000000000003,999.9498749709404,0.46319179682984807,0.46319179682984807,1.898880010116008e-08,11.533797164538287,11.533797164538287,13.85640646055102
ideal,0.43204000000000004,999.9524509522688,0.4631624191420739,0.4631624191420739,1.8069402087822653e-08,11.53381713728819,11.53381713728819,13.85640646055102
ideal,0.43304000000000004,999.9548956500007,0.4631345186058992,0.4631345186058992,1.719249152795325e-08,11.533836087517672,11.533836087517672,13.85640646055102
ideal,0.43404000000000004,999.957215669991,0.4631080224589975,0.4631080224589975,1.6356271576307077e-08,11.533854067037128,11.533854067037128,13.85640646055102
ideal,0.43504000000000004,999.9594172923256,0.4630828614038411,0.4630828614038411,1.555900705744558e-08,11.53387112507356,11.53387112507356,13.85640646055102
ideal,0.43604000000000004,999.9615064868655,0.46305896945233116,0.46305896945233116,1.4799023625830405e-08,11.533887308396082,11.533887308396082,13.85640646055102
ideal,0.43704000000000004,999.9634889280871,0.46303628377662354,0.46303628377662354,1.4074706993280069e-08,11.53390266143563,11.53390266143563,13.85640646055102
ideal,0.43804000000000004,999.9653700092593,0.4630147445658742,0.4630147445658742,1.3384501613448117e-08,11.533917226399042,11.533917226399042,13.85640646055102
ideal,0.43904000000000004,999.9671548559634,0.462994294888909,0.462994294888909,1.272691004365054e-08,11.53393104337794,11.53393104337794,13.85640646055102
ideal,0.44004000000000004,999.968848339008,0.4629748805624251,0.4629748805624251,1.2100491132632955e-08,11.533944150452214,11.533944150452214,13.85640646055102
ideal,0.44104000000000004,999.9704550867458,0.4629564500246957,0.4629564500246957,1.1503859015803348e-08,11.533956583788864,11.533956583788864,13.85640646055102
ideal,0.44204000000000004,999.9719794968183,0.4629389542145939,0.4629389542145939,1.0935681933371932e-08,11.533968377736151,11.533968377736151,13.85640646055102
ideal,0.44304000000000004,999.9734257473673,0.4629223464556545,0.4629223464556545,1.0394680360860059e-08,11.533979564913034,11.533979564913034,13.85640646055102
ideal,0.44404000000000005,999.9747978077149,0.4629065823450994,0.4629065823450994,9.879625919952374e-09,11.533990176294683,11.533990176294683,13.85640646055102
ideal,0.44504000000000005,999.9760994485512,0.46289161964766024,0.46289161964766024,9.389339892618324e-09,11.534000241293674,11.534000241293674,13.85640646055102
ideal,0.44604000000000005,999.9773342516443,0.46287741819392353,0.46287741819392353,8.92269152587767e-09,11.534009787837341,11.534009787837341,13.85640646055102
ideal,0.44704000000000005,999.978505619092,0.4628639397831472,0.4628639397831472,8.478596798354716e-09,11.534018842441482,11.534018842441482,13.85640646055102
ideal,0.44804,999.9796167821386,0.4628511480903347,0.4628511480903347,8.0560167801748e-09,11.534027430280442,11.534027430280442,13.85640646055102
ideal,0.44904,999.9806708095763,0.4628390085773601,0.4628390085773601,7.653956107731852e-09,11.534035575253828,11.534035575253828,13.85640646055102
ideal,0.45004,999.9816706157416,0.4628274884081251,0.4628274884081251,7.2714617986373955e-09,11.534043300050067,11.534043300050067,13.85640646055102
ideal,0.45104,999.9826189681395,0.4628165563674413,0.4628165563674413,6.907621485046142e-09,11.534050626206728,11.534050626206728,13.85640646055102
ideal,0.45204,999.9835184946983,0.4628061827835414,0.4628061827835414,6.561561997799248e-09,11.534057574168047,11.534057574168047,13.85640646055102
ideal,0.45304,999.9843716906779,0.46279633945412796,0.46279633945412796,6.232448147869248e-09,11.534064163339625,11.534064163339625,13.85640646055102
ideal,0.45404,999.9851809252476,0.46278699957578023,0.46278699957578023,5.9194812282499396e-09,11.5340704121404,11.5340704121404,13.85640646055102
ideal,0.45504,999.9859484477454,0.46277813767655085,0.46277813767655085,5.62189765801695e-09,11.534076338052122,11.534076338052122,13.85640646055102
ideal,0.45604,999.9866763936378,0.4627697295516657,0.4627697295516657,5.338967612206687e-09,11.534081957666384,11.534081957666384,13.85640646055102
ideal,0.45704,999.9873667901884,0.46276175220217897,0.46276175220217897,5.0699938082248245e-09,11.53408728672939,11.53408728672939,13.85640646055102
ideal,0.45804,999.9880215618558,0.46275418377645566,0.46275418377645566,4.814310099207611e-09,11.534092340184385,11.534092340184385,13.85640646055102
ideal,0.45904,999.9886425354241,0.4627470035143693,0.4627470035143693,4.5712803760105075e-09,11.534097132212194,11.534097132212194,13.85640646055102
ideal,0.46004,999.989231444886,0.46274019169414127,0.46274019169414127,4.340297425056558e-09,11.534101676269628,11.534101676269628,13.85640646055102
ideal,0.46104,999.9897899360902,0.46273372958158804,0.46273372958158804,4.120781465680303e-09,11.53410598512593,11.53410598512593,13.85640646055102
ideal,0.46204,999.9903195711563,0.46272759938180713,0.46272759938180713,3.912179325821564e-09,11.53411007089765,11.53411007089765,13.85640646055102
ideal,0.46304,999.9908218326772,0.46272178419313653,0.46272178419313653,3.713963224179449e-09,11.534113945081504,11.534113945081504,13.85640646055102
ideal,0.46404,999.9912981277134,0.4627162679632459,0.4627162679632459,3.525629686205333e-09,11.534117618585833,11.534117618585833,13.85640646055102
ideal,0.46504,999.9917497915914,0.46271103544739267,0.46271103544739267,3.3466986712246e-09,11.534121101760379,11.534121101760379,13.85640646055102
ideal,0.46604,999.9921780915166,0.46270607216853854,0.46270607216853854,3.1767122271334164e-09,11.534124404424523,11.534124404424523,13.85640646055102
ideal,0.46704,999.9925842300051,0.46270136437946696,0.46270136437946696,3.0152339183479274e-09,11.534127535894312,11.534127535894312,13.85640646055102
ideal,0.46804,999.9929693481458,0.4626968990267117,0.4626968990267117,2.8618478143007378e-09,11.53413050500796,11.53413050500796,13.85640646055102
ideal,0.46904,999.9933345287038,0.46269266371614415,0.46269266371614415,2.7161574431924383e-09,11.53413332015012,11.53413332015012,13.85640646055102
ideal,0.47004,999.9936807990684,0.46268864668029297,0.46268864668029297,2.57778507351565e-09,11.534135989274946,11.534135989274946,13.85640646055102
ideal,0.47104,999.9940091340538,0.46268483674717686,0.46268483674717686,2.4463708199043573e-09,11.534138519928014,11.534138519928014,13.85640646055102
ideal,0.47204,999.9943204585617,0.4626812233106607,0.4626812233106607,2.3215718496726698e-09,11.534140919267154,11.534140919267154,13.85640646055102
ideal,0.47304,999.9946156501096,0.46267779630231465,0.46267779630231465,2.2030618385954386e-09,11.534143194082173,11.534143194082173,13.85640646055102
ideal,0.47404,999.9948955412372,0.46267454616451337,0.46267454616451337,2.0905298073069444e-09,11.534145350813613,11.534145350813613,13.85640646055102
ideal,0.47504,999.9951609217862,0.4626714638249567,0.4626714638249567,1.983679848127579e-09,11.534147395570638,11.534147395570638,13.85640646055102
ideal,0.47604,999.9954125410717,0.46266854067236013,0.46266854067236013,1.8822301461780365e-09,11.534149334147891,11.534149334147891,13.85640646055102
ideal,0.47704,999.9956511099421,0.4626657685333923,0.4626657685333923,1.7859125376220702e-09,11.53415117204158,11.53415117204158,13.85640646055102
ideal,0.47804,999.9958773027358,0.4626631396506852,0.4626631396506852,1.6944717855179075e-09,11.534152914464782,11.534152914464782,13.85640646055102
ideal,0.47904,999.9960917591414,0.46266064666196255,0.46266064666196255,1.6076649770997063e-09,11.534154566361874,11.534154566361874,13.85640646055102
ideal,0.48004,999.9962950859614,0.4626582825801882,0.4626582825801882,1.5252610570252293e-09,11.534156132422297,11.534156132422297,13.85640646055102
ideal,0.48104,999.9964878587916,0.4626560407746472,0.4626560407746472,1.4470400358645895e-09,11.534157617093625,11.534157617093625,13.85640646055102
ideal,0.48204,999.9966706236117,0.46265391495303704,0.46265391495303704,1.3727928130073626e-09,11.534159024593952,11.534159024593952,13.85640646055102
ideal,0.48304,999.9968438982962,0.46265189914439087,0.46265189914439087,1.3023204557048511e-09,11.534160358923703,11.534160358923703,13.85640646055102
ideal,0.48404,999.9970081740539,0.46264998768285664,0.46264998768285664,1.2354336938501366e-09,11.534161623876676,11.534161623876676,13.85640646055102
ideal,0.48504,999.997163916788,0.4626481751922634,0.4626481751922634,1.171952565083222e-09,11.534162823050783,11.534162823050783,13.85640646055102
ideal,0.48604,999.9973115683907,0.4626464565715062,0.4626464565715062,1.1117060274557365e-09,11.534163959858082,11.534163959858082,13.85640646055102
ideal,0.48704000000000003,999.9974515479739,0.4626448269805993,0.4626448269805993,1.0545313125721265e-09,11.534165037534224,11.534165037534224,13.85640646055102
ideal,0.48804000000000003,999.9975842530348,0.46264328182744313,0.46264328182744313,1.0002737311242977e-09,11.534166059147626,11.534166059147626,13.85640646055102
ideal,0.48904000000000003,999.9977100605621,0.46264181675527644,0.46264181675527644,9.487863078923532e-10,11.534167027608058,11.534167027608058,13.85640646055102
ideal,0.49004000000000003,999.9978293280893,0.4626404276307293,0.4626404276307293,8.999292635839245e-10,11.534167945674758,11.534167945674758,13.85640646055102
ideal,0.49104000000000003,999.9979423946909,0.46263911053247175,0.46263911053247175,8.53569779242132e-10,11.534168815964222,11.534168815964222,13.85640646055102
ideal,0.49204000000000003,999.9980495819316,0.462637861740432,0.462637861740432,8.095815275432849e-10,11.534169640957495,11.534169640957495,13.85640646055102
ideal,0.49304000000000003,999.9981511947633,0.46263667772556416,0.46263667772556416,7.678445664347881e-10,11.534170423007241,11.534170423007241,13.85640646055102
ideal,0.49404000000000003,999.9982475223801,0.46263555514013105,0.46263555514013105,7.282448824872133e-10,11.53417116434425,11.53417116434425,13.85640646055102
ideal,0.49504000000000004,999.9983388390265,0.4626344908084594,0.4626344908084594,6.906741483887241e-10,11.534171867083819,11.534171867083819,13.85640646055102
ideal,0.49604000000000004,999.9984254047681,0.46263348171815283,0.46263348171815283,6.5502934624599e-10,11.534172533231624,11.534172533231624,13.85640646055102
ideal,0.49704000000000004,999.9985074662183,0.46263252501180213,0.46263252501180213,6.21212807469971e-10,11.534173164689454,11.534173164689454,13.85640646055102
ideal,0.49804000000000004,999.9985852572322,0.4626316179790646,0.4626316179790646,5.891316244162634e-10,11.534173763260487,11.534173763260487,13.85640646055102
ideal,0.49904000000000004,999.9986589995632,0.46263075804912085,0.46263075804912085,5.586975066190013e-10,11.534174330654457,11.534174330654457,13.85640646055102
ideal,0.50004,999.9987289034863,0.4626299427835808,0.4626299427835808,5.298266685788472e-10,11.534174868492414,11.534174868492414,13.85640646055102
ideal,0.50104,999.9987951683887,0.462629169869679,0.462629169869679,5.024394691954898e-10,11.53417537831137,11.53417537831137,13.85640646055102
ideal,0.50204,999.9988579833317,0.46262843711388435,0.46262843711388435,4.764603367823675e-10,11.534175861568585,11.534175861568585,13.85640646055102
ideal,0.50304,999.9989175275838,0.46262774243575666,0.46262774243575666,4.5181740353560165e-10,11.534176319645688,11.534176319645688,13.85640646055102
ideal,0.50404,999.9989739711234,0.462627083862174,0.462627083862174,4.284425184747188e-10,11.534176753852666,11.534176753852666,13.85640646055102
ideal,0.50504,999.9990274751202,0.46262645952185083,0.46262645952185083,4.0627098348738525e-10,11.534177165431478,11.534177165431478,13.85640646055102
ideal,0.50604,999.9990781923892,0.46262586764008184,0.46262586764008184,3.852412501974367e-10,11.534177555559594,11.534177555559594,13.85640646055102
ideal,0.50704,999.9991262678222,0.46262530653378925,0.46262530653378925,3.6529492829657484e-10,11.534177925353386,11.534177925353386,13.85640646055102
ideal,0.50804,999.9991718387975,0.46262477460684914,0.46262477460684914,3.4637664833726633e-10,11.534178275871211,11.534178275871211,13.85640646055102
ideal,0.50904,999.9992150355656,0.4626242703456015,0.4626242703456015,3.2843377756867827e-10,11.534178608116495,11.534178608116495,13.85640646055102
ideal,0.51004,999.9992559816214,0.462623792314621,0.462623792314621,3.11416326160765e-10,11.534178923040482,11.534178923040482,13.85640646055102
ideal,0.51104,999.9992947940506,0.4626233391526911,0.4626233391526911,2.952769069639424e-10,11.534179221545045,11.534179221545045,13.85640646055102
ideal,0.51204,999.9993315838618,0.4626229095689902,0.4626229095689902,2.7997049052172905e-10,11.53417950448517,11.53417950448517,13.85640646055102
ideal,0.51304,999.999366456302,0.46262250233946617,0.46262250233946617,2.6545431271299387e-10,11.534179772671372,11.534179772671372,13.85640646055102
ideal,0.51404,999.9993995111523,0.4626221163034102,0.4626221163034102,2.516878866290569e-10,11.534180026872104,11.534180026872104,13.85640646055102
ideal,0.51504,999.9994308430137,0.462621750360183,0.462621750360183,2.3863264732429245e-10,11.534180267815799,11.534180267815799,13.85640646055102
ideal,0.51604,999.9994605415721,0.46262140346613534,0.46262140346613534,2.2625211915915793e-10,11.534180496193057,11.534180496193057,13.85640646055102
ideal,0.51704,999.9994886918563,0.46262107463165075,0.46262107463165075,2.145115699461161e-10,11.53418071265854,11.53418071265854,13.85640646055102
ideal,0.5180400000000001,999.9995153744766,0.4626207629183669,0.4626207629183669,2.0337808327585896e-10,11.534180917832861,11.534180917832861,13.85640646055102
ideal,0.5190400000000001,999.999540665853,0.4626204674365587,0.4626204674365587,1.9282053405402632e-10,11.534181112304386,11.534181112304386,13.85640646055102
ideal,0.5200400000000001,999.9995646384359,0.4626201873425997,0.4626201873425997,1.828092172974945e-10,11.53418129663082,11.53418129663082,13.85640646055102
ideal,0.5210400000000001,999.9995873609083,0.4626199218365796,0.4626199218365796,1.7331599030504325e-10,11.534181471340883,11.534181471340883,13.85640646055102
ideal,0.5220400000000001,999.999608898383,0.46261967016007993,0.46261967016007993,1.6431423418973132e-10,11.53418163693577,11.53418163693577,13.85640646055102
ideal,0.5230400000000001,999.9996293125879,0.4626194315939814,0.4626194315939814,1.557785193701083e-10,11.53418179389058,11.53418179389058,13.85640646055102
ideal,0.5240400000000001,999.9996486620395,0.4626192054564924,0.4626192054564924,1.4768494114262373e-10,11.534181942655723,11.534181942655723,13.85640646055102
ideal,0.5250400000000001,999.9996670022124,0.4626189911011698,0.4626189911011698,1.4001061446167664e-10,11.534182083658095,11.534182083658095,13.85640646055102
ideal,0.5260400000000001,999.9996843856945,0.4626187879151145,0.4626187879151145,1.3273392920864313e-10,11.534182217302433,11.534182217302433,13.85640646055102
ideal,0.5270400000000001,999.9997008623388,0.4626185953172338,0.4626185953172338,1.2583438816695185e-10,11.534182343972379,11.534182343972379,13.85640646055102
ideal,0.5280400000000001,999.9997164794032,0.46261841275661786,0.46261841275661786,1.192925550819277e-10,11.53418246403159,11.53418246403159,13.85640646055102
ideal,0.5290400000000001,999.9997312816876,0.46261823971094196,0.46261823971094196,1.1308992808989907e-10,11.534182577824787,11.534182577824787,13.85640646055102
ideal,0.5300400000000001,999.9997453116598,0.46261807568500596,0.46261807568500596,1.072089811994146e-10,11.534182685678728,11.534182685678728,13.85640646055102
ideal,0.5310400000000001,999.9997586095777,0.4626179202093172,0.4626179202093172,1.0163306200636217e-10,11.534182787903168,11.534182787903168,13.85640646055102
ideal,0.5320400000000001,999.9997712136034,0.46261777283878647,0.46261777283878647,9.634645356125391e-11,11.534182884791715,11.534182884791715,13.85640646055102
ideal,0.5330400000000001,999.9997831599117,0.4626176331514507,0.4626176331514507,9.13342251077532e-11,11.534182976622699,11.534182976622699,13.85640646055102
ideal,0.5340400000000001,999.9997944827952,0.4626175007472502,0.4626175007472502,8.658210090275763e-11,11.534183063659913,11.534183063659913,13.85640646055102
ideal,0.5350400000000001,999.999805214759,0.4626173752469408,0.4626173752469408,8.207671778993864e-11,11.534183146153444,11.534183146153444,13.85640646055102
ideal,0.5360400000000001,999.9998153866175,0.4626172562909752,0.4626172562909752,7.780524920973635e-11,11.534183224340312,11.534183224340312,13.85640646055102
ideal,0.5370400000000001,999.9998250275786,0.4626171435385048,0.4626171435385048,7.375561685992822e-11,11.53418329844521,11.53418329844521,13.85640646055102
ideal,0.5380400000000001,999.9998341653302,0.4626170366663906,0.4626170366663906,6.991628843037867e-11,11.534183368681092,11.534183368681092,13.85640646055102
ideal,0.5390400000000001,999.9998428261165,0.4626169353683026,0.4626169353683026,6.627643537347978e-11,11.534183435249863,11.534183435249863,13.85640646055102
ideal,0.5400400000000001,999.9998510348155,0.4626168393538559,0.4626168393538559,6.282570723924005e-11,11.53418349834284,11.53418349834284,13.85640646055102
ideal,0.5410400000000001,999.9998588150091,0.4626167483477427,0.4626167483477427,5.955426429299351e-11,11.5341835581414,11.5341835581414,13.85640646055102
ideal,0.5420400000000001,999.9998661890494,0.46261666208899543,0.46261666208899543,5.645288281387356e-11,11.534183614817486,11.534183614817486,13.85640646055102
ideal,0.5430400000000001,999.9998731781238,0.4626165803302341,0.4626165803302341,5.35127492841595e-11,11.534183668534029,11.534183668534029,13.85640646055102
ideal,0.5440400000000001,999.9998798023171,0.4626165028369334,0.4626165028369334,5.072545914838536e-11,11.534183719445485,11.534183719445485,13.85640646055102
ideal,0.5450400000000001,999.9998860806659,0.4626164293867683,0.4626164293867683,4.8083062194500426e-11,11.534183767698249,11.534183767698249,13.85640646055102
ideal,0.5460400000000001,999.9998920312153,0.46261635976898924,0.46261635976898924,4.5578078330913224e-11,11.534183813431103,11.534183813431103,13.85640646055102
ideal,0.5470400000000001,999.9998976710685,0.46261629378382707,0.46261629378382707,4.320340256968689e-11,11.534183856775577,11.534183856775577,13.85640646055102
ideal,0.5480400000000001,999.9999030164388,0.46261623124190593,0.46261623124190593,4.095225415000371e-11,11.534183897856332,11.534183897856332,13.85640646055102
ideal,0.5490400000000001,999.9999080826933,0.46261617196370186,0.46261617196370186,3.881820206506794e-11,11.534183936791537,11.534183936791537,13.85640646055102
ideal,0.5500400000000001,999.999912884398,0.46261611577904455,0.46261611577904455,3.679519307079067e-11,11.5341839736932,11.5341839736932,13.85640646055102
ideal,0.5510400000000001,999.999917435359,0.4626160625266378,0.4626160625266378,3.487748343677915e-11,11.534184008667477,11.534184008667477,13.85640646055102
ideal,0.5520400000000001,999.9999217486628,0.4626160120535714,0.4626160120535714,3.305959285609554e-11,11.534184041814994,11.534184041814994,13.85640646055102
ideal,0.5530400000000001,999.9999258367142,0.4626159642148962,0.4626159642148962,3.133628210921702e-11,11.534184073231112,11.534184073231112,13.85640646055102
ideal,0.5540400000000001,999.9999297112695,0.46261591887322073,0.46261591887322073,2.9702688143896254e-11,11.534184103006245,11.534184103006245,13.85640646055102
ideal,0.5550400000000001,999.9999333834733,0.46261587589831504,0.46261587589831504,2.8154153718539474e-11,11.53418413122606,11.53418413122606,13.85640646055102
ideal,0.5560400000000001,999.9999368638879,0.4626158351667237,0.4626158351667237,2.6686239633847395e-11,11.534184157971762,11.534184157971762,13.85640646055102
ideal,0.5570400000000001,999.9999401625258,0.4626157965614272,0.4626157965614272,2.5294748841556703e-11,11.53418418332033,11.53418418332033,13.85640646055102
ideal,0.5580400000000001,999.999943288876,0.4626157599715013,0.4626157599715013,2.3975718644553106e-11,11.53418420734472,11.53418420734472,13.85640646055102
ideal,0.5590400000000001,999.9999462519326,0.4626157252918105,0.4626157252918105,2.2725424065004315e-11,11.534184230114091,11.534184230114091,13.85640646055102
ideal,0.5600400000000001,999.9999490602212,0.46261569242270356,0.46261569242270356,2.154025145073734e-11,11.534184251693949,11.534184251693949,13.85640646055102
ideal,0.5610400000000001,999.9999517218224,0.4626156612696963,0.4626156612696963,2.0416766901519496e-11,11.534184272146426,11.534184272146426,13.85640646055102
ideal,0.5620400000000001,999.9999542443946,0.4626156317432556,0.4626156317432556,1.9351864998721105e-11,11.534184291530412,11.534184291530412,13.85640646055102
ideal,0.5630400000000001,999.9999566351972,0.46261560375850624,0.46261560375850624,1.8342429687502967e-11,11.534184309901706,11.534184309901706,13.85640646055102
ideal,0.5640400000000001,999.9999589011102,0.46261557723500557,0.46261557723500557,1.7385615250017013e-11,11.534184327313186,11.534184327313186,13.85640646055102
ideal,0.5650400000000001,999.9999610486553,0.46261555209648947,0.46261555209648947,1.6478627731301322e-11,11.534184343814982,11.534184343814982,13.85640646055102
ideal,0.5660400000000001,999.9999630840136,0.4626155282706796,0.4626155282706796,1.5618910895676018e-11,11.53418435945461,11.53418435945461,13.85640646055102
ideal,0.5670400000000001,999.999965013043,0.4626155056890702,0.4626155056890702,1.4804022137632558e-11,11.534184374277102,11.534184374277102,13.85640646055102
ideal,0.5680400000000001,999.9999668412969,0.46261548428671784,0.46261548428671784,1.4031595786911018e-11,11.53418438832514,11.53418438832514,13.85640646055102
ideal,0.5690400000000001,999.9999685740372,0.4626154640020735,0.4626154640020735,1.3299434225361358e-11,11.534184401639173,11.534184401639173,13.85640646055102
ideal,0.5700400000000001,999.999970216253,0.46261544477679895,0.46261544477679895,1.2605446906009033e-11,11.534184414257542,11.534184414257542,13.85640646055102
ideal,0.5710400000000001,999.999971772671,0.4626154265556002,0.4626154265556002,1.1947668080070806e-11,11.534184426216601,11.534184426216601,13.85640646055102
ideal,0.5720400000000001,999.9999732477731,0.46261540928605505,0.46261540928605505,1.1324141216811655e-11,11.53418443755076,11.53418443755076,13.85640646055102
ideal,0.5730400000000001,999.9999746458061,0.4626153929184847,0.4626153929184847,1.073313261408531e-11,11.534184448292677,11.534184448292677,13.85640646055102
ideal,0.5740400000000001,999.9999759707953,0.4626153774058043,0.4626153774058043,1.0172958382659917e-11,11.534184458473302,11.534184458473302,13.85640646055102
ideal,0.5750400000000001,999.999977226556,0.46261536270338,0.46261536270338,9.641980369004422e-12,11.534184468121932,11.534184468121932,13.85640646055102
ideal,0.5760400000000001,999.999978416704,0.46261534876891003,0.46261534876891003,9.138710567411684e-12,11.53418447726638,11.53418447726638,13.85640646055102
ideal,0.5770400000000001,999.9999795446662,0.4626153355623076,0.4626153355623076,8.661719116786422e-12,11.534184485932993,11.534184485932993,13.85640646055102
ideal,0.5780400000000001,999.9999806136912,0.4626153230455717,0.4626153230455717,8.209592110347577e-12,11.534184494146704,11.534184494146704,13.85640646055102
ideal,0.5790400000000001,999.9999816268578,0.4626153111826678,0.4626153111826678,7.781019167086433e-12,11.534184501931191,11.534184501931191,13.85640646055102
ideal,0.5800400000000001,999.999982587084,0.4626152999394593,0.4626152999394593,7.374798927141507e-12,11.534184509308878,11.534184509308878,13.85640646055102
ideal,0.5810400000000001,999.9999834971355,0.46261528928357354,0.46261528928357354,6.989747403126808e-12,11.534184516301021,11.534184516301021,13.85640646055102
ideal,0.5820400000000001,999.9999843596329,0.4626152791843619,0.4626152791843619,6.624853091520182e-12,11.53418452292777,11.53418452292777,13.85640646055102
ideal,0.5830400000000001,999.9999851770608,0.4626152696127485,0.4626152696127485,6.2789766770154826e-12,11.534184529208204,11.534184529208204,13.85640646055102
ideal,0.5840400000000001,999.9999859517734,0.46261526054117863,0.46261526054117863,5.951133069344112e-12,11.534184535160426,11.534184535160426,13.85640646055102
ideal,0.5850400000000001,999.9999866860029,0.4626152519435335,0.4626152519435335,5.6403924865268085e-12,11.534184540801578,11.534184540801578,13.85640646055102
ideal,0.5860400000000001,999.999987381864,0.4626152437950658,0.4626152437950658,5.345870882285096e-12,11.534184546147912,11.534184546147912,13.85640646055102
ideal,0.5870400000000001,999.9999880413607,0.46261523607231914,0.46261523607231914,5.066739695899987e-12,11.534184551214853,11.534184551214853,13.85640646055102
ideal,0.5880400000000001,999.9999886663936,0.46261522875306216,0.46261522875306216,4.802167353059807e-12,11.534184556016964,11.534184556016964,13.85640646055102
ideal,0.5890400000000001,999.9999892587629,0.4626152218162161,0.4626152218162161,4.551398328350707e-12,11.534184560568116,11.534184560568116,13.85640646055102
ideal,0.5900400000000001,999.9999898201753,0.4626152152418101,0.4626152152418101,4.313728859245007e-12,11.53418456488141,11.53418456488141,13.85640646055102
ideal,0.5910400000000001,999.9999903522487,0.46261520901090053,0.46261520901090053,4.088410688405343e-12,11.534184568969266,11.534184568969266,13.85640646055102
ideal,0.5920400000000001,999.999990856516,0.4626152031055535,0.4626152031055535,3.874889137506999e-12,11.534184572843476,11.534184572843476,13.85640646055102
ideal,0.5930400000000001,999.9999913344294,0.4626151975087614,0.4626151975087614,3.672518056823679e-12,11.53418457651521,11.53418457651521,13.85640646055102
ideal,0.5940400000000001,999.9999917873662,0.4626151922044179,0.4626151922044179,3.4807401089783e-12,11.534184579995038,11.534184579995038,13.85640646055102
ideal,0.5950400000000001,999.9999922166319,0.46261518717723266,0.46261518717723266,3.298922084966105e-12,11.534184583292982,11.534184583292982,13.85640646055102
ideal,0.5960400000000001,999.9999926234626,0.4626151824127331,0.4626151824127331,3.1266314456013164e-12,11.534184586418569,11.534184586418569,13.85640646055102
ideal,0.5970400000000001,999.9999930090315,0.46261517789719947,0.46261517789719947,2.963317412502699e-12,11.53418458938078,11.53418458938078,13.85640646055102
ideal,0.5980400000000001,999.9999933744484,0.46261517361763177,0.46261517361763177,2.8085788233024584e-12,11.53418459218818,11.53418459218818,13.85640646055102
ideal,0.5990400000000001,999.999993720767,0.4626151695616984,0.4626151695616984,2.6618789039618495e-12,11.53418459484884,11.53418459484884,13.85640646055102
combined_mild,4e-05,0.03435432797955206,0.3787073856486586,0.3765753239015589,-0.013702437171246215,10.255750499105169,10.25575049910517,13.163586137523467
combined_mild,0.0010400000000000001,13.815707333085752,4.362355364725083,4.343194050885991,-0.1562166480725144,3.289658580401856,3.3252267084364013,13.163586137523467
combined_mild,0.00204,34.925264901705496,4.830912362819075,4.808709664750063,-0.1783437771322191,2.682403262016777,2.7184660899951743,13.163586137523467
combined_mild,0.00304,56.977723609686606,4.914476681678869,4.891793924439086,-0.1851431493571302,2.8459732005046607,2.882569434594493,13.163586137523467
combined_mild,0.00404,79.24753075460606,4.947865019744278,4.924311319949901,-0.18843504010613288,3.091496807748308,3.1286672712025294,13.163586137523467
combined_mild,0.00504,101.62267347934066,4.969782193961169,4.9451451259189865,-0.18989670918409285,3.349892262633211,3.3876998423025735,13.163586137523467
combined_mild,0.00604,124.06591634579966,4.985500898215413,4.960799623092925,-0.18979897302098375,3.608357328103382,3.6468110552760638,13.163586137523467
combined_mild,0.00704,146.55404206770902,4.996796282132101,4.971673977425657,-0.1887258148710838,3.866344982792406,3.905406998739802,13.163586137523467
combined_mild,0.00804,169.06932532712628,5.004863366226701,4.978612869900238,-0.18658652670910816,4.124862877077808,4.1644346078035746,13.163586137523467
combined_mild,0.009040000000000001,191.5998050479208,5.0103175358595715,4.984991121450397,-0.18370656450180958,4.38525130736367,4.425161667145577,13.163586137523467
combined_mild,0.01004,214.1335702369489,5.013626651182826,4.990137026681873,-0.18001674357859287,4.6429795313588516,4.682970408412195,13.163586137523467
combined_mild,0.011040000000000001,236.66206035379008,5.014997092434622,4.992814907934372,-0.17603264040302408,4.8985156696359935,4.938233366699895,13.163586137523467
combined_mild,0.01204,259.17633185150237,5.01436195829281,4.9965375130837355,-0.1719522583469013,5.153583230879694,5.192571298678869,13.163586137523467
combined_mild,0.013040000000000001,281.66818711492016,5.012155917481578,4.999302419144056,-0.16810458621208937,5.412185423371104,5.449885309193243,13.163586137523467
combined_mild,0.01404,304.1302219851759,5.008236008161739,5.001034855921363,-0.16477491886194912,5.666492112131399,5.702234472466558,13.163586137523467
combined_mild,0.015040000000000001,326.55616168531446,5.003208676211543,5.00263651329116,-0.1628327938426037,5.921673847345884,5.954687578680083,13.163586137523467
combined_mild,0.01604,348.9404772608666,4.996618696290757,5.003937033097998,-0.14877580957812056,6.17449953319968,6.212696407255301,13.163586137523467
combined_mild,0.01704,371.2742923397608,4.988415786627374,5.003840691594718,-0.152245150976299,6.428407486346276,6.467969827608287,13.163586137523467
combined_mild,0.01804,393.55614524868673,4.980785844991044,5.003073105676159,-0.16007720427261285,6.681865824970206,6.72186189272539,13.163586137523467
combined_mild,0.01904,415.79234155360757,4.975220141346236,5.003578052617175,-0.16951698863800957,6.935482982316955,6.974796399596447,13.163586137523467
combined_mild,0.02004,437.9942295874109,4.972567791999727,5.003357535331915,-0.18016485547798639,7.193588262962773,7.230936948955894,13.163586137523467
combined_mild,0.02104,460.1767563322139,4.973649250996965,5.00315522107545,-0.19121854060693008,7.452462204121098,7.4864504359386785,13.163586137523467
combined_mild,0.02204,482.3573032377544,4.9779792800709775,5.00058585888124,-0.18856423980731768,7.70848893162035,7.746788793454778,13.163586137523467
combined_mild,0.02304,504.54612072563543,4.98443270994334,4.99857117311847,-0.19682853245169687,7.96897999697425,8.008839922726064,13.163586137523467
combined_mild,0.02404,526.7556244112042,4.9938948731100865,4.996486702075707,-0.20448975469748912,8.230523584401551,8.270171053584843,13.163586137523467
combined_mild,0.02504,548.9981135398054,5.00549342111906,4.995511393920206,-0.20687228865215054,8.489176432467058,8.526638560747381,13.163586137523467
combined_mild,0.02604,571.2767657139048,5.016236013771429,4.996911062124341,-0.20307592646928396,8.750623129720955,8.783810736851386,13.163586137523467
combined_mild,0.02704,593.5811712375407,5.023026723481191,4.997545314002111,-0.18045643896111477,9.006006127596986,9.045126184678018,13.163586137523467
combined_mild,0.02804,615.8825579854985,5.02239065401792,4.999376837929174,-0.17094545705587624,9.258377807759471,9.298339709998919,13.163586137523467
combined_mild,0.02904,638.1522316778904,5.016255532941785,5.00249996808008,-0.16354989579322185,9.507037592777788,9.545176077005321,13.163586137523467
combined_mild,0.03004,660.367575994396,5.0056134781299635,5.006252958276414,-0.1596510006836531,9.75671456280789,9.790204837118317,13.163586137523467
combined_mild,0.03104,682.5120747005118,4.991642848641797,5.007500681792667,-0.14806578727018269,10.001403711389964,10.040714762340789,13.163586137523467
combined_mild,0.03204,704.5754782188841,4.978021134595218,5.007579494430417,-0.15900594074460944,10.254641440207555,10.29441651628292,13.163586137523467
combined_mild,0.03304,726.5757093211118,4.971427376869499,5.005172099384057,-0.1776288447509477,10.510089551491403,10.546827472092295,13.163586137523467
combined_mild,0.03404,748.554235760532,4.97502943101149,5.0021563895769,-0.1890990114487028,10.768793017604528,10.806608694772985,13.163586137523467
combined_mild,0.03504,770.5501534304501,4.985284679891348,4.9970724625502685,-0.19704186321546538,11.033502139613422,11.073499313870402,13.163586137523467
combined_mild,0.03604,792.5907430346581,5.00109278688086,4.995144488981522,-0.20513433188032548,11.292679771200065,11.330709774975848,13.163586137523467
combined_mild,0.037040000000000003,814.6910579169173,5.017507611922164,4.996748032075174,-0.20037070528484818,11.546922192218792,11.583797542404763,13.163586137523467
combined_mild,0.038040000000000004,836.6241130357199,4.857865900956097,4.831856956530199,-0.17334435363440873,11.346776290746156,11.38672698410164,13.163586137523467
combined_mild,0.03904,857.1157036844035,4.4538895844369035,4.438965196071883,-0.15195174409833248,11.316641248002128,11.354920600716008,13.163586137523467
combined_mild,0.04004,875.7112084973963,4.0395892361694274,4.042149117268649,-0.13443018282725408,11.347865435761026,11.38464212043635,13.163586137523467
combined_mild,0.04104,892.474587951955,3.6515854520943627,3.6657343946595593,-0.11547943197090091,11.3969946122341,11.436957753488368,13.163586137523467
combined_mild,0.04204,907.5543634620857,3.301484339894073,3.3215018330927433,-0.11888154968881401,11.44121764626966,11.479147235441982,13.163586137523467
combined_mild,0.04304,921.1311262993635,2.9911335543669035,3.0041618367070324,-0.11494261757987917,11.483307637407554,11.520849279347596,13.163586137523467
combined_mild,0.04404,933.366357499595,2.7109199192323925,2.712884649773889,-0.10839834039906844,11.522412508739619,11.562397828410298,13.163586137523467
combined_mild,0.045040000000000004,944.3857779439421,2.4564662530841868,2.4484569352633097,-0.10225860976305859,11.551482554371836,11.588161417568534,13.163586137523467
combined_mild,0.046040000000000005,954.2900917406665,2.2192444674301925,2.2078467233642085,-0.07768203627709513,11.57338234857423,11.61215666295775,13.163586137523467
combined_mild,0.047040000000000005,963.1412865647035,1.99464342724532,1.9876487195529458,-0.0653584704321794,11.592061181606727,11.631638798697997,13.163586137523467
combined_mild,0.04804,971.0089531618332,1.7877255261549398,1.7909600662915062,-0.060565658394405086,11.607506581545586,11.641756561884412,13.163586137523467
combined_mild,0.04904,977.9761714581489,1.598626849640575,1.6079804083286695,-0.04728576830192193,11.625044846021325,11.664836863067645,13.163586137523467
combined_mild,0.05004,984.1303766644272,1.431224819351615,1.4426647670923147,-0.05368800755482409,11.637042388747258,11.675222944744974,13.163586137523467
combined_mild,0.05104,989.5758002962623,1.2861129957962065,1.2921495952785427,-0.048309354428853424,11.653689899433337,11.691439486993815,13.163586137523467
combined_mild,0.05204,994.3952447502633,1.1553232946983891,1.1568439697731443,-0.04818912526777613,11.663660099266906,11.703551052099963,13.163586137523467
combined_mild,0.053040000000000004,998.6521186138432,1.0385365682221264,1.0348101145338087,-0.04820316107020441,11.671832210034907,11.707204484484102,13.163586137523467
combined_mild,0.054040000000000005,1002.3987220514166,0.9294077040200234,0.9241406315547259,-0.03123509889479799,11.675834338500392,11.715406970401455,13.163586137523467
combined_mild,0.055040000000000006,1005.6617567772139,0.8271477652956944,0.8240804054470581,-0.030318291804959086,11.67968171109626,11.718231095620236,13.163586137523467
combined_mild,0.05604,1008.4838118864701,0.7350021584119146,0.7352762903378194,-0.02029277699356994,11.681562175045045,11.719008981611895,13.163586137523467
combined_mild,0.05704,1010.9039387763921,0.6506047756152112,0.6530221404375991,-0.020755088632027834,11.680818858513208,11.720743810418103,13.163586137523467
combined_mild,0.05804,1012.9676290827629,0.57838914198209,0.5807909755545522,-0.026475291225395554,11.684063414884559,11.719508602144892,13.163586137523467
combined_mild,0.05904,1014.7248261384455,0.5143316796537827,0.5141779499943497,-0.01624711257905565,11.685931688575167,11.725525674463443,13.163586137523467
combined_mild,0.06004,1016.2037055977265,0.4565865908521598,0.4548219796326064,-0.019719910717261376,11.68258487832689,11.721026815775929,13.163586137523467
combined_mild,0.061040000000000004,1017.4374914517447,0.40543488827299784,0.40373485943530474,-0.009872979432035925,11.680134412841214,11.717793986648813,13.163586137523467
combined_mild,0.062040000000000005,1018.4424471488738,0.3563426900666444,0.35656839333867707,-0.010143234842212762,11.676671717767455,11.71654032021666,13.163586137523467
combined_mild,0.06304,1019.2387520580423,0.3135863024492349,0.31657391505094046,-0.013337552412707218,11.67106058967118,11.705307146250586,13.163586137523467
combined_mild,0.06404,1019.8516858380035,0.2747675749659102,0.2777051998863566,-0.005647461106746676,11.668631600079422,11.708367407130226,13.163586137523467
combined_mild,0.06504,1020.2990469094793,0.24138418951498747,0.24552991334114865,-0.012496689275457176,11.66179921461032,11.69988376659199,13.163586137523467
combined_mild,0.06604,1020.6116345752234,0.2142083166198905,0.21708263469969954,-0.0054794929166208225,11.659512144893235,11.697602960217989,13.163586137523467
combined_mild,0.06704,1020.8044592255575,0.18911934101432912,0.189907893216824,-0.009804069445327308,11.654631259799261,11.694360640785051,13.163586137523467
combined_mild,0.06804,1020.8947933737327,0.169073988896397,0.16883759420736275,-0.0073178072330983245,11.65158297099856,11.686582861779918,13.163586137523467
combined_mild,0.06904,1020.8962460662864,0.14896168550372346,0.1468124629789838,-0.004537472340303756,11.643499058259515,11.683380470186734,13.163586137523467
combined_mild,0.07004,1020.8119821935053,0.13177715398600634,0.1308623913975714,-0.009748123500982989,11.637432603216027,11.675017059613436,13.163586137523467
combined_mild,0.07104,1020.6573094035746,0.11696241196125014,0.11496310346227576,-0.00016821719620651782,11.633665664548202,11.672210614270028,13.163586137523467
combined_mild,0.07204,1020.4353014793593,0.10270815431965667,0.10171795790666746,-0.004546238764571494,11.624719077298375,11.664231021634,13.163586137523467
combined_mild,0.07304000000000001,1020.1590797580562,0.09288889900766711,0.0914813176948152,-0.0002831841884981147,11.621882087115027,11.65764163007711,13.163586137523467
combined_mild,0.07404000000000001,1019.8360622617023,0.08172917989083006,0.07999492634154838,-0.0004828037621394085,11.613017233077237,11.652990032640963,13.163586137523467
combined_mild,0.07504000000000001,1019.4691758562933,0.07370690149579286,0.07363262139173612,-0.0064683328890062985,11.607884041333847,11.644889103773592,13.163586137523467
combined_mild,0.07604000000000001,1019.071875174881,0.0668830995992244,0.06762652073931755,0.0028602297877940645,11.600513230499407,11.639452830396573,13.163586137523467
combined_mild,0.07704000000000001,1018.6412553017615,0.05989279608408646,0.06046891203904938,-0.0032104690620687487,11.592855202910206,11.632091166414568,13.163586137523467
combined_mild,0.07804,1018.1877917316325,0.05649707150155401,0.05893448886057848,0.0025119346876813758,11.592185979102906,11.628620199398142,13.163586137523467
combined_mild,0.07904,1017.7156455219167,0.051637989106582724,0.05338183695522761,-0.0011913693401885274,11.584134977793079,11.624134938178763,13.163586137523467
combined_mild,0.08004,1017.2275765510291,0.05001776068050421,0.05193599868921091,-0.004184371850557932,11.5823010974594,11.614820705326853,13.163586137523467
combined_mild,0.08104,1016.7364205910974,0.0484540334214088,0.04965528916644809,-0.0001486342690849511,11.572410857210826,11.61166426167159,13.163586137523467
combined_mild,0.08204,1016.2382791828705,0.04765693774092187,0.048039761542712334,-0.0068249522018019124,11.566259922103049,11.605190438773338,13.163586137523467
combined_mild,0.08304,1015.7442420243494,0.04919200264677079,0.04841328954649186,0.0008061256229951962,11.561767378374643,11.598769326578982,13.163586137523467
combined_mild,0.08404,1015.2507777437935,0.04855917813859802,0.04689045729946713,-0.0035142319079596285,11.55750986541392,11.597484169812349,13.163586137523467
combined_mild,0.08504,1014.7588164100274,0.05014994410490634,0.04849319540673343,-0.0028399083677512335,11.555456182069202,11.58874457209555,13.163586137523467
combined_mild,0.08604,1014.2736278826776,0.050069061642217055,0.04793973036764735,0.0005426911691702284,11.546141757983442,11.585623607280906,13.163586137523467
combined_mild,0.08704,1013.787956269006,0.05061704228465358,0.04980898773744754,-0.005591021320052429,11.54176139544577,11.580382973904017,13.163586137523467
combined_mild,0.08804000000000001,1013.310084428996,0.05261438590817972,0.05134723439682553,0.002687745757850869,11.537128854532927,11.574576944447172,13.163586137523467
combined_mild,0.08904000000000001,1012.8350440738751,0.05240370537499297,0.05245117001895964,-0.0017691636513102408,11.531701811019703,11.57161623205199,13.163586137523467
combined_mild,0.09004000000000001,1012.3650777890857,0.05518789583676046,0.05431527711977856,-0.0022800202533170572,11.532263906447865,11.56617040257164,13.163586137523467
combined_mild,0.09104000000000001,1011.9053862733131,0.055790139213445215,0.056384828526695754,0.0019322486605734285,11.523224697191548,11.562869207996467,13.163586137523467
combined_mild,0.09204000000000001,1011.4478745147953,0.05692308975393644,0.05899205088838193,-0.004772615078128489,11.519390024186363,11.557718751464051,13.163586137523467
combined_mild,0.09304000000000001,1011.0021527631762,0.0597945167076204,0.060861660646938445,0.002552248253732692,11.516872458532005,11.554671280256494,13.163586137523467
combined_mild,0.09404000000000001,1010.5640292208452,0.06077513143885929,0.06284205637547755,-0.003124779799008346,11.508901539293202,11.54873831424465,13.163586137523467
combined_mild,0.09504,1010.13714415823,0.06502285776306924,0.06697406037019493,-0.0017996029683532955,11.511090841822588,11.545509438717161,13.163586137523467
combined_mild,0.09604,1009.7273049778469,0.06732045082803809,0.06829821355021783,-0.0021412646236129273,11.504914868623194,11.544672319695186,13.163586137523467
combined_mild,0.09704,1009.3294210024899,0.07090344778702444,0.07194227483094502,-0.009012192024753077,11.501389648373149,11.539454198690853,13.163586137523467
combined_mild,0.09804,1008.9524341651914,0.07523652983535356,0.07424253864819745,-0.00035337973900935015,11.499160803795546,11.53723562068041,13.163586137523467
combined_mild,0.09904,1008.5874829340257,0.07738666777379653,0.07591887802795112,-0.005382926838764163,11.497236160761494,11.536990569008829,13.163586137523467
combined_mild,0.10004,1008.2357180172429,0.08100783253287329,0.07854240107521979,-0.0017287331303057793,11.494497575844973,11.529313177372096,13.163586137523467
combined_mild,0.10104,1007.8976762273422,0.08249899923233592,0.08145720142011398,-0.0012520356696760202,11.492055204311189,11.531888556130385,13.163586137523467
combined_mild,0.10204,1007.5654873746561,0.08454518475928482,0.08322959540710176,-0.007531332612131302,11.488333864117761,11.526170243944778,13.163586137523467
combined_mild,0.10304,1007.2483369740314,0.08751959734568522,0.0854384899178055,0.0015551602102434616,11.485473575967227,11.523751669057486,13.163586137523467
combined_mild,0.10404000000000001,1006.9378471743216,0.0885842212079404,0.08770273322200355,-0.0037520226453511417,11.481531728025855,11.521206976801599,13.163586137523467
combined_mild,0.10504000000000001,1006.6371767042406,0.09185478840529128,0.0914157150242436,-0.0009260692341033177,11.484228214934436,11.519351291347595,13.163586137523467
combined_mild,0.10604000000000001,1006.3473929721964,0.09258918366052783,0.09272781643740347,-9.906438011954437e-05,11.476967200621528,11.516851924858193,13.163586137523467
combined_mild,0.10704000000000001,1006.0622163250785,0.09426465604817091,0.09597843446753038,-0.006708556801361013,11.472392684388202,11.510033801922607,13.163586137523467
combined_mild,0.10804000000000001,1005.7879450707029,0.09650114627702305,0.09888922404637478,0.0013124252886973016,11.474335784662978,11.512775618447918,13.163586137523467
combined_mild,0.10904000000000001,1005.519020480906,0.09744692924491559,0.09994225161428777,-0.0050551041661069706,11.4676338068338,11.507237286201665,13.163586137523467
combined_mild,0.11004000000000001,1005.2616674408089,0.10168935461610708,0.10290435727125359,-0.002895200199666082,11.469751842785419,11.50512607074497,13.163586137523467
combined_mild,0.11104000000000001,1005.0198941002424,0.10368163866216372,0.10470996154729248,-0.0038535647865344845,11.46730242353101,11.507221357179937,13.163586137523467
combined_mild,0.11204,1004.7890621163934,0.10706150303043395,0.10642908203068353,-0.010854216085979558,11.46501504576704,11.50249303684256,13.163586137523467
combined_mild,0.11304,1004.5770331202414,0.11049006979711075,0.11015132586058515,-0.0016829624342986841,11.464431053778124,11.502993409011259,13.163586137523467
combined_mild,0.11404,1004.3735081185428,0.11191907613382507,0.11131489716341628,-0.0071116261943226814,11.461064913726041,11.50060475506734,13.163586137523467
combined_mild,0.11504,1004.1800466470405,0.11506885674026741,0.11232162624978115,-0.0021223376746993044,11.461907190185975,11.49746934249169,13.163586137523467
combined_mild,0.11604,1003.9953619821246,0.11528811761898418,0.11334721943790764,-0.002656460269489221,11.459562495217499,11.499504833007654,13.163586137523467
combined_mild,0.11704,1003.8139969896883,0.11683152039961375,0.11564841326685328,-0.008653782243880366,11.456586533827336,11.493932558174558,13.163586137523467
combined_mild,0.11804,1003.6427194897205,0.1187526287564541,0.11752846739949444,0.000190179339732426,11.459350702369619,11.498006159129421,13.163586137523467
combined_mild,0.11904,1003.4745817128631,0.11915034824850995,0.11832906597100706,-0.00508456697572173,11.454301575679102,11.493790178692459,13.163586137523467
combined_mild,0.12004000000000001,1003.3131912822164,0.12170847812582437,0.12176565186218358,-0.001369047004959128,11.457095532521526,11.492803762969558,13.163586137523467
combined_mild,0.12104000000000001,1003.1580610267151,0.12154479561403933,0.12199984657136126,-0.0013266002539265255,11.4513652324197,11.491322748713005,13.163586137523467
combined_mild,0.12204000000000001,1003.0036395775065,0.12235335446092176,0.12365053438356292,-0.007719357699288661,11.449535385825227,11.486777638426515,13.163586137523467
combined_mild,0.12304000000000001,1002.8558873851144,0.1235189184410875,0.1266327801019559,0.0002937282593920865,11.450946463650821,11.48967272650102,13.163586137523467
combined_mild,0.12404000000000001,1002.7090049878093,0.1238605165705794,0.12664907261450792,-0.006009023702625883,11.448688338311841,11.488130993549715,13.163586137523467
combined_mild,0.12504,1002.5703361699614,0.126952688629434,0.1286422588007782,-0.003228058490551795,11.448360366715944,11.48418907619421,13.163586137523467
combined_mild,0.12604,1002.4421647791388,0.12805067958488262,0.1299907905747576,-0.005134437394247822,11.44763713778625,11.48760538003548,13.163586137523467
combined_mild,0.12704000000000001,1002.3214227762371,0.13068916373050438,0.13070408550415671,-0.011753121963982087,11.445338721647033,11.482491246158274,13.163586137523467
combined_mild,0.12804000000000001,1002.2158025995792,0.13319957234199717,0.13230324673292723,-0.002289248846544078,11.447994519950392,11.486777579053102,13.163586137523467
combined_mild,0.12904000000000002,1002.1146521325572,0.13385225082099467,0.13236492272546418,-0.007612054429335349,11.445541434767303,11.484948435897493,13.163586137523467
combined_mild,0.13004000000000002,1002.0207096214085,0.13605869325577138,0.13459171287769886,-0.0025763429564932888,11.445533012926813,11.4814462424514,13.163586137523467
combined_mild,0.13104000000000002,1001.9307821747866,0.13566742028923653,0.13465921915916668,-0.002872020749650288,11.444846266709726,11.484821507693953,13.163586137523467
combined_mild,0.13204000000000002,1001.8405455015632,0.1363159143998576,0.13628246565826355,-0.009442820984914429,11.442076389772634,11.479161176317627,13.163586137523467
combined_mild,0.13304000000000002,1001.7565873448983,0.13726626051385152,0.13532443263203497,-0.0002302581359670055,11.44272529804167,11.481549096001096,13.163586137523467
combined_mild,0.13404000000000002,1001.6723079236173,0.13722243713321433,0.13587993527083037,-0.005874152957041222,11.44131333889632,11.48069157082288,13.163586137523467
combined_mild,0.13504000000000002,1001.5929639827289,0.13909806540343184,0.1381015834854392,-0.001171128684828261,11.44375081522519,11.4797321556284,13.163586137523467
combined_mild,0.13604000000000002,1001.5162555785512,0.13804200567637867,0.13800255268351544,-0.0018981794732725388,11.439387084158344,11.479367396994173,13.163586137523467
combined_mild,0.13704000000000002,1001.4361353453456,0.1382724420766512,0.1398124566384241,-0.008186729695600838,11.438024545337514,11.475056627167392,13.163586137523467
combined_mild,0.13804000000000002,1001.3601422313127,0.13867407064799933,0.1405452984730033,6.163161233965555e-05,11.438449761314073,11.477306609264886,13.163586137523467
combined_mild,0.13904000000000002,1001.2815720897486,0.13849113428666684,0.1410853779651759,-0.006913824602403501,11.439568222704693,11.478924032824386,13.163586137523467
combined_mild,0.14004000000000003,1001.2095984999669,0.1410319853051471,0.14267922368476266,-0.0033665966544728213,11.439043029246323,11.475088113920735,13.163586137523467
combined_mild,0.14104000000000003,1001.1449233468223,0.1416849225815524,0.1419992546643432,-0.005753409015396328,11.437197259647908,11.4771812212208,13.163586137523467
combined_mild,0.14204000000000003,1001.0859205337348,0.14376658127232317,0.1433347996024113,-0.012488204974115116,11.436722178164025,11.473712567607139,13.163586137523467
combined_mild,0.14304000000000003,1001.0387928532624,0.1456032720787871,0.14402975982815466,-0.00309635160279414,11.43577363638722,11.47465629396945,13.163586137523467
combined_mild,0.14404000000000003,1000.9934082706342,0.14585827019383674,0.14511611726136103,-0.008310289518314343,11.437351214954562,11.476688106758944,13.163586137523467
combined_mild,0.14504000000000003,1000.952314101563,0.14725507617664962,0.1452915199850149,-0.0032172261915288563,11.438975021915905,11.475052734268631,13.163586137523467
combined_mild,0.14604000000000003,1000.9121534400996,0.14596662559221543,0.14535096839685663,-0.003624557451790298,11.436022490357098,11.476008730550062,13.163586137523467
combined_mild,0.14704000000000003,1000.8690414801251,0.1466178789367887,0.14553110373758796,-0.009970324084606987,11.434806593810574,11.471764451699865,13.163586137523467
combined_mild,0.14804000000000003,1000.8315363198799,0.14719997208111793,0.14533145688205074,-0.0007166030739154825,11.43559314625969,11.474493979559877,13.163586137523467
combined_mild,0.14904000000000003,1000.7919000438894,0.14667516660810098,0.1464200613458091,-0.006317265998319137,11.435069449366267,11.47439317903417,13.163586137523467
combined_mild,0.15004000000000003,1000.754822930306,0.14807852291250828,0.14758045951138543,-0.0017006705461668846,11.43426716768416,11.470376586236208,13.163586137523467
combined_mild,0.15104000000000004,1000.7180618728602,0.14668224445138284,0.14668303077623762,-0.0021685129547136784,11.433306973102637,11.47329500575474,13.163586137523467
combined_mild,0.15204000000000004,1000.676847398239,0.14654366287544995,0.1478415582001798,-0.008687049341797521,11.432901343372443,11.469830782556928,13.163586137523467
combined_mild,0.15304000000000004,1000.6375855381611,0.146380830164223,0.14881585071949163,-0.00013039889002853893,11.432734318392988,11.471648686194317,13.163586137523467
combined_mild,0.15404000000000004,1000.5938029407605,0.14579326124329348,0.14901946509264624,-0.00710617504621323,11.432835181358636,11.472147161502622,13.163586137523467
combined_mild,0.15504,1000.5545018793836,0.14806910092699582,0.14970061275099855,-0.003566845164380232,11.433607909243046,11.469747327461334,13.163586137523467
combined_mild,0.15604,1000.5214565500098,0.14827045912015083,0.14998907631258798,-0.006092925318278182,11.43130445645627,11.471293894375151,13.163586137523467
combined_mild,0.15704,1000.4924015382619,0.1503762206912307,0.1501499155161385,-0.012779052917768648,11.434082203171533,11.470992429910403,13.163586137523467
combined_mild,0.15804,1000.4745410113412,0.1516976324987302,0.1501206316849846,-0.003297805921585176,11.431953627228017,11.470882381001879,13.163586137523467
combined_mild,0.15904000000000001,1000.4565973293603,0.15158689009219095,0.14993559225012443,-0.008307060356737802,11.4313805811997,11.470685297642834,13.163586137523467
combined_mild,0.16004000000000002,1000.4414657923759,0.15286701697438368,0.15109656206598293,-0.0027614307184489493,11.433085225228991,11.469243564385446,13.163586137523467
combined_mild,0.16104000000000002,1000.4267426451997,0.1514472721307574,0.14934695741370393,-0.0038391668758357258,11.43006062084155,11.470051050708735,13.163586137523467
combined_mild,0.16204000000000002,1000.408117338081,0.15168393983126255,0.1501552426746337,-0.010169259713809607,11.432447315303522,11.469343873032416,13.163586137523467
combined_mild,0.16304000000000002,1000.3932507815296,0.15186175014559972,0.1514267966058388,-0.0010863287844449696,11.432625276088885,11.471562222158731,13.163586137523467
combined_mild,0.16404000000000002,1000.3749321807065,0.15132358664917786,0.14993774992681472,-0.006660257316848796,11.431754572780742,11.471051182872303,13.163586137523467
combined_mild,0.16504000000000002,1000.3591334280922,0.15244918843957633,0.15109491501693598,-0.0019650505446732356,11.43307976428523,11.469247792387154,13.163586137523467
combined_mild,0.16604000000000002,1000.3423186445912,0.15096144673698644,0.15067896061349473,-0.0022487359046802387,11.431961493213297,11.471952359935528,13.163586137523467
combined_mild,0.16704000000000002,1000.3197607496863,0.15050798587836123,0.15246135777978523,-0.008631965160782447,11.431226728576638,11.468110636873522,13.163586137523467
combined_mild,0.16804000000000002,1000.2977854172127,0.15008162797777233,0.1527340427935223,-0.0005199819244029426,11.428288322826155,11.467230905726076,13.163586137523467
combined_mild,0.16904000000000002,1000.2708448577329,0.14937759932753883,0.15253359327134208,-0.007275695823298631,11.4283997231452,11.467692140755396,13.163586137523467
combined_mild,0.17004000000000002,1000.2474375010454,0.15150961854858955,0.15321225264184501,-0.0037919426869274238,11.433807767932096,11.469993500444318,13.163586137523467
combined_mild,0.17104000000000003,1000.2291637593505,0.15149007943002932,0.15201111087738334,-0.006275781890500201,11.43047115624922,11.47046280698098,13.163586137523467
combined_mild,0.17204000000000003,1000.2151191170748,0.15353177790252698,0.15246444100690015,-0.013051990924651702,11.428928938988257,11.465801822481842,13.163586137523467
combined_mild,0.17304000000000003,1000.2113442920302,0.15472406155916701,0.15404247237258262,-0.003548077027533717,11.431902387294068,11.470853284939116,13.163586137523467
combined_mild,0.17404000000000003,1000.2065263539456,0.15433344460279363,0.15345071562007967,-0.008452114357609742,11.430194006666238,11.469481592824666,13.163586137523467
combined_mild,0.17504000000000003,1000.2036055183735,0.15552994678061122,0.1533826739440878,-0.00301935814601054,11.432202327288527,11.468396945206083,13.163586137523467
combined_mild,0.17604000000000003,1000.2005610870004,0.15384676116080903,0.1533434031563892,-0.0037837121526832452,11.429069938074916,11.46906184877002,13.163586137523467
combined_mild,0.17704000000000003,1000.1924626207848,0.15401399233397065,0.1524668201784598,-0.01025144338905475,11.431083722564928,11.467951804112152,13.163586137523467
combined_mild,0.17804000000000003,1000.1883170449489,0.15434182302969152,0.15317360884192827,-0.001227850052713763,11.43319039843626,11.472142959001772,13.163586137523467
combined_mild,0.17904000000000003,1000.180855771596,0.1535836029296396,0.15215492275953968,-0.006775658291500702,11.430116937290355,11.469401686496626,13.163586137523467
combined_mild,0.18004000000000003,1000.1747696058223,0.1544586658804882,0.15338166909136253,-0.0020454327318703914,11.431387193246016,11.46758363959529,13.163586137523467
combined_mild,0.18104000000000003,1000.166853866285,0.15275876790184267,0.15270547413305036,-0.0024142477960166094,11.429267836622808,11.4692599892833,13.163586137523467
combined_mild,0.18204000000000004,1000.1526967434621,0.1523056154996079,0.15367280951864057,-0.008893419123072972,11.429093220963203,11.46595486668794,13.163586137523467
combined_mild,0.18304000000000004,1000.1392410218118,0.15198261147751305,0.15448329872378372,-0.0005990350497650718,11.430848827516183,11.469803453878924,13.163586137523467
combined_mild,0.18404000000000004,1000.1205989152273,0.15109706497497505,0.1538322646007042,-0.007350169248806394,11.427936734272018,11.467217239697657,13.163586137523467
combined_mild,0.18504000000000004,1000.1049605563065,0.1529666002507096,0.155670757232178,-0.003871919201544298,11.431432619102758,11.467640741890099,13.163586137523467
combined_mild,0.18604000000000004,1000.093933497966,0.1529966818237896,0.153979407820723,-0.006186081079144249,11.429935099599462,11.469927683154358,13.163586137523467
combined_mild,0.18704000000000004,1000.0858393063212,0.1547818117927632,0.15477232418620038,-0.012970261713376549,11.43097139462267,11.467827703876317,13.163586137523467
combined_mild,0.18804000000000004,1000.0884443331702,0.15617268752872238,0.15403835708974367,-0.003510683122241682,11.429843190511553,11.468801454587863,13.163586137523467
combined_mild,0.18904000000000004,1000.0899332705856,0.15565499926340953,0.15345306955529778,-0.00851709273480348,11.42957227480679,11.46885185574485,13.163586137523467
combined_mild,0.19004000000000001,1000.093561857341,0.15678229553180303,0.15567020096003362,-0.0029301846885758376,11.43129304522883,11.467502389557719,13.163586137523467
combined_mild,0.19104000000000002,1000.0961695657383,0.15527954942185337,0.15334208017553544,-0.0039440793508036176,11.430826060097758,11.470818662152213,13.163586137523467
combined_mild,0.19204000000000002,1000.0939199952927,0.15502633663342177,0.15477339489547345,-0.01032581375642,11.430343766818664,11.467196805922729,13.163586137523467
combined_mild,0.19304000000000002,1000.0940802828961,0.15508581996276272,0.15403752797209053,-0.0011576971216312765,11.429080646869831,11.468040286172858,13.163586137523467
combined_mild,0.19404000000000002,1000.0901926584091,0.15443083146237574,0.1534535445254472,-0.006788576764503705,11.429345557436942,11.46862575121253,13.163586137523467
combined_mild,0.19504000000000002,1000.0877098752303,0.15550523886045856,0.1546115408595733,-0.001857030072523495,11.432895665857066,11.46910399893349,13.163586137523467
combined_mild,0.19604000000000002,1000.0844986290836,0.15367351209331342,0.15467465298443978,-0.0022765071104066505,11.427978921274036,11.467971628183545,13.163586137523467
combined_mild,0.19704000000000002,1000.0741411674448,0.15311248063588437,0.15477442088423038,-0.008687043142439607,11.430447500827917,11.467299402419762,13.163586137523467
combined_mild,0.19804000000000002,1000.0643419075592,0.1527469833387188,0.15448154408628503,-0.0005090423710190158,11.42939249257852,11.468352525459425,13.163586137523467
combined_mild,0.19904000000000002,1000.0490968451122,0.151891137913191,0.1547504899720011,-0.007422275911223885,11.42920826045101,11.468484452006447,13.163586137523467
combined_mild,0.20004000000000002,1000.0367283180522,0.15383802253079268,0.1556692107500043,-0.0038200541704214454,11.432697877147316,11.468915123519585,13.163586137523467
combined_mild,0.20104000000000002,1000.0291704637898,0.15388246672941425,0.15467445265407687,-0.006331359620345445,11.43114073688104,11.471133711968234,13.163586137523467
combined_mild,0.20204000000000003,1000.0257643264232,0.15569507681700578,0.15477494987381663,-0.012994460547581943,11.429577104296873,11.4664273143307,13.163586137523467
combined_mild,0.20304000000000003,1000.0318250374578,0.15681716674424498,0.1553474082603481,-0.0034075312567579444,11.430805492355274,11.469767914301608,13.163586137523467
combined_mild,0.20404000000000003,1000.0364331179718,0.15635455815104224,0.15566828792807708,-0.008525420236848234,11.430508724615622,11.469784982082022,13.163586137523467
combined_mild,0.20504000000000003,1000.0428015582194,0.15746190215449088,0.15584285938710363,-0.0029572242766593574,11.43217881142391,11.468395242563323,13.163586137523467
combined_mild,0.20604000000000003,1000.0477413051127,0.15554884125384713,0.1553708553838357,-0.003989148353990784,11.428847103417668,11.468840040658307,13.163586137523467
combined_mild,0.20704000000000003,1000.0471340943054,0.15557339244642326,0.15477540094482856,-0.01035007889370321,11.428669878045318,11.465518634432886,13.163586137523467
combined_mild,0.20804000000000003,1000.0499649730214,0.15569887915643887,0.15534704108579311,-0.0012837480341819367,11.429871730742997,11.468834602770047,13.163586137523467
combined_mild,0.20904000000000003,1000.048641526045,0.15488031083082915,0.154750830565358,-0.006649983434836314,11.430057414535494,11.46933511016334,13.163586137523467
combined_mild,0.21004000000000003,1000.0483017738256,0.15599105029309007,0.1547848552381663,-0.002032620740676475,11.431692264049033,11.467909036077865,13.163586137523467
combined_mild,0.21104000000000003,1000.0469891960679,0.1541206455790254,0.1546741519701121,-0.002338360770501429,11.428633041238873,11.468625977269628,13.163586137523467
combined_mild,0.21204000000000003,1000.0388138875732,0.15355694435205058,0.1547759482432325,-0.008816385419259018,11.428796454028756,11.465641712931525,13.163586137523467
combined_mild,0.21304000000000003,1000.0310050119618,0.15315974586688802,0.1566576675924265,-0.0004683109575422059,11.428549693549444,11.46751400781833,13.163586137523467
combined_mild,0.21404000000000004,1000.0173073132534,0.1521992364453202,0.1560474861303145,-0.007373998724413291,11.427516285319644,11.466791601092314,13.163586137523467
combined_mild,0.21504000000000004,1000.0058987969325,0.15397541634553913,0.1556685039524327,-0.0036664481894832413,11.432360201579156,11.468577642032706,13.163586137523467
combined_mild,0.21604000000000004,999.9996018853104,0.1540623958362482,0.15600694260143258,-0.006345958327632473,11.428915249618804,11.468908429571966,13.163586137523467
combined_mild,0.21704000000000004,999.9971262198798,0.1561338376365406,0.1547761107474239,-0.013122812505338881,11.427897269611366,11.464741931420729,13.163586137523467
combined_mild,0.21804000000000004,1000.0049701893953,0.15723073847214705,0.1553465954421432,-0.003345089981249455,11.43135252064706,11.470316773507047,13.163586137523467
combined_mild,0.21904000000000004,1000.0113668390136,0.15664483817518354,0.15566885532694205,-0.008524202131786646,11.428769632715095,11.468045477909321,13.163586137523467
combined_mild,0.22004000000000004,1000.0186534830208,0.15772576360511897,0.1558425599746142,-0.0030005857101960015,11.432633438232418,11.4688529786428,13.163586137523467
combined_mild,0.22104000000000004,1000.0247950243844,0.15581975437899126,0.15537075485063293,-0.004045880099695123,11.4292879250466,11.469280992139929,13.163586137523467
combined_mild,0.22204000000000004,1000.0255210956016,0.1559331155015005,0.15477627429113616,-0.01041950343370092,11.429117421671206,11.465963601686779,13.163586137523467
combined_mild,0.22304000000000004,1000.0295193070014,0.15592645955016268,0.15534642719697073,-0.0013185207833926683,11.430260032245224,11.46922430379915,13.163586137523467
combined_mild,0.22404000000000002,1000.0295192373089,0.15519121157956484,0.15475111895340588,-0.006596737896826511,11.430454171096839,11.469730770779076,13.163586137523467
combined_mild,0.22504000000000002,1000.030572234439,0.15623604797281562,0.15584246424583936,-0.001911505232356172,11.432044539569148,11.46826360666456,13.163586137523467
combined_mild,0.22604000000000002,1000.030600375196,0.1544573899547585,0.15467393020266895,-0.0022472085347108642,11.428995968421768,11.46898900182962,13.163586137523467
combined_mild,0.22704000000000002,1000.0236967965286,0.15384844202941844,0.15597998676927743,-0.00872860013082294,11.429122035553624,11.465965370887627,13.163586137523467
combined_mild,0.22804000000000002,1000.0168909903629,0.153347759227082,0.15665722665697412,-0.000525342029869394,11.428798214113781,11.467763621967398,13.163586137523467
combined_mild,0.22904000000000002,1000.0042117157299,0.15233992570696556,0.1560476720007208,-0.007308371006924932,11.427739199270462,11.467013671026828,13.163586137523467
combined_mild,0.23004000000000002,999.9935920097073,0.15411362597556585,0.15566819173757798,-0.0036777528972832757,11.430680718487295,11.466902945381268,13.163586137523467
combined_mild,0.23104000000000002,999.9880070106525,0.15425113365390133,0.1560067670108272,-0.0063390738104644705,11.429127008983807,11.469120264394544,13.163586137523467
combined_mild,0.23204000000000002,999.9859066639922,0.15609773467873458,0.1547766234070903,-0.013022587682233657,11.428032280674296,11.464875501842668,13.163586137523467
combined_mild,0.23304000000000002,999.9941714955058,0.1574588086573116,0.15579145510736872,-0.0033349978931606567,11.431576833079019,11.470541915809129,13.163586137523467
combined_mild,0.23404000000000003,1000.0014058818331,0.15680913717668293,0.15566910807819606,-0.008436733938255784,11.428962488794468,11.468237688505708,13.163586137523467
combined_mild,0.23504000000000003,1000.0092340699795,0.1577376684655096,0.15584242304126522,-0.003053244421904694,11.432747115713566,11.468968084580522,13.163586137523467
combined_mild,0.23604000000000003,1000.015507119705,0.15584687641994105,0.15537070764104957,-0.004105303997340221,11.429407046701543,11.46940017298761,13.163586137523467
combined_mild,0.23704000000000003,1000.0168020394631,0.15607875530025914,0.15477667295045286,-0.01050102644988367,11.429260374376534,11.46610534533014,13.163586137523467
combined_mild,0.23804000000000003,1000.0211057803206,0.15595175357001784,0.15534614310591294,-0.0013139773435121417,11.430363164191085,11.46932807205564,13.163586137523467
combined_mild,0.23904000000000003,1000.021179154219,0.15520339258148305,0.15475125139343676,-0.0066363515400459355,11.428023025879844,11.467298397102516,13.163586137523467
combined_mild,0.24004000000000003,1000.0227246806606,0.15643190940232815,0.1558423579065575,-0.001916656871447469,11.432208573882141,11.468428735988224,13.163586137523467
combined_mild,0.24104000000000003,1000.0231232296111,0.15445326670828077,0.15467382618417969,-0.0023149105103473203,11.429075652758765,11.46906873229158,13.163586137523467
combined_mild,0.24204000000000003,1000.0165983933366,0.1539220808037775,0.155980260875973,-0.00872739173285099,11.426722834489638,11.46356677922043,13.163586137523467
combined_mild,0.24304000000000003,1000.0102693127789,0.15339937601372486,0.15665702109923935,-0.0005750253203733024,11.42888948298944,11.467855398429666,13.163586137523467
combined_mild,0.24404000000000003,999.9978164227851,0.15244318048664565,0.15604775758727063,-0.0073572391128756695,11.427846198699205,11.467120264783322,13.163586137523467
combined_mild,0.24504000000000004,999.9876234831346,0.15415096620596794,0.15566804674952117,-0.003628111391302079,11.428075459746525,11.464297649500157,13.163586137523467
combined_mild,0.24604000000000004,999.9821114413803,0.15425693631718582,0.15600668555262223,-0.006382528967870763,11.429200538180709,11.469193828233111,13.163586137523467
combined_mild,0.24704000000000004,999.980199578807,0.1561604991693147,0.15587581761087646,-0.013100164337883474,11.428124148790921,11.464966653156818,13.163586137523467
combined_mild,0.24804000000000004,999.9885951086254,0.15752152170619993,0.15579133950779284,-0.0032679531110065695,11.431685480983344,11.470650916078974,13.163586137523467
combined_mild,0.24904000000000004,999.9961273673665,0.15686008983221408,0.15566922204148897,-0.00847579636641921,11.42905745702708,11.468332353937596,13.163586137523467
combined_mild,0.25004,1000.0041940713572,0.1578218106498232,0.15584236134907517,-0.0030264389872424703,11.4328577455333,11.469079325082443,13.163586137523467
combined_mild,0.25104,1000.010827984196,0.15592342676806145,0.15537068637012846,-0.004050534242729134,11.429508212140211,11.46950136311048,13.163586137523467
combined_mild,0.25204,1000.0125582048904,0.15615024413875983,0.15477684886499288,-0.010475888290158192,11.429352442004632,11.466196904127472,13.163586137523467
combined_mild,0.25304,1000.0171416957772,0.1559979555586249,0.1553460178829671,-0.0012532466651757248,11.430440851340157,11.46940602785499,13.163586137523467
combined_mild,0.25404,1000.0175018469265,0.15522067144843915,0.1547513093651411,-0.006602790990077966,11.428087882228564,11.46736303538594,13.163586137523467
combined_mild,0.25504,1000.0192138271441,0.15645303081871037,0.15584231100236765,-0.0019489594003030916,11.432267777108757,11.46848843251047,13.163586137523467
combined_mild,0.25604,1000.0199150313503,0.15456037954510468,0.15467378037100887,-0.0023288078004333433,11.429155684000863,11.469148784248684,13.163586137523467
combined_mild,0.25704,1000.0137056346739,0.15400055539712088,0.15598038138768539,-0.008757281924973034,11.426778973940792,11.463622496290137,13.163586137523467
combined_mild,0.25804,1000.0074316375762,0.15337713637733905,0.1566569301078717,-0.0006565383768145063,11.428901876718705,11.467868031515254,13.163586137523467
combined_mild,0.25904,999.9948529703407,0.15243047929027947,0.15604779527918555,-0.007368014206289032,11.427876257950011,11.467150152700047,13.163586137523467
combined_mild,0.26004,999.9845858918142,0.15413661950643298,0.1556679828854865,-0.003701358083792225,11.428105352132603,11.46432792902428,13.163586137523467
combined_mild,0.26104,999.9791546651461,0.15423074033288783,0.15600664994265626,-0.006455793021085492,11.429223546371466,11.469216852175009,13.163586137523467
combined_mild,0.26204,999.9771505116086,0.1561286241929053,0.15477695901450994,-0.013010385197836939,11.428167112768653,11.465009384530024,13.163586137523467
combined_mild,0.26304,999.9855764695185,0.15748091929130437,0.15579129020012678,-0.00326846566428321,11.431727447003167,11.470693028754951,13.163586137523467
combined_mild,0.26404,999.9931306030012,0.15690866032983813,0.1556692695837531,-0.008465549738707008,11.429139121826879,11.468413904128429,13.163586137523467
combined_mild,0.26504,1000.0014171094688,0.15787269309823218,0.15584233603025802,-0.003052133574319139,11.432933419104467,11.4691552585826,13.163586137523467
combined_mild,0.26604,1000.0083187165341,0.15606647565491066,0.15537067778924227,-0.004038995338899045,11.429621503974717,11.46961466530421,13.163586137523467
combined_mild,0.26704,1000.0102968065662,0.15617664583023708,0.1547769181257135,-0.010516010458819985,11.429410128488074,11.466254372134593,13.163586137523467
combined_mild,0.26804,1000.0151721671002,0.15609526022749046,0.15534596941644366,-0.0012691688039411866,11.430513792382136,11.469479088426946,13.163586137523467
combined_mild,0.26904,1000.0159525417675,0.15533637306569711,0.15475133150240702,-0.006679390012059987,11.428140615806575,11.467415654677485,13.163586137523467
combined_mild,0.27004,1000.0175940114669,0.1564201955612442,0.15584229312209294,-0.0019294175443782804,11.43228028060042,11.468501105596081,13.163586137523467
combined_mild,0.27104,1000.0182366878472,0.15456828283867213,0.15467376318651868,-0.0023170670401719867,11.429191557645083,11.469184664870623,13.163586137523467
combined_mild,0.27204,1000.0121049840569,0.1539651270552684,0.15598042548330512,-0.008795880184992522,11.426796732297733,11.46364010053314,13.163586137523467
combined_mild,0.27304,1000.0057242828815,0.1533632302642108,0.15665689779604192,-0.000602257253787969,11.428944157771877,11.467910367621727,13.163586137523467
combined_mild,0.27404,999.9932206088282,0.1524564904886374,0.15604780817571318,-0.0073105627655975,11.427937084197088,11.46721093675602,13.163586137523467
combined_mild,0.27504,999.9831901310874,0.15421787921262467,0.15566796164329452,-0.0037242195710975117,11.428169566096843,11.464392280325582,13.163586137523467
combined_mild,0.27604,999.9780509479182,0.154290476074786,0.15600663827469569,-0.006367553509570475,11.429283543210785,11.469276852289232,13.163586137523467
combined_mild,0.27704,999.976160970904,0.15620923902140135,0.15707930815927337,-0.013108057219213891,11.428217673238592,11.465059793061528,13.163586137523467
combined_mild,0.27804,999.9846164938099,0.15752859338926528,0.15579127426081252,-0.0033170796597940745,11.430353270814507,11.469320755397368,13.163586137523467
combined_mild,0.27904,999.9923959741625,0.15698878331499458,0.1556692850592612,-0.008486292783574297,11.429177529015446,11.468452259474555,13.163586137523467
combined_mild,0.28004,1000.0010606340469,0.15788751438983395,0.1558423274956615,-0.0031274391214710256,11.431048803539348,11.467273739094468,13.163586137523467
combined_mild,0.28104,1000.0080311574213,0.15603155187850157,0.15537067473633961,-0.004033977741689644,11.429595986897782,11.469589152285424,13.163586137523467
combined_mild,0.28204,1000.0100309342598,0.15622440675576085,0.1547769438516398,-0.010476479882666699,11.429420716583508,11.466264886936687,13.163586137523467
combined_mild,0.28304,1000.0150679592929,0.15611880343037404,0.155345950334407,-0.0012310988312880192,11.430513930340313,11.46947926848749,13.163586137523467
combined_mild,0.28404,1000.0159033230628,0.15533796143752954,0.15475134073804037,-0.006650777165135685,11.428132849587577,11.467407853110936,13.163586137523467
combined_mild,0.28504,1000.0177640851438,0.15649334690982417,0.15584228518926543,-0.0019399205243463007,11.432282375077687,11.46850331329433,13.163586137523467
combined_mild,0.28604,1000.0183485069562,0.15451624130958988,0.15467375487482607,-0.002335043949852034,11.429148877191269,11.469141988735934,13.163586137523467
combined_mild,0.28704,1000.0122673405475,0.1539882729340853,0.15598044861944382,-0.008787235592957451,11.42678068706432,11.463623968379217,13.163586137523467
combined_mild,0.28804,1000.0059237972926,0.15335708606729676,0.15665687910868997,-0.0006017282532800078,11.42891519697547,11.467881458265964,13.163586137523467
combined_mild,0.28904,999.9933374047775,0.15242772529706336,0.15604781643361446,-0.007324910087661458,11.427900970115626,11.467174778624877,13.163586137523467
combined_mild,0.29004,999.983107457598,0.15415509203775302,0.15566794673412737,-0.003658938363132246,11.42813923509707,11.464361995191764,13.163586137523467
combined_mild,0.29104,999.9778096521901,0.15426998180528512,0.1560066295639082,-0.006408339493523609,11.429264976761212,11.469258290094464,13.163586137523467
combined_mild,0.29204,999.9759420533862,0.1562840776845627,0.15707933472918598,-0.013091899319796258,11.428235227571001,11.465077272781832,13.163586137523467
combined_mild,0.29304,999.9845423832901,0.15751178950823316,0.1557912608734417,-0.0033668131795575196,11.431733674236463,11.47069938249384,13.163586137523467
combined_mild,0.29404,999.9923442577583,0.15698547091110937,0.15566929891265416,-0.008446450420374833,11.429156290853406,11.468430991272042,13.163586137523467
combined_mild,0.29504,1000.0009278528745,0.15785760625931786,0.15584231955895708,-0.0031017964166140167,11.431025626253442,11.467250629135718,13.163586137523467
combined_mild,0.29604,1000.0079216347931,0.1560404893683039,0.155370671852127,-0.004102909613157419,11.429572250954896,11.46956542161983,13.163586137523467
combined_mild,0.29704,1000.0099703134726,0.1562369109516968,0.15477696858977744,-0.01044318138054753,11.42940890561067,11.466253011428506,13.163586137523467
combined_mild,0.29804,1000.0150033720003,0.15610602910127197,0.15534593177917178,-0.0012065521544508346,11.43049648715464,11.469461862880001,13.163586137523467
combined_mild,0.29904000000000003,1000.0157437714323,0.1553107312723334,0.15475134968032286,-0.006639276223428112,11.428115079489793,11.467390051505726,13.163586137523467
combined_mild,0.30004000000000003,999.9618929054917,0.15647515795511527,0.15584227847933452,-0.001940240787817159,11.432268572267377,11.468489580176033,13.163586137523467
combined_mild,0.30104000000000003,998.6110236278143,0.17622407307506904,0.17669692076942306,-0.0025101697625831876,11.455433747283266,11.495427236115049,13.163586137523467
combined_mild,0.30204000000000003,997.3917134007918,0.20982714022511958,0.21164880198254427,-0.009780079088014145,11.458554710714427,11.495382134511116,13.163586137523467
combined_mild,0.30304000000000003,996.325207482664,0.2417493656347255,0.2435169840419571,-0.0029125761989739108,11.458186331348815,11.497161412420192,13.163586137523467
combined_mild,0.30404000000000003,995.3941172373561,0.2704112679356194,0.2743892819660701,-0.011027421829204567,11.456982814043963,11.496250148728292,13.163586137523467
combined_mild,0.30504000000000003,994.5946452179828,0.2996625435656864,0.30343107592818785,-0.010298481425216315,11.45928528840303,11.495498138675698,13.163586137523467
combined_mild,0.30604000000000003,993.9193517218018,0.32485226521258004,0.32601032034151917,-0.012527418083357608,11.457577448038064,11.497569446496584,13.163586137523467
combined_mild,0.30704000000000004,993.3562925945025,0.34955578413352945,0.3486159624390412,-0.019813960480670155,11.461318488420055,11.498214387247979,13.163586137523467
combined_mild,0.30804000000000004,992.902582547052,0.3713472548380312,0.36926225517600825,-0.01040423017751728,11.460293841764628,11.499207871845567,13.163586137523467
combined_mild,0.30904000000000004,992.5339924234628,0.3884149659430023,0.38558226422927944,-0.015052450236942733,11.460964941869106,11.50029853655963,13.163586137523467
combined_mild,0.31004,992.2409944689059,0.40453365703792027,0.404237080642421,-0.011762390516098177,11.461789144554963,11.497822050729596,13.163586137523467
combined_mild,0.31104,992.0119183088955,0.41665730907443355,0.41666231531048586,-0.011406725148929825,11.46440284660288,11.504382802954016,13.163586137523467
combined_mild,0.31204,991.8363279933512,0.42880003288362356,0.4292162253780684,-0.019145712777467558,11.466749934495242,11.503836200092472,13.163586137523467
combined_mild,0.31304,991.7183598892838,0.44091546116358216,0.441440640374804,-0.012097111539880578,11.469310349240496,11.508096170988834,13.163586137523467
combined_mild,0.31404,991.6487401058296,0.4512123189490565,0.4500080565724927,-0.017612184618203075,11.473938521346472,11.513370107261357,13.163586137523467
combined_mild,0.31504,991.6276972600841,0.4620005065067375,0.4592476509406425,-0.015015485588746384,11.475220445330494,11.510989466813434,13.163586137523467
combined_mild,0.31604,991.6463629253286,0.46815465874557993,0.466068528562114,-0.012111862047664894,11.47504711819019,11.515002742702233,13.163586137523467
combined_mild,0.31704,991.6885321992878,0.47315885343354536,0.47410219660035835,-0.01786490382416122,11.476297337313957,11.513617789465572,13.163586137523467
combined_mild,0.31804,991.7529448268084,0.47735574938442665,0.4810932543008289,-0.01006943365117458,11.479224439132206,11.517846831648367,13.163586137523467
combined_mild,0.31904,991.8307703811071,0.48010631423883765,0.48488807069365397,-0.016927936341411556,11.48072480023817,11.520259765356947,13.163586137523467
combined_mild,0.32004,991.9296769009856,0.4865590293338039,0.4898122863616947,-0.019018973570166593,11.4852940585043,11.520766279968502,13.163586137523467
combined_mild,0.32104,992.0551508946535,0.4913994737234205,0.49233896659990295,-0.018393922414132072,11.4885206426037,11.528441425046033,13.163586137523467
combined_mild,0.32204,992.2034862213626,0.4971640926252884,0.49620676912668754,-0.02517239185890489,11.489812682733476,11.527354947508316,13.163586137523467
combined_mild,0.32304,992.3793228609859,0.5023366038716714,0.49814776398294286,-0.015746273208152087,11.495040422684506,11.53349264912351,13.163586137523467
combined_mild,0.32404,992.5677315964344,0.5033450978196466,0.49982510579208106,-0.01828712184931587,11.495306346714356,11.53493326605658,13.163586137523467
combined_mild,0.32504,992.7593285780591,0.5043977412578721,0.5032698150953169,-0.01729141409463458,11.496109319889722,11.531282588909859,13.163586137523467
combined_mild,0.32604,992.9517468347866,0.5034085220896451,0.5040270487029936,-0.013511566243856776,11.499784993029003,11.539662006563237,13.163586137523467
combined_mild,0.32704,993.1391111797369,0.5031076315248307,0.5054142176412634,-0.02098126488993623,11.500223243778503,11.53796945451381,13.163586137523467
combined_mild,0.32804,993.3324834018587,0.5051403728136462,0.5053548081935887,-0.014481014364408027,11.504256430058458,11.542543956317061,13.163586137523467
combined_mild,0.32904,993.5307158063995,0.5059290703112548,0.5052910694203304,-0.01913862641818975,11.506838494608957,11.546538647915703,13.163586137523467
combined_mild,0.33004,993.7364768430948,0.5083575491059918,0.506449736227994,-0.019681935711559764,11.5099114457691,11.544807026504358,13.163586137523467
combined_mild,0.33104,993.9462956101968,0.5072076109147264,0.5050341793938942,-0.0132438822697274,11.511572752074276,11.551402922883353,13.163586137523467
combined_mild,0.33204,994.1468296655327,0.5048657018480033,0.5064318795091854,-0.01808600965902581,11.510296719610919,11.548220043073659,13.163586137523467
combined_mild,0.33304,994.3386929010895,0.50288794473354,0.5053534593643588,-0.010816876458238036,11.5132977449664,11.551427000104896,13.163586137523467
combined_mild,0.33404,994.517650125067,0.500113334481371,0.5042767078083266,-0.016582849997638562,11.514242914659476,11.554002197128808,13.163586137523467
combined_mild,0.33504,994.6921831191382,0.501183795968449,0.5061008142715704,-0.02275248826742623,11.51691494021141,11.551571656317924,13.163586137523467
combined_mild,0.33604,994.8723914121821,0.5019143381051985,0.5036109543542995,-0.01818105798749934,11.521752002855042,11.561536859297476,13.163586137523467
combined_mild,0.33704,995.0572041465888,0.5036846514364915,0.502998731344986,-0.024779924384176207,11.52040192987813,11.558461982509582,13.163586137523467
combined_mild,0.33804,995.2529352314206,0.505795167198382,0.5028298115682441,-0.015980075517068308,11.525669974634688,11.563665962557192,13.163586137523467
combined_mild,0.33904,995.4479353105478,0.5040185337731041,0.5010082113318949,-0.017958014390758763,11.52509739949292,11.564900710696149,13.163586137523467
combined_mild,0.34004,995.6341835764645,0.5026200125963597,0.5014099728575835,-0.020834565106131853,11.52678856205825,11.561234016277783,13.163586137523467
combined_mild,0.34104,995.8115065908775,0.4992974383463394,0.49925855693910254,-0.012915642110999714,11.52841476520808,11.56815556885312,13.163586137523467
combined_mild,0.34204,995.9732034732602,0.49677047163521126,0.49815886617950494,-0.019968710013512206,11.52700081275849,11.565178215525965,13.163586137523467
combined_mild,0.34304,996.1319441124296,0.4971691779756575,0.49811016884910697,-0.014125905163210703,11.533143006787723,11.571020725495925,13.163586137523467
combined_mild,0.34404,996.2887021620377,0.4963555998113988,0.4956504034212238,-0.018183772602714494,11.532332236499192,11.572168526489842,13.163586137523467
combined_mild,0.34504,996.4459191068755,0.49737147766086764,0.49550290215683035,-0.021876359813516853,11.535582919502799,11.569856286532284,13.163586137523467
combined_mild,0.34604,996.603424644773,0.49563278946141137,0.49416127464997056,-0.012440290254935451,11.534757700967013,11.574459241835562,13.163586137523467
combined_mild,0.34704,996.7474427153738,0.49257344748127774,0.49386232315971723,-0.017140384437876594,11.535749326116356,11.574022144752783,13.163586137523467
combined_mild,0.34804,996.8805133113068,0.4901423814122041,0.4927437983725549,-0.010668138839848905,11.536180048652351,11.573956690993349,13.163586137523467
combined_mild,0.34904,996.9981487235971,0.48651701805892184,0.49113684665119445,-0.015617706164329496,11.536236747401697,11.576097993189185,13.163586137523467
combined_mild,0.35004,997.1071620232271,0.4869258221399613,0.49194184230602145,-0.022829812672684337,11.540349360435684,11.574480705015631,13.163586137523467
combined_mild,0.35104,997.2210502843493,0.4874159870378189,0.4893001365943453,-0.01740515471668832,11.540961736253012,11.580631996941483,13.163586137523467
combined_mild,0.35204,997.3380572540408,0.4891646704227631,0.4885807374613183,-0.024093273292817744,11.543029602115535,11.58137141249731,13.163586137523467
combined_mild,0.35304,997.4651896497917,0.4908515216377799,0.48738941990479645,-0.016016656486673497,11.541450332103105,11.579147593941311,13.163586137523467
combined_mild,0.35404,997.5914890895824,0.4891808467527806,0.4855804280768645,-0.017060980274294122,11.543720490466503,11.583600771232637,13.163586137523467
combined_mild,0.35504,997.7092684257451,0.4876168908430287,0.4861547169445053,-0.021678962927388527,11.543520700720805,11.578726737878402,13.163586137523467
combined_mild,0.35604,997.8182856933344,0.4844953976588151,0.4842414889717861,-0.012154168547316381,11.543812397928457,11.583453590148563,13.163586137523467
combined_mild,0.35704,997.91254599674,0.4824101876924879,0.4833225982008385,-0.019275973678171462,11.54471195958765,11.583112478429303,13.163586137523467
combined_mild,0.35804,998.0047070285362,0.48288006661045235,0.48331644489421,-0.013773911527818431,11.548656032805955,11.586288551868051,13.163586137523467
combined_mild,0.35904,998.0951346358873,0.48210424978963284,0.48057164541051106,-0.017350441953077597,11.54878379130575,11.588678359677981,13.163586137523467
combined_mild,0.36004,998.1864020778991,0.4831342102983129,0.4815038586708784,-0.022713498850496838,11.54802464113105,11.583312472621634,13.163586137523467
combined_mild,0.36104,998.2797196050544,0.48186591376133214,0.47973479766921406,-0.011638556767282355,11.549497885990734,11.58911453800008,13.163586137523467
combined_mild,0.36204000000000003,998.3612387722064,0.4789136285077693,0.47879359397584453,-0.01671205359762767,11.546322510098534,11.584771750633601,13.163586137523467
combined_mild,0.36304000000000003,998.4325702688553,0.47709811454183154,0.47952578986784417,-0.010706088232973055,11.548283557967096,11.585860214706251,13.163586137523467
combined_mild,0.36404000000000003,998.4909869622707,0.4736792141451392,0.4776844797908235,-0.01494417461982681,11.546717922810107,11.586622871927826,13.163586137523467
combined_mild,0.36504000000000003,998.5417712276161,0.4743276136128656,0.4780297412618534,-0.02374912764740899,11.550353021907796,11.585707075710465,13.163586137523467
combined_mild,0.36604000000000003,998.598821962769,0.47518043026847795,0.4773452091550029,-0.016636255002225552,11.54971123850931,11.589311575594168,13.163586137523467
combined_mild,0.36704000000000003,998.6601615175402,0.4771001190980317,0.4758229325178942,-0.022967574686461316,11.552765566814728,11.591247972615268,13.163586137523467
combined_mild,0.36804000000000003,998.7334449783453,0.47942948470852886,0.47673218034124754,-0.015456899038027693,11.554067237807411,11.591603017468918,13.163586137523467
combined_mild,0.36904000000000003,998.8075307632089,0.4780422146965386,0.47503098726869364,-0.01675592649567935,11.55132473478382,11.591237512129764,13.163586137523467
combined_mild,0.37004000000000004,998.8747848148365,0.4768055868608525,0.47570567942994285,-0.021261950202615645,11.551197175002944,11.586606113377261,13.163586137523467
combined_mild,0.37104000000000004,998.9355119399605,0.4742026002925848,0.4747049536819506,-0.01173332157880294,11.551449657338273,11.5910326452274,13.163586137523467
combined_mild,0.37204000000000004,998.9827030017137,0.47206775377286125,0.4735610464788128,-0.018896039192026568,11.551568087050532,11.590076938476178,13.163586137523467
combined_mild,0.37304000000000004,999.0286901673588,0.4729029862870081,0.4729457178248081,-0.013741135944613068,11.553916603389476,11.591417623567501,13.163586137523467
combined_mild,0.37404000000000004,999.0749431947836,0.47255405970534786,0.4721524827147333,-0.016764612697881452,11.556486429634854,11.59640556200563,13.163586137523467
combined_mild,0.37504000000000004,999.123010791304,0.4739400654486088,0.47223420832474944,-0.022259577613423988,11.557347492460163,11.592796872534985,13.163586137523467
combined_mild,0.37604000000000004,999.1749367319017,0.47306030036226326,0.47126753948299266,-0.0113722613027566,11.555328295113588,11.594899627944363,13.163586137523467
combined_mild,0.37704000000000004,999.2172247797861,0.4707297100247084,0.47130067143330295,-0.016179452619282466,11.555637415955736,11.594170096569107,13.163586137523467
combined_mild,0.37804000000000004,999.2513316070778,0.4690934501319494,0.4729518384199757,-0.010261886831134137,11.554111565128474,11.591587421584238,13.163586137523467
combined_mild,0.37904,999.2734137931844,0.4659691983807605,0.47005235568094467,-0.014558592402339908,11.55397203588816,11.593895132299737,13.163586137523467
combined_mild,0.38004,999.2895088944241,0.46683364566710006,0.47109028802947917,-0.023571685218396306,11.554493501990937,11.589972427240752,13.163586137523467
combined_mild,0.38104,999.3128116902172,0.46799851685313815,0.4696833535581335,-0.01649464641120433,11.55603216596223,11.595596019930735,13.163586137523467
combined_mild,0.38204,999.3409739559422,0.4699016617864352,0.4693339189243744,-0.0229424694663591,11.559106805585804,11.597653102379393,13.163586137523467
combined_mild,0.38304,999.3820799878713,0.47263926468897577,0.4694281330906145,-0.015749817347770766,11.558086219948297,11.59554009586736,13.163586137523467
combined_mild,0.38404,999.4261320046999,0.4716293513276063,0.46872478016614694,-0.016322287270011556,11.556640340186046,11.596567511438327,13.163586137523467
combined_mild,0.38504,999.4648607486158,0.4707511427556126,0.4699204225139991,-0.02093434968599655,11.554814105629873,11.590321318950277,13.163586137523467
combined_mild,0.38604,999.4984138854785,0.46855219287734373,0.46889180488543103,-0.011280302808078284,11.555594838573175,11.595147833480521,13.163586137523467
combined_mild,0.38704,999.5206956631746,0.4669786044140704,0.46805788560372297,-0.01838914137775183,11.557872788702598,11.596434585720171,13.163586137523467
combined_mild,0.38804,999.5428946767662,0.46789122087006274,0.4689092440388839,-0.01355383343449335,11.55810546040646,11.595545262482606,13.163586137523467
combined_mild,0.38904,999.5661528017762,0.46775917466389794,0.46718469493275455,-0.016416981297243432,11.558236789920933,11.598166460743904,13.163586137523467
combined_mild,0.39004,999.5916857830161,0.4690217638454038,0.4676047426381633,-0.0220161195732344,11.55987996621662,11.595406354906201,13.163586137523467
combined_mild,0.39104,999.6209029143398,0.468252050365171,0.46624625572818906,-0.011182537462821827,11.559316907779786,11.598863657381456,13.163586137523467
combined_mild,0.39204,999.6416279178121,0.46633918632636395,0.46678145649993874,-0.015996309983182157,11.558518767423124,11.597092472074559,13.163586137523467
combined_mild,0.39304,999.6557246621003,0.4647740078684148,0.46790983212848397,-0.009838887837629293,11.55595901603283,11.593384409543592,13.163586137523467
combined_mild,0.39404,999.658500752636,0.46207429064467076,0.4671855357343028,-0.014345001585724477,11.557874941493006,11.597806534374591,13.163586137523467
combined_mild,0.39504,999.6568541335149,0.46303421167216224,0.4676364766108881,-0.023100626758262358,11.558574736117246,11.59411332751375,13.163586137523467
combined_mild,0.39604,999.6631489911216,0.4644444861074968,0.4665217798845259,-0.016214279039706875,11.558746538872235,11.598291313593645,13.163586137523467
combined_mild,0.39704,999.6750730639939,0.46627701931548554,0.46482224851368503,-0.02297471018233258,11.558438393013404,11.597016300715229,13.163586137523467
combined_mild,0.39804,999.6996294694236,0.46921647115184933,0.46564633703076563,-0.01567193139007267,11.561158940260352,11.598574082614892,13.163586137523467
combined_mild,0.39904,999.7278605400664,0.4682716958333286,0.4645302308378841,-0.01622044838727492,11.558992940451766,11.59892641811594,13.163586137523467
combined_mild,0.40004,999.7525213856762,0.4677379495310604,0.4664499024810502,-0.021134800210550978,11.557414249856592,11.592968341997198,13.163586137523467
combined_mild,0.40104,999.7724619297485,0.46552550990403846,0.4657251877700889,-0.011409914242044853,11.558079327437417,11.597618653973289,13.163586137523467
combined_mild,0.40204,999.7807431738739,0.46386985369922584,0.4651171795639104,-0.01816311965036342,11.55827471203647,11.596860989684888,13.163586137523467
combined_mild,0.40304,999.7896930383715,0.4651057674592067,0.46538958173614464,-0.013359920136207619,11.559525164953046,11.596934655451038,13.163586137523467
combined_mild,0.40404,999.8002664567339,0.4649014138691951,0.46376275851939963,-0.016514940461954262,11.558924130914871,11.59885845982024,13.163586137523467
combined_mild,0.40504,999.8144318647102,0.4667291884283538,0.4653022148348248,-0.022091159803929693,11.561452370813797,11.597012348862696,13.163586137523467
combined_mild,0.40604,999.8336159142863,0.46606140507021354,0.4636029917466375,-0.01125543320275432,11.560122792095084,11.599659203601949,13.163586137523467
combined_mild,0.40704,999.8442845741431,0.4641998567075179,0.46452282241467335,-0.015854683591767182,11.559964793328936,11.598557352107747,13.163586137523467
combined_mild,0.40804,999.8490887111803,0.46286841335202406,0.4653908178539584,-0.010406457846137918,11.557252022332698,11.594650831753292,13.163586137523467
combined_mild,0.40904,999.8431199479634,0.46010823325901007,0.4650911473178068,-0.014000261912365492,11.559417394418897,11.599352587020382,13.163586137523467
combined_mild,0.41004,999.832094850485,0.4609093198384347,0.46534085920068236,-0.02311733308790289,11.558574535814572,11.594136082122034,13.163586137523467
combined_mild,0.41104,999.8292463203938,0.4625230919108218,0.4638804235655336,-0.01613377456265621,11.560202745838831,11.599739435263572,13.163586137523467
combined_mild,0.41204,999.8332023030764,0.46477611773342686,0.46384172452659556,-0.022644568106320394,11.56064045400788,11.599233320659176,13.163586137523467
combined_mild,0.41304,999.8508181107445,0.4676846589909009,0.4641303616756768,-0.015211997355943255,11.561417728427545,11.598814116532674,13.163586137523467
combined_mild,0.41404,999.872368782326,0.4667651476828961,0.46453030102400805,-0.016032907199170915,11.561193541790004,11.601129703962426,13.163586137523467
combined_mild,0.41504,999.8893173279905,0.46622924220318407,0.4641538509441667,-0.02102771348228875,11.560259485829805,11.59583273524758,13.163586137523467
combined_mild,0.41604,999.902444959482,0.4640983577518023,0.46308119796623515,-0.011386667711426669,11.560133761845295,11.599667243945921,13.163586137523467
combined_mild,0.41704,999.9045176483812,0.46285718222586175,0.46384115431022166,-0.018166096803141272,11.561032345233915,11.599629791402657,13.163586137523467
combined_mild,0.41804,999.9079876309057,0.46380874658774196,0.46387450118030416,-0.013016301446996233,11.561954285929055,11.599347023545784,13.163586137523467
combined_mild,0.41904,999.9129049134399,0.4638969009022602,0.4637636456059682,-0.016365902910358034,11.561679095145298,11.601615407438924,13.163586137523467
combined_mild,0.42004,999.921491546749,0.4654391610704559,0.4641526869661119,-0.02199082533993043,11.561662439449101,11.597241979729217,13.163586137523467
combined_mild,0.42104,999.934945933754,0.46483571247072886,0.4636047467164375,-0.011013708316053777,11.561069556671038,11.600600526971093,13.163586137523467
combined_mild,0.42204,999.9403838226897,0.46275558617990886,0.4635428959333219,-0.015830178146071953,11.558136635430552,11.596737884031953,13.163586137523467
combined_mild,0.42304,999.9395125204542,0.46175225746495696,0.46539304396481446,-0.010345627064966788,11.56010365956312,11.597489148146032,13.163586137523467
combined_mild,0.42404000000000003,999.9289471408293,0.4590490608580329,0.4637637527965553,-0.014150344873301694,11.557860092025402,11.59779695659992,13.163586137523467
combined_mild,0.42504000000000003,999.9136860549337,0.460168349236174,0.46533828871430233,-0.023117902003892278,11.559322503634752,11.594899668335998,13.163586137523467
combined_mild,0.42604000000000003,999.906741680649,0.46154369594383127,0.46388312489175637,-0.01597000482585664,11.560044196776076,11.599575509361731,13.163586137523467
combined_mild,0.42704000000000003,999.9065004731002,0.46369135981843584,0.4625658629896414,-0.02256960497956028,11.561595162299877,11.60019344894533,13.163586137523467
combined_mild,0.42804000000000003,999.9200407775088,0.46699431876749126,0.4641322500929054,-0.015227924241404877,11.56126219363545,11.59865308702946,13.163586137523467
combined_mild,0.42904000000000003,999.938397529612,0.46619537360000807,0.46376387242348327,-0.015987751829508314,11.560105076763316,11.600042524508781,13.163586137523467
combined_mild,0.43004000000000003,999.9528157295047,0.4656022592130233,0.4641508190337754,-0.020948679209740445,11.559160457065659,11.59474362459471,13.163586137523467
combined_mild,0.43104000000000003,999.9628725655668,0.46349840849594887,0.46308272052456206,-0.011359772782152442,11.559082048307127,11.598612400968118,13.163586137523467
combined_mild,0.43204000000000004,999.9618603617926,0.4619077390290368,0.4628637568969347,-0.01805553170340763,11.559898058485603,11.598500660463532,13.163586137523467
combined_mild,0.43304000000000004,999.9616642148154,0.4631418222480303,0.4628713280267501,-0.01311624790314098,11.560984486433037,11.598370678851934,13.163586137523467
combined_mild,0.43404000000000004,999.963770778208,0.4631371741895651,0.46166965840320334,-0.016221560716306645,11.560726138624762,11.60066345070555,13.163586137523467
combined_mild,0.43504000000000004,999.9695583000134,0.46498074307148274,0.4641503323552536,-0.021803866755802908,11.56346267553146,11.599048488072484,13.163586137523467
combined_mild,0.43604000000000004,999.9807750594745,0.46443683721385215,0.46228184979763676,-0.011030572316739255,11.563087072827267,11.602615529269865,13.163586137523467
combined_mild,0.43704000000000004,999.9838244037005,0.4622814863144557,0.4622670095921648,-0.015829373329708102,11.559724207817792,11.598328105313861,13.163586137523467
combined_mild,0.43804000000000004,999.9805945159654,0.4611619963776468,0.4641327514456705,-0.010271026269123707,11.55936198553588,11.59674235088817,13.163586137523467
combined_mild,0.43904000000000004,999.9674542855978,0.4585245341699128,0.4637639550145519,-0.014118013009460608,11.559835859250283,11.599773632037854,13.163586137523467
combined_mild,0.44004000000000004,999.9499162720139,0.4596463010385722,0.46417166996080383,-0.023194066002498896,11.561246976269617,11.596828572099893,13.163586137523467
combined_mild,0.44104000000000004,999.9415985635615,0.4613603944469562,0.46388429985423285,-0.015815872201717915,11.562287972924855,11.601817295315161,13.163586137523467
combined_mild,0.44204000000000004,999.9398461471062,0.46349680685064576,0.46256508932944795,-0.022517584511082638,11.561098346709446,11.5996996787607,13.163586137523467
combined_mild,0.44304000000000004,999.9519903521475,0.4665464659406347,0.4641330647686627,-0.015264209331563696,11.563398929607123,11.600786385459937,13.163586137523467
combined_mild,0.44404000000000005,999.9688144138715,0.46583837738129574,0.4624358837025191,-0.016010261986123164,11.561518345391463,11.6014560130403,13.163586137523467
combined_mild,0.44504000000000005,999.9815705938807,0.4651870037641646,0.46414939562679475,-0.020795370632321605,11.558627275854887,11.594215056244668,13.163586137523467
combined_mild,0.44604000000000005,999.9899955663204,0.4631409531168156,0.46308338119177206,-0.011099753537741706,11.55985168501815,11.599379269079407,13.163586137523467
combined_mild,0.44704000000000005,999.9880290641908,0.4615908512345773,0.4628634217627741,-0.018054406805724194,11.55931838277558,11.597920881381702,13.163586137523467
combined_mild,0.44804,999.9866340345355,0.4629348236905507,0.4628720324279887,-0.01319923537115848,11.563290811573358,11.60067450757027,13.163586137523467
combined_mild,0.44904,999.9874770336183,0.4628085164807485,0.46166994182323495,-0.016225637825082392,11.560277252086445,11.600215011110542,13.163586137523467
combined_mild,0.45004,999.9921061271219,0.4646539471329838,0.4618401445889834,-0.02171178802082058,11.563037566704429,11.598626895617164,13.163586137523467
combined_mild,0.45104,1000.0024152765785,0.46420019212892,0.4617598737039399,-0.011008683175183054,11.562695056492148,11.602222412901321,13.163586137523467
combined_mild,0.45204,1000.004699358425,0.4620746789310132,0.4622663401957951,-0.015800748256791147,11.55933390231652,11.597939574235099,13.163586137523467
combined_mild,0.45304,1000.0002186887195,0.46087441779247723,0.46312789061130544,-0.010366058427274234,11.558956262063912,11.596334379675998,13.163586137523467
combined_mild,0.45404,999.9860752620176,0.45836719732778,0.46299808243032037,-0.014063949270773143,11.559506881900491,11.599444995498418,13.163586137523467
combined_mild,0.45504,999.9679159280291,0.4594779167795527,0.4641710137307122,-0.023173165357688853,11.560909473023306,11.596493686357132,13.163586137523467
combined_mild,0.45604,999.9590133597359,0.4612613825344572,0.46388481228881473,-0.015827992839238043,11.56196493192361,11.601493438523654,13.163586137523467
combined_mild,0.45704,999.9568748749241,0.4634090832628268,0.4625647356585901,-0.022447546661493102,11.560772315325814,11.599374979699908,13.163586137523467
combined_mild,0.45804,999.9682443392055,0.4663019316962132,0.46413341354473725,-0.015300359551661953,11.563017794653934,11.600403577618936,13.163586137523467
combined_mild,0.45904,999.9836311211778,0.4654880272463722,0.46243592398467936,-0.016150374932754386,11.561118233491433,11.60105614606615,13.163586137523467
combined_mild,0.46004,999.9949809134745,0.464994696515157,0.46414876945416367,-0.020916330623957063,11.558324904200271,11.593914593712087,13.163586137523467
combined_mild,0.46104,1000.0023009558915,0.46292383715043167,0.4630836604889002,-0.011143803161191736,11.559562637112487,11.599089597453,13.163586137523467
combined_mild,0.46204,999.9993026199562,0.461381178481691,0.4628632706546962,-0.01799725413605213,11.559189713055117,11.597795691525143,13.163586137523467
combined_mild,0.46304,999.9969856285041,0.4626621993697055,0.46287233197400224,-0.013222525061958791,11.563041955816075,11.600424324045552,13.163586137523467
combined_mild,0.46404,999.9976079470142,0.4627847767539586,0.4616700598750334,-0.016286170394860904,11.560108942244032,11.600046890489631,13.163586137523467
combined_mild,0.46504,1000.0020699986947,0.4646572581618619,0.4618396671333703,-0.021669941181914877,11.562883227114611,11.598474059287199,13.163586137523467
combined_mild,0.46604,1000.0122042142358,0.4640917003710363,0.46176009900642434,-0.011052802676804174,11.562491470891485,11.602018365278205,13.163586137523467
combined_mild,0.46704,1000.0138930072319,0.46202426857711326,0.46226604703367585,-0.01584103460014824,11.559163828518741,11.597770246501488,13.163586137523467
combined_mild,0.46804,1000.0091542301084,0.46077559156218056,0.4631280339639457,-0.010359793098710216,11.558770334806894,11.596147475935119,13.163586137523467
combined_mild,0.46904,999.994502293026,0.4582501975805414,0.4629981788860572,-0.014043722170959784,11.559323534340178,11.599261793455677,13.163586137523467
combined_mild,0.47004,999.9758406026876,0.45933798661650815,0.4641707291357132,-0.023268657611821498,11.560712822472821,11.596298108484097,13.163586137523467
combined_mild,0.47104,999.9661140878256,0.4611807960834413,0.46388503044556845,-0.015764586338295986,11.561826266389712,11.601354401278483,13.163586137523467
combined_mild,0.47204,999.9635644891863,0.4634052671273675,0.4625645808353487,-0.022471348419631134,11.563114841660168,11.601719222445423,13.163586137523467
combined_mild,0.47304,999.9746146916491,0.46623428065228556,0.4641335632116343,-0.015323762634285164,11.564608551490455,11.601990991019045,13.163586137523467
combined_mild,0.47404,999.9897828358046,0.46536386948726804,0.46243593993296145,-0.01616784139539763,11.560964598261664,11.600902620217655,13.163586137523467
combined_mild,0.47504,1000.0006925709909,0.4649113730661169,0.46414849430715954,-0.02094389309079004,11.558197313037084,11.593787845834322,13.163586137523467
combined_mild,0.47604,1000.0077142772471,0.46286864949469975,0.46308378141451345,-0.01109641584149697,11.559459171888772,11.598985851768187,13.163586137523467
combined_mild,0.47704,1000.0048690225294,0.4613420443567723,0.46286320359578986,-0.01799213937314392,11.559076471364403,11.59768287823533,13.163586137523467
combined_mild,0.47804,1000.0021573564362,0.46255177107127876,0.46287246059919884,-0.01315844895482835,11.56291960770638,11.600301389958553,13.163586137523467
combined_mild,0.47904,1000.0024433101578,0.4627063929275879,0.46167010969138705,-0.01631640851471775,11.559998545354292,11.599936574154059,13.163586137523467
combined_mild,0.48004,1000.0065164648074,0.464570450298865,0.4618394619456001,-0.02175604323374751,11.562768432570723,11.598359863482875,13.163586137523467
combined_mild,0.48104,1000.0165879005089,0.4641264912867774,0.46176019455924305,-0.01097622411849848,11.562431083147825,11.601957765811541,13.163586137523467
combined_mild,0.48204,1000.0180978032488,0.4619993442467572,0.46226592162140195,-0.01581964238727113,11.559082286782616,11.597689032289328,13.163586137523467
combined_mild,0.48304,1000.0131171143582,0.4606954255902856,0.4631280941176049,-0.010272554663512068,11.558675213986907,11.596051900892034,13.163586137523467
combined_mild,0.48404,999.9982225756356,0.4581908021722973,0.46299821911652733,-0.014145975639670905,11.55923142089943,11.59916973443098,13.163586137523467
combined_mild,0.48504,999.9792614864078,0.4592880156381634,0.46417060868018656,-0.023211066655524804,11.56063524377331,11.596221037985327,13.163586137523467
combined_mild,0.48604,999.9692068527797,0.46107734478079226,0.4625615685784857,-0.015811913135457087,11.56172894227805,11.601256931316735,13.163586137523467
combined_mild,0.48704000000000003,999.9665315521559,0.46342731469770343,0.46256451549906974,-0.022456954544230794,11.563067775448946,11.601672400396206,13.163586137523467
combined_mild,0.48804000000000003,999.9775223893316,0.46626947745031827,0.46413362544642506,-0.015320386192021132,11.564567596256332,11.601949732215786,13.163586137523467
combined_mild,0.48904000000000003,999.9926513090442,0.4653128443582899,0.462435946270142,-0.016157328164629562,11.560891657443793,11.600829725133767,13.163586137523467
combined_mild,0.49004000000000003,1000.0034653740381,0.4648597474319812,0.46414838073514336,-0.02089653622118137,11.55812724273277,11.593718146908232,13.163586137523467
combined_mild,0.49104000000000003,1000.010065968886,0.46274079439104493,0.4630838305997649,-0.011073906177526974,11.559377692508626,11.598904251929202,13.163586137523467
combined_mild,0.49204000000000003,1000.0066380561815,0.46127032335238966,0.46286317584870873,-0.017956707231528216,11.559038481649788,11.597645094965408,13.163586137523467
combined_mild,0.49304000000000003,1000.0038796084848,0.4625386104627777,0.46287251394818835,-0.013154415621129003,11.562899171825412,11.60028070797104,13.163586137523467
combined_mild,0.49404000000000003,1000.0040299257099,0.46266082813261095,0.4616701305018739,-0.016304109292534938,11.55997018631284,11.599908252822539,13.163586137523467
combined_mild,0.49504000000000004,1000.0078392129491,0.4645021709733113,0.46183937412077136,-0.021745023982913086,11.562741351776161,11.59833308703549,13.163586137523467
combined_mild,0.49604000000000004,1000.0179048283203,0.46414279378735773,0.46176023600268806,-0.010970674497789665,11.562431820641985,11.60195841082815,13.163586137523467
combined_mild,0.49704000000000004,1000.0194312785165,0.46198993195497495,0.46226586592320273,-0.01579826770230904,11.55907310870565,11.597680009458786,13.163586137523467
combined_mild,0.49804000000000004,1000.014387086183,0.460693687289177,0.4631281211561472,-0.010342315421370343,11.5586619679105,11.596038491939094,13.163586137523467
combined_mild,0.49904000000000004,999.9995117709566,0.45821358287319053,0.46299823748148916,-0.014101034225010741,11.559227879786873,11.599166224145169,13.163586137523467
combined_mild,0.50004,999.9805633324775,0.45928112976919877,0.4641705526168459,-0.023262054378975085,11.560615271409777,11.596201256928799,13.163586137523467
combined_mild,0.50104,999.9703243116576,0.46101780654097707,0.46256161317436795,-0.01576967366950592,11.561705953419237,11.601233860482253,13.163586137523467
combined_mild,0.50204,999.9674984552153,0.4634322389613434,0.4625644841863087,-0.02248537816077618,11.563067427186533,11.601672163227962,13.163586137523467
combined_mild,0.50304,999.9785004731938,0.46626828580858737,0.4641336556880514,-0.015334214222754827,11.564561222033198,11.60194320933131,13.163586137523467
combined_mild,0.50404,999.9931932966913,0.46524391311083174,0.4624359493855925,-0.016076882177222036,11.560884985711605,11.60082308497383,13.163586137523467
combined_mild,0.50504,1000.0036961796083,0.46488038842198337,0.4641483209467333,-0.020859622621405012,11.560297722561934,11.595891587074114,13.163586137523467
combined_mild,0.50604,1000.0104381378354,0.4628203849364742,0.46308385772568594,-0.011097629134251302,11.559429734705883,11.598956234175809,13.163586137523467
combined_mild,0.50704,1000.0073887145059,0.4613463722605011,0.4628631600513188,-0.018041531033585207,11.558940914012307,11.597545164647633,13.163586137523467
combined_mild,0.50804,1000.0046401467503,0.46252951384709423,0.4628725444700645,-0.01317827797572455,11.562894361161058,11.600275773704723,13.163586137523467
combined_mild,0.50904,1000.0047677426119,0.46267921466461126,0.4616701425097637,-0.016223484329407095,11.559981866959442,11.59991995868762,13.163586137523467
combined_mild,0.51004,1000.0085818935978,0.4644878560568609,0.46183932296392205,-0.021664838668193277,11.562748630380351,11.59834057048083,13.163586137523467
combined_mild,0.51104,1000.0186283524235,0.4641563515405618,0.4617602601245649,-0.010983950249353345,11.562443245410543,11.601969786538179,13.163586137523467
combined_mild,0.51204,1000.0202128706576,0.4620004886448417,0.4622658333727998,-0.015800072192205385,11.559077374816962,11.597684357908884,13.163586137523467
combined_mild,0.51304,1000.0151930806421,0.46069336265694233,0.4631281368706608,-0.010337546318709338,11.558659219324149,11.5960356334928,13.163586137523467
combined_mild,0.51404,1000.000285689563,0.4582000289186166,0.46299824811095097,-0.014094737366601941,11.559219815312625,11.599158176414084,13.163586137523467
combined_mild,0.51504,999.9812494395197,0.45925681956533576,0.4641705199983398,-0.02325755081557788,11.560605229010113,11.596191349586771,13.163586137523467
combined_mild,0.51604,999.970885860402,0.46098822963564484,0.46256163922813354,-0.015767752325012117,11.561697538270638,11.601225400703276,13.163586137523467
combined_mild,0.51704,999.9679253295396,0.463403395565908,0.4625644657340585,-0.022484548324543528,11.563063449733505,11.601668261469772,13.163586137523467
combined_mild,0.5180400000000001,999.9789817622379,0.4662443326408358,0.46413367366738706,-0.015338388221776047,11.56283507010919,11.600219570486582,13.163586137523467
combined_mild,0.5190400000000001,999.9935784453934,0.46522572553629765,0.4624359512221463,-0.016079625666104765,11.560886756558993,11.600824870485038,13.163586137523467
combined_mild,0.5200400000000001,1000.0041519052719,0.4648671873739796,0.4641482856917194,-0.020862478806064875,11.558166567354421,11.593757814519414,13.163586137523467
combined_mild,0.5210400000000001,1000.0108406896512,0.4628100884343399,0.4630838733770199,-0.01109764809748873,11.55943237274501,11.598958834810244,13.163586137523467
combined_mild,0.5220400000000001,1000.0077497308744,0.4613383200598004,0.46286315094988467,-0.01803759913307073,11.558945060967238,11.59754937516917,13.163586137523467
combined_mild,0.5230400000000001,1000.0049685222672,0.4625231851719688,0.462872562156446,-0.013169909189130044,11.562900331813141,11.600281658199657,13.163586137523467
combined_mild,0.5240400000000001,1000.0050701860722,0.46267411613513565,0.4616701495274074,-0.016210553761355283,11.55998956618305,11.59992767136665,13.163586137523467
combined_mild,0.5250400000000001,1000.0088632312666,0.46448369860990213,0.46183929259405143,-0.021647428605407342,11.56275823486386,11.598350285405761,13.163586137523467
combined_mild,0.5260400000000001,1000.0187982834782,0.4641046064615654,0.4617602746442683,-0.011050489040686805,11.562431506241776,11.601958023288157,13.163586137523467
combined_mild,0.5270400000000001,1000.0203163921935,0.46198573864048104,0.46226581310880266,-0.015866257427909865,11.559078587402926,11.597685609038633,13.163586137523467
combined_mild,0.5280400000000001,1000.0154891156727,0.46070405196772296,0.46312814693482385,-0.01039702212358449,11.558660115354808,11.596036485352998,13.163586137523467
combined_mild,0.5290400000000001,1000.0006582963919,0.45822093444259093,0.46299825503171177,-0.014140756124446737,11.559217196569612,11.599155564499986,13.163586137523467
combined_mild,0.5300400000000001,999.98171535059,0.4592754817083289,0.4641704985915664,-0.023292477108416317,11.56059613577586,11.596182311315738,13.163586137523467
combined_mild,0.5310400000000001,999.971414659587,0.4609965550361548,0.46256165615052824,-0.015796811619427524,11.561681245371233,11.601209090047853,13.163586137523467
combined_mild,0.5320400000000001,999.9684615729241,0.4633984474736057,0.4625644540085873,-0.02251314134274367,11.56304120023565,11.601646040917267,13.163586137523467
combined_mild,0.5330400000000001,999.9794126215354,0.4662018332662554,0.46413368477463796,-0.015276700015995315,11.562816476869221,11.600200895011033,13.163586137523467
combined_mild,0.5340400000000001,999.994206091151,0.46529418750436413,0.4624359523146353,-0.016196607063917144,11.560890773028758,11.600828884973897,13.163586137523467
combined_mild,0.5350400000000001,1000.0047761898893,0.4648430591221717,0.46414826570731416,-0.02081101004662186,11.558146920198244,11.593738249753866,13.163586137523467
combined_mild,0.5360400000000001,1000.0113670316476,0.46275161001738246,0.46308388183437627,-0.011064118856063367,11.55940170993326,11.59892814625991,13.163586137523467
combined_mild,0.5370400000000001,1000.0081008178896,0.46135645919348506,0.46286314616635316,-0.01797991560950182,11.559076002838703,11.597682798463335,13.163586137523467
combined_mild,0.5380400000000001,1000.0053542021424,0.46255025602737326,0.46287257115941083,-0.013209485624962058,11.562905325350531,11.600286631798165,13.163586137523467
combined_mild,0.5390400000000001,1000.0055770721185,0.46269816760352667,0.46167015292690855,-0.016237584732486838,11.559983601975972,11.599921709982072,13.163586137523467
combined_mild,0.5400400000000001,1000.0094481377101,0.4644929809562361,0.4618392789416633,-0.02166908499365692,11.562740561243034,11.598332631571083,13.163586137523467
combined_mild,0.5410400000000001,1000.0194770107655,0.464143623368661,0.4617602805275755,-0.01098596526173419,11.562427631676497,11.601954130289226,13.163586137523467
combined_mild,0.5420400000000001,1000.0209667960565,0.46197246531563685,0.46226580609675205,-0.015805126610698488,11.5590581704422,11.597665224079593,13.163586137523467
combined_mild,0.5430400000000001,1000.0159908113876,0.4606552224130586,0.4631281499284756,-0.010355283033800325,11.558635580168547,11.596011909825943,13.163586137523467
combined_mild,0.5440400000000001,1000.0008991519185,0.4581582505066947,0.4629982569097014,-0.014120100838397216,11.559197731979669,11.599136105880566,13.163586137523467
combined_mild,0.5450400000000001,999.9817628767073,0.45929913438307435,0.46417049276690037,-0.023223353690880105,11.560619722318387,11.596205968643668,13.163586137523467
combined_mild,0.5460400000000001,999.9716592034125,0.46104449429135985,0.4625616607495573,-0.015807341710780225,11.561696161974664,11.601224002469493,13.163586137523467
combined_mild,0.5470400000000001,999.9688459738094,0.4633486343680425,0.46256445106963345,-0.02245278672623878,11.563018271919557,11.601623142959436,13.163586137523467
combined_mild,0.5480400000000001,999.9795869908481,0.4662278373909808,0.46413368737138583,-0.015253157359302633,11.564547799039726,11.601929586151075,13.163586137523467
combined_mild,0.5490400000000001,999.9944594657026,0.4653028181121943,0.4624359525565668,-0.016167838828095516,11.560890627214006,11.600828742675201,13.163586137523467
combined_mild,0.5500400000000001,1000.0052021623557,0.46491529688318023,0.464148261851212,-0.02082357142999359,11.560286135235902,11.595880182280096,13.163586137523467
combined_mild,0.5510400000000001,1000.0119742702666,0.4627999740127996,0.4630838829469176,-0.011064574095637207,11.559397099062954,11.598923539930672,13.163586137523467
combined_mild,0.5520400000000001,1000.0088489518437,0.46136953653204815,0.462863146002907,-0.01797963622199889,11.559050835788915,11.597657620488057,13.163586137523467
combined_mild,0.5530400000000001,1000.0062148448567,0.4625899986014039,0.46287257035663265,-0.013143398089800567,11.562887245201264,11.600268548306634,13.163586137523467
combined_mild,0.5540400000000001,1000.0064467716337,0.46264540237205043,0.4616701520678256,-0.016287169876497837,11.559926350403744,11.599864451881917,13.163586137523467
combined_mild,0.5550400000000001,1000.0100412530204,0.4644261031537488,0.4618392847019982,-0.021743797251998653,11.562678742746472,11.598270753007213,13.163586137523467
combined_mild,0.5560400000000001,1000.0199289170166,0.4641255261833872,0.46176027707814643,-0.010994903126832198,11.562390406113266,11.601916914860801,13.163586137523467
combined_mild,0.5570400000000001,1000.0213618852854,0.46201476402153985,0.46226581168523073,-0.01588299915873006,11.559038130682483,11.597645139542019,13.163586137523467
combined_mild,0.5580400000000001,1000.016210190792,0.4606604382311858,0.4631281468231854,-0.01031649726339103,11.558615965998213,11.595992301775848,13.163586137523467
combined_mild,0.5590400000000001,1000.0010635535946,0.4581310811013762,0.4629982545762912,-0.014090194668743856,11.559173669069793,11.599112041717092,13.163586137523467
combined_mild,0.5600400000000001,999.981760503513,0.4592555256445771,0.4641705004701837,-0.023208235096686694,11.560598613408608,11.596184847880055,13.163586137523467
combined_mild,0.5610400000000001,999.9714545053525,0.4610012045652921,0.4625616545300702,-0.01580501922859967,11.561683745651141,11.601211590114893,13.163586137523467
combined_mild,0.5620400000000001,999.9685248200465,0.4634031293017867,0.4625644552631033,-0.02251294011895792,11.563041054843618,11.601645895531654,13.163586137523467
combined_mild,0.5630400000000001,999.9794880811421,0.46620213117495807,0.4641336834282297,-0.015271971983624604,11.562813658518161,11.600198077273463,13.163586137523467
combined_mild,0.5640400000000001,999.9942703143486,0.46528900879867596,0.4624359521642808,-0.016190841182858833,11.560886215067859,11.60082432681586,13.163586137523467
combined_mild,0.5650400000000001,1000.0049795539367,0.4649139974625409,0.46414826911206786,-0.020845234152704832,11.56028601058985,11.595880028295444,13.163586137523467
combined_mild,0.5660400000000001,1000.0117694536798,0.46280839899370846,0.46308387988491573,-0.011081665743846848,11.559399262860252,11.598925713171852,13.163586137523467
combined_mild,0.5670400000000001,1000.0085727805745,0.4612958815104864,0.4628631476946624,-0.01803795055459671,11.558900397587234,11.597504728192058,13.163586137523467
combined_mild,0.5680400000000001,1000.0056903130524,0.4625549030322645,0.4628725675869631,-0.013210068366927695,11.562880807144772,11.600262136799817,13.163586137523467
combined_mild,0.5690400000000001,1000.0058743794729,0.462677744338034,0.46167015127936556,-0.016246545459998582,11.559952085452169,11.599890189430871,13.163586137523467
combined_mild,0.5700400000000001,1000.0096145089213,0.4644575362835267,0.46183928689029075,-0.02169094508962078,11.562707821276273,11.598299855973348,13.163586137523467
combined_mild,0.5710400000000001,1000.0195127890845,0.46415710711687297,0.46176027654293017,-0.010930689686095646,11.562427019079157,11.601953516183183,13.163586137523467
combined_mild,0.5720400000000001,1000.0210440549386,0.4619527492672943,0.46226581180912985,-0.015858229123759927,11.55904032478129,11.597647347540393,13.163586137523467
combined_mild,0.5730400000000001,1000.0160344619433,0.4607117045220269,0.46312814701164257,-0.010329871792139308,11.558646790719791,11.59602313593365,13.163586137523467
combined_mild,0.5740400000000001,1000.0011373166483,0.458186715671716,0.4629982547439651,-0.01408662606550054,11.559195031180403,11.599133402430754,13.163586137523467
combined_mild,0.5750400000000001,999.9820615800754,0.4592981413600177,0.46417050033167745,-0.023195234949104138,11.560606087092602,11.596192308573812,13.163586137523467
combined_mild,0.5760400000000001,999.9718985686471,0.46102102156867986,0.4625616539836433,-0.015792337954806168,11.561676738012325,11.601204587886102,13.163586137523467
combined_mild,0.5770400000000001,999.9690022653172,0.4633985954144231,0.4625644562622274,-0.022508977749446796,11.563022196863118,11.601627026016297,13.163586137523467
combined_mild,0.5780400000000001,999.9798981776399,0.46617826861341505,0.4641336818529815,-0.015281617308503692,11.562787471247193,11.600171908758405,13.163586137523467
combined_mild,0.5790400000000001,999.9945640428094,0.4652826823688978,0.46243595195310194,-0.016115868743793952,11.560875507109177,11.60081362164784,13.163586137523467
combined_mild,0.5800400000000001,1000.0051727952509,0.4648864008501331,0.4641482739855041,-0.020886415927538572,11.560264570799182,11.595858552739612,13.163586137523467
combined_mild,0.5810400000000001,1000.0118190346315,0.4627332897424854,0.46308387748974117,-0.01104159225754923,11.55936789039592,11.59889433481248,13.163586137523467
combined_mild,0.5820400000000001,1000.0083959137352,0.4613085221434327,0.46286314905607834,-0.01797581380696218,11.559038296310648,11.59764507583713,13.163586137523467
combined_mild,0.5830400000000001,1000.0055371651949,0.4625537522861141,0.46287256510348573,-0.013146865057121706,11.562894316037644,11.600275623168002,13.163586137523467
combined_mild,0.5840400000000001,1000.005678294365,0.4626415939520764,0.46167015036545006,-0.016285391116450106,11.55995109235357,11.599889193859077,13.163586137523467
combined_mild,0.5850400000000001,1000.0093256384948,0.46445184953102,0.46183929028138454,-0.021727704603475333,11.562715719210695,11.598307735384124,13.163586137523467
combined_mild,0.5860400000000001,1000.0191160070319,0.4640743791140584,0.4617602752766712,-0.010960107658430538,11.562408604259247,11.601935101631263,13.163586137523467
combined_mild,0.5870400000000001,1000.0204033154934,0.46200277893211056,0.4622658125899166,-0.01584932382112478,11.559081239241785,11.597688271630275,13.163586137523467
combined_mild,0.5880400000000001,1000.0154300692597,0.46070939142403244,0.46312814715981676,-0.010366302621433824,11.558663891607555,11.596040238121248,13.163586137523467
combined_mild,0.5890400000000001,1000.0006019825734,0.45821735104250283,0.46299825522637994,-0.01410648808704397,11.559221964602456,11.599160336253025,13.163586137523467
combined_mild,0.5900400000000001,999.981630285684,0.45926718353308504,0.46417049782027614,-0.023258255163436648,11.560603680096692,11.596189886883234,13.163586137523467
combined_mild,0.5910400000000001,999.9712906205635,0.4609883756111511,0.4625616569728093,-0.015763348983512077,11.561692897349761,11.601220731228192,13.163586137523467
combined_mild,0.5920400000000001,999.9683082138832,0.46339412750419606,0.4625644532268065,-0.022479363284325315,11.563057385144694,11.60166224500264,13.163586137523467
combined_mild,0.5930400000000001,999.9793076385622,0.46622925285063477,0.46413368573958375,-0.015334478252855142,11.562829867187391,11.60021430291193,13.163586137523467
combined_mild,0.5940400000000001,999.9942426785185,0.46529258744024765,0.46243595241933805,-0.016062972894474316,11.560896635102974,11.600834756600813,13.163586137523467
combined_mild,0.5950400000000001,1000.0048963549057,0.4648971542962328,0.4641482639047774,-0.020833147054916838,11.560292250096301,11.595886292381842,13.163586137523467
combined_mild,0.5960400000000001,1000.011633514823,0.46280240454940713,0.4630838824088488,-0.011072935324798866,11.559411515000205,11.598937956591973,13.163586137523467
combined_mild,0.5970400000000001,1000.0084364263711,0.4613014053976081,0.4628631460762396,-0.018027169737732003,11.558917023069165,11.597521369485603,13.163586137523467
combined_mild,0.5980400000000001,1000.005599805005,0.46256891129785227,0.4628725709848478,-0.013194143808858031,11.56289938563779,11.600280692683725,13.163586137523467
combined_mild,0.5990400000000001,1000.005857341239,0.4626953578221026,0.46167015269515077,-0.016224873343478965,11.559970077086401,11.599908184719459,13.163586137523467
combined_strong,4e-05,0.034220895012238454,0.37697329483012715,0.42298957219112476,-0.041664698160178294,10.282096213296215,10.282096213296214,12.470765814495918
combined_strong,0.0010400000000000001,12.47448689362662,3.7772406152559967,4.334779339453638,-0.38752018122202414,3.0238823455591737,3.2079222018627775,12.470765814495918
combined_strong,0.00204,30.437737920572264,4.078146407902021,4.683129284626386,-0.4315864703630424,2.709760676267934,2.8951089509989956,12.470765814495918
combined_strong,0.00304,49.07242713037603,4.159879349037094,4.77644613437715,-0.45280526386797687,2.909361717898076,3.0964292873906953,12.470765814495918
combined_strong,0.00404,67.98137289969709,4.211600366429901,4.836355143240213,-0.4667153363494111,3.1256411086240297,3.3145717516630806,12.470765814495918
combined_strong,0.00504,87.07636544749921,4.24887865688572,4.878244844713127,-0.4772591253535863,3.357885943042461,3.5489806512466924,12.470765814495918
combined_strong,0.00604,106.30337786856474,4.276167607439942,4.911123565154343,-0.48426036394986044,3.568409130903615,3.7616762481065464,12.470765814495918
combined_strong,0.00704,125.6241921260247,4.296715859263371,4.934901532383404,-0.489234537996315,3.796969144977054,3.9925871399223176,12.470765814495918
combined_strong,0.00804,145.01089800943873,4.310963307356136,4.949264375054212,-0.4927418936921228,4.019504171732821,4.21717953871428,12.470765814495918
combined_strong,0.009040000000000001,164.4383334487118,4.320956861293105,4.961432745428741,-0.4945353463738431,4.238403907780363,4.4376226636217115,12.470765814495918
combined_strong,0.01004,183.8949032381983,4.3293271265843005,4.973856097427032,-0.49453065527710177,4.460570948029572,4.660549584795125,12.470765814495918
combined_strong,0.011040000000000001,203.36485965467284,4.33416616154919,4.977355320802522,-0.49368863776322425,4.694715134732794,4.894319141454397,12.470765814495918
combined_strong,0.01204,222.84408915061255,4.338299335799366,4.985868321181388,-0.4925684180969501,4.903963354603609,5.101675983009431,12.470765814495918
combined_strong,0.013040000000000001,242.31878949246112,4.3395531103819724,4.9941644443735616,-0.4914678418752082,5.1211034857093205,5.314977414807718,12.470765814495918
combined_strong,0.01404,261.78723024772387,4.340235278651721,5.001346212989493,-0.4888368015197124,5.345199251650444,5.532906491376591,12.470765814495918
combined_strong,0.015040000000000001,281.2395590819271,4.339923591873479,5.001869322768188,-0.48837172394448697,5.57065159039952,5.749362599087897,12.470765814495918
combined_strong,0.01604,300.6765522296253,4.342275218823138,5.003319787369688,-0.4437731519428694,5.790821050661261,5.969819356357887,12.470765814495918
combined_strong,0.01704,320.09882792262766,4.336155364623703,5.0045350112666,-0.4298648029897579,6.005305942899551,6.195294185151015,12.470765814495918
combined_strong,0.01804,339.46414581747814,4.324716817751835,5.003221510953242,-0.4456234471721447,6.209026423142156,6.4057879092321475,12.470765814495918
combined_strong,0.01904,358.77115486562803,4.315754038446415,4.997759361037241,-0.460313828958091,6.423013658146412,6.622906322145208,12.470765814495918
combined_strong,0.02004,378.03169868746227,4.310125790177068,4.999131406446272,-0.4736828315964084,6.642442740770684,6.841034459660193,12.470765814495918
combined_strong,0.02104,397.2576870959841,4.3065965101236525,5.002452400811013,-0.4873194944532798,6.8588471185451265,7.051070892676487,12.470765814495918
combined_strong,0.02204,416.46348401556656,4.30717911166492,5.006888598478747,-0.4996514237481781,7.086106169617997,7.266242859490057,12.470765814495918
combined_strong,0.02304,435.6731491471114,4.315138600929078,5.011399960023928,-0.4588265102493863,7.299415559429058,7.482076557411263,12.470765814495918
combined_strong,0.02404,454.8844140499913,4.312565934671769,5.005997849263437,-0.4637765387103998,7.514749051821695,7.7097474988107155,12.470765814495918
combined_strong,0.02504,474.07154115150485,4.311801235642374,4.995713083423544,-0.4857139029056673,7.734076106691608,7.933978398270487,12.470765814495918
combined_strong,0.02604,493.25148598533195,4.3151239302358,4.99314518090183,-0.5027442496084056,7.965346705602902,8.162462345717463,12.470765814495918
combined_strong,0.02704,512.4467916445228,4.323672810810109,5.004607454512977,-0.513092352410491,8.18004571406625,8.365945409121109,12.470765814495918
combined_strong,0.02804,531.6656811208654,4.334368834881182,5.0037400961850445,-0.4853039635260106,8.391543411213181,8.570999279983416,12.470765814495918
combined_strong,0.02904,550.9087263875936,4.334512665749981,4.996915620992902,-0.4587127284764566,8.613771552195228,8.808998587177767,12.470765814495918
combined_strong,0.03004,570.1156894421489,4.327521552796188,5.0044180244846315,-0.4719322296321509,8.829102246053406,9.029082686695684,12.470765814495918
combined_strong,0.03104,589.2809071568325,4.322565571155155,5.002069965155947,-0.48369871730627434,9.046429644720895,9.23999449914561,12.470765814495918
combined_strong,0.03204,608.41067276233,4.317221767283431,5.010106946757097,-0.49395841582369215,9.248103329584847,9.42321261947631,12.470765814495918
combined_strong,0.03304,627.5130423085225,4.313686910466769,5.0146454377423035,-0.4439757802887873,9.473377556103403,9.665560075023146,12.470765814495918
combined_strong,0.03404,646.5543967799747,4.300199415863378,5.0033622200391825,-0.46792016888882293,9.682934188734796,9.8829175062974,12.470765814495918
combined_strong,0.03504,665.5362876331657,4.293668434034984,5.000242158280783,-0.4979441954380623,9.887148861308653,10.080392068748347,12.470765814495918
combined_strong,0.03604,684.5043816488419,4.2997696675759,5.01132252668185,-0.5262995030819635,10.120243500894006,10.291523325798375,12.470765814495918
combined_strong,0.037040000000000003,703.5124072987322,4.311712409045403,4.999204326693242,-0.4867866472428543,10.338899412545008,10.53448505646327,12.470765814495918
combined_strong,0.038040000000000004,722.5380297051051,4.319336330785971,4.9924842840302395,-0.5111418807170381,10.560897746376744,10.760132194046147,12.470765814495918
combined_strong,0.03904,741.6033725053252,4.33411162842071,4.990673237847393,-0.5300784420041441,10.790009281316767,10.974817121015072,12.470765814495918
combined_strong,0.04004,760.7353573140809,4.352804713471298,4.999501528967156,-0.48110881887279006,10.999422210207884,11.18783904999001,12.470765814495918
combined_strong,0.04104,779.8972842418057,4.351483387797499,4.9972889883541,-0.4759631248282384,11.213566565922301,11.413537084768631,12.470765814495918
combined_strong,0.04204,799.0218418826132,4.3444311023587465,5.000480460825296,-0.48486734478425225,11.433383242487304,11.623798616594893,12.470765814495918
combined_strong,0.04304,818.1014881438762,4.339794680281998,5.009942480408368,-0.45757545859877524,11.625862236263462,11.809874546456959,12.470765814495918
combined_strong,0.04404,836.8624664806346,4.155782759121106,4.815115460222649,-0.431890915243482,11.454295486653209,11.65402080175644,12.470765814495918
combined_strong,0.045040000000000004,854.406278338849,3.861396753575333,4.481940949827425,-0.4305906674066337,11.486647857591818,11.67820788996709,12.470765814495918
combined_strong,0.046040000000000005,870.6437310868191,3.5878565335154966,4.161858464699098,-0.3848222245597255,11.51786017566252,11.701463557021713,12.470765814495918
combined_strong,0.047040000000000005,885.6579950393542,3.3221783156510085,3.845619249560047,-0.3562824699438759,11.561027514250041,11.760841410122447,12.470765814495918
combined_strong,0.04804,899.4914880045081,3.0731825766582164,3.5553270010310087,-0.352758959594169,11.595655307199326,11.785466924104503,12.470765814495918
combined_strong,0.04904,912.2424924212951,2.846771278125268,3.2875478683562496,-0.2869379090277994,11.629114895514133,11.816492868623824,12.470765814495918
combined_strong,0.05004,923.9475689524328,2.613139194452564,3.025322452017564,-0.2687859539094312,11.641745804756518,11.841699671104225,12.470765814495918
combined_strong,0.05104,934.6202760349971,2.396725597876016,2.787523818234725,-0.2696272093254533,11.661479486679124,11.845632745333342,12.470765814495918
combined_strong,0.05204,944.3597442212464,2.200219672967648,2.558042589244575,-0.21130562852459164,11.68149855510056,11.874880750629686,12.470765814495918
combined_strong,0.053040000000000004,953.2108783350395,2.0108816010929056,2.344094998246799,-0.22352316491835103,11.693680322308005,11.89191227980009,12.470765814495918
combined_strong,0.054040000000000005,961.2606610005225,1.852138947835158,2.155682665502715,-0.21048939661051347,11.730248826395831,11.90301035150252,12.470765814495918
combined_strong,0.055040000000000006,968.6257248167552,1.7020271390444957,1.9665714400704815,-0.18413248226852,11.726708551805704,11.925251554559466,12.470765814495918
combined_strong,0.05604,975.3217761661645,1.5631164835249782,1.795343349353597,-0.19497747462391352,11.743819899084142,11.936080981492719,12.470765814495918
combined_strong,0.05704,981.4280495272286,1.4401812946485546,1.6390827346523242,-0.1385912874638415,11.764645173025084,11.951542130129516,12.470765814495918
combined_strong,0.05804,986.9535491500658,1.308713705237276,1.4954296932387687,-0.13492653017921868,11.762578709091008,11.962383596632044,12.470765814495918
combined_strong,0.05904,991.9043999093848,1.1905364312375277,1.362543941943205,-0.14272844304777052,11.75745174415788,11.937511595655561,12.470765814495918
combined_strong,0.06004,996.3468805091233,1.0787569061780953,1.2356873234872834,-0.08595099214931479,11.760172547085624,11.956914289248212,12.470765814495918
combined_strong,0.061040000000000004,1000.271649764039,0.9699900515533966,1.1250342521412597,-0.10288066475971046,11.752497859801831,11.947185092929967,12.470765814495918
combined_strong,0.062040000000000005,1003.7545952740378,0.8831331003381477,1.0215065586665026,-0.06306277803576596,11.763971901844302,11.948176879400563,12.470765814495918
combined_strong,0.06304,1006.8340233786378,0.792103790662621,0.9246166851450337,-0.0733646627724301,11.759386165763638,11.959349111475646,12.470765814495918
combined_strong,0.06404,1009.5317677476473,0.7183084543322892,0.8429927000657741,-0.0851809661528603,11.780910971840662,11.943652649232998,12.470765814495918
combined_strong,0.06504,1011.9151299316541,0.6471129969678199,0.7587370111924594,-0.046829249601825405,11.754580270734904,11.95102197147521,12.470765814495918
combined_strong,0.06604,1013.9645165603945,0.5768712360683859,0.6852832138382645,-0.07188477143771041,11.750054645543363,11.944701505733448,12.470765814495918
combined_strong,0.06704,1015.7416956792845,0.524946660262278,0.6217445767247305,-0.03547803645230647,11.75190806005537,11.936723625040253,12.470765814495918
combined_strong,0.06804,1017.2655034272243,0.4668874793028316,0.5510324321836098,-0.05638152141938615,11.732631397134096,11.932529293828761,12.470765814495918
combined_strong,0.06904,1018.56527740809,0.43046035160271146,0.5018933504670015,-0.04608839321451158,11.767830911088675,11.933438533481791,12.470765814495918
combined_strong,0.07004,1019.7006759366022,0.3866929465572769,0.44203147755321026,-0.040482854911437376,11.737883938274795,11.935202622714806,12.470765814495918
combined_strong,0.07104,1020.6442170277802,0.34960833673072417,0.3939776097120459,-0.06486513970723794,11.73492243442877,11.928256529880949,12.470765814495918
combined_strong,0.07204,1021.4568668642695,0.3224440564228119,0.3581315216164669,-0.018559904787243668,11.728778423278769,11.915953771318469,12.470765814495918
combined_strong,0.07304000000000001,1022.1056751363368,0.28333109617795316,0.3097380703236672,-0.035808175127475854,11.714607579402587,11.91417432095259,12.470765814495918
combined_strong,0.07404000000000001,1022.6021418228327,0.25752075174651184,0.2778444555456347,-0.015907586282630844,11.723618110935005,11.893063957661527,12.470765814495918
combined_strong,0.07504000000000001,1022.9766843597741,0.22394861851804726,0.24683082248903188,-0.007216460524730155,11.708186735356177,11.906574993794875,12.470765814495918
combined_strong,0.07604000000000001,1023.1917892800194,0.1922402388115966,0.21800556715350067,-0.030610602699023676,11.688954184082204,11.88014245797361,12.470765814495918
combined_strong,0.07704000000000001,1023.3033623017473,0.1709856257722453,0.19662918252157413,0.0093204334633781,11.690237651253868,11.880056455582459,12.470765814495918
combined_strong,0.07804,1023.2866121817972,0.14193769770553277,0.17273894609544663,-0.013335965234729198,11.672212816078732,11.871067175332035,12.470765814495918
combined_strong,0.07904,1023.1718811224248,0.12928419024698384,0.1628897956360076,-0.0022797795211131223,11.69093122719892,11.864883761118113,12.470765814495918
combined_strong,0.08004,1022.9869192479206,0.10604692122574769,0.1399323011395334,-0.002910994355165489,11.655056610680118,11.85437224027569,12.470765814495918
combined_strong,0.08104,1022.7128545879104,0.09642146531749561,0.1271833235408862,-0.015384148132569053,11.688190500098466,11.83985356645528,12.470765814495918
combined_strong,0.08204,1022.4120691556531,0.08586326061626509,0.11501839091936475,0.0010343782131613222,11.659725264588085,11.852312625428361,12.470765814495918
combined_strong,0.08304,1022.0536775308694,0.07485459329743471,0.09750239895459335,-0.029927680255711478,11.642341408148619,11.840004876567994,12.470765814495918
combined_strong,0.08404,1021.6941296712095,0.0784808272695281,0.09495444573329018,0.0010741420836096077,11.649729355464906,11.828438966644354,12.470765814495918
combined_strong,0.08504,1021.3011317564644,0.06737836690235806,0.07023692141136006,-0.02016394538400873,11.63008717360184,11.82994525142937,12.470765814495918
combined_strong,0.08604,1020.8974271524136,0.07228112123269419,0.07510391289833106,-0.014556288471673867,11.619807947304889,11.804500647845966,12.470765814495918
combined_strong,0.08704,1020.4952820573477,0.06379616232973112,0.05827258007099586,-0.0019390275981570801,11.614478087197206,11.809235803703821,12.470765814495918
combined_strong,0.08804000000000001,1020.0498648174216,0.0592857750389123,0.05646001234926308,-0.018188181732997494,11.605705376414905,11.801911014619158,12.470765814495918
combined_strong,0.08904000000000001,1019.609874820391,0.05999210771221014,0.05289643417650214,0.000987067244195047,11.604859941833979,11.787046853334152,12.470765814495918
combined_strong,0.09004000000000001,1019.1282534125154,0.04602661029529275,0.04109487048989095,-0.0010085716434978355,11.600312510242546,11.800312199423347,12.470765814495918
combined_strong,0.09104000000000001,1018.60964690712,0.043943347989873795,0.052179656062178975,-0.001278149325109214,11.604092498115266,11.766303843677363,12.470765814495918
combined_strong,0.09204000000000001,1018.0801345339112,0.034991043445627715,0.03989106554063965,0.008920532984910811,11.583434877221972,11.779656308077273,12.470765814495918
combined_strong,0.09304000000000001,1017.5027935280743,0.029253530737030797,0.0455137079782011,-0.0018645296675771613,11.639178605591175,11.775198498309638,12.470765814495918
combined_strong,0.09404000000000001,1016.9265356550638,0.03033306919044076,0.05280369668349747,0.004097925550045824,11.56470664185441,11.749574661830673,12.470765814495918
combined_strong,0.09504,1016.3343201515759,0.024087517807598737,0.04131477278787565,-0.0026651094717873186,11.55470880522952,11.754561392016496,12.470765814495918
combined_strong,0.09604,1015.7472554699879,0.03304222335077973,0.05167295744443722,-0.004056828423506631,11.55798312949459,11.736429370346176,12.470765814495918
combined_strong,0.09704,1015.1793550308926,0.03110913148991972,0.0506371805933244,-0.00017218346897919252,11.538641948926275,11.736208127281984,12.470765814495918
combined_strong,0.09804,1014.617757648196,0.04193827389816036,0.05375529520335975,-0.00927840715806811,11.587353377960161,11.729039415713713,12.470765814495918
combined_strong,0.09904,1014.1119885021708,0.04667290376511283,0.05347672784920908,0.0006558260091641796,11.5400052195535,11.72771118105303,12.470765814495918
combined_strong,0.10004,1013.5974477839992,0.04825184714284808,0.05019616859325081,-0.017222640340370923,11.637295544515846,11.748148862757063,12.470765814495918
combined_strong,0.10104,1013.1370682182369,0.06039873184365342,0.057504544759047836,-0.0074096307840164875,11.531887262099634,11.707071685381568,12.470765814495918
combined_strong,0.10204,1012.6855930889624,0.05450175547213652,0.050054846977350895,-0.0066592939743217,11.530008088349513,11.72842228305449,12.470765814495918
combined_strong,0.10304,1012.2260238626164,0.06122021235194545,0.05666160681033079,-0.01547370518210872,11.53619488916704,11.727406823148923,12.470765814495918
combined_strong,0.10404000000000001,1011.802384762383,0.061618929896738686,0.059027834060456905,0.007898977250555484,11.522240546287442,11.711612172699082,12.470765814495918
combined_strong,0.10504000000000001,1011.3511670525311,0.05551581391391126,0.05500082284861684,-0.008188705327012442,11.51651264693658,11.71557258847847,12.470765814495918
combined_strong,0.10604000000000001,1010.901962397694,0.06063042204822302,0.06423531649604093,0.0023334273371076342,11.516535904367567,11.688817251936717,12.470765814495918
combined_strong,0.10704000000000001,1010.451327864003,0.05251499795750727,0.05999386052034028,0.008062653603704773,11.510156560695608,11.709098942251687,12.470765814495918
combined_strong,0.10804000000000001,1009.9777306613358,0.05358906789900521,0.07391698380940166,-0.012710662927178401,11.498876557175409,11.688750981894803,12.470765814495918
combined_strong,0.10904000000000001,1009.5294819801551,0.05794147679792263,0.0828969696148995,0.0062954923377213055,11.485704125864013,11.676423185382502,12.470765814495918
combined_strong,0.11004000000000001,1009.0635968965288,0.05340875739458422,0.07670035969773914,-0.012534396313593725,11.493161991697335,11.691758903726312,12.470765814495918
combined_strong,0.11104000000000001,1008.6259144411987,0.06470829207430373,0.09153571602955718,0.0017586999512972817,11.4937293431789,11.668466258779747,12.470765814495918
combined_strong,0.11204,1008.2099144299625,0.06427597738145707,0.08975355298492878,-0.010374768788562267,11.497911175594046,11.697253580606512,12.470765814495918
combined_strong,0.11304,1007.814671221121,0.07840831540177456,0.09351566015765679,-0.013519418134077319,11.523486726467334,11.675057823978783,12.470765814495918
combined_strong,0.11404,1007.4749202797634,0.08171466376752586,0.09126025806638544,-0.0059708748493780845,11.481445657651841,11.673519596980626,12.470765814495918
combined_strong,0.11504,1007.1361354937355,0.08306652239127953,0.08612218368131926,-0.03403780558210386,11.48022548025282,11.67835160503608,12.470765814495918
combined_strong,0.11604,1006.855173302363,0.0992041536185973,0.1027396549435105,-0.0015645186560775948,11.488593487261316,11.66518568204639,12.470765814495918
combined_strong,0.11704,1006.5856049862825,0.09555400841511402,0.09378793834571252,-0.014834257974449512,11.485488821780093,11.685068618733292,12.470765814495918
combined_strong,0.11804,1006.317053007685,0.1023681747383041,0.10377785411728209,-0.015959200166540632,11.513835282804203,11.667089581392156,12.470765814495918
combined_strong,0.11904,1006.0724541525212,0.09914805237082924,0.10236634466177494,0.0069749319695461874,11.485521315094116,11.678290681572134,12.470765814495918
combined_strong,0.12004000000000001,1005.8011780394874,0.09405880555012562,0.10219996029357091,-0.016162583370201412,11.472122212826369,11.669861362481424,12.470765814495918
combined_strong,0.12104000000000001,1005.5333068790203,0.0997863425263802,0.11718603112725012,-0.00043898071056454845,11.480659432476614,11.64832968951908,12.470765814495918
combined_strong,0.12204000000000001,1005.2544663527765,0.09037623706244759,0.11014681897288324,0.0010633331630317269,11.465707748945588,11.665414766164965,12.470765814495918
combined_strong,0.12304000000000001,1004.9549227637169,0.0930285644527831,0.12073159171952706,-0.015301066738733922,11.460689188705592,11.647362417514517,12.470765814495918
combined_strong,0.12404000000000001,1004.681070274606,0.09360241556050469,0.12372419425811272,0.006784951777595187,11.455964117685491,11.649307059805833,12.470765814495918
combined_strong,0.12504,1004.3848882475253,0.09114714325216228,0.12164504099587461,-0.022304619465654336,11.46725175554742,11.664655880894923,12.470765814495918
combined_strong,0.12604,1004.1248892780354,0.10329718762979496,0.13136007512958664,0.003394988666085185,11.469494908770494,11.64832028364032,12.470765814495918
combined_strong,0.12704000000000001,1003.8770144295595,0.09931027010762662,0.13008176627201287,-0.018966357356742854,11.455895920912244,11.655717349556179,12.470765814495918
combined_strong,0.12804000000000001,1003.6467970277795,0.11570142747340623,0.13913403954392642,-0.014545738591817993,11.4922587843189,11.648435849257446,12.470765814495918
combined_strong,0.12904000000000002,1003.4732950899727,0.11670200127140158,0.13270572486257642,-0.013120460780383756,11.455156211942212,11.649087082404188,12.470765814495918
combined_strong,0.13004000000000002,1003.2958114573572,0.11890549138217724,0.13139207658618163,-0.04077476465598733,11.464021930411368,11.661101090395078,12.470765814495918
combined_strong,0.13104000000000002,1003.1734367975249,0.13264715039133565,0.136284637523166,-0.0024418918357725313,11.472821669048775,11.652497418061392,12.470765814495918
combined_strong,0.13204000000000002,1003.0570599550994,0.12866107294073556,0.13095594444286907,-0.0205258802997756,11.454248262832614,11.654126014306275,12.470765814495918
combined_strong,0.13304000000000002,1002.93523393628,0.1328517719155447,0.1440391589065319,-0.020906034806610206,11.449417310408643,11.634724578168587,12.470765814495918
combined_strong,0.13404000000000002,1002.8319884176232,0.1304252111249404,0.13924199577488203,0.0033569323829647757,11.454660999023352,11.648822477633884,12.470765814495918
combined_strong,0.13504000000000002,1002.696222262577,0.1240305985607722,0.1427623525414946,-0.021594103824260875,11.450684696782277,11.647557368398617,12.470765814495918
combined_strong,0.13604000000000002,1002.5642631454085,0.12837816073362907,0.144912812978862,0.008734648383720045,11.462838326209841,11.64272270908701,12.470765814495918
combined_strong,0.13704000000000002,1002.4175164832892,0.11971158982759812,0.1442810996670189,-0.004395975056238159,11.451431231588764,11.651339732129339,12.470765814495918
combined_strong,0.13804000000000002,1002.248713927735,0.12125493722767439,0.15565662401479272,-0.01518636050477187,11.464833735427156,11.622144755566168,12.470765814495918
combined_strong,0.13904000000000002,1002.0939401166678,0.11961005511102664,0.15241427121678064,0.0033643639421068305,11.43891740761413,11.63336896961312,12.470765814495918
combined_strong,0.14004000000000003,1001.9163534553833,0.1167379186281102,0.15075486367328247,-0.02760732449567868,11.439265573831351,11.635956768380588,12.470765814495918
combined_strong,0.14104000000000003,1001.7667122885482,0.12671311284352932,0.15492426290823205,-0.0011357919000269975,11.457702960972298,11.63814134740962,12.470765814495918
combined_strong,0.14204000000000003,1001.6291745786144,0.1235249173033162,0.15094261161387207,-0.024120048460754145,11.43495744841409,11.634900025856979,12.470765814495918
combined_strong,0.14304000000000003,1001.5052143522886,0.13682013725217854,0.1618492940147196,-0.020121932065881924,11.458783406080002,11.617150283643149,12.470765814495918
combined_strong,0.14404000000000003,1001.4303534472725,0.13896628316587958,0.16299593213593933,-0.016769740999799027,11.453297350811816,11.647998632371351,12.470765814495918
combined_strong,0.14504000000000003,1001.3541295850071,0.14059879765082084,0.1542086252845966,-0.044315407644764035,11.442305267821329,11.638838493935184,12.470765814495918
combined_strong,0.14604000000000003,1001.3272812448494,0.15428312066577382,0.16618860015108802,-0.004421704392279451,11.460064913448917,11.640996949119415,12.470765814495918
combined_strong,0.14704000000000003,1001.3033146652166,0.14780527956628334,0.15479899836976274,-0.023218478133318298,11.44905702153601,11.649014322535532,12.470765814495918
combined_strong,0.14804000000000003,1001.2700657248055,0.1527742861521912,0.16164437034883444,-0.016069388807587685,11.46257054658312,11.620949342736072,12.470765814495918
combined_strong,0.14904000000000003,1001.2534056687782,0.14786316908564923,0.16160286612309355,0.00029300479042985105,11.438205476115803,11.632985918230553,12.470765814495918
combined_strong,0.15004000000000003,1001.1954876818345,0.14050235361822433,0.15427510578439463,-0.024192896084507785,11.434349891970976,11.630820178516084,12.470765814495918
combined_strong,0.15104000000000004,1001.1390620447269,0.14504122667690772,0.16374544717188771,0.0036017553188812286,11.455735634252429,11.636593502899595,12.470765814495918
combined_strong,0.15204000000000004,1001.0612664527227,0.13346121819035753,0.16145882064566702,-0.006987848686940158,11.438954245605084,11.638916766836463,12.470765814495918
combined_strong,0.15304000000000004,1000.958075609231,0.13640415466102682,0.1673161164501808,-0.01593568107954807,11.467536951467062,11.626045712711363,12.470765814495918
combined_strong,0.15404000000000004,1000.8741100321696,0.1335974232102769,0.1629171463670458,0.0019706136296152544,11.437937458806667,11.632803021118843,12.470765814495918
combined_strong,0.15504,1000.7650251933143,0.13052354353257745,0.1670470365409259,-0.029171144946383447,11.428447733044813,11.624813601355044,12.470765814495918
combined_strong,0.15604,1000.676462052126,0.1382824964314277,0.17240435635465007,-0.0021285747839452536,11.435481702169346,11.616708907474694,12.470765814495918
combined_strong,0.15704,1000.5923018706433,0.13516818635406988,0.170876869185826,-0.02473444652380207,11.431249647065922,11.631224167648208,12.470765814495918
combined_strong,0.15804,1000.519646643913,0.1488168203554765,0.17906200076862894,-0.021034218764082308,11.456855751619525,11.616109676578853,12.470765814495918
combined_strong,0.15904000000000001,1000.4976602590534,0.1496667227871516,0.1721764301820844,-0.017793162722489986,11.433363849102266,11.628365334764803,12.470765814495918
combined_strong,0.16004000000000002,1000.4688157407733,0.15138696109787841,0.17342933541484526,-0.0455928595593224,11.439366536077303,11.635671288691485,12.470765814495918
combined_strong,0.16104000000000002,1000.489401338613,0.16375938474018156,0.17238057475501867,-0.005017421363121625,11.456193021950765,11.637690802834063,12.470765814495918
combined_strong,0.16204000000000002,1000.50887943918,0.1568027329774843,0.1614804415188512,-0.02504426420966339,11.444848729476009,11.644824405046817,12.470765814495918
combined_strong,0.16304000000000002,1000.518327046435,0.16237059223428882,0.1731994811443508,-0.016665737819427904,11.46748212421631,11.626448214710988,12.470765814495918
combined_strong,0.16404000000000002,1000.5443465369225,0.15619826250331661,0.17216645993457247,5.621460519917177e-05,11.441526115891145,11.636528358871587,12.470765814495918
combined_strong,0.16504000000000002,1000.5248034672052,0.14844958309540326,0.16565709599156989,-0.02516403243104707,11.427003456474425,11.623306260095141,12.470765814495918
combined_strong,0.16604000000000002,1000.5051594901163,0.15227025840722325,0.17369499673380945,0.010110252348176174,11.448432435925993,11.629710200952642,12.470765814495918
combined_strong,0.16704000000000002,1000.4658456491131,0.14125779708231453,0.17087871613797123,-0.007460631596468884,11.431514728610544,11.6314898263276,12.470765814495918
combined_strong,0.16804000000000002,1000.3979763039786,0.14330230460870608,0.17890428760088398,-0.01831491006223726,11.432340091013172,11.616226639078507,12.470765814495918
combined_strong,0.16904000000000002,1000.343081954284,0.14010921946744515,0.17215696348197657,0.00040718576660637106,11.437392156382527,11.632428562612398,12.470765814495918
combined_strong,0.17004000000000002,1000.2638591979372,0.13678275206065613,0.17346411546502014,-0.03101998788613313,11.430134251621418,11.626390846521018,12.470765814495918
combined_strong,0.17104000000000003,1000.2053120348348,0.14608231887916173,0.18365070329633135,-0.00165846640213212,11.447857433193992,11.629372221245362,12.470765814495918
combined_strong,0.17204000000000003,1000.1497005274556,0.1410387679984841,0.17087911483801682,-0.027148956696459326,11.433412324603381,11.633393758943999,12.470765814495918
combined_strong,0.17304000000000003,1000.1062804767778,0.15426811765546278,0.17903967391739506,-0.022664566817488272,11.457149923514624,11.61697940841605,12.470765814495918
combined_strong,0.17404000000000003,1000.1116500951272,0.15518610173100983,0.17215307690966583,-0.019297631175482725,11.443547638204894,11.638669023384605,12.470765814495918
combined_strong,0.17504000000000003,1000.1091302567296,0.1558789304491209,0.1734696587727059,-0.04587645395886654,11.437676211814166,11.633911954545349,12.470765814495918
combined_strong,0.17604000000000003,1000.1519006999434,0.1682557925212922,0.17866166369320352,-0.005484061575132154,11.451663296905878,11.633334275573784,12.470765814495918
combined_strong,0.17704000000000003,1000.1919401935131,0.16129710699939975,0.17201425167457918,-0.025829572972339832,11.439881991491195,11.639864574491293,12.470765814495918
combined_strong,0.17804000000000003,1000.218024208012,0.16563779191643144,0.17895455375205818,-0.017418163594839182,11.463637617800908,11.62292805093178,12.470765814495918
combined_strong,0.17904000000000003,1000.2589858179464,0.16018367974906914,0.17214954924618223,-0.00125800088833321,11.44242532038828,11.637466069358391,12.470765814495918
combined_strong,0.18004000000000003,1000.2617185622597,0.1525599608413495,0.1720520563699408,-0.025326609125007928,11.434309752987055,11.630545908630845,12.470765814495918
combined_strong,0.18104000000000003,1000.2573669025039,0.15642942210854804,0.18000002174099292,0.00730946985901323,11.4550866886168,11.636507455262409,12.470765814495918
combined_strong,0.18204000000000004,1000.2355126582072,0.14609075018616657,0.1747669516585975,-0.00834986205137133,11.433843909611188,11.633826669418632,12.470765814495918
combined_strong,0.18304000000000004,1000.1845507387596,0.14677832796047194,0.1789189964551179,-0.01846823909205512,11.438318032045196,11.622093083094391,12.470765814495918
combined_strong,0.18404000000000004,1000.1491737235385,0.14402705310619754,0.18271961514649163,0.00034487994478050337,11.443044384632545,11.638139592354117,12.470765814495918
combined_strong,0.18504000000000004,1000.0809484718465,0.13918494763837846,0.17348438010952827,-0.03158504560075135,11.422282611025997,11.618472553747738,12.470765814495918
combined_strong,0.18604000000000004,1000.034987535018,0.1481475334938591,0.18362443029437847,-0.002057896306684388,11.438765804697413,11.62035807495304,12.470765814495918
combined_strong,0.18704000000000004,999.9888834861617,0.1424414407641717,0.1775135013337565,-0.027135651650427802,11.423922162921755,11.623907005102861,12.470765814495918
combined_strong,0.18804000000000004,999.9529793214098,0.15624208461938632,0.19057804179938678,-0.02341337408997852,11.461115878097198,11.621068151277443,12.470765814495918
combined_strong,0.18904000000000004,999.9644204975624,0.1573960851638441,0.1827189511723621,-0.019171962528966184,11.433915342022635,11.629077226915953,12.470765814495918
combined_strong,0.19004000000000001,999.9679472155021,0.15794110021716787,0.17348407052969256,-0.04617091029550851,11.44167608618895,11.63787824447623,12.470765814495918
combined_strong,0.19104000000000002,1000.0210042741837,0.1704271903189537,0.18497523135651303,-0.006882936303675703,11.455840787940188,11.637567388706355,12.470765814495918
combined_strong,0.19204000000000002,1000.0728513562101,0.1646751166538566,0.17476815302405094,-0.02524925751545136,11.444139690287239,11.644123864499377,12.470765814495918
combined_strong,0.19304000000000002,1000.1089107937136,0.1665761398861043,0.1789207083651345,-0.023526915720362473,11.442666475492524,11.626327290592174,12.470765814495918
combined_strong,0.19404000000000002,1000.1603854894072,0.16271530638769652,0.17214334380136848,-0.001110552023942361,11.445565376516495,11.64072157203015,12.470765814495918
combined_strong,0.19504000000000002,1000.1718100271539,0.1546094185573706,0.17206605172474235,-0.02531120496951673,11.437167170525834,11.633380742687025,12.470765814495918
combined_strong,0.19604000000000002,1000.1751191073733,0.15704487854100355,0.18134407782464468,0.006701820855732641,11.457079451189456,11.638548342425228,12.470765814495918
combined_strong,0.19704000000000002,1000.1556213376801,0.1463874719494799,0.17476994246216465,-0.008328283427993792,11.440079967590236,11.640061135560522,12.470765814495918
combined_strong,0.19804000000000002,1000.1080270639819,0.14799137543842214,0.17892428397004403,-0.017568712862026804,11.465020391024305,11.624263377113508,12.470765814495918
combined_strong,0.19904000000000002,1000.0769705443613,0.14471345193130455,0.18271300907439347,0.0004520863954364097,11.431185328649939,11.626300749908236,12.470765814495918
combined_strong,0.20004000000000002,1000.0119729501814,0.14063220665532242,0.17842304376001178,-0.031063431548982716,11.424517619249055,11.620691256479239,12.470765814495918
combined_strong,0.20104000000000002,999.9694493898894,0.14921932453210468,0.18361485017433996,-0.0010597285414800561,11.431548141692465,11.613244669778162,12.470765814495918
combined_strong,0.20204000000000003,999.9285205252328,0.14405051702298868,0.177513393918253,-0.027204105704499312,11.426055518258552,11.626041300611774,12.470765814495918
combined_strong,0.20304000000000003,999.8960701930537,0.15693314085590013,0.19057497231786402,-0.023848776697770777,11.462689935747076,11.622686459085335,12.470765814495918
combined_strong,0.20404000000000003,999.9094635008228,0.15756423695007452,0.18271428477713295,-0.01944264406854774,11.435271973033776,11.6304484623357,12.470765814495918
combined_strong,0.20504000000000003,999.9152664071939,0.1584169731537755,0.17348921654466512,-0.04669695538169475,11.430414551073456,11.626585846584229,12.470765814495918
combined_strong,0.20604000000000003,999.9722329380797,0.17100196407965515,0.18497032966924415,-0.00578012686706055,11.456823491059609,11.638586323356634,12.470765814495918
combined_strong,0.20704000000000003,1000.0247521129515,0.16400945122021968,0.1720258209340899,-0.02555909077905124,11.444848594221218,11.644833743192747,12.470765814495918
combined_strong,0.20804000000000003,1000.0626627184612,0.1685101404934716,0.17895848562328456,-0.017187882217017277,11.46830419850744,11.627709146701072,12.470765814495918
combined_strong,0.20904000000000003,1000.1186930882911,0.16316803282202005,0.17876757823765657,-0.0010570252329474032,11.439893896892043,11.635018409993744,12.470765814495918
combined_strong,0.21004000000000003,1000.130989419871,0.1550702238116538,0.17700189324333113,-0.02551550375286577,11.438354273377932,11.634557931880016,12.470765814495918
combined_strong,0.21104000000000003,1000.1361545609286,0.15707866916770416,0.18134281665415872,0.006252186352644384,11.44462405075779,11.626091092529679,12.470765814495918
combined_strong,0.21204000000000003,1000.1184681170738,0.14702757997922813,0.17477089886884292,-0.008406391611154607,11.44132204321267,11.641303735843548,12.470765814495918
combined_strong,0.21304000000000003,1000.0752514620448,0.14890936340954464,0.17892593853748384,-0.018792047762640388,11.44171242405233,11.62543402597094,12.470765814495918
combined_strong,0.21404000000000004,1000.0454564412453,0.1452245265779018,0.18271097679639975,0.00031435936078064923,11.432176212474507,11.627298296439477,12.470765814495918
combined_strong,0.21504000000000004,999.981487403578,0.1407453069279809,0.17842577851312014,-0.03144940832466735,11.425353217698616,11.621521336212126,12.470765814495918
combined_strong,0.21604000000000004,999.941755264494,0.14987469292883096,0.18361208720359154,-0.0011071724086278054,11.432536940182429,11.614243923287539,12.470765814495918
combined_strong,0.21704000000000004,999.9022833296009,0.14457083626745865,0.17751335984837935,-0.027082976285949266,11.427013397135086,11.62699943164205,12.470765814495918
combined_strong,0.21804000000000004,999.8709569345804,0.15746214338136927,0.19057415144785428,-0.02399886983668024,11.463632463450985,11.623641187858523,12.470765814495918
combined_strong,0.21904000000000004,999.8860683022344,0.15791137579681347,0.18271309629843174,-0.01920091049501241,11.436137295264487,11.631317227305374,12.470765814495918
combined_strong,0.22004000000000004,999.8928715313373,0.15854911999787458,0.17349045615685812,-0.046622877451859925,11.431195568282268,11.627364082546737,12.470765814495918
combined_strong,0.22104000000000004,999.9503591050616,0.17168555341064665,0.18496921949681153,-0.006691210467491938,11.458255584870301,11.640011262175635,12.470765814495918
combined_strong,0.22204000000000004,1000.0052315144047,0.16513190637797281,0.17476993750733466,-0.024898745050266725,11.446283670974019,11.646268602058884,12.470765814495918
combined_strong,0.22304000000000004,1000.045805275277,0.16831886716835223,0.17892378338483758,-0.023295392760732423,11.4452134534657,11.628851400320336,12.470765814495918
combined_strong,0.22404000000000002,1000.105036827048,0.16390384339567993,0.17876721027485037,-0.0005146487130978412,11.440937268559816,11.636060441658456,12.470765814495918
combined_strong,0.22504000000000002,1000.1171851135501,0.1547637335715841,0.1770028525506938,-0.02521027345275473,11.438961567291969,11.635166157365417,12.470765814495918
combined_strong,0.22604000000000002,1000.1231083244335,0.15695071841342847,0.18134262122481287,0.006788046256961143,11.435887201716156,11.617425585686155,12.470765814495918
combined_strong,0.22704000000000002,1000.1054135589171,0.14707466361428462,0.17477102883463877,-0.008586235642015437,11.437599548817001,11.637584129885463,12.470765814495918
combined_strong,0.22804000000000002,1000.0625981472064,0.14875582344756508,0.1789261273697483,-0.018667598808847427,11.442259410145907,11.625981517880204,12.470765814495918
combined_strong,0.22904000000000002,1000.0333839772966,0.14514880029808766,0.18271079896096798,0.0006445628813024921,11.432760901563055,11.627882369576227,12.470765814495918
combined_strong,0.23004000000000002,999.9699685865536,0.14110624866414842,0.18477652687615936,-0.03142884095663351,11.426053651844894,11.622221931221372,12.470765814495918
combined_strong,0.23104000000000002,999.9313113583206,0.14989421861810467,0.1836120260044185,-0.0010811936450299676,11.433066615768034,11.614772639993198,12.470765814495918
combined_strong,0.23204000000000002,999.8931262878239,0.14508316966324378,0.17751336042567506,-0.026853947379415075,11.427700582077833,11.627686581609067,12.470765814495918
combined_strong,0.23304000000000002,999.864220945603,0.15777648924835272,0.1905741966049574,-0.023899702893663843,11.439467549513683,11.622793015388911,12.470765814495918
combined_strong,0.23404000000000003,999.8820639415003,0.15779830429267763,0.18271320051599627,-0.01975212787690286,11.436289030498218,11.631469289533896,12.470765814495918
combined_strong,0.23504000000000003,999.8898567842564,0.15890182842275868,0.17842129442257623,-0.04660216516704429,11.43151190214173,11.627680663850484,12.470765814495918
combined_strong,0.23604000000000003,999.9474184989208,0.1717412025345009,0.18496939603812815,-0.006419842560103083,11.458513682854973,11.640267783409488,12.470765814495918
combined_strong,0.23704000000000003,1000.0021048024764,0.16482873127583927,0.17476987363905433,-0.0247002334260304,11.446428776641575,11.646413653558861,12.470765814495918
combined_strong,0.23804000000000003,1000.043571172503,0.168644368365573,0.17892364854757192,-0.02338525966413638,11.44552786451,11.629166524689918,12.470765814495918
combined_strong,0.23904000000000003,1000.1045303732386,0.1638199696951369,0.1787673304762829,-0.0004614442257909934,11.427233117684267,11.622355766033575,12.470765814495918
combined_strong,0.24004000000000003,1000.1165555475052,0.15473744277705234,0.17700247948895473,-0.025690150882481638,11.439039386872137,11.63524392494309,12.470765814495918
combined_strong,0.24104000000000003,1000.1222773928696,0.15708727667688388,0.18134271454550904,0.0068564819082666114,11.436066792949731,11.617603875929822,12.470765814495918
combined_strong,0.24204000000000003,1000.1049416614845,0.14693519928375973,0.1747709505101716,-0.00807652324815827,11.442065745639388,11.6420473675487,12.470765814495918
combined_strong,0.24304000000000003,1000.0624108883759,0.14948216340943835,0.17892597610507166,-0.017889637886601632,11.467131429365555,11.626395610154685,12.470765814495918
combined_strong,0.24404000000000003,1000.0336809675613,0.14512624783723035,0.1827110016572841,0.0007061727784644226,11.432891528442703,11.628012653327488,12.470765814495918
combined_strong,0.24504000000000004,999.9703958912031,0.14118340845227711,0.1847762572994631,-0.03143212260180518,11.42619307972634,11.622361661167723,12.470765814495918
combined_strong,0.24604000000000004,999.9322511412383,0.1500356678098503,0.18361235253946048,-0.0010936756798099088,11.433191156245552,11.61489653319594,12.470765814495918
combined_strong,0.24704000000000004,999.8947504379487,0.14523599509703122,0.1775133648150373,-0.0268567413090377,11.427787957745629,11.627773939272895,12.470765814495918
combined_strong,0.24804000000000004,999.8662985207569,0.1579612361621322,0.19057430497437117,-0.02425569579960677,11.464174348894046,11.624182353328516,12.470765814495918
combined_strong,0.24904000000000004,999.8837390111956,0.15790093612796885,0.18271336684740325,-0.019638140571420697,11.436348242259745,11.631528101829872,12.470765814495918
combined_strong,0.25004,999.8905442311669,0.1584996642240251,0.17349012028638686,-0.04666951143570471,11.431385702733055,11.62755483899979,12.470765814495918
combined_strong,0.25104,999.9483364081303,0.1718584058574099,0.18496958246892944,-0.0067236904004646094,11.458511833928101,11.64026611514389,12.470765814495918
combined_strong,0.25204,1000.0034179733136,0.16479919585049527,0.1747698161783167,-0.025417449516195782,11.446298964006742,11.646283878556464,12.470765814495918
combined_strong,0.25304,1000.0445833556482,0.1687364388965704,0.17892354469814492,-0.023520943883273714,11.445465425320808,11.629104155331683,12.470765814495918
combined_strong,0.25404,1000.105820180811,0.16385154584198786,0.17876741427355214,-0.0005937926366662758,11.42714686513637,11.622269485475961,12.470765814495918
combined_strong,0.25504,1000.117886271435,0.1547798660332726,0.17700224002693543,-0.025327441830791952,11.438998354053927,11.635203483102773,12.470765814495918
combined_strong,0.25604,1000.1245473120437,0.15688867000020065,0.17999013437465594,0.007093016913038143,11.435934010619759,11.61747010580248,12.470765814495918
combined_strong,0.25704,1000.1069771499738,0.14688834700849418,0.17477091142221376,-0.00834477563353139,11.441931950702378,11.641913585369329,12.470765814495918
combined_strong,0.25804,1000.0643516075745,0.14896852645389008,0.17892591074851924,-0.018756179265757403,11.442339925307081,11.626063094948725,12.470765814495918
combined_strong,0.25904,1000.0334101473153,0.14494655700074463,0.1827110833982914,0.0006654309229513907,11.432762135919011,11.627882570160557,12.470765814495918
combined_strong,0.26004,999.969782872786,0.14097349944670728,0.18477614441724835,-0.03143967340516531,11.426081406647253,11.622250548140492,12.470765814495918
combined_strong,0.26104,999.9310760370723,0.15035676715357316,0.18361250276662494,-0.0012001336019798958,11.433304987211919,11.615009772929378,12.470765814495918
combined_strong,0.26204,999.8947929617201,0.1453379060200298,0.18140450966711108,-0.027284229423114606,11.427760595627497,11.62774659007701,12.470765814495918
combined_strong,0.26304,999.8655891182693,0.15770054973623474,0.1905743637277628,-0.02397983080436002,11.439433769873787,11.62276045343773,12.470765814495918
combined_strong,0.26404,999.8835469120434,0.15801231638252788,0.18271346470750183,-0.01942764691597271,11.436395521406544,11.631574678798732,12.470765814495918
combined_strong,0.26504,999.891402293956,0.15888857611504534,0.17842091614570543,-0.046739065544878555,11.431491932891252,11.627661173535499,12.470765814495918
combined_strong,0.26604,999.9489504761153,0.1717454482818754,0.18496969419644815,-0.00654291990204179,11.458487858566915,11.640240972044817,12.470765814495918
combined_strong,0.26704,1000.0036587889496,0.16483231072117793,0.1747697811479107,-0.024810745823868916,11.446393264719942,11.646378113588923,12.470765814495918
combined_strong,0.26804,1000.0451187288622,0.16863760356195553,0.1789234802819732,-0.02348879527848433,11.445482407995364,11.629121936284209,12.470765814495918
combined_strong,0.26904,1000.1060176706974,0.16380018752650996,0.1787674677179763,-0.0005632743128387183,11.427180974157212,11.622303161038381,12.470765814495918
combined_strong,0.27004,1000.1194774891105,0.1551098776809918,0.17700208569819811,-0.025644781773723764,11.439092599166553,11.635297473320538,12.470765814495918
combined_strong,0.27104,1000.1249909888593,0.15694419814044797,0.18134280225024743,0.0066289946867380545,11.435902217660901,11.617439013475682,12.470765814495918
combined_strong,0.27204,1000.1073788057395,0.1471123621794999,0.17477088380733677,-0.008732383963193344,11.437608138034365,11.637592673399206,12.470765814495918
combined_strong,0.27304,1000.0646252652585,0.149229522518007,0.1789258609914288,-0.01772341815915669,11.466942788671675,11.626205219565788,12.470765814495918
combined_strong,0.27404,1000.0360497263316,0.14522931900991906,0.18271114394689286,0.0007044308818852103,11.432824175883175,11.627945037153264,12.470765814495918
combined_strong,0.27504,999.9729254134407,0.14115686401572167,0.18477608682239532,-0.03145134955812479,11.426078168866452,11.622246959211015,12.470765814495918
combined_strong,0.27604,999.9344363789035,0.14991845637361859,0.18361253877794606,-0.0011575757172472007,11.433052186517784,11.614757183007852,12.470765814495918
combined_strong,0.27704,999.896288371712,0.14507545373354944,0.1775133671420082,-0.0269678094328325,11.427647581835819,11.627633554361973,12.470765814495918
combined_strong,0.27804,999.8672688351587,0.15773502946186987,0.1905743621835086,-0.02404350987257236,11.439380974124463,11.622707274813315,12.470765814495918
combined_strong,0.27904,999.8852421412903,0.1579854049797454,0.18271345166670191,-0.019503039437252873,11.436304579484483,11.631483967021008,12.470765814495918
combined_strong,0.28004,999.8926812405558,0.15882572400225076,0.1784209494293869,-0.04684014755552585,11.431393088108596,11.627562118176598,12.470765814495918
combined_strong,0.28104,999.949879088311,0.17165615611268495,0.18496965861679643,-0.006661759678617426,11.458377968219546,11.640131570044531,12.470765814495918
combined_strong,0.28204,1000.0042169157373,0.16473894761703076,0.17476979439774043,-0.02495481239240749,11.446288941564447,11.646273806343503,12.470765814495918
combined_strong,0.28304,1000.0452684957977,0.16855209535032437,0.17892350701343948,-0.02364001671619712,11.445385480563758,11.629024477006189,12.470765814495918
combined_strong,0.28404,1000.1058154622284,0.16373129329435146,0.17876744510394704,-0.0007154192706017891,11.427096204895951,11.622218691351332,12.470765814495918
combined_strong,0.28504,1000.1190130968813,0.15506330040501687,0.17700215051043983,-0.0257919442962162,11.439023229881231,11.6352278407729,12.470765814495918
combined_strong,0.28604,1000.1245971673752,0.15727978821473207,0.18134278765090106,0.006755003981787641,11.445362405510888,11.626826276831192,12.470765814495918
combined_strong,0.28704,1000.1077769253316,0.1469711006431658,0.174770896408238,-0.008137023916469527,11.441928503519422,11.6419101111346,12.470765814495918
combined_strong,0.28804,1000.065262498354,0.14897620369246584,0.17892588628413336,-0.01906675989099306,11.442285017282048,11.626007720708056,12.470765814495918
combined_strong,0.28904,1000.0365403117837,0.14517473152184582,0.18271110610320693,0.0007711682205304487,11.432735193190531,11.627855662232172,12.470765814495918
combined_strong,0.29004,999.973292894355,0.14098013310930949,0.18477614213236204,-0.03133848656073822,11.425950061273273,11.622119165399223,12.470765814495918
combined_strong,0.29104,999.935338455677,0.15010835326940136,0.18361246560344924,-0.00119898880181863,11.433029267553179,11.614734482021186,12.470765814495918
combined_strong,0.29204,999.8977686899975,0.14513837036456984,0.17751336594663666,-0.026946120732440626,11.427567612518347,11.627553591626846,12.470765814495918
combined_strong,0.29304,999.8687483186585,0.15767676312743265,0.19057432472113908,-0.024024644491546752,11.439262417389758,11.622588457067863,12.470765814495918
combined_strong,0.29404,999.8862542294681,0.15784556745541403,0.18271338282070154,-0.01951889265626903,11.436171843209227,11.631351394773212,12.470765814495918
combined_strong,0.29504,999.893140476129,0.1586385117027396,0.17842105851937268,-0.04689439075169965,11.431253487082897,11.627422340005388,12.470765814495918
combined_strong,0.29604,999.9494912148351,0.1714767193056386,0.18496956908602577,-0.0067534439101931375,11.458266920113845,11.640020926384054,12.470765814495918
combined_strong,0.29704,1000.0048800571952,0.16482652969420256,0.17476982369629038,-0.025493438827039982,11.446186212436917,11.646171135386057,12.470765814495918
combined_strong,0.29804,1000.0459421109714,0.16866741487611914,0.1789235655849616,-0.023591588979165513,11.445323602584581,11.628962025064354,12.470765814495918
combined_strong,0.29904000000000003,1000.1067060698877,0.16371865379418177,0.1787673920308805,-0.0006875207268564284,11.426997389749923,11.622120201767782,12.470765814495918
combined_strong,0.30004000000000003,1000.0640806556405,0.1550409877206109,0.17700230831808733,-0.02530044028960819,11.438971464873429,11.635176357050925,12.470765814495918
combined_strong,0.30104000000000003,998.716604600928,0.1776602466691145,0.20395999412482013,0.0059268109990635795,11.47973506077088,11.66133864689575,12.470765814495918
combined_strong,0.30204000000000003,997.4689156179078,0.1959206348041892,0.23172390549982977,-0.014436740766479954,11.456970213935824,11.656956986181862,12.470765814495918
combined_strong,0.30304000000000003,996.3277248454408,0.22560697222262516,0.27127153059245457,-0.02504078490675453,11.480454930732636,11.639789842812283,12.470765814495918
combined_strong,0.30404000000000003,995.3237676322634,0.2497535778899013,0.30330687195684086,-0.010046501326054858,11.45945285492994,11.65459573708298,12.470765814495918
combined_strong,0.30504000000000003,994.4054148762305,0.2696366173401994,0.33350935870127363,-0.04488956057637244,11.459874849568005,11.656044121044966,12.470765814495918
combined_strong,0.30604000000000003,993.6106163804349,0.30209844605816744,0.366515150634114,-0.016392965078829817,11.473198921322721,11.654755140769522,12.470765814495918
combined_strong,0.30704000000000004,992.9250361877106,0.31803612117857755,0.38157399460849106,-0.04482953166426369,11.463323165558522,11.663299848551684,12.470765814495918
combined_strong,0.30804000000000004,992.331137188932,0.3468782996341563,0.410036469298992,-0.05149605002921681,11.485644334762249,11.64437680911379,12.470765814495918
combined_strong,0.30904000000000004,991.8746773524012,0.36950424298904205,0.42540654588530336,-0.04031948658395553,11.470548784936117,11.6653627563651,12.470765814495918
combined_strong,0.31004,991.4948946103381,0.38653593178151696,0.44049237530302743,-0.06993060166227688,11.47518539706151,11.671766136526378,12.470765814495918
combined_strong,0.31104,991.2234749722769,0.4145892658835164,0.46517982824031207,-0.03232330115138803,11.488795318323678,11.66931448748605,12.470765814495918
combined_strong,0.31204,991.0311418881493,0.4211506629001225,0.4716808075745723,-0.0496801580185922,11.482696200964154,11.68261276582993,12.470765814495918
combined_strong,0.31304,990.8751881491036,0.4346230692566492,0.49001908437248065,-0.06401821595916461,11.51023480104891,11.666603860635512,12.470765814495918
combined_strong,0.31404,990.790151300605,0.4439202062541511,0.5039865835680046,-0.026178500975782924,11.497073330327126,11.691098427354715,12.470765814495918
combined_strong,0.31504,990.7105996735551,0.44459307206135834,0.5137999539424962,-0.052668277329222316,11.491350498963998,11.688514386121923,12.470765814495918
combined_strong,0.31604,990.6602309150232,0.4567387502418124,0.5298301788262549,-0.02235394363056614,11.502075342993875,11.680938160206233,12.470765814495918
combined_strong,0.31704,990.6394450494003,0.45507329222662,0.5307831358279194,-0.039595266366092334,11.492482238959703,11.692263554199501,12.470765814495918
combined_strong,0.31804,990.6184527193251,0.46025849070893177,0.5418195479902812,-0.06985026315427349,11.493422278291488,11.680204576066092,12.470765814495918
combined_strong,0.31904,990.6451697332492,0.4690602668290913,0.5539889767282381,-0.03061972888190109,11.506757585596155,11.699867382101992,12.470765814495918
combined_strong,0.32004,990.6727830234041,0.46728830960874057,0.5538783381775751,-0.06139858777423783,11.487422523047496,11.685168021040477,12.470765814495918
combined_strong,0.32104,990.7291958352565,0.48119233039967607,0.5686314602239245,-0.03632933696949713,11.505807764440428,11.683014115667316,12.470765814495918
combined_strong,0.32204,990.819211544314,0.4801849312812878,0.5667469690737698,-0.05598893990855927,11.506821038706219,11.70641245749998,12.470765814495918
combined_strong,0.32304,990.9196463118858,0.4880112259737317,0.5771855055647113,-0.0883515849757523,11.500663657210307,11.68863619797741,12.470765814495918
combined_strong,0.32404,991.0875391273792,0.5017718387273116,0.5738126530928193,-0.05175191352546826,11.51901270156262,11.711232976284448,12.470765814495918
combined_strong,0.32504,991.2757652549676,0.5049375175244366,0.574913361493608,-0.07798981602662815,11.522709645992096,11.720963100175393,12.470765814495918
combined_strong,0.32604,991.5045762884387,0.5204206319553497,0.584881389424313,-0.047203247547500396,11.543520439563135,11.719008756631123,12.470765814495918
combined_strong,0.32704,991.7685388706933,0.5167175930480413,0.5833582228167505,-0.05459719951273137,11.52211191412466,11.721437373967852,12.470765814495918
combined_strong,0.32804,992.0134699350522,0.5163383677228147,0.5887811346522025,-0.07551218941483441,11.540207184550477,11.729399578468641,12.470765814495918
combined_strong,0.32904,992.2777430783166,0.5182382696216241,0.5850625122004862,-0.029603494702896704,11.53723268734519,11.728324547203705,12.470765814495918
combined_strong,0.33004,992.5104902543059,0.5087766931878553,0.5831523958173296,-0.05369950907703996,11.529046310514179,11.727711273545326,12.470765814495918
combined_strong,0.33104,992.7246742899055,0.5122930511582939,0.5851502683362131,-0.033916316942030574,11.55138359821133,11.724965807111637,12.470765814495918
combined_strong,0.33204,992.9408293915867,0.50375653756199,0.5900126576952407,-0.039497645006191975,11.527401511686687,11.72642694763027,12.470765814495918
combined_strong,0.33304,993.1196928580285,0.5003877937048923,0.5897253144585015,-0.06843680761167774,11.53019077688509,11.720374528823037,12.470765814495918
combined_strong,0.33404,993.3143093555254,0.5049098315921012,0.5922228669473095,-0.03091009140579454,11.540827788716316,11.73103724311613,12.470765814495918
combined_strong,0.33504,993.4904524182414,0.49718681664629666,0.5871215530213041,-0.05793521319836538,11.535607975133452,11.734587888718083,12.470765814495918
combined_strong,0.33604,993.6569307590014,0.5037459634617221,0.5961482700712754,-0.04363389932936712,11.55956626763077,11.731840480216349,12.470765814495918
combined_strong,0.33704,993.8412180820062,0.4991776396155517,0.5902043165023695,-0.05236473815494411,11.540633627656305,11.73937722641625,12.470765814495918
combined_strong,0.33804,994.0124064384453,0.5011833824752102,0.5909796794008433,-0.08514931197410724,11.539962857838374,11.730894764313636,12.470765814495918
combined_strong,0.33904,994.2255168661193,0.5118236649348213,0.5905452734800638,-0.04841583426102597,11.560535160764418,11.750009662098522,12.470765814495918
combined_strong,0.34004,994.4460974837585,0.5106080247884707,0.5825859906142751,-0.07584151230869308,11.549924404779102,11.749118533065994,12.470765814495918
combined_strong,0.34104,994.6862862325047,0.5225322197710098,0.5842014545466394,-0.052461871675580744,11.579169867939623,11.750174003889942,12.470765814495918
combined_strong,0.34204,994.9600109215171,0.5182853839040023,0.5804204079044031,-0.05140782187206232,11.556434224436671,11.754882276955515,12.470765814495918
combined_strong,0.34304,995.2047510182387,0.5145655732177293,0.5783794027585918,-0.07301188160255172,11.561622481079107,11.753264600674445,12.470765814495918
combined_strong,0.34404,995.4531532333505,0.5157132706046836,0.5777960621109896,-0.028987174112017056,11.568706282048627,11.757389040570152,12.470765814495918
combined_strong,0.34504,995.6671255336717,0.503258423023116,0.5781217768759137,-0.050612528838371515,11.566515185125121,11.76592105367854,12.470765814495918
combined_strong,0.34604,995.8449362578943,0.5040297869364254,0.5842645819947601,-0.03832940963897048,11.589546846968926,11.759161090371158,12.470765814495918
combined_strong,0.34704,996.0211400731919,0.49631122802956307,0.5773437484302576,-0.036572651594245144,11.574114291640361,11.772315485561471,12.470765814495918
combined_strong,0.34804,996.1574790571863,0.4899214758320678,0.579987432084147,-0.0646389687297306,11.561348944998333,11.753499055249588,12.470765814495918
combined_strong,0.34904,996.2983203126329,0.4934105054684656,0.5761301049643193,-0.028058396831684783,11.573031518189115,11.761030928143512,12.470765814495918
combined_strong,0.35004,996.4169029435429,0.48412897204706906,0.5718115770969393,-0.05604724724842028,11.552053747119034,11.751568311201726,12.470765814495918
combined_strong,0.35104,996.5197425081959,0.48940448724816277,0.5834620730205936,-0.047296398666186665,11.589012023249792,11.757899392632847,12.470765814495918
combined_strong,0.35204,996.6416925814063,0.4869127913921926,0.5779035965303096,-0.04952893098657693,11.563223817414833,11.76121959621471,12.470765814495918
combined_strong,0.35304,996.7428953012011,0.4849147110183936,0.5745930951903062,-0.08265541924497939,11.556841614626975,11.749424958932641,12.470765814495918
combined_strong,0.35404,996.8835099526373,0.4966216405046878,0.5745017298715124,-0.04597101875430396,11.579582696560587,11.767241903198357,12.470765814495918
combined_strong,0.35504,997.0323291576748,0.4946190569374631,0.5675649550394354,-0.07117256681348348,11.575341059536619,11.77495308360719,12.470765814495918
combined_strong,0.35604,997.1975417259431,0.5067303822285208,0.5716384871212925,-0.05353016535877885,11.598965458996226,11.767214621768067,12.470765814495918
combined_strong,0.35704,997.3973254419577,0.5031291675804559,0.5610408930537236,-0.05023513901923029,11.584592597977108,11.782406974808934,12.470765814495918
combined_strong,0.35804,997.5671564897006,0.4976458832486196,0.5619926000796013,-0.07133273022647242,11.584439978255956,11.77737565467521,12.470765814495918
combined_strong,0.35904,997.7383702301574,0.49960467426601834,0.5617416874527822,-0.02654300091660183,11.585893297308884,11.772972550640603,12.470765814495918
combined_strong,0.36004,997.8793908017684,0.487089362895352,0.5585582280901944,-0.04867621163389866,11.571172086147726,11.770849824713817,12.470765814495918
combined_strong,0.36104,997.9830440870845,0.48745329197966286,0.5608279057242131,-0.04049037053732274,11.59264584396567,11.760004834529179,12.470765814495918
combined_strong,0.36204000000000003,998.0867751320961,0.4804112428486865,0.5580575819936645,-0.03239760999125292,11.59150497713948,11.789159213578557,12.470765814495918
combined_strong,0.36304000000000003,998.1480902853478,0.4738684389808805,0.5566865989700562,-0.06295379840170301,11.583035299466928,11.776237887527575,12.470765814495918
combined_strong,0.36404000000000003,998.2142836738338,0.47780395585605506,0.5601379244984013,-0.02556067257316734,11.580617439689046,11.767384554768453,12.470765814495918
combined_strong,0.36504000000000003,998.2647728358645,0.4697543263953207,0.5609327711234888,-0.05264720791788034,11.573077426973033,11.772801290869893,12.470765814495918
combined_strong,0.36604000000000003,998.2973231813226,0.4750898835964728,0.5658235561288777,-0.04519571402062139,11.604284545702638,11.771441683038868,12.470765814495918
combined_strong,0.36704000000000003,998.3519999774796,0.4708147568418789,0.5587784426091743,-0.0460390031638197,11.572650286224206,11.77018235812053,12.470765814495918
combined_strong,0.36804000000000003,998.3847699707696,0.47092815754466966,0.5587685231808316,-0.07886923743545748,11.57937554099165,11.772709334754401,12.470765814495918
combined_strong,0.36904000000000003,998.4582819301298,0.4828442078297642,0.560226543603171,-0.0440736137039699,11.59679312058246,11.783435662285372,12.470765814495918
combined_strong,0.37004000000000004,998.5481462176673,0.4821086208672172,0.5567559204311914,-0.07067773721207535,11.5810663591517,11.780810045667675,12.470765814495918
combined_strong,0.37104000000000004,998.6491571491397,0.4924789726438777,0.5546062729808747,-0.05492625221414284,11.61340805181115,11.780190228226699,12.470765814495918
combined_strong,0.37204000000000004,998.7878394651999,0.49055876438939566,0.5514531569337119,-0.04741744637890502,11.597079219728851,11.794523447104499,12.470765814495918
combined_strong,0.37304000000000004,998.898855513718,0.4850815008124653,0.5462115272344996,-0.06925716440561581,11.585302523463511,11.778802944565038,12.470765814495918
combined_strong,0.37404000000000004,999.0136676574275,0.4879582101924965,0.550753311941631,-0.026115426433760632,11.605631830054037,11.791912255144618,12.470765814495918
combined_strong,0.37504000000000004,999.0994340925768,0.4753378400012498,0.5435494857580923,-0.046189995353870215,11.586319566962777,11.786108845727188,12.470765814495918
combined_strong,0.37604000000000004,999.1492931329371,0.4757366977045555,0.549244240192323,-0.04406571576738795,11.610018987516996,11.776231134827906,12.470765814495918
combined_strong,0.37704000000000004,999.2025762357457,0.4688681946389063,0.5418597299081289,-0.03044119417040124,11.592533344276752,11.789900993379206,12.470765814495918
combined_strong,0.37804000000000004,999.2186729763288,0.4638179911816216,0.5410374381097963,-0.06008394127051493,11.58678333967191,11.780404056219796,12.470765814495918
combined_strong,0.37904,999.2379202965384,0.46765733218084743,0.5491364449755638,-0.02460347695548485,11.588799670238615,11.774949924683217,12.470765814495918
combined_strong,0.38004,999.2410858994245,0.45968114759856465,0.5460087456099224,-0.05078526814126756,11.577310881994265,11.777111557752095,12.470765814495918
combined_strong,0.38104,999.2271492566235,0.4643261658311271,0.5546154390497139,-0.04869791593045963,11.608631725059261,11.77474441509224,12.470765814495918
combined_strong,0.38204,999.2372412283373,0.462411210657573,0.5485286852420537,-0.044830051154677225,11.576989842298893,11.774306309901194,12.470765814495918
combined_strong,0.38304,999.2305711077938,0.46241910972180783,0.5472596507817256,-0.07741926250416156,11.573471456399648,11.767079712636177,12.470765814495918
combined_strong,0.38404,999.2662661749143,0.4749531421846461,0.5475366873377507,-0.04319509878178055,11.59926571872966,11.78551036846509,12.470765814495918
combined_strong,0.38504,999.315155178332,0.47337888037859926,0.5460036644446814,-0.06861310799058698,11.58819249584553,11.78799243291091,12.470765814495918
combined_strong,0.38604,999.3772197579509,0.4842960751598038,0.5484783256971829,-0.05360897099272302,11.624480826906536,11.790687366183464,12.470765814495918
combined_strong,0.38704,999.4805662804866,0.4832771447970859,0.5418909344262525,-0.046169821665063546,11.603841550244844,11.801131496667308,12.470765814495918
combined_strong,0.38804,999.5577460314906,0.4779066026188737,0.53470985408413,-0.0681856956261665,11.595110340814848,11.788873364624042,12.470765814495918
combined_strong,0.38904,999.639547366634,0.4813387194684083,0.5427761258830383,-0.02574947847969032,11.610840342881865,11.796845418115026,12.470765814495918
combined_strong,0.39004,999.6951760287709,0.46862282551440904,0.5369093491941006,-0.04561990617527728,11.596285310192075,11.796111574728723,12.470765814495918
combined_strong,0.39104,999.715371959624,0.4691336425028783,0.543317613131584,-0.04166639112421818,11.609033337020444,11.774660019326008,12.470765814495918
combined_strong,0.39204,999.739270233517,0.4638261233135718,0.5418977411587307,-0.02986012727192443,11.594697010055418,11.791924926763823,12.470765814495918
combined_strong,0.39304,999.7230936893968,0.45697892780020305,0.5409554537348814,-0.059503881406028275,11.586602706441004,11.780390659050575,12.470765814495918
combined_strong,0.39404,999.7160428762564,0.46246309185976686,0.5411698287361757,-0.02350597726428544,11.591854862158682,11.777741759429714,12.470765814495918
combined_strong,0.39504,999.6943542483499,0.4539913256658992,0.5393959017114948,-0.050597804084505905,11.589782026569285,11.789608681672396,12.470765814495918
combined_strong,0.39604,999.655320219234,0.4582652606142572,0.5428409825559104,-0.04753133212515191,11.609710999544342,11.775368485562725,12.470765814495918
combined_strong,0.39704,999.6412175499024,0.45684146579196977,0.5389786163363053,-0.04399712743663445,11.588550263517437,11.785792698028787,12.470765814495918
combined_strong,0.39804,999.6134590603905,0.45751903416126105,0.5358312307389713,-0.07669290643268686,11.588974472938835,11.782782433868443,12.470765814495918
combined_strong,0.39904,999.6271594033611,0.470166013663351,0.5411880714034345,-0.04189386601057187,11.599431725111032,11.785405244588667,12.470765814495918
combined_strong,0.40004,999.6569911896838,0.46839416568713305,0.5352877326573983,-0.06728960157078206,11.593099614756428,11.79292503361445,12.470765814495918
combined_strong,0.40104,999.7003398289252,0.48053666765780434,0.5369596586616271,-0.05375466536053342,11.616989397779465,11.782923962701073,12.470765814495918
combined_strong,0.40204,999.7868116899776,0.4791467950889102,0.5352590363527633,-0.04619349407495936,11.59618916098385,11.793403242091616,12.470765814495918
combined_strong,0.40304,999.8491314215119,0.47435496339161604,0.5346582259421953,-0.06746693793274175,11.587973186632775,11.78184368765072,12.470765814495918
combined_strong,0.40404,999.914429767312,0.47778567308589254,0.5364032420105801,-0.02501151949262219,11.604098848199426,11.789952886606324,12.470765814495918
combined_strong,0.40504,999.9558965274997,0.46612021115599606,0.5327870529207287,-0.045004671706665625,11.5900763709265,11.789918243233165,12.470765814495918
combined_strong,0.40604,999.9627673632225,0.46658947086698443,0.5430760404828119,-0.04162218031136726,11.616020206961686,11.781493559778902,12.470765814495918
combined_strong,0.40704,999.974078751462,0.46016704399226765,0.535260592004561,-0.02928948677211671,11.594772527454326,11.791909536567328,12.470765814495918
combined_strong,0.40804,999.9492670434015,0.4550956350153474,0.5358161638628621,-0.059511850988922976,11.593301935939003,11.787192081465069,12.470765814495918
combined_strong,0.40904,999.9297373431766,0.4596874867734503,0.536405168245293,-0.024494994422370506,11.590860179013704,11.776720870538457,12.470765814495918
combined_strong,0.41004,999.8984244513288,0.45266781567028447,0.5393886477541798,-0.050199258369785185,11.58465500499995,11.78449281854274,12.470765814495918
combined_strong,0.41104,999.8513678178415,0.4575045494160442,0.5428474950522244,-0.047563847650429675,11.606941147976936,11.77258551478459,12.470765814495918
combined_strong,0.41204,999.8293371753001,0.4548606565197267,0.5389941591535777,-0.0443382521720939,11.58333084437144,11.780534725321644,12.470765814495918
combined_strong,0.41304,999.7886118510205,0.45526445055656306,0.535810851318305,-0.07624251323262152,11.583914338996435,11.777777088489097,12.470765814495918
combined_strong,0.41404,999.7914205184593,0.4677008876519524,0.5412113439321389,-0.04190359764991653,11.59449483871663,11.780392871343388,12.470765814495918
combined_strong,0.41504,999.8118505718928,0.4670734916818564,0.535286993464207,-0.06679422334156922,11.592420626926389,11.79226293294271,12.470765814495918
combined_strong,0.41604,999.8465351226872,0.47840882828460796,0.5369664609336856,-0.05411023761056314,11.612573329187567,11.778410244815818,12.470765814495918
combined_strong,0.41704,999.9239570261683,0.4773707375601479,0.535265405733503,-0.0454603468355939,11.598421903294009,11.795573581295601,12.470765814495918
combined_strong,0.41804,999.9750988212375,0.47218397650947136,0.5346394675956458,-0.06847999802797347,11.595354790470367,11.789230702538006,12.470765814495918
combined_strong,0.41904,1000.0338248839621,0.4766294662937882,0.536416087844482,-0.024837060972982036,11.600504691885428,11.78630660969145,12.470765814495918
combined_strong,0.42004,1000.0701148688622,0.4654066177662036,0.5327827886152715,-0.044833991374147404,11.586740301275384,11.786587267175761,12.470765814495918
combined_strong,0.42104,1000.0714112598986,0.4647399169826517,0.5315348441444111,-0.04160184517634185,11.61245990596832,11.7778660125361,12.470765814495918
combined_strong,0.42204,1000.0765388735346,0.4584817913280638,0.5323485078062328,-0.029202368852655893,11.591324568402944,11.788442992165024,12.470765814495918
combined_strong,0.42304,1000.0427297140956,0.4534229587165108,0.5295398161161342,-0.05962876802396061,11.59004611569695,11.783961090769495,12.470765814495918
combined_strong,0.42404000000000003,1000.0153052651725,0.4580593338620708,0.5364136637921262,-0.024022331539273398,11.610300115772715,11.796071826183793,12.470765814495918
combined_strong,0.42504000000000003,999.9760949869523,0.4505822341465617,0.5393862037820751,-0.05026233414373447,11.581666844035524,11.781508183499625,12.470765814495918
combined_strong,0.42604000000000003,999.9219815826008,0.4561070437858821,0.5428493575411175,-0.047657639878315575,11.604415438596563,11.770014569472746,12.470765814495918
combined_strong,0.42704000000000003,999.8936066706515,0.45409082051305566,0.5389987871959006,-0.044350875089732573,11.581152645438722,11.778344167735057,12.470765814495918
combined_strong,0.42804000000000003,999.8477414345653,0.45374373655032907,0.5358045619063997,-0.0763744168008547,11.581622080939539,11.775501705576659,12.470765814495918
combined_strong,0.42904000000000003,999.8447966809197,0.46679760668011133,0.5412182598378406,-0.042508599606557146,11.606186292425125,11.792075238375666,12.470765814495918
combined_strong,0.43004000000000003,999.861217139804,0.46668911156699383,0.5352866924486881,-0.06715456979697856,11.596870196181996,11.796699182452745,12.470765814495918
combined_strong,0.43104000000000003,999.8922145838252,0.4774114729409222,0.5369684232580662,-0.05443448510303369,11.610898855962438,11.77670638521132,12.470765814495918
combined_strong,0.43204000000000004,999.9665290382733,0.47657034748643806,0.5352672424970132,-0.045200272477206434,11.59693134780421,11.794074376410117,12.470765814495918
combined_strong,0.43304000000000004,1000.0145968867541,0.4718327663160834,0.5346338557701646,-0.06769222082902009,11.594189822217206,11.78807811124174,12.470765814495918
combined_strong,0.43404000000000004,1000.0718474005856,0.4759058774268086,0.5364198308672101,-0.0250302464868497,11.599214951816897,11.785001627088562,12.470765814495918
combined_strong,0.43504000000000004,1000.1045239659118,0.4642487527113771,0.5327815029696259,-0.044638251800806675,11.585377805531413,11.785226371093312,12.470765814495918
combined_strong,0.43604000000000004,1000.1029067581032,0.46432049629772276,0.5317590848277258,-0.04208612139224455,11.611395416430787,11.776782898055984,12.470765814495918
combined_strong,0.43704000000000004,1000.106608749889,0.458493709729536,0.5323506199676291,-0.028492638290236866,11.590543441394649,11.787655682707499,12.470765814495918
combined_strong,0.43804000000000004,1000.0702700539654,0.4526381701945796,0.5295367121977465,-0.05930477144120389,11.58903479854368,11.782957833912992,12.470765814495918
combined_strong,0.43904000000000004,1000.0406560681273,0.45772258747868466,0.5364161348011314,-0.023835664827352877,11.609517581081162,11.79527844825108,12.470765814495918
combined_strong,0.44004000000000004,999.9996347781882,0.4499156245743729,0.5393854735053628,-0.0501156557936863,11.580810033909435,11.780652457559547,12.470765814495918
combined_strong,0.44104000000000004,999.9421556197478,0.45568955554360546,0.5428498883527819,-0.04761098399960617,11.616560876644822,11.782192857392921,12.470765814495918
combined_strong,0.44204000000000004,999.9118571240953,0.4535908059073333,0.5390001309000925,-0.0443677985017134,11.580488459639529,11.77767616128152,12.470765814495918
combined_strong,0.44304000000000004,999.8644833472431,0.45366108527295146,0.5358027031688056,-0.07607154091225847,11.581175634462028,11.775060790851759,12.470765814495918
combined_strong,0.44404000000000005,999.8615650507016,0.466891399370667,0.5412202848133394,-0.04199276909908717,11.605837876788117,11.791718890985447,12.470765814495918
combined_strong,0.44504000000000005,999.8785007464875,0.4663152005083774,0.5352865980600683,-0.06705356662615379,11.586567262631327,11.786403596291821,12.470765814495918
combined_strong,0.44604000000000005,999.9079921500603,0.4773187321026946,0.5369689785912242,-0.05390747308252755,11.623287955563834,11.789131770811796,12.470765814495918
combined_strong,0.44704000000000005,999.9809829869154,0.47605027559160723,0.5352677536084434,-0.04521573802603928,11.596338091679605,11.793478699365638,12.470765814495918
combined_strong,0.44804,1000.0259010653062,0.4714466503431055,0.5346322929929335,-0.06761165687824203,11.606074556595297,11.799991916577348,12.470765814495918
combined_strong,0.44904,1000.0817029815869,0.4755389404803886,0.5364208698064912,-0.0246874458182539,11.598852786425857,11.784633871488214,12.470765814495918
combined_strong,0.45004,1000.1139227595423,0.4643456970806182,0.5327811396183765,-0.044686281640887136,11.5851776641196,11.785026660268112,12.470765814495918
combined_strong,0.45104,1000.1120190738968,0.4641055534266851,0.5317586902214305,-0.042067092345462055,11.611085776747386,11.776467256620146,12.470765814495918
combined_strong,0.45204,1000.1141667455528,0.4580418540289677,0.5323512099740393,-0.028513203799125204,11.590179075838549,11.787289593380706,12.470765814495918
combined_strong,0.45304,1000.0774692015224,0.4524417165925545,0.5295358340411762,-0.05925694289083317,11.588774335479744,11.782699660525768,12.470765814495918
combined_strong,0.45404,1000.0474024564212,0.4577988517088906,0.5364168364201601,-0.02392476346262171,11.609353116990855,11.795111245964854,12.470765814495918
combined_strong,0.45504,1000.0062016623224,0.4497653944968854,0.5393852637864854,-0.05015906330637143,11.580558581724215,11.780401286706287,12.470765814495918
combined_strong,0.45604,999.9476186244362,0.4553678679508276,0.54285003906467,-0.047684932472918044,11.616279191399881,11.78190736759722,12.470765814495918
combined_strong,0.45704,999.9156928512349,0.45370510669615216,0.5390005190210764,-0.044476232479679426,11.59419733106939,11.791381920805824,12.470765814495918
combined_strong,0.45804,999.8685139016428,0.45363247778332866,0.535802155560265,-0.0761000009905361,11.581040276535049,11.77492686445327,12.470765814495918
combined_strong,0.45904,999.8651688749142,0.46673929807544245,0.5412208900093088,-0.04201173970355617,11.605677613561797,11.791556541253122,12.470765814495918
combined_strong,0.46004,999.8821307445927,0.4670616885888626,0.5352865682550367,-0.06686463425574442,11.586753041660442,11.786589590190527,12.470765814495918
combined_strong,0.46104,999.9124898580781,0.4773397133620971,0.5369691526313474,-0.053804127280603256,11.623181213915059,11.78902229647495,12.470765814495918
combined_strong,0.46204,999.9853887540846,0.4764055244369889,0.5352679151732223,-0.045134527680422774,11.596357022950725,11.793496950747281,12.470765814495918
combined_strong,0.46304,1000.0313264269586,0.4715417999255975,0.5346318075730243,-0.06748090560894743,11.60596906765548,11.799887366243018,12.470765814495918
combined_strong,0.46404,1000.0863779737517,0.47558202073103467,0.5364211764293789,-0.025031122706480516,11.598694836388432,11.78447558908299,12.470765814495918
combined_strong,0.46504,1000.118164639273,0.4643135442097006,0.5327810378576818,-0.044993425641511584,11.594668662565532,11.794511304508251,12.470765814495918
combined_strong,0.46604,1000.1157518048047,0.4639499900509667,0.5317585849452522,-0.041877189597599104,11.610897928003924,11.776277326926353,12.470765814495918
combined_strong,0.46704,1000.1168052567434,0.457735437561687,0.532351361009221,-0.028422746402634876,11.589983093051371,11.787093026021997,12.470765814495918
combined_strong,0.46804,1000.0787923584596,0.45251883107055924,0.5295356088795653,-0.05954049718965489,11.588739736129634,11.782665299756149,12.470765814495918
combined_strong,0.46904,1000.048501663862,0.45790556775298,0.5364170194133584,-0.024107904670923233,11.609332508177062,11.795090189828962,12.470765814495918
combined_strong,0.47004,1000.0067661323556,0.4495477693042879,0.5352867962238409,-0.04989332104952647,11.580483354727841,11.780326229518394,12.470765814495918
combined_strong,0.47104,999.9486930261907,0.45548287893377226,0.5428500816013557,-0.047706991664407644,11.616287890227929,11.781915118260102,12.470765814495918
combined_strong,0.47204,999.9171459283995,0.45375512679712543,0.5390006288808058,-0.04445982347806475,11.594172977026435,11.79135728859773,12.470765814495918
combined_strong,0.47304,999.8700361778128,0.4536152394665936,0.5358020037009578,-0.0760801823707128,11.580991757860685,11.774878739420775,12.470765814495918
combined_strong,0.47404,999.8664917500282,0.4666726771153869,0.5412210539363017,-0.042007084748594235,11.605617706424473,11.791496071624424,12.470765814495918
combined_strong,0.47504,999.8830858064135,0.4669703452337249,0.5352865602661914,-0.06687944481705947,11.586694093826836,11.786530701326164,12.470765814495918
combined_strong,0.47604,999.9130218503708,0.47724802190182997,0.5369692002759024,-0.053833429754164976,11.623134899648349,11.78897519039481,12.470765814495918
combined_strong,0.47704,999.9855407275859,0.4763315296174781,0.5352679623806763,-0.04516867137180761,11.596328314561125,11.79346800668181,12.470765814495918
combined_strong,0.47804,1000.0312037361253,0.4714953097059174,0.5346316488499778,-0.06750974964317724,11.605960896759349,11.799879540456994,12.470765814495918
combined_strong,0.47904,1000.0871455067332,0.4758751256785446,0.5364212894046757,-0.024710583621757622,11.598827622522652,11.78460736157764,12.470765814495918
combined_strong,0.48004,1000.1202855450501,0.4644143135690541,0.5327809992713632,-0.04465389824518512,11.585013425991255,11.784862553075092,12.470765814495918
combined_strong,0.48104,1000.1181071028432,0.46392761266965366,0.5317585478523634,-0.042079700304447,11.610826987415614,11.776206757318851,12.470765814495918
combined_strong,0.48204,1000.1190345102455,0.45769769809772326,0.5323514073006076,-0.028615157379918123,11.589875903611969,11.786985974906447,12.470765814495918
combined_strong,0.48304,1000.0805884749692,0.45203049240531884,0.5295355544831076,-0.05944694599005303,11.58848128340859,11.782407180440387,12.470765814495918
combined_strong,0.48404,1000.0498944242087,0.4576532062671623,0.536417053000777,-0.023821255682248466,11.609173094471574,11.794929987410898,12.470765814495918
combined_strong,0.48504,1000.0077460349004,0.4495098333938771,0.5393851988294542,-0.05011488625356471,11.580389711028852,11.780232542895396,12.470765814495918
combined_strong,0.48604,999.9488229220799,0.45548070709738553,0.5428500870909111,-0.04741664719464599,11.616300684936958,11.781926627265417,12.470765814495918
combined_strong,0.48704000000000003,999.9185231531519,0.45359645471645277,0.5390006406065047,-0.0442498555896589,11.58031023987657,11.777496419715725,12.470765814495918
combined_strong,0.48804000000000003,999.8705714595801,0.45341583959609066,0.5358019945006696,-0.07596106671597762,11.580936455900106,11.774823775254506,12.470765814495918
combined_strong,0.48904000000000003,999.8669627259218,0.4669625543463737,0.5412210616143505,-0.04204475276011695,11.60572456438388,11.791603015403412,12.470765814495918
combined_strong,0.49004000000000003,999.8846688137265,0.4670320619797193,0.5352865604393173,-0.06732231662445672,11.586640093187127,11.786476579410452,12.470765814495918
combined_strong,0.49104000000000003,999.9150906493376,0.4773649667905708,0.5369691931071241,-0.05423246039262218,11.62305578271166,11.788897887973315,12.470765814495918
combined_strong,0.49204000000000003,999.987845340118,0.4759010348191676,0.5352679472578906,-0.04551667576412791,11.596002894000238,11.793143052666668,12.470765814495918
combined_strong,0.49304000000000003,1000.0329253125482,0.47155889698314235,0.5346317196606225,-0.06777713126195349,11.605820808455704,11.79973874033897,12.470765814495918
combined_strong,0.49404000000000003,1000.0885644039372,0.4753652735230142,0.5364212239867997,-0.02487089707110952,11.59848506013275,11.784265429754681,12.470765814495918
combined_strong,0.49504000000000004,1000.1196567343496,0.4644705808432808,0.5327810250302822,-0.04484656427070794,11.594638153555854,11.794480824401623,12.470765814495918
combined_strong,0.49604000000000004,1000.1177087138203,0.46396982533814485,0.5317585763750673,-0.04222619477786709,11.610758790928012,11.776139569199154,12.470765814495918
combined_strong,0.49704000000000004,1000.1187750989353,0.45771648338745446,0.532351363090138,-0.028741592795391294,11.589804522676358,11.786914896878393,12.470765814495918
combined_strong,0.49804000000000004,1000.0803663052453,0.45202914567867614,0.5295356235442928,-0.05956956463519591,11.588408527869106,11.782333988869002,12.470765814495918
combined_strong,0.49904000000000004,1000.0495298276985,0.45770586398501806,0.536416998491694,-0.023967071497871695,11.609159293151627,11.794916829883734,12.470765814495918
combined_strong,0.50004,1000.0080504507958,0.449721968314569,0.5352867979273017,-0.049780220051796366,11.580462444813143,11.78030530644882,12.470765814495918
combined_strong,0.50104,999.9503983858948,0.45550065338696544,0.5428500711113214,-0.047610923348764676,11.616211444217392,11.781838904199537,12.470765814495918
combined_strong,0.50204,999.9186559203284,0.45366047254434366,0.5390005904350569,-0.04441735527562703,11.594065897938677,11.79125030294793,12.470765814495918
combined_strong,0.50304,999.8709667943577,0.45346326321282004,0.5358020721908033,-0.07609746752879643,11.580878705446173,11.774765519422825,12.470765814495918
combined_strong,0.50404,999.867041568589,0.4670148941739937,0.5412209672242955,-0.042167458769445824,11.60568387119037,11.791563009893135,12.470765814495918
combined_strong,0.50504,999.8845018117787,0.46673448614979063,0.5352865654574875,-0.06706771223194116,11.586517481900712,11.786354005759028,12.470765814495918
combined_strong,0.50604,999.9135351662079,0.4771251224752921,0.5369691645884193,-0.054594938231811246,11.62296955553838,11.78881285602818,12.470765814495918
combined_strong,0.50704,999.9853051981737,0.47617774654664624,0.5352679256706251,-0.04542544984644943,11.596187785810285,11.793327871916727,12.470765814495918
combined_strong,0.50804,1000.0315919054049,0.47135822336270816,0.5346317703847456,-0.06781827404271623,11.593460013492523,11.787352366747472,12.470765814495918
combined_strong,0.50904,1000.0866086006688,0.4752912603726384,0.5316192780856568,-0.024932242973164154,11.59853021653901,11.784310614482546,12.470765814495918
combined_strong,0.51004,1000.1185071726039,0.46451504117609793,0.5327810288534827,-0.04495717449408788,11.594724512716002,11.794567160380867,12.470765814495918
combined_strong,0.51104,1000.1168231267372,0.46406736496946677,0.5315343918404857,-0.04180616195914144,11.61090743209672,11.776286754583712,12.470765814495918
combined_strong,0.51204,1000.1187770148607,0.4579321791135161,0.5323513648042371,-0.028755940761732084,11.589918534596505,11.787028984669073,12.470765814495918
combined_strong,0.51304,1000.0801641712018,0.45233542821705713,0.5295356193105072,-0.0595298064300613,11.588593305480352,11.782518803472824,12.470765814495918
combined_strong,0.51404,1000.049536983115,0.45765824859317755,0.5364170014152828,-0.02417433413232984,11.609158725939478,11.79491665197718,12.470765814495918
combined_strong,0.51504,1000.0080441241295,0.44975443326341297,0.5393852151864114,-0.049950062283754496,11.580464846414353,11.780307666362274,12.470765814495918
combined_strong,0.51604,999.9494335536152,0.4556754550935647,0.5428500731898733,-0.04772247035124432,11.616312445107498,11.781940122811148,12.470765814495918
combined_strong,0.51704,999.9185529481612,0.45385344813686346,0.5390005992837782,-0.044439972707998994,11.594142218765638,11.791326672495297,12.470765814495918
combined_strong,0.5180400000000001,999.8716558958901,0.4536132339338901,0.5358020615830469,-0.07607083994818692,11.580914674778665,11.774801422100841,12.470765814495918
combined_strong,0.5190400000000001,999.8679110879485,0.46659162931612375,0.5412209700906314,-0.042033198310881176,11.605511405168944,11.791390171641947,12.470765814495918
combined_strong,0.5200400000000001,999.8840227696808,0.46684449194740935,0.5352865653073648,-0.06694734205767797,11.586578058758976,11.786414617286619,12.470765814495918
combined_strong,0.5210400000000001,999.9146238571607,0.47710704656196484,0.5369691650645112,-0.05446692332771524,11.610122141835665,11.775918720003638,12.470765814495918
combined_strong,0.5220400000000001,999.9861370658625,0.47609130426241153,0.5352679227977022,-0.0453560077123276,11.59613375343899,11.793273802451552,12.470765814495918
combined_strong,0.5230400000000001,1000.0319686922653,0.47125060859686535,0.5346317870525807,-0.06779795555822982,11.593411907892465,11.787304298974611,12.470765814495918
combined_strong,0.5240400000000001,1000.0869214763599,0.4756865049049374,0.5364211880427462,-0.02503555550795421,11.598653466172776,11.784434318722953,12.470765814495918
combined_strong,0.5250400000000001,1000.1189696544142,0.4643277437872705,0.532781035663263,-0.04499308536979763,11.594600667481917,11.794443297476342,12.470765814495918
combined_strong,0.5260400000000001,1000.1166091951504,0.4639278133916924,0.5317585854923496,-0.04237552645236399,11.610757309015398,11.776138646578406,12.470765814495918
combined_strong,0.5270400000000001,1000.1185030060025,0.4579897476995211,0.5323513534395866,-0.02846878988244068,11.589938273800783,11.787048489876717,12.470765814495918
combined_strong,0.5280400000000001,1000.0810503693606,0.45217983965886827,0.5295356415297787,-0.05929275941784053,11.58849271090957,11.78241840735515,12.470765814495918
combined_strong,0.5290400000000001,1000.0507962999582,0.457854754378598,0.5364169721567215,-0.024186939023755325,11.609167873658699,11.794926237923464,12.470765814495918
combined_strong,0.5300400000000001,1000.0085924431762,0.4494008615291664,0.5393852279216527,-0.050032784128266755,11.580290460850703,11.78013325530841,12.470765814495918
combined_strong,0.5310400000000001,999.9499703046686,0.4557635047709199,0.5428500625685895,-0.04763737291060781,11.616316325358587,11.781944112408581,12.470765814495918
combined_strong,0.5320400000000001,999.919309674332,0.4538654174145107,0.5390005660978014,-0.04436387308519612,11.594118325036998,11.791302818887605,12.470765814495918
combined_strong,0.5330400000000001,999.8723313846798,0.4535698526154569,0.5358021177951935,-0.07602164504293502,11.580874475623482,11.77476114813057,12.470765814495918
combined_strong,0.5340400000000001,999.8686300751441,0.46701365134453415,0.5412208981464746,-0.04210603223187701,11.605627290122053,11.791506671698512,12.470765814495918
combined_strong,0.5350400000000001,999.8859253129426,0.46701044269106795,0.5352865698896198,-0.06742141868618463,11.596236352426237,11.796066103929101,12.470765814495918
combined_strong,0.5360400000000001,999.916080006754,0.4772287812978901,0.5369691298824257,-0.053855308799082166,11.622949328491908,11.78879116618584,12.470765814495918
combined_strong,0.5370400000000001,999.9881274810139,0.4761539938626575,0.5352678811338595,-0.04526067564521797,11.59608883827705,11.79322904436346,12.470765814495918
combined_strong,0.5380400000000001,1000.0339535472477,0.4711911102020481,0.534631950400686,-0.06773832636388895,11.593315376049922,11.787207498820695,12.470765814495918
combined_strong,0.5390400000000001,1000.0884294384884,0.47554338664124046,0.5364210560022196,-0.025031336855084477,11.598530052048053,11.784311375200778,12.470765814495918
combined_strong,0.5400400000000001,1000.1201299477068,0.46411816201377354,0.5327810895069487,-0.04503191309073195,11.584750387036486,11.784599341435207,12.470765814495918
combined_strong,0.5410400000000001,1000.1178888180513,0.46407979712570496,0.5317586527222186,-0.042211549328159736,11.610741291290035,11.776123183406469,12.470765814495918
combined_strong,0.5420400000000001,1000.1192680324252,0.45774571778028206,0.532351237393828,-0.028721932930128893,11.589753294281202,11.786864012633957,12.470765814495918
combined_strong,0.5430400000000001,1000.0808322104119,0.4519918466688004,0.529535831029678,-0.05957269488784511,11.588334217086594,11.782259162723086,12.470765814495918
combined_strong,0.5440400000000001,1000.049723539585,0.4576276378745303,0.5364168167929387,-0.024003086893212237,11.609075242900488,11.794833589607375,12.470765814495918
combined_strong,0.5450400000000001,1000.0078522876516,0.4496313018972423,0.5352868087003457,-0.04984678254190928,11.580382168266532,11.78022494057168,12.470765814495918
combined_strong,0.5460400000000001,999.9498067648752,0.4554200735286612,0.542850026009992,-0.04769844244490997,11.616141735038706,11.781770472269184,12.470765814495918
combined_strong,0.5470400000000001,999.9180153363178,0.4538481374564997,0.5390004702848297,-0.044078243162226555,11.594134787971027,11.791319201260347,12.470765814495918
combined_strong,0.5480400000000001,999.8708436083464,0.4535128549743041,0.5369678595091363,-0.07578834769168252,11.580917258564622,11.774804062317758,12.470765814495918
combined_strong,0.5490400000000001,999.8646607785234,0.4663529379612539,0.5412207679772965,-0.042931454139544696,11.605815776419583,11.79168460094653,12.470765814495918
combined_strong,0.5500400000000001,999.8799321069447,0.4669594778252993,0.5352865738949208,-0.06674280946051436,11.596662909037914,11.796493858245116,12.470765814495918
combined_strong,0.5510400000000001,999.9112098904377,0.4773168163273257,0.5369691237328974,-0.05408371947293988,11.610445987175611,11.776231898535992,12.470765814495918
combined_strong,0.5520400000000001,999.9841590731977,0.4761602524355352,0.535267890105297,-0.04505009673476763,11.589948938392071,11.787121152383632,12.470765814495918
combined_strong,0.5530400000000001,1000.0298895959436,0.4712007737290981,0.5346318744762866,-0.06742345700028736,11.593535905188636,11.787431048680878,12.470765814495918
combined_strong,0.5540400000000001,1000.0852464987086,0.47557212167914464,0.5364211413581015,-0.024330420338148046,11.59878604395124,11.784562821079845,12.470765814495918
combined_strong,0.5550400000000001,1000.1170562384638,0.46447748183870025,0.5327810473712312,-0.044491308574821004,11.594861203433062,11.794704161655723,12.470765814495918
combined_strong,0.5560400000000001,1000.1152930384902,0.4640317236547646,0.5315343958053818,-0.04166476499476838,11.611029253963304,11.776405880680926,12.470765814495918
combined_strong,0.5570400000000001,1000.1172384466306,0.45795271582722635,0.5323513475601847,-0.028449425991042623,11.590068233099654,11.787177851401063,12.470765814495918
combined_strong,0.5580400000000001,1000.0800688688728,0.45265992544210726,0.5295356390562278,-0.059405308072542524,11.588767265944478,11.782693278741196,12.470765814495918
combined_strong,0.5590400000000001,1000.0498101262771,0.45742240786549504,0.5364169811946671,-0.02380870043148796,11.609142781591173,11.794899323529872,12.470765814495918
combined_strong,0.5600400000000001,1000.0072242480132,0.4495211138709955,0.5352867988052517,-0.049644508462452296,11.58049942406682,11.780342390609588,12.470765814495918
combined_strong,0.5610400000000001,999.9492608857503,0.4558569636882553,0.5428500698290565,-0.04765426503031958,11.616439982148409,11.782067016028172,12.470765814495918
combined_strong,0.5620400000000001,999.919100059983,0.4534850933152674,0.5390005887279572,-0.04430584883690549,11.580251916475722,11.777438198483837,12.470765814495918
combined_strong,0.5630400000000001,999.8706909549365,0.45332552831252243,0.5358020753584947,-0.07602176982403652,11.580885617912207,11.774772771861844,12.470765814495918
combined_strong,0.5640400000000001,999.866725519547,0.4668953352774548,0.5412209672141858,-0.042102541120821166,11.605685105620886,11.791563817753387,12.470765814495918
combined_strong,0.5650400000000001,999.8841821005497,0.466988742667917,0.5352865651973817,-0.06737231787446345,11.586614022369622,11.78645047974694,12.470765814495918
combined_strong,0.5660400000000001,999.9144235338089,0.4772854261663629,0.5369691651716252,-0.05377423498227873,11.623068905635416,11.788909666667706,12.470765814495918
combined_strong,0.5670400000000001,999.9868614917918,0.47626474210296355,0.5352679219904086,-0.04513855073249947,11.596228891902305,11.793368747241699,12.470765814495918
combined_strong,0.5680400000000001,1000.0320624605126,0.47136571224776536,0.5346317974416215,-0.06752505695936269,11.605849929935946,11.799768307595379,12.470765814495918
combined_strong,0.5690400000000001,1000.0873589291208,0.4757264400770652,0.5364211781574827,-0.024767592480260243,11.598724689465602,11.784504868225053,12.470765814495918
combined_strong,0.5700400000000001,1000.1198544354884,0.4642829223330258,0.5327810411149794,-0.04473790774260482,11.58493292423538,11.784782003206141,12.470765814495918
combined_strong,0.5710400000000001,1000.1171671275389,0.46383618929213455,0.5317585946457961,-0.04217253080495275,11.61077461963659,11.776155084274459,12.470765814495918
combined_strong,0.5720400000000001,1000.1186182332791,0.4578916230717317,0.5323513366180288,-0.02830558363834958,11.589964920918279,11.787074882248787,12.470765814495918
combined_strong,0.5730400000000001,1000.0800841033338,0.45202908724701113,0.529535663970407,-0.059579337945339414,11.588458623094825,11.782384083133147,12.470765814495918
combined_strong,0.5740400000000001,1000.0489253828283,0.4577564421341256,0.5364169676504615,-0.02392620947917796,11.609223680572015,11.794981110357927,12.470765814495918
combined_strong,0.5750400000000001,1000.0073080710392,0.44963253537250225,0.5393852247087882,-0.05016412139441348,11.580426650575331,11.780269427168697,12.470765814495918
combined_strong,0.5760400000000001,999.9483981302433,0.45565879315928054,0.5428500677347585,-0.04790543717694075,11.616305345816855,11.781933612623215,12.470765814495918
combined_strong,0.5770400000000001,999.9175645024396,0.45338887765112423,0.5390005900901201,-0.0445956791338322,11.58017465217647,11.777361297313737,12.470765814495918
combined_strong,0.5780400000000001,999.8693910880637,0.45340144478495786,0.5358020604422247,-0.07585211536964058,11.580932035571205,11.774819330499868,12.470765814495918
combined_strong,0.5790400000000001,999.8659478731664,0.4669275696115626,0.5412209960026564,-0.041968238009388016,11.605728438580615,11.791606950572666,12.470765814495918
combined_strong,0.5800400000000001,999.8835244208395,0.4670138562392547,0.5352865633044916,-0.06727144764840126,11.58666862625425,11.78650510807662,12.470765814495918
combined_strong,0.5810400000000001,999.9141339264128,0.4769414169274282,0.5369691786750758,-0.05449250520554081,11.610097450598705,11.775893834404535,12.470765814495918
combined_strong,0.5820400000000001,999.9864266164393,0.4759314374929694,0.5352679373510496,-0.04544780263669421,11.596066156811013,11.793206270274482,12.470765814495918
combined_strong,0.5830400000000001,1000.0316721139164,0.47115390904950816,0.5346317377950818,-0.06792670740326144,11.593373808380619,11.787266100806242,12.470765814495918
combined_strong,0.5840400000000001,1000.0863422156053,0.47565672376322243,0.536421227252701,-0.025164971979740162,11.598640826223336,11.784421818785829,12.470765814495918
combined_strong,0.5850400000000001,1000.1183507562013,0.4639948988420698,0.5327810189072023,-0.04473168146911701,11.584815694230597,11.784664800527546,12.470765814495918
combined_strong,0.5860400000000001,1000.11567235231,0.4640212056307846,0.5317585619657377,-0.04197900069813724,11.61088557389571,11.776265189261863,12.470765814495918
combined_strong,0.5870400000000001,1000.1170198110116,0.4577915423283147,0.5323513977292278,-0.02849992724604572,11.589960345629628,11.78707034029443,12.470765814495918
combined_strong,0.5880400000000001,1000.0790177474069,0.45213300404793527,0.5295355526757214,-0.05932196240156438,11.588583244742772,11.782509287198305,12.470765814495918
combined_strong,0.5890400000000001,1000.048851577986,0.45793299910134444,0.5364170655669658,-0.024170092249121016,11.609305105481107,11.79506288526602,12.470765814495918
combined_strong,0.5900400000000001,1000.0071968236554,0.4495562110251252,0.5393851929238416,-0.049955094383700424,11.580447310531992,11.78029017431446,12.470765814495918
combined_strong,0.5910400000000001,999.9479330435345,0.4555875258163059,0.5428500930000999,-0.04775532199965918,11.616356047683489,11.781983072410318,12.470765814495918
combined_strong,0.5920400000000001,999.9169090209824,0.45387430589539784,0.5390006632275836,-0.04445347690252782,11.594232423470496,11.791416660658545,12.470765814495918
combined_strong,0.5930400000000001,999.8703024759518,0.45371426895430284,0.5358019523044849,-0.07604156465049643,11.581032339001307,11.774919438197895,12.470765814495918
combined_strong,0.5940400000000001,999.867072990336,0.4668914117946956,0.541221109812767,-0.042414262323327324,11.605643404579917,11.791522698886679,12.470765814495918
combined_strong,0.5950400000000001,999.8837705150191,0.4669463760088047,0.5352865577002749,-0.06682082749320106,11.586665159313307,11.78650178817435,12.470765814495918
combined_strong,0.5960400000000001,999.9147117405272,0.47711656223046656,0.5369692129540404,-0.053824140504468376,11.61021520699405,11.776009017081002,12.470765814495918
combined_strong,0.5970400000000001,999.9865395242037,0.4761673100863107,0.5352679706307815,-0.045233004589529634,11.596215851458641,11.793355588784125,12.470765814495918
combined_strong,0.5980400000000001,1000.0314786646292,0.47134585396782747,0.5346316283189922,-0.0676205121396574,11.605868162189221,11.799786722418215,12.470765814495918
combined_strong,0.5990400000000001,1000.0868338653855,0.47576810547851317,0.5364213044400897,-0.0248399308261059,11.598762587274937,11.784542463071977,12.470765814495918
