motor_id,seed,scenario,family,severity,exposure,method,standstill_accepted,rotating_accepted,electrical_accepted,mechanical_accepted,full_accepted,retry_count,estimator_failures,state,terminal_reason,reasons,estimate_Rs,error_Rs_percent,estimate_Ld,error_Ld_percent,estimate_Lq,error_Lq_percent,estimate_psi_f,error_psi_f_percent,estimate_J,error_J_percent,estimate_B,error_B_percent,all_six_available,all_six_accurate,electrical_accurate,mechanical_accurate,attempts_standstill,attempts_rotating,attempts_mechanical,commissioning_outcome,operation_rs_factor,commissioning_drift_applied,operation_status,control_success,control_speed_rmse_rpm,control_iq_rmse_a,max_speed_deviation_rpm,recovery_time_s,true_id_rms_a,true_current_peak_a,measured_current_peak_a,controller_frame_iq_rmse_a,command_saturation_fraction,actual_bus_saturation_fraction,terminal_voltage_utilization,command_voltage_utilization,terminal_command_discrepancy_rmse_v,terminal_command_discrepancy_max_v,nominal_bus_voltage_v,actual_bus_voltage_v,final_speed_rpm
0,1375116759,ideal,ideal,baseline,commissioning_only,one_shot,True,True,True,True,True,0,0,full_accepted,,,0.36463413725759186,0.021100875347968007,0.0010442393455064054,0.0406962056536786,0.0010735733956374405,0.018967077673537336,0.027126780164844044,0.00657964981765069,0.0003433311273254707,0.0851952715491322,0.00024161512571993778,0.005431616660867,True,True,True,True,1,1,1,accepted_accurate,1.0,False,evaluated,True,2.5709199726520637,0.0024427470109185806,8.335299678586011,0.0,9.69501695295227e-06,4.999981154612767,4.999981154612767,0.00264239033979543,0.0,0.0,0.8413166408294057,0.8413166408294057,0.0,0.0,24,24,999.9999940361928
0,1375116759,ideal,ideal,baseline,commissioning_only,adaptive,True,True,True,True,True,0,0,full_accepted,,,0.36463413725759186,0.021100875347968007,0.0010442393455064054,0.0406962056536786,0.0010735733956374405,0.018967077673537336,0.027126780164844044,0.00657964981765069,0.0003433311273254707,0.0851952715491322,0.00024161512571993778,0.005431616660867,True,True,True,True,1,1,1,accepted_accurate,1.0,False,evaluated,True,2.5709199726520637,0.0024427470109185806,8.335299678586011,0.0,9.69501695295227e-06,4.999981154612767,4.999981154612767,0.00264239033979543,0.0,0.0,0.8413166408294057,0.8413166408294057,0.0,0.0,24,24,999.9999940361928
0,1375116759,ideal,ideal,baseline,operation_only,one_shot,True,True,True,True,True,0,0,full_accepted,,,0.36463413725759186,0.021100875347968007,0.0010442393455064054,0.0406962056536786,0.0010735733956374405,0.018967077673537336,0.027126780164844044,0.00657964981765069,0.0003433311273254707,0.0851952715491322,0.00024161512571993778,0.005431616660867,True,True,True,True,1,1,1,accepted_accurate,1.0,False,evaluated,True,2.5709199726520637,0.0024427470109185806,8.335299678586011,0.0,9.69501695295227e-06,4.999981154612767,4.999981154612767,0.00264239033979543,0.0,0.0,0.8413166408294057,0.8413166408294057,0.0,0.0,24,24,999.9999940361928
0,1375116759,ideal,ideal,baseline,operation_only,adaptive,True,True,True,True,True,0,0,full_accepted,,,0.36463413725759186,0.021100875347968007,0.0010442393455064054,0.0406962056536786,0.0010735733956374405,0.018967077673537336,0.027126780164844044,0.00657964981765069,0.0003433311273254707,0.0851952715491322,0.00024161512571993778,0.005431616660867,True,True,True,True,1,1,1,accepted_accurate,1.0,False,evaluated,True,2.5709199726520637,0.0024427470109185806,8.335299678586011,0.0,9.69501695295227e-06,4.999981154612767,4.999981154612767,0.00264239033979543,0.0,0.0,0.8413166408294057,0.8413166408294057,0.0,0.0,24,24,999.9999940361928
0,1375116759,ideal,ideal,baseline,combined,one_shot,True,True,True,True,True,0,0,full_accepted,,,0.36463413725759186,0.021100875347968007,0.0010442393455064054,0.0406962056536786,0.0010735733956374405,0.018967077673537336,0.027126780164844044,0.00657964981765069,0.0003433311273254707,0.0851952715491322,0.00024161512571993778,0.005431616660867,True,True,True,True,1,1,1,accepted_accurate,1.0,False,evaluated,True,2.5709199726520637,0.0024427470109185806,8.335299678586011,0.0,9.69501695295227e-06,4.999981154612767,4.999981154612767,0.00264239033979543,0.0,0.0,0.8413166408294057,0.8413166408294057,0.0,0.0,24,24,999.9999940361928
0,1375116759,ideal,ideal,baseline,combined,adaptive,True,True,True,True,True,0,0,full_accepted,,,0.36463413725759186,0.021100875347968007,0.0010442393455064054,0.0406962056536786,0.0010735733956374405,0.018967077673537336,0.027126780164844044,0.00657964981765069,0.0003433311273254707,0.0851952715491322,0.00024161512571993778,0.005431616660867,True,True,True,True,1,1,1,accepted_accurate,1.0,False,evaluated,True,2.5709199726520637,0.0024427470109185806,8.335299678586011,0.0,9.69501695295227e-06,4.999981154612767,4.999981154612767,0.00264239033979543,0.0,0.0,0.8413166408294057,0.8413166408294057,0.0,0.0,24,24,999.9999940361928
0,1375116759,current_mild,current,mild,commissioning_only,one_shot,True,True,True,True,True,0,0,full_accepted,,,0.36514413243666305,0.11873451402588664,0.0010388934499979546,0.47145372511600003,0.0010786039682403506,0.44952613114994655,0.02711968954667536,0.03271674234301969,0.00034314796562487626,0.13849823213760715,0.0002415298456891208,0.02986611672698425,True,True,True,True,1,1,1,accepted_accurate,1.0,False,evaluated,True,2.5715968195208063,0.002436274694355114,8.33693794839212,0.0,1.613558157801669e-05,4.999885848817872,4.999885848817872,0.0026358789667786896,0.0,0.0,0.8413288063070679,0.8413288063070679,0.0,0.0,24,24,999.9999940771108
0,1375116759,current_mild,current,mild,commissioning_only,adaptive,True,True,True,True,True,0,0,full_accepted,,,0.36514413243666305,0.11873451402588664,0.0010388934499979546,0.47145372511600003,0.0010786039682403506,0.44952613114994655,0.02711968954667536,0.03271674234301969,0.00034314796562487626,0.13849823213760715,0.0002415298456891208,0.02986611672698425,True,True,True,True,1,1,1,accepted_accurate,1.0,False,evaluated,True,2.5715968195208063,0.002436274694355114,8.33693794839212,0.0,1.613558157801669e-05,4.999885848817872,4.999885848817872,0.0026358789667786896,0.0,0.0,0.8413288063070679,0.8413288063070679,0.0,0.0,24,24,999.9999940771108
0,1375116759,current_mild,current,mild,operation_only,one_shot,True,True,True,True,True,0,0,full_accepted,,,0.36463413725759186,0.021100875347968007,0.0010442393455064054,0.0406962056536786,0.0010735733956374405,0.018967077673537336,0.027126780164844044,0.00657964981765069,0.0003433311273254707,0.0851952715491322,0.00024161512571993778,0.005431616660867,True,True,True,True,1,1,1,accepted_accurate,1.0,False,evaluated,True,2.5711560027392113,0.0033644981705113148,8.320150545056094,0.0,0.002041390638943189,5.028819643746588,5.006799288079272,0.0027149016736853094,0.0,0.0,0.8414518088311737,0.8414518088311737,0.0,0.0,24,24.0,1000.0117116254906
0,1375116759,current_mild,current,mild,operation_only,adaptive,True,True,True,True,True,0,0,full_accepted,,,0.36463413725759186,0.021100875347968007,0.0010442393455064054,0.0406962056536786,0.0010735733956374405,0.018967077673537336,0.027126780164844044,0.00657964981765069,0.0003433311273254707,0.0851952715491322,0.00024161512571993778,0.005431616660867,True,True,True,True,1,1,1,accepted_accurate,1.0,False,evaluated,True,2.5711560027392113,0.0033644981705113148,8.320150545056094,0.0,0.002041390638943189,5.028819643746588,5.006799288079272,0.0027149016736853094,0.0,0.0,0.8414518088311737,0.8414518088311737,0.0,0.0,24,24.0,1000.0117116254906
0,1375116759,current_mild,current,mild,combined,one_shot,True,True,True,True,True,0,0,full_accepted,,,0.36514413243666305,0.11873451402588664,0.0010388934499979546,0.47145372511600003,0.0010786039682403506,0.44952613114994655,0.02711968954667536,0.03271674234301969,0.00034314796562487626,0.13849823213760715,0.0002415298456891208,0.02986611672698425,True,True,True,True,1,1,1,accepted_accurate,1.0,False,evaluated,True,2.571883430375583,0.0033593469434910262,8.32200492810216,0.0,0.0020433357559037375,5.028581498194767,5.006674478467052,0.002707706784687902,0.0,0.0,0.841476812499275,0.841476812499275,0.0,0.0,24,24.0,1000.0116586177846
0,1375116759,current_mild,current,mild,combined,adaptive,True,True,True,True,True,0,0,full_accepted,,,0.36514413243666305,0.11873451402588664,0.0010388934499979546,0.47145372511600003,0.0010786039682403506,0.44952613114994655,0.02711968954667536,0.03271674234301969,0.00034314796562487626,0.13849823213760715,0.0002415298456891208,0.02986611672698425,True,True,True,True,1,1,1,accepted_accurate,1.0,False,evaluated,True,2.571883430375583,0.0033593469434910262,8.32200492810216,0.0,0.0020433357559037375,5.028581498194767,5.006674478467052,0.002707706784687902,0.0,0.0,0.841476812499275,0.841476812499275,0.0,0.0,24,24.0,1000.0116586177846
0,1375116759,current_strong,current,strong,commissioning_only,one_shot,True,True,True,True,True,0,0,full_accepted,,,0.3175226355487094,12.938586090496084,0.0009040387780693315,13.390862790077085,0.000937401305435458,12.700565083837489,0.027121729662055484,0.02519656805296533,0.0003941690129820607,14.709435957358586,0.00027782236554937793,14.991747709256064,True,False,False,False,1,1,1,accepted_inaccurate,1.0,False,evaluated,True,2.243127885156326,0.003003380824746871,7.4713100767515925,0.0,0.00043624398436950567,4.999889177580996,4.999889177580996,0.0032148521890032348,0.0,0.0,0.836839520495851,0.836839520495851,0.0,0.0,24,24,999.9999697522278
0,1375116759,current_strong,current,strong,commissioning_only,adaptive,True,True,True,True,True,0,0,full_accepted,,,0.3175226355487094,12.938586090496084,0.0009040387780693315,13.390862790077085,0.000937401305435458,12.700565083837489,0.027121729662055484,0.02519656805296533,0.0003941690129820607,14.709435957358586,0.00027782236554937793,14.991747709256064,True,False,False,False,1,1,1,accepted_inaccurate,1.0,False,evaluated,True,2.243127885156326,0.003003380824746871,7.4713100767515925,0.0,0.00043624398436950567,4.999889177580996,4.999889177580996,0.0032148521890032348,0.0,0.0,0.836839520495851,0.836839520495851,0.0,0.0,24,24,999.9999697522278
0,1375116759,current_strong,current,strong,operation_only,one_shot,True,True,True,True,True,0,0,full_accepted,,,0.36463413725759186,0.021100875347968007,0.0010442393455064054,0.0406962056536786,0.0010735733956374405,0.018967077673537336,0.027126780164844044,0.00657964981765069,0.0003433311273254707,0.0851952715491322,0.00024161512571993778,0.005431616660867,True,True,True,True,1,1,1,accepted_accurate,1.0,False,evaluated,False,2.9530599572200398,0.07052803973706513,9.226835377721727,0.0,0.00859653467566119,4.381975714374812,5.009941228309081,0.0035728649443031177,0.0,0.0,0.8444616186409337,0.8444616186409337,0.0,0.0,24,24.0,1000.127410978783
0,1375116759,current_strong,current,strong,operation_only,adaptive,True,True,True,True,True,0,0,full_accepted,,,0.36463413725759186,0.021100875347968007,0.0010442393455064054,0.0406962056536786,0.0010735733956374405,0.018967077673537336,0.027126780164844044,0.00657964981765069,0.0003433311273254707,0.0851952715491322,0.00024161512571993778,0.005431616660867,True,True,True,True,1,1,1,accepted_accurate,1.0,False,evaluated,False,2.9530599572200398,0.07052803973706513,9.226835377721727,0.0,0.00859653467566119,4.381975714374812,5.009941228309081,0.0035728649443031177,0.0,0.0,0.8444616186409337,0.8444616186409337,0.0,0.0,24,24.0,1000.127410978783
0,1375116759,current_strong,current,strong,combined,one_shot,True,True,True,True,True,0,0,full_accepted,,,0.3175226355487094,12.938586090496084,0.0009040387780693315,13.390862790077085,0.000937401305435458,12.700565083837489,0.027121729662055484,0.02519656805296533,0.0003941690129820607,14.709435957358586,0.00027782236554937793,14.991747709256064,True,False,False,False,1,1,1,accepted_inaccurate,1.0,False,evaluated,False,2.5779103113790316,0.07056091992625378,8.2141246726502,0.0,0.008360625783625005,4.381688264133435,5.010406947322521,0.003956838751752347,0.0,0.0,0.8394760922831205,0.8394760922831205,0.0,0.0,24,24.0,1000.1280139112342
0,1375116759,current_strong,current,strong,combined,adaptive,True,True,True,True,True,0,0,full_accepted,,,0.3175226355487094,12.938586090496084,0.0009040387780693315,13.390862790077085,0.000937401305435458,12.700565083837489,0.027121729662055484,0.02519656805296533,0.0003941690129820607,14.709435957358586,0.00027782236554937793,14.991747709256064,True,False,False,False,1,1,1,accepted_inaccurate,1.0,False,evaluated,False,2.5779103113790316,0.07056091992625378,8.2141246726502,0.0,0.008360625783625005,4.381688264133435,5.010406947322521,0.003956838751752347,0.0,0.0,0.8394760922831205,0.8394760922831205,0.0,0.0,24,24.0,1000.1280139112342
0,1375116759,voltage_mild,voltage,mild,commissioning_only,one_shot,True,True,True,True,True,0,0,full_accepted,,,0.3723415499443189,2.0921917563125225,0.001066034131777229,2.1286903054443362,0.0010965982572494087,2.1253198953576247,0.027656995143214104,1.94787306760551,0.0003500359608786782,1.866017659314645,0.00024634249753982735,1.9621090301787936,True,True,True,True,1,1,1,accepted_accurate,1.0,False,evaluated,True,2.5706077498756428,0.002425941279575291,8.334664871679024,0.0,6.039602686935406e-05,5.007044169693021,5.007044169693021,0.002625517424006179,0.0,0.0,0.841285460512946,0.841285460512946,0.0,0.0,24,24,999.9999938751375
0,1375116759,voltage_mild,voltage,mild,commissioning_only,adaptive,True,True,True,True,True,0,0,full_accepted,,,0.3723415499443189,2.0921917563125225,0.001066034131777229,2.1286903054443362,0.0010965982572494087,2.1253198953576247,0.027656995143214104,1.94787306760551,0.0003500359608786782,1.866017659314645,0.00024634249753982735,1.9621090301787936,True,True,True,True,1,1,1,accepted_accurate,1.0,False,evaluated,True,2.5706077498756428,0.002425941279575291,8.334664871679024,0.0,6.039602686935406e-05,5.007044169693021,5.007044169693021,0.002625517424006179,0.0,0.0,0.841285460512946,0.841285460512946,0.0,0.0,24,24,999.9999938751375
0,1375116759,voltage_mild,voltage,mild,operation_only,one_shot,True,True,True,True,True,0,0,full_accepted,,,0.36463413725759186,0.021100875347968007,0.0010442393455064054,0.0406962056536786,0.0010735733956374405,0.018967077673537336,0.027126780164844044,0.00657964981765069,0.0003433311273254707,0.0851952715491322,0.00024161512571993778,0.005431616660867,True,True,True,True,1,1,1,accepted_accurate,1.0,False,evaluated,True,2.5709199726520637,0.0024427470109185806,8.335299678586011,0.0,9.69501695295227e-06,4.999981154612767,4.999981154612767,0.00264239033979543,0.0,0.0,0.8413166408294057,0.8413166408294057,0.0,0.0,24,24.0,999.9999940361928
0,1375116759,voltage_mild,voltage,mild,operation_only,adaptive,True,True,True,True,True,0,0,full_accepted,,,0.36463413725759186,0.021100875347968007,0.0010442393455064054,0.0406962056536786,0.0010735733956374405,0.018967077673537336,0.027126780164844044,0.00657964981765069,0.0003433311273254707,0.0851952715491322,0.00024161512571993778,0.005431616660867,True,True,True,True,1,1,1,accepted_accurate,1.0,False,evaluated,True,2.5709199726520637,0.0024427470109185806,8.335299678586011,0.0,9.69501695295227e-06,4.999981154612767,4.999981154612767,0.00264239033979543,0.0,0.0,0.8413166408294057,0.8413166408294057,0.0,0.0,24,24.0,999.9999940361928
0,1375116759,voltage_mild,voltage,mild,combined,one_shot,True,True,True,True,True,0,0,full_accepted,,,0.3723415499443189,2.0921917563125225,0.001066034131777229,2.1286903054443362,0.0010965982572494087,2.1253198953576247,0.027656995143214104,1.94787306760551,0.0003500359608786782,1.866017659314645,0.00024634249753982735,1.9621090301787936,True,True,True,True,1,1,1,accepted_accurate,1.0,False,evaluated,True,2.5706077498756428,0.002425941279575291,8.334664871679024,0.0,6.039602686935406e-05,5.007044169693021,5.007044169693021,0.002625517424006179,0.0,0.0,0.841285460512946,0.841285460512946,0.0,0.0,24,24.0,999.9999938751375
0,1375116759,voltage_mild,voltage,mild,combined,adaptive,True,True,True,True,True,0,0,full_accepted,,,0.3723415499443189,2.0921917563125225,0.001066034131777229,2.1286903054443362,0.0010965982572494087,2.1253198953576247,0.027656995143214104,1.94787306760551,0.0003500359608786782,1.866017659314645,0.00024634249753982735,1.9621090301787936,True,True,True,True,1,1,1,accepted_accurate,1.0,False,evaluated,True,2.5706077498756428,0.002425941279575291,8.334664871679024,0.0,6.039602686935406e-05,5.007044169693021,5.007044169693021,0.002625517424006179,0.0,0.0,0.841285460512946,0.841285460512946,0.0,0.0,24,24.0,999.9999938751375
0,1375116759,voltage_strong,voltage,strong,commissioning_only,one_shot,True,True,True,True,True,0,0,full_accepted,,,0.40648847004327243,11.454923138698314,0.0011662398398643986,11.728643461738674,0.0011963471681323047,11.414856301042775,0.030269907217881,11.579462730386126,0.00038307923053506205,11.482133334656153,0.00026963891149763783,11.60458454171498,True,False,False,False,1,1,1,accepted_inaccurate,1.0,False,evaluated,True,2.5694336013565016,0.002381278536181818,8.333782345885538,0.0,0.0002932833869711299,5.0386199235827505,5.0386199235827505,0.0025803874078352937,0.0,0.0,0.8412986877479249,0.8412986877479249,0.0,0.0,24,24,999.9999931056278
0,1375116759,voltage_strong,voltage,strong,commissioning_only,adaptive,True,True,True,True,True,0,0,full_accepted,,,0.40648847004327243,11.454923138698314,0.0011662398398643986,11.728643461738674,0.0011963471681323047,11.414856301042775,0.030269907217881,11.579462730386126,0.00038307923053506205,11.482133334656153,0.00026963891149763783,11.60458454171498,True,False,False,False,1,1,1,accepted_inaccurate,1.0,False,evaluated,True,2.5694336013565016,0.002381278536181818,8.333782345885538,0.0,0.0002932833869711299,5.0386199235827505,5.0386199235827505,0.0025803874078352937,0.0,0.0,0.8412986877479249,0.8412986877479249,0.0,0.0,24,24,999.9999931056278
0,1375116759,voltage_strong,voltage,strong,operation_only,one_shot,True,True,True,True,True,0,0,full_accepted,,,0.36463413725759186,0.021100875347968007,0.0010442393455064054,0.0406962056536786,0.0010735733956374405,0.018967077673537336,0.027126780164844044,0.00657964981765069,0.0003433311273254707,0.0851952715491322,0.00024161512571993778,0.005431616660867,True,True,True,True,1,1,1,accepted_accurate,1.0,False,evaluated,True,2.5709199726520637,0.0024427470109185806,8.335299678586011,0.0,9.69501695295227e-06,4.999981154612767,4.999981154612767,0.00264239033979543,0.0,0.0,0.8413166408294057,0.8413166408294057,0.0,0.0,24,24.0,999.9999940361928
0,1375116759,voltage_strong,voltage,strong,operation_only,adaptive,True,True,True,True,True,0,0,full_accepted,,,0.36463413725759186,0.021100875347968007,0.0010442393455064054,0.0406962056536786,0.0010735733956374405,0.018967077673537336,0.027126780164844044,0.00657964981765069,0.0003433311273254707,0.0851952715491322,0.00024161512571993778,0.005431616660867,True,True,True,True,1,1,1,accepted_accurate,1.0,False,evaluated,True,2.5709199726520637,0.0024427470109185806,8.335299678586011,0.0,9.69501695295227e-06,4.999981154612767,4.999981154612767,0.00264239033979543,0.0,0.0,0.8413166408294057,0.8413166408294057,0.0,0.0,24,24.0,999.9999940361928
0,1375116759,voltage_strong,voltage,strong,combined,one_shot,True,True,True,True,True,0,0,full_accepted,,,0.40648847004327243,11.454923138698314,0.0011662398398643986,11.728643461738674,0.0011963471681323047,11.414856301042775,0.030269907217881,11.579462730386126,0.00038307923053506205,11.482133334656153,0.00026963891149763783,11.60458454171498,True,False,False,False,1,1,1,accepted_inaccurate,1.0,False,evaluated,True,2.5694336013565016,0.002381278536181818,8.333782345885538,0.0,0.0002932833869711299,5.0386199235827505,5.0386199235827505,0.0025803874078352937,0.0,0.0,0.8412986877479249,0.8412986877479249,0.0,0.0,24,24.0,999.9999931056278
0,1375116759,voltage_strong,voltage,strong,combined,adaptive,True,True,True,True,True,0,0,full_accepted,,,0.40648847004327243,11.454923138698314,0.0011662398398643986,11.728643461738674,0.0011963471681323047,11.414856301042775,0.030269907217881,11.579462730386126,0.00038307923053506205,11.482133334656153,0.00026963891149763783,11.60458454171498,True,False,False,False,1,1,1,accepted_inaccurate,1.0,False,evaluated,True,2.5694336013565016,0.002381278536181818,8.333782345885538,0.0,0.0002932833869711299,5.0386199235827505,5.0386199235827505,0.0025803874078352937,0.0,0.0,0.8412986877479249,0.8412986877479249,0.0,0.0,24,24.0,999.9999931056278
0,1375116759,angle_mild,angle,mild,commissioning_only,one_shot,True,True,True,True,True,0,0,full_accepted,,,0.36463325522067747,0.021342720723038777,0.0010443646030978246,0.0526961908146939,0.0010736152266480957,0.01507138905971761,0.027107507673439033,0.07762097217679509,0.0003433208532779524,0.08818518236659578,0.00024157998033536647,0.009115193448461234,True,True,True,True,1,1,1,accepted_accurate,1.0,False,evaluated,True,2.5691696400447985,0.0024419727395019043,8.33051727058637,0.0,9.695196961878918e-06,4.999721657897666,4.999721657897666,0.0026416715952661536,0.0,0.0,0.8412117121722609,0.8412117121722609,0.0,0.0,24,24,999.9999939579292
0,1375116759,angle_mild,angle,mild,commissioning_only,adaptive,True,True,True,True,True,0,0,full_accepted,,,0.36463325522067747,0.021342720723038777,0.0010443646030978246,0.0526961908146939,0.0010736152266480957,0.01507138905971761,0.027107507673439033,0.07762097217679509,0.0003433208532779524,0.08818518236659578,0.00024157998033536647,0.009115193448461234,True,True,True,True,1,1,1,accepted_accurate,1.0,False,evaluated,True,2.5691696400447985,0.0024419727395019043,8.33051727058637,0.0,9.695196961878918e-06,4.999721657897666,4.999721657897666,0.0026416715952661536,0.0,0.0,0.8412117121722609,0.8412117121722609,0.0,0.0,24,24,999.9999939579292
0,1375116759,angle_mild,angle,mild,operation_only,one_shot,True,True,True,True,True,0,0,full_accepted,,,0.36463413725759186,0.021100875347968007,0.0010442393455064054,0.0406962056536786,0.0010735733956374405,0.018967077673537336,0.027126780164844044,0.00657964981765069,0.0003433311273254707,0.0851952715491322,0.00024161512571993778,0.005431616660867,True,True,True,True,1,1,1,accepted_accurate,1.0,False,evaluated,True,2.572450917169271,0.002443145949569898,8.339505343476617,0.0,0.016205537538952618,5.000149777971314,5.000149777971314,0.00264688941962003,0.0,0.0,0.8408169681197148,0.840816968119715,0.0,0.0,24,24.0,999.9999941112479
0,1375116759,angle_mild,angle,mild,operation_only,adaptive,True,True,True,True,True,0,0,full_accepted,,,0.36463413725759186,0.021100875347968007,0.0010442393455064054,0.0406962056536786,0.0010735733956374405,0.018967077673537336,0.027126780164844044,0.00657964981765069,0.0003433311273254707,0.0851952715491322,0.00024161512571993778,0.005431616660867,True,True,True,True,1,1,1,accepted_accurate,1.0,False,evaluated,True,2.572450917169271,0.002443145949569898,8.339505343476617,0.0,0.016205537538952618,5.000149777971314,5.000149777971314,0.00264688941962003,0.0,0.0,0.8408169681197148,0.840816968119715,0.0,0.0,24,24.0,999.9999941112479
0,1375116759,angle_mild,angle,mild,combined,one_shot,True,True,True,True,True,0,0,full_accepted,,,0.36463325522067747,0.021342720723038777,0.0010443646030978246,0.0526961908146939,0.0010736152266480957,0.01507138905971761,0.027107507673439033,0.07762097217679509,0.0003433208532779524,0.08818518236659578,0.00024157998033536647,0.009115193448461234,True,True,True,True,1,1,1,accepted_accurate,1.0,False,evaluated,True,2.5706994782412376,0.0024423755807304846,8.334719727486913,0.0,0.01620552294723991,4.999889982081943,4.999889982081943,0.002646169287486171,0.0,0.0,0.8408140629905095,0.8408140629905095,0.0,0.0,24,24.0,999.9999940332892
0,1375116759,angle_mild,angle,mild,combined,adaptive,True,True,True,True,True,0,0,full_accepted,,,0.36463325522067747,0.021342720723038777,0.0010443646030978246,0.0526961908146939,0.0010736152266480957,0.01507138905971761,0.027107507673439033,0.07762097217679509,0.0003433208532779524,0.08818518236659578,0.00024157998033536647,0.009115193448461234,True,True,True,True,1,1,1,accepted_accurate,1.0,False,evaluated,True,2.5706994782412376,0.0024423755807304846,8.334719727486913,0.0,0.01620552294723991,4.999889982081943,4.999889982081943,0.002646169287486171,0.0,0.0,0.8408140629905095,0.8408140629905095,0.0,0.0,24,24.0,999.9999940332892
0,1375116759,angle_strong,angle,strong,commissioning_only,one_shot,True,True,True,True,True,0,0,full_accepted,,,0.364631498132787,0.021824496001332516,0.0010448215872556515,0.0964763964741433,0.001073470831896433,0.028518756960649316,0.02697221447105827,0.5763322078624289,0.00034351097408711343,0.03285701078449277,0.00024153118214672957,0.029312951772586526,True,True,True,True,1,1,1,accepted_accurate,1.0,False,evaluated,True,2.554931065469836,0.0024375803567839014,8.291732067871408,0.0,9.766051558481247e-06,4.997900792985894,4.997900792985894,0.002637733945103678,0.0,0.0,0.8410806938621594,0.8410806938621594,0.0,0.0,24,24,999.9999932976867
0,1375116759,angle_strong,angle,strong,commissioning_only,adaptive,True,True,True,True,True,0,0,full_accepted,,,0.364631498132787,0.021824496001332516,0.0010448215872556515,0.0964763964741433,0.001073470831896433,0.028518756960649316,0.02697221447105827,0.5763322078624289,0.00034351097408711343,0.03285701078449277,0.00024153118214672957,0.029312951772586526,True,True,True,True,1,1,1,accepted_accurate,1.0,False,evaluated,True,2.554931065469836,0.0024375803567839014,8.291732067871408,0.0,9.766051558481247e-06,4.997900792985894,4.997900792985894,0.002637733945103678,0.0,0.0,0.8410806938621594,0.8410806938621594,0.0,0.0,24,24,999.9999932976867
0,1375116759,angle_strong,angle,strong,operation_only,one_shot,True,True,True,True,True,0,0,full_accepted,,,0.36463413725759186,0.021100875347968007,0.0010442393455064054,0.0406962056536786,0.0010735733956374405,0.018967077673537336,0.027126780164844044,0.00657964981765069,0.0003433311273254707,0.0851952715491322,0.00024161512571993778,0.005431616660867,True,True,True,True,1,1,1,accepted_accurate,1.0,False,evaluated,True,2.5849130091303354,0.002432941570853897,8.37226708129026,0.0,0.04877342929784654,5.0019215020014265,5.001921502001426,0.0026684681907662594,0.0,0.0,0.8401511660914144,0.8401511660914144,0.0,0.0,24,24.0,999.99999475586
0,1375116759,angle_strong,angle,strong,operation_only,adaptive,True,True,True,True,True,0,0,full_accepted,,,0.36463413725759186,0.021100875347968007,0.0010442393455064054,0.0406962056536786,0.0010735733956374405,0.018967077673537336,0.027126780164844044,0.00657964981765069,0.0003433311273254707,0.0851952715491322,0.00024161512571993778,0.005431616660867,True,True,True,True,1,1,1,accepted_accurate,1.0,False,evaluated,True,2.5849130091303354,0.002432941570853897,8.37226708129026,0.0,0.04877342929784654,5.0019215020014265,5.001921502001426,0.0026684681907662594,0.0,0.0,0.8401511660914144,0.8401511660914144,0.0,0.0,24,24.0,999.99999475586
0,1375116759,angle_strong,angle,strong,combined,one_shot,True,True,True,True,True,0,0,full_accepted,,,0.364631498132787,0.021824496001332516,0.0010448215872556515,0.0964763964741433,0.001073470831896433,0.028518756960649316,0.02697221447105827,0.5763322078624289,0.00034351097408711343,0.03285701078449277,0.00024153118214672957,0.029312951772586526,True,True,True,True,1,1,1,accepted_accurate,1.0,False,evaluated,True,2.5688373969292044,0.0024278118637739193,8.328522389178602,0.0,0.04877241285279797,4.99983679110142,4.99983679110142,0.0026637190381462454,0.0,0.0,0.8399212644727327,0.8399212644727327,0.0,0.0,24,24.0,999.9999940455082
0,1375116759,angle_strong,angle,strong,combined,adaptive,True,True,True,True,True,0,0,full_accepted,,,0.364631498132787,0.021824496001332516,0.0010448215872556515,0.0964763964741433,0.001073470831896433,0.028518756960649316,0.02697221447105827,0.5763322078624289,0.00034351097408711343,0.03285701078449277,0.00024153118214672957,0.029312951772586526,True,True,True,True,1,1,1,accepted_accurate,1.0,False,evaluated,True,2.5688373969292044,0.0024278118637739193,8.328522389178602,0.0,0.04877241285279797,4.99983679110142,4.99983679110142,0.0026637190381462454,0.0,0.0,0.8399212644727327,0.8399212644727327,0.0,0.0,24,24.0,999.9999940455082
0,1375116759,inverter_mild,inverter,mild,commissioning_only,one_shot,True,True,True,True,True,0,0,full_accepted,,,0.37662479093841617,3.266612019034376,0.0010444202185717509,0.05802428992849329,0.0010738604336240928,0.0077645407794424415,0.02716599119027855,0.13795812889432213,0.0003438307304523555,0.060197164182729246,0.00024197306756443924,0.15358512545453618,True,True,True,True,1,1,1,accepted_accurate,1.0,False,evaluated,True,2.5699875878576006,0.0023794531617186807,8.327375057889526,0.0,9.57560301121413e-06,5.005929072394745,5.005929072394745,0.0025791738829781478,0.0,0.0,0.8412679985210622,0.8412679985210622,0.0,0.0,24,24,999.9999941405997
0,1375116759,inverter_mild,inverter,mild,commissioning_only,adaptive,True,True,True,True,True,0,0,full_accepted,,,0.37662479093841617,3.266612019034376,0.0010444202185717509,0.05802428992849329,0.0010738604336240928,0.0077645407794424415,0.02716599119027855,0.13795812889432213,0.0003438307304523555,0.060197164182729246,0.00024197306756443924,0.15358512545453618,True,True,True,True,1,1,1,accepted_accurate,1.0,False,evaluated,True,2.5699875878576006,0.0023794531617186807,8.327375057889526,0.0,9.57560301121413e-06,5.005929072394745,5.005929072394745,0.0025791738829781478,0.0,0.0,0.8412679985210622,0.8412679985210622,0.0,0.0,24,24,999.9999941405997
0,1375116759,inverter_mild,inverter,mild,operation_only,one_shot,True,True,True,True,True,0,0,full_accepted,,,0.36463413725759186,0.021100875347968007,0.0010442393455064054,0.0406962056536786,0.0010735733956374405,0.018967077673537336,0.027126780164844044,0.00657964981765069,0.0003433311273254707,0.0851952715491322,0.00024161512571993778,0.005431616660867,True,True,True,True,1,1,1,accepted_accurate,1.0,False,evaluated,True,2.5709247948875245,0.002490097929076282,8.335069507949356,0.0,0.0030217942161924823,5.001107061037755,5.001107061037755,0.0026865614149105027,0.0,0.0,0.8412520468549751,0.8441241073858806,0.039998666644443695,0.04000000000000088,24,24,999.9988253996434
0,1375116759,inverter_mild,inverter,mild,operation_only,adaptive,True,True,True,True,True,0,0,full_accepted,,,0.36463413725759186,0.021100875347968007,0.0010442393455064054,0.0406962056536786,0.0010735733956374405,0.018967077673537336,0.027126780164844044,0.00657964981765069,0.0003433311273254707,0.0851952715491322,0.00024161512571993778,0.005431616660867,True,True,True,True,1,1,1,accepted_accurate,1.0,False,evaluated,True,2.5709247948875245,0.002490097929076282,8.335069507949356,0.0,0.0030217942161924823,5.001107061037755,5.001107061037755,0.0026865614149105027,0.0,0.0,0.8412520468549751,0.8441241073858806,0.039998666644443695,0.04000000000000088,24,24,999.9988253996434
0,1375116759,inverter_mild,inverter,mild,combined,one_shot,True,True,True,True,True,0,0,full_accepted,,,0.37662479093841617,3.266612019034376,0.0010444202185717509,0.05802428992849329,0.0010738604336240928,0.0077645407794424415,0.02716599119027855,0.13795812889432213,0.0003438307304523555,0.060197164182729246,0.00024197306756443924,0.15358512545453618,True,True,True,True,1,1,1,accepted_accurate,1.0,False,evaluated,True,2.5699909219800356,0.002428229272459784,8.327008803551848,0.0,0.0030266828211289337,5.001802215940138,5.001802215940138,0.0026246195428520306,0.0,0.0,0.8412969022609889,0.8441746720516073,0.039998666644443695,0.04000000000000088,24,24,999.9988572526117
0,1375116759,inverter_mild,inverter,mild,combined,adaptive,True,True,True,True,True,0,0,full_accepted,,,0.37662479093841617,3.266612019034376,0.0010444202185717509,0.05802428992849329,0.0010738604336240928,0.0077645407794424415,0.02716599119027855,0.13795812889432213,0.0003438307304523555,0.060197164182729246,0.00024197306756443924,0.15358512545453618,True,True,True,True,1,1,1,accepted_accurate,1.0,False,evaluated,True,2.5699909219800356,0.002428229272459784,8.327008803551848,0.0,0.0030266828211289337,5.001802215940138,5.001802215940138,0.0026246195428520306,0.0,0.0,0.8412969022609889,0.8441746720516073,0.039998666644443695,0.04000000000000088,24,24,999.9988572526117
0,1375116759,inverter_strong,inverter,strong,commissioning_only,one_shot,True,True,True,True,True,0,0,full_accepted,,,0.4301176223412226,17.933791660898414,0.0010452539001724053,0.13789303659295093,0.0010782378620979114,0.4154309584966098,0.02733722076952722,0.7691362926922629,0.00034601453291536793,0.6957183252179089,0.0002435286002684053,0.7974261059826793,True,False,False,True,1,1,1,accepted_inaccurate,1.0,False,evaluated,True,2.5665079049057846,0.0021339468963504607,8.297797863804817,0.0,1.379273798776573e-05,5.054844290655901,5.054844290655901,0.0023336040781751473,0.0,0.0,0.8413019102045602,0.8413019102045602,0.0,0.0,24,24,999.9999945231234
0,1375116759,inverter_strong,inverter,strong,commissioning_only,adaptive,True,True,True,True,True,0,0,full_accepted,,,0.4301176223412226,17.933791660898414,0.0010452539001724053,0.13789303659295093,0.0010782378620979114,0.4154309584966098,0.02733722076952722,0.7691362926922629,0.00034601453291536793,0.6957183252179089,0.0002435286002684053,0.7974261059826793,True,False,False,True,1,1,1,accepted_inaccurate,1.0,False,evaluated,True,2.5665079049057846,0.0021339468963504607,8.297797863804817,0.0,1.379273798776573e-05,5.054844290655901,5.054844290655901,0.0023336040781751473,0.0,0.0,0.8413019102045602,0.8413019102045602,0.0,0.0,24,24,999.9999945231234
0,1375116759,inverter_strong,inverter,strong,operation_only,one_shot,True,True,True,True,True,0,0,full_accepted,,,0.36463413725759186,0.021100875347968007,0.0010442393455064054,0.0406962056536786,0.0010735733956374405,0.018967077673537336,0.027126780164844044,0.00657964981765069,0.0003433311273254707,0.0851952715491322,0.00024161512571993778,0.005431616660867,True,True,True,True,1,1,1,accepted_accurate,1.0,False,evaluated,True,2.5711834141971446,0.0035000687232120513,8.339880417497511,0.0,0.015084639630756244,5.005726671550421,5.005726671550421,0.0036518461755672914,0.0,0.0,0.842163947963373,0.8555709953306422,0.1999933332222185,0.2000000000000009,24,24,999.9937560920152
0,1375116759,inverter_strong,inverter,strong,operation_only,adaptive,True,True,True,True,True,0,0,full_accepted,,,0.36463413725759186,0.021100875347968007,0.0010442393455064054,0.0406962056536786,0.0010735733956374405,0.018967077673537336,0.027126780164844044,0.00657964981765069,0.0003433311273254707,0.0851952715491322,0.00024161512571993778,0.005431616660867,True,True,True,True,1,1,1,accepted_accurate,1.0,False,evaluated,True,2.5711834141971446,0.0035000687232120513,8.339880417497511,0.0,0.015084639630756244,5.005726671550421,5.005726671550421,0.0036518461755672914,0.0,0.0,0.842163947963373,0.8555709953306422,0.1999933332222185,0.2000000000000009,24,24,999.9937560920152
0,1375116759,inverter_strong,inverter,strong,combined,one_shot,True,True,True,True,True,0,0,full_accepted,,,0.4301176223412226,17.933791660898414,0.0010452539001724053,0.13789303659295093,0.0010782378620979114,0.4154309584966098,0.02733722076952722,0.7691362926922629,0.00034601453291536793,0.6957183252179089,0.0002435286002684053,0.7974261059826793,True,False,False,True,1,1,1,accepted_inaccurate,1.0,False,evaluated,True,2.5667173793149334,0.0033064821316625753,8.299490017784251,0.0,0.015226735376221592,5.024371902777954,5.024371902777954,0.003449540105087581,0.0,0.0,0.8422119288434639,0.8556370068810835,0.1999933332222185,0.2000000000000009,24,24,999.993991343185
0,1375116759,inverter_strong,inverter,strong,combined,adaptive,True,True,True,True,True,0,0,full_accepted,,,0.4301176223412226,17.933791660898414,0.0010452539001724053,0.13789303659295093,0.0010782378620979114,0.4154309584966098,0.02733722076952722,0.7691362926922629,0.00034601453291536793,0.6957183252179089,0.0002435286002684053,0.7974261059826793,True,False,False,True,1,1,1,accepted_inaccurate,1.0,False,evaluated,True,2.5667173793149334,0.0033064821316625753,8.299490017784251,0.0,0.015226735376221592,5.024371902777954,5.024371902777954,0.003449540105087581,0.0,0.0,0.8422119288434639,0.8556370068810835,0.1999933332222185,0.2000000000000009,24,24,999.993991343185
0,1375116759,bus_sag_mild,bus_sag,mild,commissioning_only,one_shot,True,True,True,True,True,0,0,full_accepted,,,0.36463413725759186,0.021100875347968007,0.0010442393455064054,0.0406962056536786,0.0010735733956374405,0.018967077673537336,0.027126780164844044,0.00657964981765069,0.000343346279148621,0.08078585064070776,0.00024154673565109655,0.022875296378543908,True,True,True,True,1,1,1,accepted_accurate,1.0,False,evaluated,True,2.570804477512757,0.002442791585742994,8.33498825084132,0.0,9.695398173014899e-06,4.999981154612767,4.999981154612767,0.0026424385743456886,0.0,0.0,0.8413160567426358,0.8413160567426358,0.0,0.0,24,24,999.9999940299368
0,1375116759,bus_sag_mild,bus_sag,mild,commissioning_only,adaptive,True,True,True,True,True,0,0,full_accepted,,,0.36463413725759186,0.021100875347968007,0.0010442393455064054,0.0406962056536786,0.0010735733956374405,0.018967077673537336,0.027126780164844044,0.00657964981765069,0.000343346279148621,0.08078585064070776,0.00024154673565109655,0.022875296378543908,True,True,True,True,1,1,1,accepted_accurate,1.0,False,evaluated,True,2.570804477512757,0.002442791585742994,8.33498825084132,0.0,9.695398173014899e-06,4.999981154612767,4.999981154612767,0.0026424385743456886,0.0,0.0,0.8413160567426358,0.8413160567426358,0.0,0.0,24,24,999.9999940299368
0,1375116759,bus_sag_mild,bus_sag,mild,operation_only,one_shot,True,True,True,True,True,0,0,full_accepted,,,0.36463413725759186,0.021100875347968007,0.0010442393455064054,0.0406962056536786,0.0010735733956374405,0.018967077673537336,0.027126780164844044,0.00657964981765069,0.0003433311273254707,0.0851952715491322,0.00024161512571993778,0.005431616660867,True,True,True,True,1,1,1,accepted_accurate,1.0,False,evaluated,True,2.5709199726520637,0.0024427470109185806,8.335299678586011,0.0,9.69501695295227e-06,4.999981154612767,4.999981154612767,0.00264239033979543,0.0,0.0,0.8855964640309535,0.8413166408294057,0.0,0.0,24,22.799999999999997,999.9999940361928
0,1375116759,bus_sag_mild,bus_sag,mild,operation_only,adaptive,True,True,True,True,True,0,0,full_accepted,,,0.36463413725759186,0.021100875347968007,0.0010442393455064054,0.0406962056536786,0.0010735733956374405,0.018967077673537336,0.027126780164844044,0.00657964981765069,0.0003433311273254707,0.0851952715491322,0.00024161512571993778,0.005431616660867,True,True,True,True,1,1,1,accepted_accurate,1.0,False,evaluated,True,2.5709199726520637,0.0024427470109185806,8.335299678586011,0.0,9.69501695295227e-06,4.999981154612767,4.999981154612767,0.00264239033979543,0.0,0.0,0.8855964640309535,0.8413166408294057,0.0,0.0,24,22.799999999999997,999.9999940361928
0,1375116759,bus_sag_mild,bus_sag,mild,combined,one_shot,True,True,True,True,True,0,0,full_accepted,,,0.36463413725759186,0.021100875347968007,0.0010442393455064054,0.0406962056536786,0.0010735733956374405,0.018967077673537336,0.027126780164844044,0.00657964981765069,0.000343346279148621,0.08078585064070776,0.00024154673565109655,0.022875296378543908,True,True,True,True,1,1,1,accepted_accurate,1.0,False,evaluated,True,2.570804477512757,0.002442791585742994,8.33498825084132,0.0,9.695398173014899e-06,4.999981154612767,4.999981154612767,0.0026424385743456886,0.0,0.0,0.8855958492027746,0.8413160567426358,0.0,0.0,24,22.799999999999997,999.9999940299368
0,1375116759,bus_sag_mild,bus_sag,mild,combined,adaptive,True,True,True,True,True,0,0,full_accepted,,,0.36463413725759186,0.021100875347968007,0.0010442393455064054,0.0406962056536786,0.0010735733956374405,0.018967077673537336,0.027126780164844044,0.00657964981765069,0.000343346279148621,0.08078585064070776,0.00024154673565109655,0.022875296378543908,True,True,True,True,1,1,1,accepted_accurate,1.0,False,evaluated,True,2.570804477512757,0.002442791585742994,8.33498825084132,0.0,9.695398173014899e-06,4.999981154612767,4.999981154612767,0.0026424385743456886,0.0,0.0,0.8855958492027746,0.8413160567426358,0.0,0.0,24,22.799999999999997,999.9999940299368
0,1375116759,bus_sag_strong,bus_sag,strong,commissioning_only,one_shot,True,True,True,True,True,0,0,full_accepted,,,0.36463413725759186,0.021100875347968007,0.0010442393455064054,0.0406962056536786,0.0010735733956374405,0.018967077673537336,0.027126780164844044,0.00657964981765069,0.0003434044699078722,0.063851416548244,0.00024134327884903312,0.10708685078795188,True,True,True,True,1,1,1,accepted_accurate,1.0,False,evaluated,True,2.5703628075946474,0.002442961786803089,8.333800017091448,0.0,9.696851646024326e-06,4.999981154612767,4.999981154612767,0.002642622749098188,0.0,0.0,0.8413138499808724,0.8413138499808724,0.0,0.0,24,24,999.999994006382
0,1375116759,bus_sag_strong,bus_sag,strong,commissioning_only,adaptive,True,True,True,True,True,0,0,full_accepted,,,0.36463413725759186,0.021100875347968007,0.0010442393455064054,0.0406962056536786,0.0010735733956374405,0.018967077673537336,0.027126780164844044,0.00657964981765069,0.0003434044699078722,0.063851416548244,0.00024134327884903312,0.10708685078795188,True,True,True,True,1,1,1,accepted_accurate,1.0,False,evaluated,True,2.5703628075946474,0.002442961786803089,8.333800017091448,0.0,9.696851646024326e-06,4.999981154612767,4.999981154612767,0.002642622749098188,0.0,0.0,0.8413138499808724,0.8413138499808724,0.0,0.0,24,24,999.999994006382
0,1375116759,bus_sag_strong,bus_sag,strong,operation_only,one_shot,True,True,True,True,True,0,0,full_accepted,,,0.36463413725759186,0.021100875347968007,0.0010442393455064054,0.0406962056536786,0.0010735733956374405,0.018967077673537336,0.027126780164844044,0.00657964981765069,0.0003433311273254707,0.0851952715491322,0.00024161512571993778,0.005431616660867,True,True,True,True,1,1,1,accepted_accurate,1.0,False,evaluated,True,2.5709199726520637,0.0024427470109185806,8.335299678586011,0.0,9.69501695295227e-06,4.999981154612767,4.999981154612767,0.00264239033979543,0.0,0.0,0.9347962675882285,0.8413166408294057,0.0,0.0,24,21.6,999.9999940361928
0,1375116759,bus_sag_strong,bus_sag,strong,operation_only,adaptive,True,True,True,True,True,0,0,full_accepted,,,0.36463413725759186,0.021100875347968007,0.0010442393455064054,0.0406962056536786,0.0010735733956374405,0.018967077673537336,0.027126780164844044,0.00657964981765069,0.0003433311273254707,0.0851952715491322,0.00024161512571993778,0.005431616660867,True,True,True,True,1,1,1,accepted_accurate,1.0,False,evaluated,True,2.5709199726520637,0.0024427470109185806,8.335299678586011,0.0,9.69501695295227e-06,4.999981154612767,4.999981154612767,0.00264239033979543,0.0,0.0,0.9347962675882285,0.8413166408294057,0.0,0.0,24,21.6,999.9999940361928
0,1375116759,bus_sag_strong,bus_sag,strong,combined,one_shot,True,True,True,True,True,0,0,full_accepted,,,0.36463413725759186,0.021100875347968007,0.0010442393455064054,0.0406962056536786,0.0010735733956374405,0.018967077673537336,0.027126780164844044,0.00657964981765069,0.0003434044699078722,0.063851416548244,0.00024134327884903312,0.10708685078795188,True,True,True,True,1,1,1,accepted_accurate,1.0,False,evaluated,True,2.5703628075946474,0.002442961786803089,8.333800017091448,0.0,9.696851646024326e-06,4.999981154612767,4.999981154612767,0.002642622749098188,0.0,0.0,0.9347931666454138,0.8413138499808724,0.0,0.0,24,21.6,999.999994006382
0,1375116759,bus_sag_strong,bus_sag,strong,combined,adaptive,True,True,True,True,True,0,0,full_accepted,,,0.36463413725759186,0.021100875347968007,0.0010442393455064054,0.0406962056536786,0.0010735733956374405,0.018967077673537336,0.027126780164844044,0.00657964981765069,0.0003434044699078722,0.063851416548244,0.00024134327884903312,0.10708685078795188,True,True,True,True,1,1,1,accepted_accurate,1.0,False,evaluated,True,2.5703628075946474,0.002442961786803089,8.333800017091448,0.0,9.696851646024326e-06,4.999981154612767,4.999981154612767,0.002642622749098188,0.0,0.0,0.9347931666454138,0.8413138499808724,0.0,0.0,24,21.6,999.999994006382
0,1375116759,rs_drift_mild,rs_drift,mild,commissioning_only,one_shot,True,True,True,True,True,0,0,full_accepted,,,0.36463413725759186,0.021100875347968007,0.0010442393455064054,0.0406962056536786,0.0010735733956374405,0.018967077673537336,0.027126780164844044,0.00657964981765069,0.0003433311273254707,0.0851952715491322,0.00024161512571993778,0.005431616660867,True,True,True,True,1,1,1,accepted_accurate,1.0,False,evaluated,True,2.5709199726520637,0.0024427470109185806,8.335299678586011,0.0,9.69501695295227e-06,4.999981154612767,4.999981154612767,0.00264239033979543,0.0,0.0,0.8413166408294057,0.8413166408294057,0.0,0.0,24,24,999.9999940361928
0,1375116759,rs_drift_mild,rs_drift,mild,commissioning_only,adaptive,True,True,True,True,True,0,0,full_accepted,,,0.36463413725759186,0.021100875347968007,0.0010442393455064054,0.0406962056536786,0.0010735733956374405,0.018967077673537336,0.027126780164844044,0.00657964981765069,0.0003433311273254707,0.0851952715491322,0.00024161512571993778,0.005431616660867,True,True,True,True,1,1,1,accepted_accurate,1.0,False,evaluated,True,2.5709199726520637,0.0024427470109185806,8.335299678586011,0.0,9.69501695295227e-06,4.999981154612767,4.999981154612767,0.00264239033979543,0.0,0.0,0.8413166408294057,0.8413166408294057,0.0,0.0,24,24,999.9999940361928
0,1375116759,rs_drift_mild,rs_drift,mild,operation_only,one_shot,True,True,True,True,True,0,0,full_accepted,,,0.36463413725759186,0.021100875347968007,0.0010442393455064054,0.0406962056536786,0.0010735733956374405,0.018967077673537336,0.027126780164844044,0.00657964981765069,0.0003433311273254707,0.0851952715491322,0.00024161512571993778,0.005431616660867,True,True,True,True,1,1,1,accepted_accurate,1.2,False,evaluated,True,2.5767663038516657,0.002865716308737945,8.387017497548186,0.0,9.39681989547375e-06,4.9999797128495915,4.9999797128495915,0.0030642811155015587,0.0,0.0,0.843954461573318,0.843954461573318,0.0,0.0,24,24.0,999.999993257715
0,1375116759,rs_drift_mild,rs_drift,mild,operation_only,adaptive,True,True,True,True,True,0,0,full_accepted,,,0.36463413725759186,0.021100875347968007,0.0010442393455064054,0.0406962056536786,0.0010735733956374405,0.018967077673537336,0.027126780164844044,0.00657964981765069,0.0003433311273254707,0.0851952715491322,0.00024161512571993778,0.005431616660867,True,True,True,True,1,1,1,accepted_accurate,1.2,False,evaluated,True,2.5767663038516657,0.002865716308737945,8.387017497548186,0.0,9.39681989547375e-06,4.9999797128495915,4.9999797128495915,0.0030642811155015587,0.0,0.0,0.843954461573318,0.843954461573318,0.0,0.0,24,24.0,999.999993257715
0,1375116759,rs_drift_mild,rs_drift,mild,combined,one_shot,True,True,True,True,True,0,0,full_accepted,,,0.36463413725759186,0.021100875347968007,0.0010442393455064054,0.0406962056536786,0.0010735733956374405,0.018967077673537336,0.027126780164844044,0.00657964981765069,0.0003433311273254707,0.0851952715491322,0.00024161512571993778,0.005431616660867,True,True,True,True,1,1,1,accepted_accurate,1.2,False,evaluated,True,2.5767663038516657,0.002865716308737945,8.387017497548186,0.0,9.39681989547375e-06,4.9999797128495915,4.9999797128495915,0.0030642811155015587,0.0,0.0,0.843954461573318,0.843954461573318,0.0,0.0,24,24.0,999.999993257715
0,1375116759,rs_drift_mild,rs_drift,mild,combined,adaptive,True,True,True,True,True,0,0,full_accepted,,,0.36463413725759186,0.021100875347968007,0.0010442393455064054,0.0406962056536786,0.0010735733956374405,0.018967077673537336,0.027126780164844044,0.00657964981765069,0.0003433311273254707,0.0851952715491322,0.00024161512571993778,0.005431616660867,True,True,True,True,1,1,1,accepted_accurate,1.2,False,evaluated,True,2.5767663038516657,0.002865716308737945,8.387017497548186,0.0,9.39681989547375e-06,4.9999797128495915,4.9999797128495915,0.0030642811155015587,0.0,0.0,0.843954461573318,0.843954461573318,0.0,0.0,24,24.0,999.999993257715
0,1375116759,rs_drift_strong,rs_drift,strong,commissioning_only,one_shot,True,True,True,True,True,0,0,full_accepted,,,0.36463413725759186,0.021100875347968007,0.0010442393455064054,0.0406962056536786,0.0010735733956374405,0.018967077673537336,0.027126780164844044,0.00657964981765069,0.0003433311273254707,0.0851952715491322,0.00024161512571993778,0.005431616660867,True,True,True,True,1,1,1,accepted_accurate,1.0,False,evaluated,True,2.5709199726520637,0.0024427470109185806,8.335299678586011,0.0,9.69501695295227e-06,4.999981154612767,4.999981154612767,0.00264239033979543,0.0,0.0,0.8413166408294057,0.8413166408294057,0.0,0.0,24,24,999.9999940361928
0,1375116759,rs_drift_strong,rs_drift,strong,commissioning_only,adaptive,True,True,True,True,True,0,0,full_accepted,,,0.36463413725759186,0.021100875347968007,0.0010442393455064054,0.0406962056536786,0.0010735733956374405,0.018967077673537336,0.027126780164844044,0.00657964981765069,0.0003433311273254707,0.0851952715491322,0.00024161512571993778,0.005431616660867,True,True,True,True,1,1,1,accepted_accurate,1.0,False,evaluated,True,2.5709199726520637,0.0024427470109185806,8.335299678586011,0.0,9.69501695295227e-06,4.999981154612767,4.999981154612767,0.00264239033979543,0.0,0.0,0.8413166408294057,0.8413166408294057,0.0,0.0,24,24,999.9999940361928
0,1375116759,rs_drift_strong,rs_drift,strong,operation_only,one_shot,True,True,True,True,True,0,0,full_accepted,,,0.36463413725759186,0.021100875347968007,0.0010442393455064054,0.0406962056536786,0.0010735733956374405,0.018967077673537336,0.027126780164844044,0.00657964981765069,0.0003433311273254707,0.0851952715491322,0.00024161512571993778,0.005431616660867,True,True,True,True,1,1,1,accepted_accurate,1.5,False,evaluated,True,2.585714960567558,0.0035256668973487454,8.4661358053512,0.0,8.989960939588287e-06,4.9999749516482295,4.9999749516482295,0.003721947829417352,0.0,0.0,0.8791974456420997,0.8791974456420997,0.0,0.0,24,24.0,999.9999920648542
0,1375116759,rs_drift_strong,rs_drift,strong,operation_only,adaptive,True,True,True,True,True,0,0,full_accepted,,,0.36463413725759186,0.021100875347968007,0.0010442393455064054,0.0406962056536786,0.0010735733956374405,0.018967077673537336,0.027126780164844044,0.00657964981765069,0.0003433311273254707,0.0851952715491322,0.00024161512571993778,0.005431616660867,True,True,True,True,1,1,1,accepted_accurate,1.5,False,evaluated,True,2.585714960567558,0.0035256668973487454,8.4661358053512,0.0,8.989960939588287e-06,4.9999749516482295,4.9999749516482295,0.003721947829417352,0.0,0.0,0.8791974456420997,0.8791974456420997,0.0,0.0,24,24.0,999.9999920648542
0,1375116759,rs_drift_strong,rs_drift,strong,combined,one_shot,True,True,True,True,True,0,0,full_accepted,,,0.36463413725759186,0.021100875347968007,0.0010442393455064054,0.0406962056536786,0.0010735733956374405,0.018967077673537336,0.027126780164844044,0.00657964981765069,0.0003433311273254707,0.0851952715491322,0.00024161512571993778,0.005431616660867,True,True,True,True,1,1,1,accepted_accurate,1.5,False,evaluated,True,2.585714960567558,0.0035256668973487454,8.4661358053512,0.0,8.989960939588287e-06,4.9999749516482295,4.9999749516482295,0.003721947829417352,0.0,0.0,0.8791974456420997,0.8791974456420997,0.0,0.0,24,24.0,999.9999920648542
0,1375116759,rs_drift_strong,rs_drift,strong,combined,adaptive,True,True,True,True,True,0,0,full_accepted,,,0.36463413725759186,0.021100875347968007,0.0010442393455064054,0.0406962056536786,0.0010735733956374405,0.018967077673537336,0.027126780164844044,0.00657964981765069,0.0003433311273254707,0.0851952715491322,0.00024161512571993778,0.005431616660867,True,True,True,True,1,1,1,accepted_accurate,1.5,False,evaluated,True,2.585714960567558,0.0035256668973487454,8.4661358053512,0.0,8.989960939588287e-06,4.9999749516482295,4.9999749516482295,0.003721947829417352,0.0,0.0,0.8791974456420997,0.8791974456420997,0.0,0.0,24,24.0,999.9999920648542
0,1375116759,timing_one_sample,timing,one_sample,commissioning_only,one_shot,False,True,False,False,False,0,0,rejected,,standstill.excessive_residual,0.34550795194170414,5.265302547518003,0.0010768685120688478,3.166650570008711,0.0011064045165124481,3.038568988719037,0.026942659295857367,0.6852770601238567,,,,,False,False,True,False,1,1,0,rejected_inaccurate_or_unavailable,1.0,False,commissioning_unavailable,,,,,,,,,,,,,,,,,,
0,1375116759,timing_one_sample,timing,one_sample,commissioning_only,adaptive,False,False,False,False,False,0,0,terminal_rejected,standstill.model_residual_terminal,standstill.excessive_residual,0.34550795194170414,5.265302547518003,0.0010768685120688478,3.166650570008711,0.0011064045165124481,3.038568988719037,,,,,,,False,False,False,False,1,0,0,rejected_inaccurate_or_unavailable,1.0,False,commissioning_unavailable,,,,,,,,,,,,,,,,,,
0,1375116759,timing_one_sample,timing,one_sample,operation_only,one_shot,True,True,True,True,True,0,0,full_accepted,,,0.36463413725759186,0.021100875347968007,0.0010442393455064054,0.0406962056536786,0.0010735733956374405,0.018967077673537336,0.027126780164844044,0.00657964981765069,0.0003433311273254707,0.0851952715491322,0.00024161512571993778,0.005431616660867,True,True,True,True,1,1,1,accepted_accurate,1.0,False,evaluated,True,2.5703170607362833,0.002192543811488012,8.330272732127469,0.0,5.3334162671798945e-05,5.001898368801711,5.001898368801711,0.002600642854324147,0.0,0.0,0.8413248236236753,0.8413248236236753,0.0,0.0,24,24.0,999.9999940867424
0,1375116759,timing_one_sample,timing,one_sample,operation_only,adaptive,True,True,True,True,True,0,0,full_accepted,,,0.36463413725759186,0.021100875347968007,0.0010442393455064054,0.0406962056536786,0.0010735733956374405,0.018967077673537336,0.027126780164844044,0.00657964981765069,0.0003433311273254707,0.0851952715491322,0.00024161512571993778,0.005431616660867,True,True,True,True,1,1,1,accepted_accurate,1.0,False,evaluated,True,2.5703170607362833,0.002192543811488012,8.330272732127469,0.0,5.3334162671798945e-05,5.001898368801711,5.001898368801711,0.002600642854324147,0.0,0.0,0.8413248236236753,0.8413248236236753,0.0,0.0,24,24.0,999.9999940867424
0,1375116759,timing_one_sample,timing,one_sample,combined,one_shot,False,True,False,False,False,0,0,rejected,,standstill.excessive_residual,0.34550795194170414,5.265302547518003,0.0010768685120688478,3.166650570008711,0.0011064045165124481,3.038568988719037,0.026942659295857367,0.6852770601238567,,,,,False,False,True,False,1,1,0,rejected_inaccurate_or_unavailable,1.0,False,commissioning_unavailable,,,,,,,,,,,,,,,,,,
0,1375116759,timing_one_sample,timing,one_sample,combined,adaptive,False,False,False,False,False,0,0,terminal_rejected,standstill.model_residual_terminal,standstill.excessive_residual,0.34550795194170414,5.265302547518003,0.0010768685120688478,3.166650570008711,0.0011064045165124481,3.038568988719037,,,,,,,False,False,False,False,1,0,0,rejected_inaccurate_or_unavailable,1.0,False,commissioning_unavailable,,,,,,,,,,,,,,,,,,
0,1375116759,combined_mild,combined,mild,commissioning_only,one_shot,False,True,False,False,False,0,0,rejected,,standstill.excessive_residual,0.36507584955087974,0.10001205484799769,0.0010951962146019962,4.922489525087648,0.001137623812058488,5.94599704951515,0.0275103210445034,1.4072101242801782,,,,,False,False,True,False,1,1,0,rejected_inaccurate_or_unavailable,1.0,False,commissioning_unavailable,,,,,,,,,,,,,,,,,,
0,1375116759,combined_mild,combined,mild,commissioning_only,adaptive,False,False,False,False,False,0,0,terminal_rejected,standstill.model_residual_terminal,standstill.excessive_residual,0.36507584955087974,0.10001205484799769,0.0010951962146019962,4.922489525087648,0.001137623812058488,5.94599704951515,,,,,,,False,False,False,False,1,0,0,rejected_inaccurate_or_unavailable,1.0,False,commissioning_unavailable,,,,,,,,,,,,,,,,,,
0,1375116759,combined_mild,combined,mild,operation_only,one_shot,True,True,True,True,True,0,0,full_accepted,,,0.36463413725759186,0.021100875347968007,0.0010442393455064054,0.0406962056536786,0.0010735733956374405,0.018967077673537336,0.027126780164844044,0.00657964981765069,0.0003433311273254707,0.0851952715491322,0.00024161512571993778,0.005431616660867,True,True,True,True,1,1,1,accepted_accurate,1.2,False,evaluated,True,2.577694770541509,0.003508222884238595,8.372415347849028,0.0,0.01662353129789782,5.026618909536882,5.009058993463743,0.0031253540927529367,0.0,0.0,0.8878563766102371,0.8462435810438826,0.039998666644443695,0.04000000000000089,24,22.799999999999997,1000.00934814189
0,1375116759,combined_mild,combined,mild,operation_only,adaptive,True,True,True,True,True,0,0,full_accepted,,,0.36463413725759186,0.021100875347968007,0.0010442393455064054,0.0406962056536786,0.0010735733956374405,0.018967077673537336,0.027126780164844044,0.00657964981765069,0.0003433311273254707,0.0851952715491322,0.00024161512571993778,0.005431616660867,True,True,True,True,1,1,1,accepted_accurate,1.2,False,evaluated,True,2.577694770541509,0.003508222884238595,8.372415347849028,0.0,0.01662353129789782,5.026618909536882,5.009058993463743,0.0031253540927529367,0.0,0.0,0.8878563766102371,0.8462435810438826,0.039998666644443695,0.04000000000000089,24,22.799999999999997,1000.00934814189
0,1375116759,combined_mild,combined,mild,combined,one_shot,False,True,False,False,False,0,0,rejected,,standstill.excessive_residual,0.36507584955087974,0.10001205484799769,0.0010951962146019962,4.922489525087648,0.001137623812058488,5.94599704951515,0.0275103210445034,1.4072101242801782,,,,,False,False,True,False,1,1,0,rejected_inaccurate_or_unavailable,1.2,False,commissioning_unavailable,,,,,,,,,,,,,,,,,,
0,1375116759,combined_mild,combined,mild,combined,adaptive,False,False,False,False,False,0,0,terminal_rejected,standstill.model_residual_terminal,standstill.excessive_residual,0.36507584955087974,0.10001205484799769,0.0010951962146019962,4.922489525087648,0.001137623812058488,5.94599704951515,,,,,,,False,False,False,False,1,0,0,rejected_inaccurate_or_unavailable,1.2,False,commissioning_unavailable,,,,,,,,,,,,,,,,,,
0,1375116759,combined_strong,combined,strong,commissioning_only,one_shot,False,True,False,False,False,0,0,rejected,,standstill.excessive_residual,0.3966034419371771,8.744550941249663,0.0010486648215131886,0.46466768562631877,0.0010903487162898617,1.5433051370141726,0.030187835178029355,11.276932760739445,,,,,False,False,False,False,1,1,0,rejected_inaccurate_or_unavailable,1.0,False,commissioning_unavailable,,,,,,,,,,,,,,,,,,
0,1375116759,combined_strong,combined,strong,commissioning_only,adaptive,False,False,False,False,False,0,0,terminal_rejected,standstill.model_residual_terminal,standstill.excessive_residual,0.3966034419371771,8.744550941249663,0.0010486648215131886,0.46466768562631877,0.0010903487162898617,1.5433051370141726,,,,,,,False,False,False,False,1,0,0,rejected_inaccurate_or_unavailable,1.0,False,commissioning_unavailable,,,,,,,,,,,,,,,,,,
0,1375116759,combined_strong,combined,strong,operation_only,one_shot,True,True,True,True,True,0,0,full_accepted,,,0.36463413725759186,0.021100875347968007,0.0010442393455064054,0.0406962056536786,0.0010735733956374405,0.018967077673537336,0.027126780164844044,0.00657964981765069,0.0003433311273254707,0.0851952715491322,0.00024161512571993778,0.005431616660867,True,True,True,True,1,1,1,accepted_accurate,1.5,False,evaluated,False,2.985784890079956,0.07158251018445093,9.381695966027678,0.0,0.051602016467958894,4.380653297525684,5.01464964988693,0.00502002548282904,0.0,0.0,0.9446822390126696,0.8638177650196442,0.19999333322221852,0.2000000000000009,24,21.6,1000.1192319877124
0,1375116759,combined_strong,combined,strong,operation_only,adaptive,True,True,True,True,True,0,0,full_accepted,,,0.36463413725759186,0.021100875347968007,0.0010442393455064054,0.0406962056536786,0.0010735733956374405,0.018967077673537336,0.027126780164844044,0.00657964981765069,0.0003433311273254707,0.0851952715491322,0.00024161512571993778,0.005431616660867,True,True,True,True,1,1,1,accepted_accurate,1.5,False,evaluated,False,2.985784890079956,0.07158251018445093,9.381695966027678,0.0,0.051602016467958894,4.380653297525684,5.01464964988693,0.00502002548282904,0.0,0.0,0.9446822390126696,0.8638177650196442,0.19999333322221852,0.2000000000000009,24,21.6,1000.1192319877124
0,1375116759,combined_strong,combined,strong,combined,one_shot,False,True,False,False,False,0,0,rejected,,standstill.excessive_residual,0.3966034419371771,8.744550941249663,0.0010486648215131886,0.46466768562631877,0.0010903487162898617,1.5433051370141726,0.030187835178029355,11.276932760739445,,,,,False,False,False,False,1,1,0,rejected_inaccurate_or_unavailable,1.5,False,commissioning_unavailable,,,,,,,,,,,,,,,,,,
0,1375116759,combined_strong,combined,strong,combined,adaptive,False,False,False,False,False,0,0,terminal_rejected,standstill.model_residual_terminal,standstill.excessive_residual,0.3966034419371771,8.744550941249663,0.0010486648215131886,0.46466768562631877,0.0010903487162898617,1.5433051370141726,,,,,,,False,False,False,False,1,0,0,rejected_inaccurate_or_unavailable,1.5,False,commissioning_unavailable,,,,,,,,,,,,,,,,,,
1,549574578,ideal,ideal,baseline,commissioning_only,one_shot,True,True,True,True,True,0,0,full_accepted,,,0.6371870410183079,0.04281949263973406,0.0013857461307876136,0.08947229421094605,0.0012537645994815324,0.09363651911650228,0.015105028615974422,2.317019911490803e-05,0.00034374117560491613,0.01997671394020628,0.00015680448714108425,0.03658101774148825,True,True,True,True,1,1,1,accepted_accurate,1.0,False,evaluated,True,2.567873613482684,0.004397880402725088,8.326184467886833,0.0,1.3741559478182976e-05,5.000000631362977,5.000000631362977,0.004757199217416349,0.0,0.0,0.8701149792880738,0.8701149792880738,0.0,0.0,24,24,999.9999939573386
1,549574578,ideal,ideal,baseline,commissioning_only,adaptive,True,True,True,True,True,0,0,full_accepted,,,0.6371870410183079,0.04281949263973406,0.0013857461307876136,0.08947229421094605,0.0012537645994815324,0.09363651911650228,0.015105028615974422,2.317019911490803e-05,0.00034374117560491613,0.01997671394020628,0.00015680448714108425,0.03658101774148825,True,True,True,True,1,1,1,accepted_accurate,1.0,False,evaluated,True,2.567873613482684,0.004397880402725088,8.326184467886833,0.0,1.3741559478182976e-05,5.000000631362977,5.000000631362977,0.004757199217416349,0.0,0.0,0.8701149792880738,0.8701149792880738,0.0,0.0,24,24,999.9999939573386
1,549574578,ideal,ideal,baseline,operation_only,one_shot,True,True,True,True,True,0,0,full_accepted,,,0.6371870410183079,0.04281949263973406,0.0013857461307876136,0.08947229421094605,0.0012537645994815324,0.09363651911650228,0.015105028615974422,2.317019911490803e-05,0.00034374117560491613,0.01997671394020628,0.00015680448714108425,0.03658101774148825,True,True,True,True,1,1,1,accepted_accurate,1.0,False,evaluated,True,2.567873613482684,0.004397880402725088,8.326184467886833,0.0,1.3741559478182976e-05,5.000000631362977,5.000000631362977,0.004757199217416349,0.0,0.0,0.8701149792880738,0.8701149792880738,0.0,0.0,24,24,999.9999939573386
1,549574578,ideal,ideal,baseline,operation_only,adaptive,True,True,True,True,True,0,0,full_accepted,,,0.6371870410183079,0.04281949263973406,0.0013857461307876136,0.08947229421094605,0.0012537645994815324,0.09363651911650228,0.015105028615974422,2.317019911490803e-05,0.00034374117560491613,0.01997671394020628,0.00015680448714108425,0.03658101774148825,True,True,True,True,1,1,1,accepted_accurate,1.0,False,evaluated,True,2.567873613482684,0.004397880402725088,8.326184467886833,0.0,1.3741559478182976e-05,5.000000631362977,5.000000631362977,0.004757199217416349,0.0,0.0,0.8701149792880738,0.8701149792880738,0.0,0.0,24,24,999.9999939573386
1,549574578,ideal,ideal,baseline,combined,one_shot,True,True,True,True,True,0,0,full_accepted,,,0.6371870410183079,0.04281949263973406,0.0013857461307876136,0.08947229421094605,0.0012537645994815324,0.09363651911650228,0.015105028615974422,2.317019911490803e-05,0.00034374117560491613,0.01997671394020628,0.00015680448714108425,0.03658101774148825,True,True,True,True,1,1,1,accepted_accurate,1.0,False,evaluated,True,2.567873613482684,0.004397880402725088,8.326184467886833,0.0,1.3741559478182976e-05,5.000000631362977,5.000000631362977,0.004757199217416349,0.0,0.0,0.8701149792880738,0.8701149792880738,0.0,0.0,24,24,999.9999939573386
1,549574578,ideal,ideal,baseline,combined,adaptive,True,True,True,True,True,0,0,full_accepted,,,0.6371870410183079,0.04281949263973406,0.0013857461307876136,0.08947229421094605,0.0012537645994815324,0.09363651911650228,0.015105028615974422,2.317019911490803e-05,0.00034374117560491613,0.01997671394020628,0.00015680448714108425,0.03658101774148825,True,True,True,True,1,1,1,accepted_accurate,1.0,False,evaluated,True,2.567873613482684,0.004397880402725088,8.326184467886833,0.0,1.3741559478182976e-05,5.000000631362977,5.000000631362977,0.004757199217416349,0.0,0.0,0.8701149792880738,0.8701149792880738,0.0,0.0,24,24,999.9999939573386
1,549574578,current_mild,current,mild,commissioning_only,one_shot,True,True,True,True,True,0,0,full_accepted,,,0.6382203141384724,0.20505059527171632,0.001379049025844798,0.5723250145410863,0.001260204725995645,0.4195456369659567,0.015104698081356602,0.002165072556381542,0.0003436000909481479,0.06101237760246514,0.00015680151245934767,0.03847738794233724,True,True,True,True,1,1,1,accepted_accurate,1.0,False,evaluated,True,2.568844931732771,0.004386784989410107,8.328619972683896,0.0,2.0041209041458402e-05,4.999999221372597,4.999999221372597,0.0047460157340764595,0.0,0.0,0.8745235030563323,0.8745235030563323,0.0,0.0,24,24,999.9999940117451
1,549574578,current_mild,current,mild,commissioning_only,adaptive,True,True,True,True,True,0,0,full_accepted,,,0.6382203141384724,0.20505059527171632,0.001379049025844798,0.5723250145410863,0.001260204725995645,0.4195456369659567,0.015104698081356602,0.002165072556381542,0.0003436000909481479,0.06101237760246514,0.00015680151245934767,0.03847738794233724,True,True,True,True,1,1,1,accepted_accurate,1.0,False,evaluated,True,2.568844931732771,0.004386784989410107,8.328619972683896,0.0,2.0041209041458402e-05,4.999999221372597,4.999999221372597,0.0047460157340764595,0.0,0.0,0.8745235030563323,0.8745235030563323,0.0,0.0,24,24,999.9999940117451
1,549574578,current_mild,current,mild,operation_only,one_shot,True,True,True,True,True,0,0,full_accepted,,,0.6371870410183079,0.04281949263973406,0.0013857461307876136,0.08947229421094605,0.0012537645994815324,0.09363651911650228,0.015105028615974422,2.317019911490803e-05,0.00034374117560491613,0.01997671394020628,0.00015680448714108425,0.03658101774148825,True,True,True,True,1,1,1,accepted_accurate,1.0,False,evaluated,True,2.567884451414859,0.005303512486920615,8.323510880024855,0.0,0.002843115070700502,5.029414084817564,5.007874332821595,0.00483885075160448,0.0,0.0,0.8701150169384798,0.8701150169384798,0.0,0.0,24,24.0,1000.005920089326
1,549574578,current_mild,current,mild,operation_only,adaptive,True,True,True,True,True,0,0,full_accepted,,,0.6371870410183079,0.04281949263973406,0.0013857461307876136,0.08947229421094605,0.0012537645994815324,0.09363651911650228,0.015105028615974422,2.317019911490803e-05,0.00034374117560491613,0.01997671394020628,0.00015680448714108425,0.03658101774148825,True,True,True,True,1,1,1,accepted_accurate,1.0,False,evaluated,True,2.567884451414859,0.005303512486920615,8.323510880024855,0.0,0.002843115070700502,5.029414084817564,5.007874332821595,0.00483885075160448,0.0,0.0,0.8701150169384798,0.8701150169384798,0.0,0.0,24,24.0,1000.005920089326
1,549574578,current_mild,current,mild,combined,one_shot,True,True,True,True,True,0,0,full_accepted,,,0.6382203141384724,0.20505059527171632,0.001379049025844798,0.5723250145410863,0.001260204725995645,0.4195456369659567,0.015104698081356602,0.002165072556381542,0.0003436000909481479,0.06101237760246514,0.00015680151245934767,0.03847738794233724,True,True,True,True,1,1,1,accepted_accurate,1.0,False,evaluated,True,2.5688029518110715,0.005298993557844721,8.325957092460953,0.0,0.0028385404478517137,5.029322187436157,5.007783985401572,0.0048268074832679385,0.0,0.0,0.8745235401644242,0.8745235401644242,0.0,0.0,24,24.0,1000.0061235214658
1,549574578,current_mild,current,mild,combined,adaptive,True,True,True,True,True,0,0,full_accepted,,,0.6382203141384724,0.20505059527171632,0.001379049025844798,0.5723250145410863,0.001260204725995645,0.4195456369659567,0.015104698081356602,0.002165072556381542,0.0003436000909481479,0.06101237760246514,0.00015680151245934767,0.03847738794233724,True,True,True,True,1,1,1,accepted_accurate,1.0,False,evaluated,True,2.5688029518110715,0.005298993557844721,8.325957092460953,0.0,0.0028385404478517137,5.029322187436157,5.007783985401572,0.0048268074832679385,0.0,0.0,0.8745235401644242,0.8745235401644242,0.0,0.0,24,24.0,1000.0061235214658
1,549574578,current_strong,current,strong,commissioning_only,one_shot,True,True,True,True,True,0,0,full_accepted,,,0.5541529682350969,12.994110357524647,0.0011998488129128999,13.492431692984164,0.00109531277615292,12.719886663859302,0.015109843440343185,0.031898816427800014,0.00039480171321022587,14.83141177565157,0.0001804237835813192,15.020804578609548,True,False,False,False,1,1,1,accepted_inaccurate,1.0,False,evaluated,True,2.2402890339821533,0.005411841996598735,7.462097242772074,0.0,0.0005442434794493014,5.0000226344756316,5.0000226344756316,0.005792399972552778,0.0,0.0,0.7600809409060181,0.7600809409060181,0.0,0.0,24,24,999.9999694227894
1,549574578,current_strong,current,strong,commissioning_only,adaptive,True,True,True,True,True,0,0,full_accepted,,,0.5541529682350969,12.994110357524647,0.0011998488129128999,13.492431692984164,0.00109531277615292,12.719886663859302,0.015109843440343185,0.031898816427800014,0.00039480171321022587,14.83141177565157,0.0001804237835813192,15.020804578609548,True,False,False,False,1,1,1,accepted_inaccurate,1.0,False,evaluated,True,2.2402890339821533,0.005411841996598735,7.462097242772074,0.0,0.0005442434794493014,5.0000226344756316,5.0000226344756316,0.005792399972552778,0.0,0.0,0.7600809409060181,0.7600809409060181,0.0,0.0,24,24,999.9999694227894
1,549574578,current_strong,current,strong,operation_only,one_shot,True,True,True,True,True,0,0,full_accepted,,,0.6371870410183079,0.04281949263973406,0.0013857461307876136,0.08947229421094605,0.0012537645994815324,0.09363651911650228,0.015105028615974422,2.317019911490803e-05,0.00034374117560491613,0.01997671394020628,0.00015680448714108425,0.03658101774148825,True,True,True,True,1,1,1,accepted_accurate,1.0,False,evaluated,False,2.9475691623288482,0.1113961528924282,9.34074031683781,0.0,0.008733211650010442,4.382034524045185,5.010420252943969,0.005345713143612356,0.0,0.0,0.8721281801157849,0.8721281801157849,0.0,0.0,24,24.0,999.9213666326381
1,549574578,current_strong,current,strong,operation_only,adaptive,True,True,True,True,True,0,0,full_accepted,,,0.6371870410183079,0.04281949263973406,0.0013857461307876136,0.08947229421094605,0.0012537645994815324,0.09363651911650228,0.015105028615974422,2.317019911490803e-05,0.00034374117560491613,0.01997671394020628,0.00015680448714108425,0.03658101774148825,True,True,True,True,1,1,1,accepted_accurate,1.0,False,evaluated,False,2.9475691623288482,0.1113961528924282,9.34074031683781,0.0,0.008733211650010442,4.382034524045185,5.010420252943969,0.005345713143612356,0.0,0.0,0.8721281801157849,0.8721281801157849,0.0,0.0,24,24.0,999.9213666326381
1,549574578,current_strong,current,strong,combined,one_shot,True,True,True,True,True,0,0,full_accepted,,,0.5541529682350969,12.994110357524647,0.0011998488129128999,13.492431692984164,0.00109531277615292,12.719886663859302,0.015109843440343185,0.031898816427800014,0.00039480171321022587,14.83141177565157,0.0001804237835813192,15.020804578609548,True,False,False,False,1,1,1,accepted_inaccurate,1.0,False,evaluated,False,2.57134658464541,0.11155178612917602,8.412278574624793,0.0,0.008571322513370437,4.382327002103705,5.010792795999896,0.006224971334241624,0.0,0.0,0.7618394969754385,0.7618394969754385,0.0,0.0,24,24.0,999.9188759220725
1,549574578,current_strong,current,strong,combined,adaptive,True,True,True,True,True,0,0,full_accepted,,,0.5541529682350969,12.994110357524647,0.0011998488129128999,13.492431692984164,0.00109531277615292,12.719886663859302,0.015109843440343185,0.031898816427800014,0.00039480171321022587,14.83141177565157,0.0001804237835813192,15.020804578609548,True,False,False,False,1,1,1,accepted_inaccurate,1.0,False,evaluated,False,2.57134658464541,0.11155178612917602,8.412278574624793,0.0,0.008571322513370437,4.382327002103705,5.010792795999896,0.006224971334241624,0.0,0.0,0.7618394969754385,0.7618394969754385,0.0,0.0,24,24.0,999.9188759220725
1,549574578,voltage_mild,voltage,mild,commissioning_only,one_shot,True,True,True,True,True,0,0,full_accepted,,,0.6513362724328333,2.264347730409222,0.0014145704293993615,1.98872285356273,0.0012806683117113549,2.050188608925274,0.015378061992571164,1.807589688612543,0.00034994853515623816,1.7854862230907376,0.00015964345341868864,1.77327009467807,True,True,True,True,1,1,1,accepted_accurate,1.0,False,evaluated,True,2.5674053583626026,0.004306492207129182,8.322167958921682,0.0,7.250153366424455e-05,5.001163311487327,5.001163311487327,0.004665747541444695,0.0,0.0,0.888799163343982,0.888799163343982,0.0,0.0,24,24,999.9999939961502
1,549574578,voltage_mild,voltage,mild,commissioning_only,adaptive,True,True,True,True,True,0,0,full_accepted,,,0.6513362724328333,2.264347730409222,0.0014145704293993615,1.98872285356273,0.0012806683117113549,2.050188608925274,0.015378061992571164,1.807589688612543,0.00034994853515623816,1.7854862230907376,0.00015964345341868864,1.77327009467807,True,True,True,True,1,1,1,accepted_accurate,1.0,False,evaluated,True,2.5674053583626026,0.004306492207129182,8.322167958921682,0.0,7.250153366424455e-05,5.001163311487327,5.001163311487327,0.004665747541444695,0.0,0.0,0.888799163343982,0.888799163343982,0.0,0.0,24,24,999.9999939961502
1,549574578,voltage_mild,voltage,mild,operation_only,one_shot,True,True,True,True,True,0,0,full_accepted,,,0.6371870410183079,0.04281949263973406,0.0013857461307876136,0.08947229421094605,0.0012537645994815324,0.09363651911650228,0.015105028615974422,2.317019911490803e-05,0.00034374117560491613,0.01997671394020628,0.00015680448714108425,0.03658101774148825,True,True,True,True,1,1,1,accepted_accurate,1.0,False,evaluated,True,2.567873613482684,0.004397880402725088,8.326184467886833,0.0,1.3741559478182976e-05,5.000000631362977,5.000000631362977,0.004757199217416349,0.0,0.0,0.8701149792880738,0.8701149792880738,0.0,0.0,24,24.0,999.9999939573386
1,549574578,voltage_mild,voltage,mild,operation_only,adaptive,True,True,True,True,True,0,0,full_accepted,,,0.6371870410183079,0.04281949263973406,0.0013857461307876136,0.08947229421094605,0.0012537645994815324,0.09363651911650228,0.015105028615974422,2.317019911490803e-05,0.00034374117560491613,0.01997671394020628,0.00015680448714108425,0.03658101774148825,True,True,True,True,1,1,1,accepted_accurate,1.0,False,evaluated,True,2.567873613482684,0.004397880402725088,8.326184467886833,0.0,1.3741559478182976e-05,5.000000631362977,5.000000631362977,0.004757199217416349,0.0,0.0,0.8701149792880738,0.8701149792880738,0.0,0.0,24,24.0,999.9999939573386
1,549574578,voltage_mild,voltage,mild,combined,one_shot,True,True,True,True,True,0,0,full_accepted,,,0.6513362724328333,2.264347730409222,0.0014145704293993615,1.98872285356273,0.0012806683117113549,2.050188608925274,0.015378061992571164,1.807589688612543,0.00034994853515623816,1.7854862230907376,0.00015964345341868864,1.77327009467807,True,True,True,True,1,1,1,accepted_accurate,1.0,False,evaluated,True,2.5674053583626026,0.004306492207129182,8.322167958921682,0.0,7.250153366424455e-05,5.001163311487327,5.001163311487327,0.004665747541444695,0.0,0.0,0.888799163343982,0.888799163343982,0.0,0.0,24,24.0,999.9999939961502
1,549574578,voltage_mild,voltage,mild,combined,adaptive,True,True,True,True,True,0,0,full_accepted,,,0.6513362724328333,2.264347730409222,0.0014145704293993615,1.98872285356273,0.0012806683117113549,2.050188608925274,0.015378061992571164,1.807589688612543,0.00034994853515623816,1.7854862230907376,0.00015964345341868864,1.77327009467807,True,True,True,True,1,1,1,accepted_accurate,1.0,False,evaluated,True,2.5674053583626026,0.004306492207129182,8.322167958921682,0.0,7.250153366424455e-05,5.001163311487327,5.001163311487327,0.004665747541444695,0.0,0.0,0.888799163343982,0.888799163343982,0.0,0.0,24,24.0,999.9999939961502
1,549574578,voltage_strong,voltage,strong,commissioning_only,one_shot,True,True,True,True,True,0,0,full_accepted,,,0.713002512468831,11.946378474242024,0.0015472562804023887,11.555203393017276,0.00139718187481615,11.33458409338397,0.01684506453908275,11.519606287293849,0.0003833042823629468,11.487286935739949,0.00017489434003505188,11.495764625786409,True,False,False,False,1,1,1,accepted_inaccurate,1.0,False,evaluated,True,2.5656240140671973,0.003963290340291024,8.307176119689643,0.0,0.00035982655586092136,5.0067868756656795,5.0067868756656795,0.004322279088877713,0.0,0.0,0.9697265011551148,0.9697265011551148,0.0,0.0,24,24,999.9999941157919
1,549574578,voltage_strong,voltage,strong,commissioning_only,adaptive,True,True,True,True,True,0,0,full_accepted,,,0.713002512468831,11.946378474242024,0.0015472562804023887,11.555203393017276,0.00139718187481615,11.33458409338397,0.01684506453908275,11.519606287293849,0.0003833042823629468,11.487286935739949,0.00017489434003505188,11.495764625786409,True,False,False,False,1,1,1,accepted_inaccurate,1.0,False,evaluated,True,2.5656240140671973,0.003963290340291024,8.307176119689643,0.0,0.00035982655586092136,5.0067868756656795,5.0067868756656795,0.004322279088877713,0.0,0.0,0.9697265011551148,0.9697265011551148,0.0,0.0,24,24,999.9999941157919
1,549574578,voltage_strong,voltage,strong,operation_only,one_shot,True,True,True,True,True,0,0,full_accepted,,,0.6371870410183079,0.04281949263973406,0.0013857461307876136,0.08947229421094605,0.0012537645994815324,0.09363651911650228,0.015105028615974422,2.317019911490803e-05,0.00034374117560491613,0.01997671394020628,0.00015680448714108425,0.03658101774148825,True,True,True,True,1,1,1,accepted_accurate,1.0,False,evaluated,True,2.567873613482684,0.004397880402725088,8.326184467886833,0.0,1.3741559478182976e-05,5.000000631362977,5.000000631362977,0.004757199217416349,0.0,0.0,0.8701149792880738,0.8701149792880738,0.0,0.0,24,24.0,999.9999939573386
1,549574578,voltage_strong,voltage,strong,operation_only,adaptive,True,True,True,True,True,0,0,full_accepted,,,0.6371870410183079,0.04281949263973406,0.0013857461307876136,0.08947229421094605,0.0012537645994815324,0.09363651911650228,0.015105028615974422,2.317019911490803e-05,0.00034374117560491613,0.01997671394020628,0.00015680448714108425,0.03658101774148825,True,True,True,True,1,1,1,accepted_accurate,1.0,False,evaluated,True,2.567873613482684,0.004397880402725088,8.326184467886833,0.0,1.3741559478182976e-05,5.000000631362977,5.000000631362977,0.004757199217416349,0.0,0.0,0.8701149792880738,0.8701149792880738,0.0,0.0,24,24.0,999.9999939573386
1,549574578,voltage_strong,voltage,strong,combined,one_shot,True,True,True,True,True,0,0,full_accepted,,,0.713002512468831,11.946378474242024,0.0015472562804023887,11.555203393017276,0.00139718187481615,11.33458409338397,0.01684506453908275,11.519606287293849,0.0003833042823629468,11.487286935739949,0.00017489434003505188,11.495764625786409,True,False,False,False,1,1,1,accepted_inaccurate,1.0,False,evaluated,True,2.5656240140671973,0.003963290340291024,8.307176119689643,0.0,0.00035982655586092136,5.0067868756656795,5.0067868756656795,0.004322279088877713,0.0,0.0,0.9697265011551148,0.9697265011551148,0.0,0.0,24,24.0,999.9999941157919
1,549574578,voltage_strong,voltage,strong,combined,adaptive,True,True,True,True,True,0,0,full_accepted,,,0.713002512468831,11.946378474242024,0.0015472562804023887,11.555203393017276,0.00139718187481615,11.33458409338397,0.01684506453908275,11.519606287293849,0.0003833042823629468,11.487286935739949,0.00017489434003505188,11.495764625786409,True,False,False,False,1,1,1,accepted_inaccurate,1.0,False,evaluated,True,2.5656240140671973,0.003963290340291024,8.307176119689643,0.0,0.00035982655586092136,5.0067868756656795,5.0067868756656795,0.004322279088877713,0.0,0.0,0.9697265011551148,0.9697265011551148,0.0,0.0,24,24.0,999.9999941157919
1,549574578,angle_mild,angle,mild,commissioning_only,one_shot,True,True,True,True,True,0,0,full_accepted,,,0.6371815495393973,0.04195729206435406,0.0013857858714081933,0.08660704617939885,0.0012540777333410764,0.06868441470814224,0.015088125603826049,0.1118800674217546,0.0003436201900960444,0.05516637073060826,0.0001567990866311231,0.04002386207463404,True,True,True,True,1,1,1,accepted_accurate,1.0,False,evaluated,True,2.5659078654276843,0.004398308769027974,8.320930793695538,0.0,1.3566237157477875e-05,4.999928762362662,4.999928762362662,0.004757736748163509,0.0,0.0,0.8703278156297198,0.8703278156297198,0.0,0.0,24,24,999.9999938612841
1,549574578,angle_mild,angle,mild,commissioning_only,adaptive,True,True,True,True,True,0,0,full_accepted,,,0.6371815495393973,0.04195729206435406,0.0013857858714081933,0.08660704617939885,0.0012540777333410764,0.06868441470814224,0.015088125603826049,0.1118800674217546,0.0003436201900960444,0.05516637073060826,0.0001567990866311231,0.04002386207463404,True,True,True,True,1,1,1,accepted_accurate,1.0,False,evaluated,True,2.5659078654276843,0.004398308769027974,8.320930793695538,0.0,1.3566237157477875e-05,4.999928762362662,4.999928762362662,0.004757736748163509,0.0,0.0,0.8703278156297198,0.8703278156297198,0.0,0.0,24,24,999.9999938612841
1,549574578,angle_mild,angle,mild,operation_only,one_shot,True,True,True,True,True,0,0,full_accepted,,,0.6371870410183079,0.04281949263973406,0.0013857461307876136,0.08947229421094605,0.0012537645994815324,0.09363651911650228,0.015105028615974422,2.317019911490803e-05,0.00034374117560491613,0.01997671394020628,0.00015680448714108425,0.03658101774148825,True,True,True,True,1,1,1,accepted_accurate,1.0,False,evaluated,True,2.5700828811092844,0.004384591475140398,8.331314594747823,0.0,0.025700589853421513,5.000140849435494,5.000140849435494,0.004748002535949404,0.0,0.0,0.8701149792880738,0.8701149792880738,0.0,0.0,24,24.0,999.9999941062975
1,549574578,angle_mild,angle,mild,operation_only,adaptive,True,True,True,True,True,0,0,full_accepted,,,0.6371870410183079,0.04281949263973406,0.0013857461307876136,0.08947229421094605,0.0012537645994815324,0.09363651911650228,0.015105028615974422,2.317019911490803e-05,0.00034374117560491613,0.01997671394020628,0.00015680448714108425,0.03658101774148825,True,True,True,True,1,1,1,accepted_accurate,1.0,False,evaluated,True,2.5700828811092844,0.004384591475140398,8.331314594747823,0.0,0.025700589853421513,5.000140849435494,5.000140849435494,0.004748002535949404,0.0,0.0,0.8701149792880738,0.8701149792880738,0.0,0.0,24,24.0,999.9999941062975
1,549574578,angle_mild,angle,mild,combined,one_shot,True,True,True,True,True,0,0,full_accepted,,,0.6371815495393973,0.04195729206435406,0.0013857858714081933,0.08660704617939885,0.0012540777333410764,0.06868441470814224,0.015088125603826049,0.1118800674217546,0.0003436201900960444,0.05516637073060826,0.0001567990866311231,0.04002386207463404,True,True,True,True,1,1,1,accepted_accurate,1.0,False,evaluated,True,2.568115612878738,0.004385046037046041,8.326051379332966,0.0,0.025700669698964312,5.000067538236114,5.000067538236113,0.0047485393340201704,0.0,0.0,0.8703278156297198,0.8703278156297198,0.0,0.0,24,24.0,999.9999940109641
1,549574578,angle_mild,angle,mild,combined,adaptive,True,True,True,True,True,0,0,full_accepted,,,0.6371815495393973,0.04195729206435406,0.0013857858714081933,0.08660704617939885,0.0012540777333410764,0.06868441470814224,0.015088125603826049,0.1118800674217546,0.0003436201900960444,0.05516637073060826,0.0001567990866311231,0.04002386207463404,True,True,True,True,1,1,1,accepted_accurate,1.0,False,evaluated,True,2.568115612878738,0.004385046037046041,8.326051379332966,0.0,0.025700669698964312,5.000067538236114,5.000067538236113,0.0047485393340201704,0.0,0.0,0.8703278156297198,0.8703278156297198,0.0,0.0,24,24.0,999.9999940109641
1,549574578,angle_strong,angle,strong,commissioning_only,one_shot,True,True,True,True,True,0,0,full_accepted,,,0.6371707871703928,0.04026752489971752,0.0013847515011971721,0.16118381845408036,0.0012555433163810954,0.048100723401600654,0.014996804611371721,0.7164536563589285,0.0003433536933283261,0.13267920577357817,0.00015676292073281994,0.06307975104096197,True,True,True,True,1,1,1,accepted_accurate,1.0,False,evaluated,True,2.5523806399020237,0.004402694521881441,8.284740161401032,0.0,1.3536286670204687e-05,4.999540575366782,4.999540575366782,0.0047628815792873595,0.0,0.0,0.8713243754128812,0.8713243754128812,0.0,0.0,24,24,999.9999931803427
1,549574578,angle_strong,angle,strong,commissioning_only,adaptive,True,True,True,True,True,0,0,full_accepted,,,0.6371707871703928,0.04026752489971752,0.0013847515011971721,0.16118381845408036,0.0012555433163810954,0.048100723401600654,0.014996804611371721,0.7164536563589285,0.0003433536933283261,0.13267920577357817,0.00015676292073281994,0.06307975104096197,True,True,True,True,1,1,1,accepted_accurate,1.0,False,evaluated,True,2.5523806399020237,0.004402694521881441,8.284740161401032,0.0,1.3536286670204687e-05,4.999540575366782,4.999540575366782,0.0047628815792873595,0.0,0.0,0.8713243754128812,0.8713243754128812,0.0,0.0,24,24,999.9999931803427
1,549574578,angle_strong,angle,strong,operation_only,one_shot,True,True,True,True,True,0,0,full_accepted,,,0.6371870410183079,0.04281949263973406,0.0013857461307876136,0.08947229421094605,0.0012537645994815324,0.09363651911650228,0.015105028615974422,2.317019911490803e-05,0.00034374117560491613,0.01997671394020628,0.00015680448714108425,0.03658101774148825,True,True,True,True,1,1,1,accepted_accurate,1.0,False,evaluated,True,2.583946090894601,0.004349070988943919,8.366567118476155,0.0,0.07738912444981262,5.000657081550881,5.000657081550881,0.004743125762610472,0.0,0.0,0.8701149792880737,0.8701149792880738,0.0,0.0,24,24.0,999.9999948613203
1,549574578,angle_strong,angle,strong,operation_only,adaptive,True,True,True,True,True,0,0,full_accepted,,,0.6371870410183079,0.04281949263973406,0.0013857461307876136,0.08947229421094605,0.0012537645994815324,0.09363651911650228,0.015105028615974422,2.317019911490803e-05,0.00034374117560491613,0.01997671394020628,0.00015680448714108425,0.03658101774148825,True,True,True,True,1,1,1,accepted_accurate,1.0,False,evaluated,True,2.583946090894601,0.004349070988943919,8.366567118476155,0.0,0.07738912444981262,5.000657081550881,5.000657081550881,0.004743125762610472,0.0,0.0,0.8701149792880737,0.8701149792880738,0.0,0.0,24,24.0,999.9999948613203
1,549574578,angle_strong,angle,strong,combined,one_shot,True,True,True,True,True,0,0,full_accepted,,,0.6371707871703928,0.04026752489971752,0.0013847515011971721,0.16118381845408036,0.0012555433163810954,0.048100723401600654,0.014996804611371721,0.7164536563589285,0.0003433536933283261,0.13267920577357817,0.00015676292073281994,0.06307975104096197,True,True,True,True,1,1,1,accepted_accurate,1.0,False,evaluated,True,2.568358886004355,0.00435431833818653,8.324960604621424,0.0,0.07738827929164596,5.000190844954605,5.000190844954605,0.004748792026441262,0.0,0.0,0.8713243754128812,0.8713243754128812,0.0,0.0,24,24.0,999.9999941210081
1,549574578,angle_strong,angle,strong,combined,adaptive,True,True,True,True,True,0,0,full_accepted,,,0.6371707871703928,0.04026752489971752,0.0013847515011971721,0.16118381845408036,0.0012555433163810954,0.048100723401600654,0.014996804611371721,0.7164536563589285,0.0003433536933283261,0.13267920577357817,0.00015676292073281994,0.06307975104096197,True,True,True,True,1,1,1,accepted_accurate,1.0,False,evaluated,True,2.568358886004355,0.00435431833818653,8.324960604621424,0.0,0.07738827929164596,5.000190844954605,5.000190844954605,0.004748792026441262,0.0,0.0,0.8713243754128812,0.8713243754128812,0.0,0.0,24,24.0,999.9999941210081
1,549574578,inverter_mild,inverter,mild,commissioning_only,one_shot,True,True,True,True,True,0,0,full_accepted,,,0.6566624998848483,3.10060267166965,0.0013862664018287724,0.05196141605127158,0.0012544502888818514,0.03899728740459629,0.015116042343770337,0.07293749977654862,0.00034399320189638694,0.053327260905433604,0.00015692709105196088,0.04157941207323379,True,True,True,True,1,1,1,accepted_accurate,1.0,False,evaluated,True,2.567039474193352,0.004277817873956985,8.318793915860624,0.0,1.3264405986640428e-05,5.004359483461304,5.004359483461304,0.004637255376453594,0.0,0.0,0.8711112365361136,0.8711112365361136,0.0,0.0,24,24,999.9999940642715
1,549574578,inverter_mild,inverter,mild,commissioning_only,adaptive,True,True,True,True,True,0,0,full_accepted,,,0.6566624998848483,3.10060267166965,0.0013862664018287724,0.05196141605127158,0.0012544502888818514,0.03899728740459629,0.015116042343770337,0.07293749977654862,0.00034399320189638694,0.053327260905433604,0.00015692709105196088,0.04157941207323379,True,True,True,True,1,1,1,accepted_accurate,1.0,False,evaluated,True,2.567039474193352,0.004277817873956985,8.318793915860624,0.0,1.3264405986640428e-05,5.004359483461304,5.004359483461304,0.004637255376453594,0.0,0.0,0.8711112365361136,0.8711112365361136,0.0,0.0,24,24,999.9999940642715
1,549574578,inverter_mild,inverter,mild,operation_only,one_shot,True,True,True,True,True,0,0,full_accepted,,,0.6371870410183079,0.04281949263973406,0.0013857461307876136,0.08947229421094605,0.0012537645994815324,0.09363651911650228,0.015105028615974422,2.317019911490803e-05,0.00034374117560491613,0.01997671394020628,0.00015680448714108425,0.03658101774148825,True,True,True,True,1,1,1,accepted_accurate,1.0,False,evaluated,True,2.567874192092673,0.00441277473776049,8.326760010502312,0.0,0.0022601016204861317,5.000981575335369,5.000981575335369,0.004770717932419467,0.0,0.0,0.8701149792880738,0.8701149792880738,0.0399986666444437,0.04000000000000088,24,24,999.9997967433031
1,549574578,inverter_mild,inverter,mild,operation_only,adaptive,True,True,True,True,True,0,0,full_accepted,,,0.6371870410183079,0.04281949263973406,0.0013857461307876136,0.08947229421094605,0.0012537645994815324,0.09363651911650228,0.015105028615974422,2.317019911490803e-05,0.00034374117560491613,0.01997671394020628,0.00015680448714108425,0.03658101774148825,True,True,True,True,1,1,1,accepted_accurate,1.0,False,evaluated,True,2.567874192092673,0.00441277473776049,8.326760010502312,0.0,0.0022601016204861317,5.000981575335369,5.000981575335369,0.004770717932419467,0.0,0.0,0.8701149792880738,0.8701149792880738,0.0399986666444437,0.04000000000000088,24,24,999.9997967433031
1,549574578,inverter_mild,inverter,mild,combined,one_shot,True,True,True,True,True,0,0,full_accepted,,,0.6566624998848483,3.10060267166965,0.0013862664018287724,0.05196141605127158,0.0012544502888818514,0.03899728740459629,0.015116042343770337,0.07293749977654862,0.00034399320189638694,0.053327260905433604,0.00015692709105196088,0.04157941207323379,True,True,True,True,1,1,1,accepted_accurate,1.0,False,evaluated,True,2.5670401022334404,0.004293217900476252,8.31935820227909,0.0,0.00226436220670866,5.0020278965342175,5.0020278965342175,0.004651195423648059,0.0,0.0,0.8711112365361136,0.8711112365361136,0.039998666644443695,0.040000000000000854,24,24,999.9997738118611
1,549574578,inverter_mild,inverter,mild,combined,adaptive,True,True,True,True,True,0,0,full_accepted,,,0.6566624998848483,3.10060267166965,0.0013862664018287724,0.05196141605127158,0.0012544502888818514,0.03899728740459629,0.015116042343770337,0.07293749977654862,0.00034399320189638694,0.053327260905433604,0.00015692709105196088,0.04157941207323379,True,True,True,True,1,1,1,accepted_accurate,1.0,False,evaluated,True,2.5670401022334404,0.004293217900476252,8.31935820227909,0.0,0.00226436220670866,5.0020278965342175,5.0020278965342175,0.004651195423648059,0.0,0.0,0.8711112365361136,0.8711112365361136,0.039998666644443695,0.040000000000000854,24,24,999.9997738118611
1,549574578,inverter_strong,inverter,strong,commissioning_only,one_shot,True,True,True,True,True,0,0,full_accepted,,,0.7435749910781265,16.746471323061375,0.0013896521605263066,0.19214746553934958,0.0012612051345365282,0.49926329637044464,0.015171758275672064,0.44179442966212346,0.00034526603245380716,0.4235407756120635,0.00015751444880913892,0.416022074038902,True,False,False,True,1,1,1,accepted_inaccurate,1.0,False,evaluated,True,2.5639249002665747,0.0038117573122759874,8.291307543632684,0.0,1.9981321915016285e-05,5.051479851841539,5.051479851841539,0.004171222399993109,0.0,0.0,0.8780703393879017,0.8780703393879017,0.0,0.0,24,24,999.9999944632153
1,549574578,inverter_strong,inverter,strong,commissioning_only,adaptive,True,True,True,True,True,0,0,full_accepted,,,0.7435749910781265,16.746471323061375,0.0013896521605263066,0.19214746553934958,0.0012612051345365282,0.49926329637044464,0.015171758275672064,0.44179442966212346,0.00034526603245380716,0.4235407756120635,0.00015751444880913892,0.416022074038902,True,False,False,True,1,1,1,accepted_inaccurate,1.0,False,evaluated,True,2.5639249002665747,0.0038117573122759874,8.291307543632684,0.0,1.9981321915016285e-05,5.051479851841539,5.051479851841539,0.004171222399993109,0.0,0.0,0.8780703393879017,0.8780703393879017,0.0,0.0,24,24,999.9999944632153
1,549574578,inverter_strong,inverter,strong,operation_only,one_shot,True,True,True,True,True,0,0,full_accepted,,,0.6371870410183079,0.04281949263973406,0.0013857461307876136,0.08947229421094605,0.0012537645994815324,0.09363651911650228,0.015105028615974422,2.317019911490803e-05,0.00034374117560491613,0.01997671394020628,0.00015680448714108425,0.03658101774148825,True,True,True,True,1,1,1,accepted_accurate,1.0,False,evaluated,True,2.5679305146467204,0.004821410929155683,8.329506258837569,0.0,0.011297532311274594,5.004912226601699,5.004912226601699,0.005153651613361333,0.0,0.0,0.8701149792880738,0.8701149792880738,0.19999333322221852,0.20000000000000084,24,24,999.9991225668492
1,549574578,inverter_strong,inverter,strong,operation_only,adaptive,True,True,True,True,True,0,0,full_accepted,,,0.6371870410183079,0.04281949263973406,0.0013857461307876136,0.08947229421094605,0.0012537645994815324,0.09363651911650228,0.015105028615974422,2.317019911490803e-05,0.00034374117560491613,0.01997671394020628,0.00015680448714108425,0.03658101774148825,True,True,True,True,1,1,1,accepted_accurate,1.0,False,evaluated,True,2.5679305146467204,0.004821410929155683,8.329506258837569,0.0,0.011297532311274594,5.004912226601699,5.004912226601699,0.005153651613361333,0.0,0.0,0.8701149792880738,0.8701149792880738,0.19999333322221852,0.20000000000000084,24,24,999.9991225668492
1,549574578,inverter_strong,inverter,strong,combined,one_shot,True,True,True,True,True,0,0,full_accepted,,,0.7435749910781265,16.746471323061375,0.0013896521605263066,0.19214746553934958,0.0012612051345365282,0.49926329637044464,0.015171758275672064,0.44179442966212346,0.00034526603245380716,0.4235407756120635,0.00015751444880913892,0.416022074038902,True,False,False,True,1,1,1,accepted_inaccurate,1.0,False,evaluated,True,2.5639664238370754,0.004301307803272431,8.294312582960174,0.0,0.011404078208340664,5.032962278683625,5.032962278683625,0.004625290175415537,0.0,0.0,0.8780703393879017,0.8780703393879017,0.1999933332222185,0.20000000000000087,24,24,999.9986066871637
1,549574578,inverter_strong,inverter,strong,combined,adaptive,True,True,True,True,True,0,0,full_accepted,,,0.7435749910781265,16.746471323061375,0.0013896521605263066,0.19214746553934958,0.0012612051345365282,0.49926329637044464,0.015171758275672064,0.44179442966212346,0.00034526603245380716,0.4235407756120635,0.00015751444880913892,0.416022074038902,True,False,False,True,1,1,1,accepted_inaccurate,1.0,False,evaluated,True,2.5639664238370754,0.004301307803272431,8.294312582960174,0.0,0.011404078208340664,5.032962278683625,5.032962278683625,0.004625290175415537,0.0,0.0,0.8780703393879017,0.8780703393879017,0.1999933332222185,0.20000000000000087,24,24,999.9986066871637
1,549574578,bus_sag_mild,bus_sag,mild,commissioning_only,one_shot,True,True,True,True,True,0,0,full_accepted,,,0.6371870410183079,0.04281949263973406,0.0013857461307876136,0.08947229421094605,0.0012537645994815324,0.09363651911650228,0.015105028615974422,2.317019911490803e-05,0.00034374117560491613,0.01997671394020628,0.00015680448714108425,0.03658101774148825,True,True,True,True,1,1,1,accepted_accurate,1.0,False,evaluated,True,2.567873613482684,0.004397880402725088,8.326184467886833,0.0,1.3741559478182976e-05,5.000000631362977,5.000000631362977,0.004757199217416349,0.0,0.0,0.8701149792880738,0.8701149792880738,0.0,0.0,24,24,999.9999939573386
1,549574578,bus_sag_mild,bus_sag,mild,commissioning_only,adaptive,True,True,True,True,True,0,0,full_accepted,,,0.6371870410183079,0.04281949263973406,0.0013857461307876136,0.08947229421094605,0.0012537645994815324,0.09363651911650228,0.015105028615974422,2.317019911490803e-05,0.00034374117560491613,0.01997671394020628,0.00015680448714108425,0.03658101774148825,True,True,True,True,1,1,1,accepted_accurate,1.0,False,evaluated,True,2.567873613482684,0.004397880402725088,8.326184467886833,0.0,1.3741559478182976e-05,5.000000631362977,5.000000631362977,0.004757199217416349,0.0,0.0,0.8701149792880738,0.8701149792880738,0.0,0.0,24,24,999.9999939573386
1,549574578,bus_sag_mild,bus_sag,mild,operation_only,one_shot,True,True,True,True,True,0,0,full_accepted,,,0.6371870410183079,0.04281949263973406,0.0013857461307876136,0.08947229421094605,0.0012537645994815324,0.09363651911650228,0.015105028615974422,2.317019911490803e-05,0.00034374117560491613,0.01997671394020628,0.00015680448714108425,0.03658101774148825,True,True,True,True,1,1,1,accepted_accurate,1.0,False,evaluated,True,2.567873613482684,0.004397880402725088,8.326184467886833,0.0,1.3741559478182976e-05,5.000000631362977,5.000000631362977,0.004757199217416349,0.0,0.0,0.915910504513762,0.8701149792880738,0.0,0.0,24,22.799999999999997,999.9999939573386
1,549574578,bus_sag_mild,bus_sag,mild,operation_only,adaptive,True,True,True,True,True,0,0,full_accepted,,,0.6371870410183079,0.04281949263973406,0.0013857461307876136,0.08947229421094605,0.0012537645994815324,0.09363651911650228,0.015105028615974422,2.317019911490803e-05,0.00034374117560491613,0.01997671394020628,0.00015680448714108425,0.03658101774148825,True,True,True,True,1,1,1,accepted_accurate,1.0,False,evaluated,True,2.567873613482684,0.004397880402725088,8.326184467886833,0.0,1.3741559478182976e-05,5.000000631362977,5.000000631362977,0.004757199217416349,0.0,0.0,0.915910504513762,0.8701149792880738,0.0,0.0,24,22.799999999999997,999.9999939573386
1,549574578,bus_sag_mild,bus_sag,mild,combined,one_shot,True,True,True,True,True,0,0,full_accepted,,,0.6371870410183079,0.04281949263973406,0.0013857461307876136,0.08947229421094605,0.0012537645994815324,0.09363651911650228,0.015105028615974422,2.317019911490803e-05,0.00034374117560491613,0.01997671394020628,0.00015680448714108425,0.03658101774148825,True,True,True,True,1,1,1,accepted_accurate,1.0,False,evaluated,True,2.567873613482684,0.004397880402725088,8.326184467886833,0.0,1.3741559478182976e-05,5.000000631362977,5.000000631362977,0.004757199217416349,0.0,0.0,0.915910504513762,0.8701149792880738,0.0,0.0,24,22.799999999999997,999.9999939573386
1,549574578,bus_sag_mild,bus_sag,mild,combined,adaptive,True,True,True,True,True,0,0,full_accepted,,,0.6371870410183079,0.04281949263973406,0.0013857461307876136,0.08947229421094605,0.0012537645994815324,0.09363651911650228,0.015105028615974422,2.317019911490803e-05,0.00034374117560491613,0.01997671394020628,0.00015680448714108425,0.03658101774148825,True,True,True,True,1,1,1,accepted_accurate,1.0,False,evaluated,True,2.567873613482684,0.004397880402725088,8.326184467886833,0.0,1.3741559478182976e-05,5.000000631362977,5.000000631362977,0.004757199217416349,0.0,0.0,0.915910504513762,0.8701149792880738,0.0,0.0,24,22.799999999999997,999.9999939573386
1,549574578,bus_sag_strong,bus_sag,strong,commissioning_only,one_shot,True,True,True,True,True,0,0,full_accepted,,,0.6371870410183079,0.04281949263973406,0.0013857461307876136,0.08947229421094605,0.0012537645994815324,0.09363651911650228,0.015105028615974422,2.317019911490803e-05,0.00034374117560491613,0.01997671394020628,0.00015680448714108425,0.03658101774148825,True,True,True,True,1,1,1,accepted_accurate,1.0,False,evaluated,True,2.567873613482684,0.004397880402725088,8.326184467886833,0.0,1.3741559478182976e-05,5.000000631362977,5.000000631362977,0.004757199217416349,0.0,0.0,0.8701149792880738,0.8701149792880738,0.0,0.0,24,24,999.9999939573386
1,549574578,bus_sag_strong,bus_sag,strong,commissioning_only,adaptive,True,True,True,True,True,0,0,full_accepted,,,0.6371870410183079,0.04281949263973406,0.0013857461307876136,0.08947229421094605,0.0012537645994815324,0.09363651911650228,0.015105028615974422,2.317019911490803e-05,0.00034374117560491613,0.01997671394020628,0.00015680448714108425,0.03658101774148825,True,True,True,True,1,1,1,accepted_accurate,1.0,False,evaluated,True,2.567873613482684,0.004397880402725088,8.326184467886833,0.0,1.3741559478182976e-05,5.000000631362977,5.000000631362977,0.004757199217416349,0.0,0.0,0.8701149792880738,0.8701149792880738,0.0,0.0,24,24,999.9999939573386
1,549574578,bus_sag_strong,bus_sag,strong,operation_only,one_shot,True,True,True,True,True,0,0,full_accepted,,,0.6371870410183079,0.04281949263973406,0.0013857461307876136,0.08947229421094605,0.0012537645994815324,0.09363651911650228,0.015105028615974422,2.317019911490803e-05,0.00034374117560491613,0.01997671394020628,0.00015680448714108425,0.03658101774148825,True,True,True,True,1,1,1,accepted_accurate,1.0,False,evaluated,True,2.567873613482684,0.004397880402725088,8.326184467886833,0.0,1.3741559478182976e-05,5.000000631362977,5.000000631362977,0.004757199217416349,0.0,0.0,0.9667944214311931,0.8701149792880738,0.0,0.0,24,21.6,999.9999939573386
1,549574578,bus_sag_strong,bus_sag,strong,operation_only,adaptive,True,True,True,True,True,0,0,full_accepted,,,0.6371870410183079,0.04281949263973406,0.0013857461307876136,0.08947229421094605,0.0012537645994815324,0.09363651911650228,0.015105028615974422,2.317019911490803e-05,0.00034374117560491613,0.01997671394020628,0.00015680448714108425,0.03658101774148825,True,True,True,True,1,1,1,accepted_accurate,1.0,False,evaluated,True,2.567873613482684,0.004397880402725088,8.326184467886833,0.0,1.3741559478182976e-05,5.000000631362977,5.000000631362977,0.004757199217416349,0.0,0.0,0.9667944214311931,0.8701149792880738,0.0,0.0,24,21.6,999.9999939573386
1,549574578,bus_sag_strong,bus_sag,strong,combined,one_shot,True,True,True,True,True,0,0,full_accepted,,,0.6371870410183079,0.04281949263973406,0.0013857461307876136,0.08947229421094605,0.0012537645994815324,0.09363651911650228,0.015105028615974422,2.317019911490803e-05,0.00034374117560491613,0.01997671394020628,0.00015680448714108425,0.03658101774148825,True,True,True,True,1,1,1,accepted_accurate,1.0,False,evaluated,True,2.567873613482684,0.004397880402725088,8.326184467886833,0.0,1.3741559478182976e-05,5.000000631362977,5.000000631362977,0.004757199217416349,0.0,0.0,0.9667944214311931,0.8701149792880738,0.0,0.0,24,21.6,999.9999939573386
1,549574578,bus_sag_strong,bus_sag,strong,combined,adaptive,True,True,True,True,True,0,0,full_accepted,,,0.6371870410183079,0.04281949263973406,0.0013857461307876136,0.08947229421094605,0.0012537645994815324,0.09363651911650228,0.015105028615974422,2.317019911490803e-05,0.00034374117560491613,0.01997671394020628,0.00015680448714108425,0.03658101774148825,True,True,True,True,1,1,1,accepted_accurate,1.0,False,evaluated,True,2.567873613482684,0.004397880402725088,8.326184467886833,0.0,1.3741559478182976e-05,5.000000631362977,5.000000631362977,0.004757199217416349,0.0,0.0,0.9667944214311931,0.8701149792880738,0.0,0.0,24,21.6,999.9999939573386
1,549574578,rs_drift_mild,rs_drift,mild,commissioning_only,one_shot,True,True,True,True,True,0,0,full_accepted,,,0.6371870410183079,0.04281949263973406,0.0013857461307876136,0.08947229421094605,0.0012537645994815324,0.09363651911650228,0.015105028615974422,2.317019911490803e-05,0.00034374117560491613,0.01997671394020628,0.00015680448714108425,0.03658101774148825,True,True,True,True,1,1,1,accepted_accurate,1.0,False,evaluated,True,2.567873613482684,0.004397880402725088,8.326184467886833,0.0,1.3741559478182976e-05,5.000000631362977,5.000000631362977,0.004757199217416349,0.0,0.0,0.8701149792880738,0.8701149792880738,0.0,0.0,24,24,999.9999939573386
1,549574578,rs_drift_mild,rs_drift,mild,commissioning_only,adaptive,True,True,True,True,True,0,0,full_accepted,,,0.6371870410183079,0.04281949263973406,0.0013857461307876136,0.08947229421094605,0.0012537645994815324,0.09363651911650228,0.015105028615974422,2.317019911490803e-05,0.00034374117560491613,0.01997671394020628,0.00015680448714108425,0.03658101774148825,True,True,True,True,1,1,1,accepted_accurate,1.0,False,evaluated,True,2.567873613482684,0.004397880402725088,8.326184467886833,0.0,1.3741559478182976e-05,5.000000631362977,5.000000631362977,0.004757199217416349,0.0,0.0,0.8701149792880738,0.8701149792880738,0.0,0.0,24,24,999.9999939573386
1,549574578,rs_drift_mild,rs_drift,mild,operation_only,one_shot,True,True,True,True,True,0,0,full_accepted,,,0.6371870410183079,0.04281949263973406,0.0013857461307876136,0.08947229421094605,0.0012537645994815324,0.09363651911650228,0.015105028615974422,2.317019911490803e-05,0.00034374117560491613,0.01997671394020628,0.00015680448714108425,0.03658101774148825,True,True,True,True,1,1,1,accepted_accurate,1.2,False,evaluated,True,2.5735235599995483,0.00521974022308934,8.37707893628135,0.0,1.3250501556983474e-05,5.000000629150282,5.000000629150282,0.0055775156878862895,0.0,0.0,0.8701149792880738,0.8701149792880738,0.0,0.0,24,24.0,999.9999932127135
1,549574578,rs_drift_mild,rs_drift,mild,operation_only,adaptive,True,True,True,True,True,0,0,full_accepted,,,0.6371870410183079,0.04281949263973406,0.0013857461307876136,0.08947229421094605,0.0012537645994815324,0.09363651911650228,0.015105028615974422,2.317019911490803e-05,0.00034374117560491613,0.01997671394020628,0.00015680448714108425,0.03658101774148825,True,True,True,True,1,1,1,accepted_accurate,1.2,False,evaluated,True,2.5735235599995483,0.00521974022308934,8.37707893628135,0.0,1.3250501556983474e-05,5.000000629150282,5.000000629150282,0.0055775156878862895,0.0,0.0,0.8701149792880738,0.8701149792880738,0.0,0.0,24,24.0,999.9999932127135
1,549574578,rs_drift_mild,rs_drift,mild,combined,one_shot,True,True,True,True,True,0,0,full_accepted,,,0.6371870410183079,0.04281949263973406,0.0013857461307876136,0.08947229421094605,0.0012537645994815324,0.09363651911650228,0.015105028615974422,2.317019911490803e-05,0.00034374117560491613,0.01997671394020628,0.00015680448714108425,0.03658101774148825,True,True,True,True,1,1,1,accepted_accurate,1.2,False,evaluated,True,2.5735235599995483,0.00521974022308934,8.37707893628135,0.0,1.3250501556983474e-05,5.000000629150282,5.000000629150282,0.0055775156878862895,0.0,0.0,0.8701149792880738,0.8701149792880738,0.0,0.0,24,24.0,999.9999932127135
1,549574578,rs_drift_mild,rs_drift,mild,combined,adaptive,True,True,True,True,True,0,0,full_accepted,,,0.6371870410183079,0.04281949263973406,0.0013857461307876136,0.08947229421094605,0.0012537645994815324,0.09363651911650228,0.015105028615974422,2.317019911490803e-05,0.00034374117560491613,0.01997671394020628,0.00015680448714108425,0.03658101774148825,True,True,True,True,1,1,1,accepted_accurate,1.2,False,evaluated,True,2.5735235599995483,0.00521974022308934,8.37707893628135,0.0,1.3250501556983474e-05,5.000000629150282,5.000000629150282,0.0055775156878862895,0.0,0.0,0.8701149792880738,0.8701149792880738,0.0,0.0,24,24.0,999.9999932127135
1,549574578,rs_drift_strong,rs_drift,strong,commissioning_only,one_shot,True,True,True,True,True,0,0,full_accepted,,,0.6371870410183079,0.04281949263973406,0.0013857461307876136,0.08947229421094605,0.0012537645994815324,0.09363651911650228,0.015105028615974422,2.317019911490803e-05,0.00034374117560491613,0.01997671394020628,0.00015680448714108425,0.03658101774148825,True,True,True,True,1,1,1,accepted_accurate,1.0,False,evaluated,True,2.567873613482684,0.004397880402725088,8.326184467886833,0.0,1.3741559478182976e-05,5.000000631362977,5.000000631362977,0.004757199217416349,0.0,0.0,0.8701149792880738,0.8701149792880738,0.0,0.0,24,24,999.9999939573386
1,549574578,rs_drift_strong,rs_drift,strong,commissioning_only,adaptive,True,True,True,True,True,0,0,full_accepted,,,0.6371870410183079,0.04281949263973406,0.0013857461307876136,0.08947229421094605,0.0012537645994815324,0.09363651911650228,0.015105028615974422,2.317019911490803e-05,0.00034374117560491613,0.01997671394020628,0.00015680448714108425,0.03658101774148825,True,True,True,True,1,1,1,accepted_accurate,1.0,False,evaluated,True,2.567873613482684,0.004397880402725088,8.326184467886833,0.0,1.3741559478182976e-05,5.000000631362977,5.000000631362977,0.004757199217416349,0.0,0.0,0.8701149792880738,0.8701149792880738,0.0,0.0,24,24,999.9999939573386
1,549574578,rs_drift_strong,rs_drift,strong,operation_only,one_shot,True,True,True,True,True,0,0,full_accepted,,,0.6371870410183079,0.04281949263973406,0.0013857461307876136,0.08947229421094605,0.0012537645994815324,0.09363651911650228,0.015105028615974422,2.317019911490803e-05,0.00034374117560491613,0.01997671394020628,0.00015680448714108425,0.03658101774148825,True,True,True,True,1,1,1,accepted_accurate,1.5,False,evaluated,True,2.5822010203497063,0.006487937193152976,8.455898926256168,0.0,1.2600019975132198e-05,5.000000628106695,5.000000628106695,0.006842723089756381,0.0,0.0,0.8701149792880738,0.8701149792880738,0.0,0.0,24,24.0,999.9999920710965
1,549574578,rs_drift_strong,rs_drift,strong,operation_only,adaptive,True,True,True,True,True,0,0,full_accepted,,,0.6371870410183079,0.04281949263973406,0.0013857461307876136,0.08947229421094605,0.0012537645994815324,0.09363651911650228,0.015105028615974422,2.317019911490803e-05,0.00034374117560491613,0.01997671394020628,0.00015680448714108425,0.03658101774148825,True,True,True,True,1,1,1,accepted_accurate,1.5,False,evaluated,True,2.5822010203497063,0.006487937193152976,8.455898926256168,0.0,1.2600019975132198e-05,5.000000628106695,5.000000628106695,0.006842723089756381,0.0,0.0,0.8701149792880738,0.8701149792880738,0.0,0.0,24,24.0,999.9999920710965
1,549574578,rs_drift_strong,rs_drift,strong,combined,one_shot,True,True,True,True,True,0,0,full_accepted,,,0.6371870410183079,0.04281949263973406,0.0013857461307876136,0.08947229421094605,0.0012537645994815324,0.09363651911650228,0.015105028615974422,2.317019911490803e-05,0.00034374117560491613,0.01997671394020628,0.00015680448714108425,0.03658101774148825,True,True,True,True,1,1,1,accepted_accurate,1.5,False,evaluated,True,2.5822010203497063,0.006487937193152976,8.455898926256168,0.0,1.2600019975132198e-05,5.000000628106695,5.000000628106695,0.006842723089756381,0.0,0.0,0.8701149792880738,0.8701149792880738,0.0,0.0,24,24.0,999.9999920710965
1,549574578,rs_drift_strong,rs_drift,strong,combined,adaptive,True,True,True,True,True,0,0,full_accepted,,,0.6371870410183079,0.04281949263973406,0.0013857461307876136,0.08947229421094605,0.0012537645994815324,0.09363651911650228,0.015105028615974422,2.317019911490803e-05,0.00034374117560491613,0.01997671394020628,0.00015680448714108425,0.03658101774148825,True,True,True,True,1,1,1,accepted_accurate,1.5,False,evaluated,True,2.5822010203497063,0.006487937193152976,8.455898926256168,0.0,1.2600019975132198e-05,5.000000628106695,5.000000628106695,0.006842723089756381,0.0,0.0,0.8701149792880738,0.8701149792880738,0.0,0.0,24,24.0,999.9999920710965
1,549574578,timing_one_sample,timing,one_sample,commissioning_only,one_shot,False,True,False,False,False,0,0,rejected,,standstill.excessive_residual,0.6034047727193665,5.261232774464997,0.0014356150016984978,3.5060096617563152,0.0013069241538240192,4.142388138796549,0.015269654863062695,1.0899005177891885,,,,,False,False,True,False,1,1,0,rejected_inaccurate_or_unavailable,1.0,False,commissioning_unavailable,,,,,,,,,,,,,,,,,,
1,549574578,timing_one_sample,timing,one_sample,commissioning_only,adaptive,False,False,False,False,False,0,0,terminal_rejected,standstill.model_residual_terminal,standstill.excessive_residual,0.6034047727193665,5.261232774464997,0.0014356150016984978,3.5060096617563152,0.0013069241538240192,4.142388138796549,,,,,,,False,False,False,False,1,0,0,rejected_inaccurate_or_unavailable,1.0,False,commissioning_unavailable,,,,,,,,,,,,,,,,,,
1,549574578,timing_one_sample,timing,one_sample,operation_only,one_shot,True,True,True,True,True,0,0,full_accepted,,,0.6371870410183079,0.04281949263973406,0.0013857461307876136,0.08947229421094605,0.0012537645994815324,0.09363651911650228,0.015105028615974422,2.317019911490803e-05,0.00034374117560491613,0.01997671394020628,0.00015680448714108425,0.03658101774148825,True,True,True,True,1,1,1,accepted_accurate,1.0,False,evaluated,True,2.5674057369409655,0.003978367614543881,8.322097975054248,0.0,8.220881529672417e-05,5.000808396547491,5.000808396547491,0.004710713432711472,0.0,0.0,0.8874509210365332,0.8874509210365332,0.0,0.0,24,24.0,999.9999940058776
1,549574578,timing_one_sample,timing,one_sample,operation_only,adaptive,True,True,True,True,True,0,0,full_accepted,,,0.6371870410183079,0.04281949263973406,0.0013857461307876136,0.08947229421094605,0.0012537645994815324,0.09363651911650228,0.015105028615974422,2.317019911490803e-05,0.00034374117560491613,0.01997671394020628,0.00015680448714108425,0.03658101774148825,True,True,True,True,1,1,1,accepted_accurate,1.0,False,evaluated,True,2.5674057369409655,0.003978367614543881,8.322097975054248,0.0,8.220881529672417e-05,5.000808396547491,5.000808396547491,0.004710713432711472,0.0,0.0,0.8874509210365332,0.8874509210365332,0.0,0.0,24,24.0,999.9999940058776
1,549574578,timing_one_sample,timing,one_sample,combined,one_shot,False,True,False,False,False,0,0,rejected,,standstill.excessive_residual,0.6034047727193665,5.261232774464997,0.0014356150016984978,3.5060096617563152,0.0013069241538240192,4.142388138796549,0.015269654863062695,1.0899005177891885,,,,,False,False,True,False,1,1,0,rejected_inaccurate_or_unavailable,1.0,False,commissioning_unavailable,,,,,,,,,,,,,,,,,,
1,549574578,timing_one_sample,timing,one_sample,combined,adaptive,False,False,False,False,False,0,0,terminal_rejected,standstill.model_residual_terminal,standstill.excessive_residual,0.6034047727193665,5.261232774464997,0.0014356150016984978,3.5060096617563152,0.0013069241538240192,4.142388138796549,,,,,,,False,False,False,False,1,0,0,rejected_inaccurate_or_unavailable,1.0,False,commissioning_unavailable,,,,,,,,,,,,,,,,,,
1,549574578,combined_mild,combined,mild,commissioning_only,one_shot,False,True,False,False,False,0,0,rejected,,standstill.excessive_residual,0.6369547281731754,0.006344752045106539,0.001460914139808426,5.330045235738345,0.001345237780548922,7.195413498925496,0.01555889743742484,3.0047770051752076,,,,,False,False,True,False,1,1,0,rejected_inaccurate_or_unavailable,1.0,False,commissioning_unavailable,,,,,,,,,,,,,,,,,,
1,549574578,combined_mild,combined,mild,commissioning_only,adaptive,False,False,False,False,False,0,0,terminal_rejected,standstill.model_residual_terminal,standstill.excessive_residual,0.6369547281731754,0.006344752045106539,0.001460914139808426,5.330045235738345,0.001345237780548922,7.195413498925496,,,,,,,False,False,False,False,1,0,0,rejected_inaccurate_or_unavailable,1.0,False,commissioning_unavailable,,,,,,,,,,,,,,,,,,
1,549574578,combined_mild,combined,mild,operation_only,one_shot,True,True,True,True,True,0,0,full_accepted,,,0.6371870410183079,0.04281949263973406,0.0013857461307876136,0.08947229421094605,0.0012537645994815324,0.09363651911650228,0.015105028615974422,2.317019911490803e-05,0.00034374117560491613,0.01997671394020628,0.00015680448714108425,0.03658101774148825,True,True,True,True,1,1,1,accepted_accurate,1.2,False,evaluated,True,2.575237613802688,0.005643694016617488,8.375120351585906,0.0,0.025956369675694785,5.027334169043887,5.0090698182840745,0.005607010167873217,0.0,0.0,0.931485270767139,0.8874592183407375,0.0399986666444437,0.040000000000000896,24,22.799999999999997,1000.0061685095711
1,549574578,combined_mild,combined,mild,operation_only,adaptive,True,True,True,True,True,0,0,full_accepted,,,0.6371870410183079,0.04281949263973406,0.0013857461307876136,0.08947229421094605,0.0012537645994815324,0.09363651911650228,0.015105028615974422,2.317019911490803e-05,0.00034374117560491613,0.01997671394020628,0.00015680448714108425,0.03658101774148825,True,True,True,True,1,1,1,accepted_accurate,1.2,False,evaluated,True,2.575237613802688,0.005643694016617488,8.375120351585906,0.0,0.025956369675694785,5.027334169043887,5.0090698182840745,0.005607010167873217,0.0,0.0,0.931485270767139,0.8874592183407375,0.0399986666444437,0.040000000000000896,24,22.799999999999997,1000.0061685095711
1,549574578,combined_mild,combined,mild,combined,one_shot,False,True,False,False,False,0,0,rejected,,standstill.excessive_residual,0.6369547281731754,0.006344752045106539,0.001460914139808426,5.330045235738345,0.001345237780548922,7.195413498925496,0.01555889743742484,3.0047770051752076,,,,,False,False,True,False,1,1,0,rejected_inaccurate_or_unavailable,1.2,False,commissioning_unavailable,,,,,,,,,,,,,,,,,,
1,549574578,combined_mild,combined,mild,combined,adaptive,False,False,False,False,False,0,0,terminal_rejected,standstill.model_residual_terminal,standstill.excessive_residual,0.6369547281731754,0.006344752045106539,0.001460914139808426,5.330045235738345,0.001345237780548922,7.195413498925496,,,,,,,False,False,False,False,1,0,0,rejected_inaccurate_or_unavailable,1.2,False,commissioning_unavailable,,,,,,,,,,,,,,,,,,
1,549574578,combined_strong,combined,strong,commissioning_only,one_shot,False,True,False,False,False,0,0,rejected,,standstill.excessive_residual,0.6866305172908523,7.805790886279018,0.00140150508558692,1.0467282371197761,0.0012933193040810408,3.058284261492261,0.017002841456473936,12.56413892579249,,,,,False,False,False,False,1,1,0,rejected_inaccurate_or_unavailable,1.0,False,commissioning_unavailable,,,,,,,,,,,,,,,,,,
1,549574578,combined_strong,combined,strong,commissioning_only,adaptive,False,False,False,False,False,0,0,terminal_rejected,standstill.model_residual_terminal,standstill.excessive_residual,0.6866305172908523,7.805790886279018,0.00140150508558692,1.0467282371197761,0.0012933193040810408,3.058284261492261,,,,,,,False,False,False,False,1,0,0,rejected_inaccurate_or_unavailable,1.0,False,commissioning_unavailable,,,,,,,,,,,,,,,,,,
1,549574578,combined_strong,combined,strong,operation_only,one_shot,True,True,True,True,True,0,0,full_accepted,,,0.6371870410183079,0.04281949263973406,0.0013857461307876136,0.08947229421094605,0.0012537645994815324,0.09363651911650228,0.015105028615974422,2.317019911490803e-05,0.00034374117560491613,0.01997671394020628,0.00015680448714108425,0.03658101774148825,True,True,True,True,1,1,1,accepted_accurate,1.5,False,evaluated,False,2.9803996793812635,0.11327234731219833,9.520249599858289,0.0,0.07865919824458263,4.379979405889858,5.014875649283617,0.00753962664278567,0.0,0.0,0.9739529987788551,0.8897396628758815,0.19999333322221852,0.20000000000000087,24,21.6,999.9247846532606
1,549574578,combined_strong,combined,strong,operation_only,adaptive,True,True,True,True,True,0,0,full_accepted,,,0.6371870410183079,0.04281949263973406,0.0013857461307876136,0.08947229421094605,0.0012537645994815324,0.09363651911650228,0.015105028615974422,2.317019911490803e-05,0.00034374117560491613,0.01997671394020628,0.00015680448714108425,0.03658101774148825,True,True,True,True,1,1,1,accepted_accurate,1.5,False,evaluated,False,2.9803996793812635,0.11327234731219833,9.520249599858289,0.0,0.07865919824458263,4.379979405889858,5.014875649283617,0.00753962664278567,0.0,0.0,0.9739529987788551,0.8897396628758815,0.19999333322221852,0.20000000000000087,24,21.6,999.9247846532606
1,549574578,combined_strong,combined,strong,combined,one_shot,False,True,False,False,False,0,0,rejected,,standstill.excessive_residual,0.6866305172908523,7.805790886279018,0.00140150508558692,1.0467282371197761,0.0012933193040810408,3.058284261492261,0.017002841456473936,12.56413892579249,,,,,False,False,False,False,1,1,0,rejected_inaccurate_or_unavailable,1.5,False,commissioning_unavailable,,,,,,,,,,,,,,,,,,
1,549574578,combined_strong,combined,strong,combined,adaptive,False,False,False,False,False,0,0,terminal_rejected,standstill.model_residual_terminal,standstill.excessive_residual,0.6866305172908523,7.805790886279018,0.00140150508558692,1.0467282371197761,0.0012933193040810408,3.058284261492261,,,,,,,False,False,False,False,1,0,0,rejected_inaccurate_or_unavailable,1.5,False,commissioning_unavailable,,,,,,,,,,,,,,,,,,
